"Timestamp","local_timestamp_ms","clock_skew_ms","sequence_id","is_warmup","open","high","low","close","volume","taker_buy_volume","taker_sell_volume","trade_count","buy_trade_count","sell_trade_count","best_bid","best_ask","spread","mid_price","microprice","weighted_mid_price","bid_depth_top5","bid_depth_top10","bid_depth_top20","ask_depth_top5","ask_depth_top10","ask_depth_top20","cumulative_bid_volume","cumulative_ask_volume","order_book_imbalance","volume_imbalance","depth_imbalance","slope_bid","slope_ask","slope_imbalance","liquidity_pressure","queue_imbalance","order_book_pressure_ratio","aggressive_buy_volume","aggressive_sell_volume","delta_volume","cumulative_delta","trade_intensity","avg_trade_size","max_trade_size","signed_trade_flow","trade_burst_metric","trade_arrival_rate","log_return","realized_volatility","parkinson_volatility","bipower_variance","momentum_10s","price_acceleration","price_impact","micro_trend","directional_pressure","effective_spread","quoted_spread","realized_spread","kyle_lambda","amihud_illiquidity","resiliency_metric","liquidity_vacuum","vpin","toxicity_score","adverse_selection_metric","funding_rate","mark_price","index_price","mark_index_spread","open_interest","oi_change_rate","long_short_ratio","predicted_funding_rate","volatility_regime","trend_regime","ranging_regime","entropy","hurst_exponent","second_of_minute","minute_of_hour","hour_of_day","day_of_week","session_marker","book_update_count","trade_msg_count","has_gap","recovery_source","row_checksum"
1779837247000,1779837248010,0,1,true,59.937,59.937,59.937,59.937,1.72,1.72,0,1,1,0,59.936,59.937,0.001,59.9365,59.936485,59.937576,126.63,811.48,1365.05,169.97,173.4,327.72,1365.05,327.72,0.6128003,1,0.4702054,-0.000012510356,0.000083643994,-0.00009615435,0.8064002,0.028744765,4.1652937,1.72,0,1.72,1.72,0.032786883,1.72,1.72,1.72,30.5,1,0,0,0,0,0,0,0,0,0,0.001,0.001,-0.041,0,0,0,false,1.72,0,-0.042,-0.00013812,59.936,59.951786,-0.01578571,6456346.5,0,0.9562,-0.00013812,1,1,false,0,0.5,7,14,23,1,3,3,1,false,0,3488604019
1779837248000,1779837249084,0,2,true,59.937,59.937,59.936,59.936,2.19,1.66,0.53,2,1,1,59.936,59.937,0.001,59.9365,59.936745,59.937286,124.76,809.61,1273.68,311.06,314.59,510.98,1273.68,510.98,0.42736432,0.51598173,0.26272997,-0.0000132503765,0.0000783409,-0.000091591275,0.7136822,-0.48716483,2.4926221,1.66,0.53,1.13,2.85,0.09728567,1.095,1.66,1.13,20.55801,66.666664,-0.000016684324,0,0.000010019958,0,0,-0.000016684324,0.000007618413,0,-0.999999,0.001,0.001,-0.043,0,0,0,false,1.425,0,-0.044,-0.00013812,59.936,59.951786,-0.01578571,6456346.5,0,0.9562,-0.00013812,1,1,false,0,0.5,8,14,23,1,3,10,2,false,0,510968302
1779837249000,1779837250062,0,3,true,59.936,59.943,59.936,59.943,214.24,213.87,0.37,6,5,1,59.945,59.946,0.001,59.9455,59.94508,59.942562,886.46,1371.22,2003.97,8.32,34.11,339.57,2003.97,339.57,0.71020764,0.9965459,0.27464598,-0.000010112665,0.000047441816,-0.00005755448,0.8551038,0.8408076,5.901493,213.87,0.37,213.5,216.35,0.2908173,35.706665,204.57,213.5,20.63151,5.1652894,0.000116784424,0,0.00007013619,0,0,0.00013346875,5.4511025e-7,0,0.9999999,0.005,0.001,-0.043,0,0,0,false,72.11667,0,-0.048,-0.00013812,59.936,59.951786,-0.01578571,6456346.5,0,0.9562,-0.00013812,1,1,false,0.34883228,0.5,9,14,23,1,3,9,6,false,0,1905078246
1779837250000,1779837250992,0,4,true,59.944,59.971,59.944,59.952,731.15,74.27,656.88,39,26,13,59.951,59.952,0.001,59.9515,59.952,59.953392,0.66,172.82,719.94,322.64,339.32,1213.29,719.94,1213.29,-0.25519466,-0.7968406,-0.082139604,-0.000021209578,0.00001505453,-0.000036264108,0.37240267,-0.99882084,0.5933783,74.27,656.88,-582.61,-366.26,1.5599709,18.747437,504.85,-582.61,25.000467,47.08798,0.00015013137,0,0.0002704441,0,0,0.00003334694,2.0533594e-7,0,0.2962963,0.001,0.001,-0.005,0.0000024848953,0,0,false,199.74,0,-0.006,-0.00013812,59.936,59.951786,-0.01578571,6456346.5,0,0.9562,-0.00013812,1,1,false,0.2020865,0.5,10,14,23,1,3,9,39,false,0,146168030
1779837251000,1779837252024,0,5,true,59.952,59.962,59.952,59.962,84.08,84.08,0,8,8,0,59.957,59.958,0.001,59.9575,59.957,59.95685,113.41,254.56,1021.14,36.89,288.38,413.84,1021.14,413.84,0.4232115,1,0.36513746,-0.000018238125,0.000044391676,-0.0000626298,0.7116057,0.9957547,2.4674754,84.08,0,84.08,-282.18,1.7711194,10.51,43.11,84.08,4.5169177,2333.328,0.0001667862,0,0.00010016532,0,0,0.000016654833,0.0000019836607,0,0.9999999,0.009,0.001,0.017,0.0000026324383,0,0,false,176.608,0,0.008,-0.00013812,59.936,59.951786,-0.01578571,6456346.5,0,0.9562,-0.00013812,1,1,false,0.90408796,0.5,11,14,23,1,3,10,8,false,0,2976325781
1779837252000,1779837253092,0,6,true,59.957,59.957,59.957,59.957,0.33,0,0.33,3,0,3,59.957,59.958,0.001,59.9575,59.957085,59.955715,214.72,259.39,1059.98,30.34,232.33,414.81,1059.98,414.81,0.43746567,-1,0.4316871,-0.00001876633,0.000040200986,-0.000058967315,0.71873283,0.82696146,2.5553386,0,0.33,-0.33,-282.51,1.8114105,0.11,0.16,-0.33,1.656168,2.9411764,-0.00008338962,0,0,0,0,-0.00025017583,0.0002526958,0,0,0.001,0.001,-0.041,0.0000019801241,0,0,false,176.608,0,-0.042,-0.00013812,59.936,59.951786,-0.01578571,6456429,0,0.9562,-0.00013812,1,1,false,1.0094774,0.5,12,14,23,1,3,10,3,false,0,485339478
1779837253000,1779837254004,0,7,true,59.958,59.958,59.957,59.958,2.11,1.88,0.23,3,2,1,59.957,59.958,0.001,59.9575,59.957138,59.95611,229.9,281.89,1119.12,37.43,242.26,416.04,1119.12,416.04,0.45798483,0.7819905,0.39825574,-0.000017039072,0.00004034556,-0.000057384634,0.7289924,0.7247995,2.6899338,1.88,0.23,1.65,-280.86,1.8503807,0.7033333,1,1.65,1.6212881,2.7816412,0.000016678481,0,0.000010016448,0,0,0.0001000681,0.000007904493,0,0,0.001,0.001,0.043,0.0000017029229,0,0,false,147.39333,0,0.042,-0.00013812,59.936,59.951786,-0.01578571,6456429,0,0.9562,-0.00013812,1,1,false,1.061973,0.5,13,14,23,1,3,8,3,false,0,3581506852
1779837254000,1779837254993,0,8,true,59.958,59.965,59.958,59.965,54.61,27.79,26.82,6,5,1,59.964,59.965,0.001,59.9645,59.96493,59.964436,100.92,128.85,952.17,269.11,345.88,1727.21,952.17,1727.21,-0.28926095,0.017762315,-0.1995163,-0.000021799013,0.000011903478,-0.00003370249,0.35536954,-0.86015,0.5512763,27.79,26.82,0.97,-279.89,1.9864337,9.101666,26.82,0.97,3.0204883,6.9060774,0.000116741576,0,0.00007011046,0,0,0.000100063095,0.0000021377325,0,0.9999999,0.001,0.001,0.057,0.000002915627,0,0,false,126.475716,0,0.056,-0.00013812,59.936,59.951786,-0.01578571,6456429,0,0.9562,-0.00013812,1,1,false,1.2770978,0.5,14,14,23,1,3,9,6,false,0,162610649
1779837255000,1779837256020,0,9,true,59.964,59.964,59.949,59.949,207.33,0,207.33,15,0,15,59.949,59.95,0.001,59.9495,59.949493,59.950676,23.53,348.39,1101.83,56.6,141.3,332.1,1101.83,332.1,0.53679746,-1,0.2772023,-0.000016146147,0.00007899498,-0.00009514112,0.76839876,0.015753273,3.3177657,0,207.33,-207.33,-487.22,2.413108,13.822,70.88,-207.33,6.2160497,19.337017,-0.0002668579,0,0.00015024924,0,0,-0.0003835995,0.0000012871168,0,-0.99999994,0.001,0.001,-0.009,0.000002817324,0,0,false,136.5825,0,-0.01,-0.00013812,59.936,59.951786,-0.01578571,6456429,0,0.9562,-0.00013812,1,1,false,1.3481078,0.5,15,14,23,1,3,10,15,false,0,2464150831
1779837256000,1779837257027,0,10,true,59.95,59.954,59.95,59.954,57.2,57.2,0,3,3,0,59.953,59.954,0.001,59.9535,59.953236,59.955814,26.05,92.33,923.68,52.6,75.94,212.21,923.68,212.21,0.6263547,1,0.34837672,-0.000016776588,0.00009465344,-0.00011143003,0.81317735,0.53115726,4.3526697,57.2,0,57.2,-430.02,2.4323504,19.066668,53.13,57.2,1.233375,2.7063599,0.00008340075,0,0.00004006947,0,0,0.00035025866,0.0000014580551,0,0.99999976,0.001,0.001,0.019,0.000013861331,0,-0.35714287,false,127.76222,0.5,0.018,-0.00013812,59.936,59.951786,-0.01578571,6456429,0,0.9562,-0.00013812,1,1,false,1.4593024,0.5,16,14,23,1,3,9,3,false,0,1076517848
1779837257000,1779837258012,0,11,true,59.953,59.953,59.936,59.937,78.98,10.5,68.48,16,1,15,59.936,59.937,0.001,59.9365,59.936043,59.938427,99.59,226.97,875.82,64.35,347.52,544.11,875.82,544.11,0.23361011,-0.7341099,0.12521568,-0.000023475397,0.000030507092,-0.00005398249,0.6168051,0.91538614,1.6096377,10.5,68.48,-57.98,-488,2.8771913,4.93625,31.9,-57.98,5.560979,47.31861,-0.00028359093,0,0.00017031655,0,0,-0.00036699168,0.0000035906676,0,-0.9411764,0.001,0.001,0.031,0.00001635371,0,-0.375,false,120.784,0.36363637,0.03,-0.00013812,59.936,59.951786,-0.01578571,6456372,0,0.9562,-0.00013812,1,1,false,1.5134143,0.5,17,14,23,1,3,9,16,false,0,2420415328
1779837258000,1779837259068,0,12,true,59.937,59.937,59.936,59.936,3.09,2.99,0.1,2,1,1,59.936,59.937,0.001,59.9365,59.93614,59.938038,162.28,229.75,905.58,100.57,367.92,567.21,905.58,567.21,0.22974762,0.9352751,0.040569138,-0.000021648299,0.000030803516,-0.000052451815,0.6148738,0.72465104,1.5965515,2.99,0.1,2.89,-485.11,2.848431,1.545,2.99,2.89,0.7021409,8.064516,-0.000016684324,0,0.000010019958,0,0,0.0002669066,0.0000053994577,0,-0.999999,0.001,0.001,-0.049,0.000031633754,0,-0.3888889,false,110.06636,0.33333334,-0.05,-0.00013812,59.936,59.951786,-0.01578571,6456372,0,0.9562,-0.00013812,1,1,false,1.6055592,0.5,18,14,23,1,3,10,2,false,0,3760637946
1779837259000,1779837260032,0,13,true,59.937,59.943,59.936,59.937,98.95,59.15,39.8,6,4,2,59.936,59.937,0.001,59.9365,59.936108,59.937904,161.33,280.69,1094.07,127.77,353.62,468.76,1094.07,468.76,0.4001139,0.1955533,0.23176003,-0.000016473987,0.000035678655,-0.00005215264,0.70005697,0.78238285,2.3339663,59.15,39.8,19.35,-465.76,2.951761,16.491667,39.7,19.35,2.0326848,6.5104165,0.000016684324,0,0.00007013619,0,-0.006,0.000033368648,1.6861368e-7,0,0,0.001,0.001,-0.039,0.000030665007,0,-0.4,false,102.50667,0.30769232,-0.04,-0.00013812,59.936,59.951786,-0.01578571,6456372,0,0.9562,-0.00013812,1,1,false,1.6874856,0.5,19,14,23,1,3,8,6,false,0,3430293579
1779837260000,1779837261030,0,14,true,59.938,59.954,59.938,59.945,111.66,109.21,2.45,16,13,3,59.944,59.945,0.001,59.9445,59.944077,59.946648,78.24,293.49,1239.72,77.93,113.2,314.47,1239.72,314.47,0.5953262,0.9561168,0.17951022,-0.000014796739,0.00006134703,-0.00007614378,0.7976631,0.8451658,3.9422522,109.21,2.45,106.76,-359,3.3795722,6.97875,52.22,106.76,4.734327,27.72643,0.00013346458,0,0.00016029392,0,-0.007,0.00011678025,0.0000011952765,0,0.43749997,0.001,0.001,-0.015,0.00002799868,0,-0.4090909,false,102.83385,0.35714287,-0.016,-0.00013812,59.936,59.951786,-0.01578571,6456372,0,0.9562,-0.00013812,1,1,false,1.4362751,0.5,20,14,23,1,3,10,16,false,0,2593751641
1779837261000,1779837262008,0,15,true,59.945,59.945,59.944,59.945,8.77,6.59,2.18,4,2,2,59.944,59.945,0.001,59.9445,59.94428,59.945084,108.73,278.21,1422.68,84.93,122.95,324.63,1422.68,324.63,0.6284231,0.50285065,0.2907093,-0.0000133156445,0.0000610367,-0.00007435235,0.81421155,0.44219154,4.3824663,6.59,2.18,4.41,-354.59,3.399914,2.1925,6.43,4.41,1.1765003,4.608295,0,0,0.000010018621,0,-0.017,-0.00013346458,0,0,0,0.001,0.001,0.069,0.000021812155,0,-0.41666666,false,95.80357,0.26666668,0.068,-0.00013812,59.936,59.951786,-0.01578571,6456372,0,0.9562,-0.00013812,1,1,false,1.7261319,0.5,21,14,23,1,3,9,4,false,0,3133275685
1779837262000,1779837263082,0,16,true,59.945,59.953,59.945,59.953,17.41,17.41,0,6,6,0,59.952,59.953,0.001,59.9525,59.952854,59.951553,48.63,155.03,709.97,72.18,114.95,481,709.97,481,0.19225505,1,0.23253098,-0.000026713307,0.000044916433,-0.000071629736,0.5961275,-0.71046984,1.4760292,17.41,0,17.41,-337.18,3.4851627,2.9016666,13.56,17.41,1.7215838,21.18644,0.00013344677,0,0.00008014295,0,-0.004,0.00013344677,0.000007664949,0,0.9999999,0.001,0.001,0.151,0.000015821013,0,-0.34615386,false,90.57733,0.25,0.15,-0.00013812,59.936,59.951786,-0.01578571,6456372,0,0.9562,-0.00013812,1,1,false,1.7464075,0.5,22,14,23,1,3,10,6,false,0,46070509
1779837263000,1779837264042,0,17,true,59.953,59.958,59.953,59.958,28.77,20.43,8.34,5,4,1,59.96,59.961,0.001,59.9605,59.96015,59.95627,288.1,416.44,1209.56,14.43,75.88,325.52,1209.56,325.52,0.5758918,0.4202294,0.36671293,-0.000014422545,0.000054700013,-0.00006912256,0.7879459,0.6930201,3.7157779,20.43,8.34,12.09,-325.09,3.5348296,5.754,11.38,12.09,1.4144953,6.22084,0.000083395185,0,0.000050083912,0,0,-0.000050051578,0.0000028986856,0,0.9999998,0.005,0.001,0.169,0.000014648449,0,-0.17948718,false,85.671875,0.23529412,0.164,-0.00013812,59.936,59.951786,-0.01578571,6456372,0,0.9562,-0.00013812,1,1,false,1.7556678,0.5,23,14,23,1,3,9,5,false,0,3409897563
1779837264000,1779837265014,0,18,true,59.96,59.96,59.957,59.957,101.92,5.43,96.49,6,2,4,59.956,59.957,0.001,59.9565,59.957,59.958332,0.71,4.78,462.26,463,480.76,641.99,462.26,641.99,-0.16276206,-0.89344585,-0.21082267,-0.000038780603,0.000049450144,-0.00008823074,0.41861898,-0.9989926,0.72004235,5.43,96.49,-91.06,-416.15,3.615655,16.986666,73.99,-91.06,1.6594504,7.1123753,-0.000016678481,0,0.000030048845,0,-0.008,-0.00010007367,1.6364287e-7,0,-0.99999964,0.001,0.001,-0.177,0.000012060098,0,-0.1904762,false,85.98882,0.2777778,-0.178,-0.00013812,59.936,59.951786,-0.01578571,6456372,0,0.9562,-0.00013812,1,1,false,1.2150337,0.5,24,14,23,1,3,9,6,false,0,2503122077
1779837265000,1779837265998,0,19,true,59.956,59.956,59.953,59.953,6.8,0,6.8,4,0,4,59.952,59.953,0.001,59.9525,59.952705,59.955147,18.14,92.67,677.48,173,370.65,494.72,677.48,494.72,0.15591197,-1,0.15358628,-0.000025910427,0.000039993134,-0.00006590356,0.57795596,-0.41257194,1.3694211,0,6.8,-6.8,-422.95,3.6282563,1.7,6.28,-6.8,1.1024579,176.47055,-0.000066716704,0,0.00003005085,0,0.004,-0.000050038223,0.00000981128,0,-0.99999964,0.001,0.001,-0.173,0.000010262254,0,-0.13333333,false,81.58945,0.21052632,-0.174,-0.00013812,59.936,59.951786,-0.01578571,6456372,0,0.9562,-0.00013812,1,1,false,1.7747588,0.5,25,14,23,1,3,9,4,false,0,578742651
1779837266000,1779837267033,0,20,true,59.953,59.953,59.882,59.896,3053.32,47.25,3006.07,90,6,84,59.91,59.911,0.001,59.9105,59.91,59.90743,246.35,456.1,993.33,2.5,66.92,794.64,993.33,794.64,0.11112603,-0.9690501,0.25282818,-0.000019105466,0.000026830514,-0.00004593598,0.55556303,0.99707127,1.2500378,47.25,3006.07,-2958.82,-3381.77,6.460117,33.925777,582.32,-2958.82,13.931637,88.381325,-0.000951197,0.00024457765,0.0007116427,2.2315854e-7,-0.058,-0.0008844803,3.1152877e-7,-1,-0.80281687,0.029,0.001,-0.059,-0.00001972784,0,-0.3,false,233.02263,1,-0.088,-0.00013812,59.936,59.951786,-0.01578571,6456372,0,0.9562,-0.00013812,1,0,false,0.29242113,0.5,26,14,23,1,3,9,90,false,0,2040523357
1779837267000,1779837268086,0,21,true,59.887,59.887,59.874,59.874,494.46,138.2,356.26,22,7,15,59.877,59.878,0.001,59.8775,59.87709,59.875942,197.59,198.96,618.49,75.77,111.38,401.02,618.49,401.02,0.21330835,-0.44100636,0.031183522,-0.000028205272,0.000046856374,-0.000075061645,0.60665417,0.8187599,1.5422921,138.2,356.26,-218.06,-3599.83,6.969621,22.475454,87.5,-218.06,3.1565561,33.333332,-0.0003673708,0.00025800444,0.00013038128,5.726005e-7,-0.063,0.0005838262,7.429737e-7,-1,-0.99999994,0.007,0.001,-0.051,-0.000012624543,0.000017463242,-0.2,false,232.2745,0.95238096,-0.058,-0.00013812,59.936,59.951786,-0.01578571,6456431.5,0,0.9562,-0.00013812,1,1,false,1.4978712,0.5,27,14,23,1,3,11,22,false,0,2796369175
1779837268000,1779837269022,0,22,true,59.874,59.877,59.873,59.873,22.87,10.07,12.8,3,1,2,59.873,59.874,0.001,59.8735,59.874,59.876366,0.97,11.43,433.92,489.62,543.32,1245.8,433.92,1245.8,-0.48334247,-0.119370356,-0.36997578,-0.000034718425,0.000017647058,-0.000052365485,0.25832877,-0.99926937,0.3483063,10.07,12.8,-2.73,-3602.56,6.83947,7.6233335,12.79,-2.73,0.4386305,2.49066,-0.00001670188,0.0002580045,0.000040120998,5.7678784e-7,-0.063,0.0003506689,7.3029645e-7,-1,-0.24999994,0.001,0.001,-0.069,-0.000023907789,0.000016979922,-0.15,false,221.34381,0.90909094,-0.07,-0.00013812,59.936,59.951786,-0.01578571,6456431.5,0,0.9562,-0.00013812,1,1,false,1.8380903,0.5,28,14,23,1,3,9,3,false,0,3579588658
1779837269000,1779837270024,0,23,true,59.873,59.873,59.869,59.869,26.23,0,26.23,7,0,7,59.868,59.869,0.001,59.8685,59.86898,59.87013,16.27,111.54,733.95,227.47,535.55,770.69,733.95,770.69,-0.0244178,-1,-0.063739195,-0.000023401757,0.000028093082,-0.00005149484,0.4877911,-0.96445334,0.95232844,0,26.23,-26.23,-3628.79,6.8447328,3.7471428,11.4,-26.23,1.0226842,6.688963,-0.00006681031,0.00025711395,0.00004012368,5.603707e-7,-0.068,-0.00005010843,0.0000025470952,-1,-0.99999976,0.001,0.001,-0.067,0.00002928487,0.000014459677,-0.083333336,false,212.475,0.8695652,-0.068,-0.00013812,59.936,59.951786,-0.01578571,6456431.5,0,0.9562,-0.00013812,1,0,false,1.8539798,0.5,29,14,23,1,3,9,7,false,0,2514818957
1779837270000,1779837271008,0,24,true,59.868,59.868,59.861,59.866,92.66,13.67,78.99,11,3,8,59.866,59.867,0.001,59.8665,59.866512,59.86394,405.7,464.34,858.95,72.35,179.94,422.5,858.95,422.5,0.34059075,-0.7049428,0.20096853,-0.000026231954,0.000049892362,-0.00007612431,0.67029536,-0.022027718,2.0330176,13.67,78.99,-65.32,-3694.11,6.9809713,8.423636,55.1,-65.32,1.575712,12.61034,-0.000050110662,0.00025515907,0.000070224065,5.3867876e-7,-0.079,0.000016699647,5.408014e-7,-1,-0.28571424,0.001,0.001,-0.055,0.000034015684,0.00001452016,-0.09803922,false,206.07695,0.8333333,-0.056,-0.00013812,59.936,59.951786,-0.01578571,6456431.5,0,0.9562,-0.00013812,1,1,false,1.6752756,0.5,30,14,23,1,3,10,11,false,0,2712126958
1779837271000,1779837272001,0,25,true,59.867,59.878,59.866,59.867,186.16,162.12,24.04,17,13,4,59.866,59.867,0.001,59.8665,59.86611,59.864258,320.06,327.31,780.43,39.91,121.13,329.52,780.43,329.52,0.40624353,0.74172753,0.17099899,-0.000026305332,0.000051980205,-0.000078285535,0.7031218,0.77490574,2.3683844,162.12,24.04,138.08,-3556.03,7.309464,10.950588,70.34,138.08,2.325752,14.967258,0.000016703832,0.00025244648,0.000120369026,5.2560756e-7,-0.078,0.00006681449,8.972837e-8,-1,0,0.001,0.001,0.029,0.000016348618,0.000014517768,-0.11111111,false,203.24374,0.8,0.028,-0.00013812,59.936,59.951786,-0.01578571,6456431.5,0,0.9562,-0.00013812,1,1,false,1.6077329,0.5,31,14,23,1,3,9,17,false,0,209008049
1779837272000,1779837273060,0,26,true,59.869,59.869,59.848,59.849,740.35,23.29,717.06,24,3,21,59.848,59.849,0.001,59.8485,59.848717,59.849106,39.08,502.04,1016.87,114.47,157.95,707.05,1016.87,707.05,0.17971832,-0.93708384,0.087317884,-0.000018594486,0.000027642956,-0.00004623744,0.5898592,-0.43668193,1.4381869,23.29,717.06,-693.77,-4249.8,7.8566947,30.847918,464.65,-693.77,3.0547197,35.658913,-0.0003007117,0.00026058187,0.00021069331,5.292398e-7,-0.104,-0.0003174155,4.0617505e-7,-1,-0.9523809,0.001,0.001,0.035,2.0932539e-7,0.000014548946,-0.12280702,false,222.8648,0.9230769,0.034,-0.00013812,59.936,59.951786,-0.01578571,6455001.5,0,0.9562,-0.00013812,1,0,false,0.05831183,0.5,32,14,23,1,3,10,24,false,0,4111145280
1779837273000,1779837274062,0,27,true,59.848,59.85,59.838,59.843,436.56,68.8,367.76,28,8,20,59.838,59.839,0.001,59.8385,59.838875,59.840164,19.32,195.43,1178.39,105.99,231.77,591.05,1178.39,591.05,0.33193552,-0.6848085,-0.013782588,-0.0000122536185,0.000028654722,-0.00004090834,0.66596776,-0.74856323,1.993723,68.8,367.76,-298.96,-4548.76,8.517131,15.591429,103.64,-298.96,3.287492,35.294117,-0.000100257326,0.00026151785,0.00012042535,5.574413e-7,-0.115,0.00020045436,2.2965303e-7,-1,-0.41666663,0.009,0.001,0.047,0.000024150651,0.000012028674,-0.13333334,false,225.79153,0.9259259,0.038,-0.00013812,59.936,59.951786,-0.01578571,6455001.5,0,0.9562,-0.00013812,1,1,false,1.3920552,0.5,33,14,23,1,3,8,28,false,0,1670958720
1779837274000,1779837275088,0,28,true,59.8355,59.8355,59.8355,59.8355,0,0,0,0,0,0,59.835,59.836,0.001,59.8355,59.835995,59.837696,8.12,670.11,918.3,176.63,235.52,679.7,918.3,679.7,0.14931165,0,-0.16945437,-0.000014534983,0.000029852705,-0.00004438769,0.57465583,-0.9911403,1.3510373,0,0,0,-4548.76,8.237881,0,0,0,0,0,-0.00012533579,0.00026171666,0,5.3885367e-7,-0.1215,-0.000025078469,125335.8,-1,0,0,0.001,0.116,0.000024150651,0.00000927664,-0.14285715,false,225.79153,0.91071427,0.116,-0.00013812,59.936,59.951786,-0.01578571,6455001.5,0,0.9562,-0.00013812,1,0,false,2.075611,0.5,34,14,23,1,3,10,0,false,0,522387844
1779837275000,1779837276030,0,29,true,59.838,59.838,59.828,59.838,257.76,141.2,116.56,16,8,8,59.838,59.839,0.001,59.8385,59.838066,59.836304,960.7,1292.36,1480.15,128.39,137.73,410.05,1480.15,410.05,0.5661306,0.0955928,0.32006603,-0.000012578027,0.000050325914,-0.00006290394,0.78306526,0.86956763,3.6096818,141.2,116.56,24.64,-4524.12,8.492376,16.11,71.57,24.64,1.8840427,23.77179,0.000041780346,0.00025499455,0.000100372905,5.218341e-7,-0.115,0.00016711614,1.620901e-7,-1,0,0.001,0.001,-0.125,0.000018174573,2089.017,-0.15151516,false,218.34148,0.79310346,-0.126,-0.00013812,59.936,59.951786,-0.01578571,6455001.5,0,0.9562,-0.00013812,1,1,false,1.5471289,0.5,35,14,23,1,3,9,16,false,0,1984323892
1779837276000,1779837277015,0,30,true,59.838,59.852,59.838,59.852,153.63,152.06,1.57,13,11,2,59.852,59.853,0.001,59.8525,59.85223,59.850418,174.31,950.17,1528.53,82.2,147.32,584.3,1528.53,584.3,0.44690296,0.97956127,0.2534635,-0.000012429803,0.000026490467,-0.00003892027,0.7234515,0.54034483,2.616002,152.06,1.57,150.49,-4373.63,8.640167,11.817693,66.43,150.49,1.5046005,35.398228,0.00023393768,0.00025963585,0.0001404939,5.0795643e-7,-0.044,0.00019215733,0.0000015227344,-1,0.99999994,0.001,0.001,-0.097,0.000023752513,2089.017,-0.11594203,false,215.91821,0.76666665,-0.098,-0.00013812,59.936,59.951786,-0.01578571,6455001.5,0,0.9562,-0.00013812,1,1,false,1.6679369,0.5,36,14,23,1,3,8,13,false,0,3998720700
1779837277000,1779837278016,0,31,true,59.853,59.867,59.852,59.867,187.18,174.78,12.4,16,14,2,59.866,59.867,0.001,59.8665,59.866158,59.861954,230.2,1131.48,1409.66,74.27,110.31,510.31,1409.66,510.31,0.46841878,0.8675072,0.31790835,-0.000010535002,0.000035592817,-0.000046127818,0.7342094,0.68374556,2.76236,174.78,12.4,162.38,-4211.25,8.881474,11.69875,62.57,162.38,1.801503,34.88372,0.0002505868,0.0002579327,0.0001504927,5.618466e-7,-0.007,0.000016649119,0.0000013387477,-1,0.9333333,0.001,0.001,-0.027,0.0000059903446,2089.017,-0.06832298,false,214.07207,0.7419355,-0.028,-0.00013812,59.894836,59.94157,-0.04673333,6455771.5,0,0.9562,-0.00013812,1,1,false,1.6818023,0.5,37,14,23,1,3,10,16,false,0,2484213820
1779837278000,1779837279018,0,32,true,59.8665,59.8665,59.8665,59.8665,0,0,0,0,0,0,59.866,59.867,0.001,59.8665,59.866215,59.864132,108.8,1150.18,1484.47,31.14,40.97,355.16,1484.47,355.16,0.6138789,0,0.49808782,-0.000009809337,0.000047602072,-0.00005741141,0.8069394,0.57013977,4.179722,0,0,0,-4211.25,8.590278,0,0,0,0,0,-0.000008351882,0.00025791247,0,5.636611e-7,-0.0065,-0.00025893867,8351.882,-1,0,0,0.001,-0.006,0.0000059903446,2089.017,-0.077380955,false,214.07207,0.734375,-0.006,-0.00013812,59.894836,59.94157,-0.04673333,6455771.5,0,0.9562,-0.00013812,1,0,false,2.0771637,0.5,38,14,23,1,3,9,0,false,0,2374516741
1779837279000,1779837280074,0,33,true,59.866,59.892,59.866,59.892,118.51,117.94,0.57,22,21,1,59.893,59.894,0.001,59.8935,59.89301,59.891666,288.59,458.15,1904.63,4.48,44.08,450.6,1904.63,450.6,0.6173622,0.9903806,0.41721562,-0.000008139884,0.00003550001,-0.00004363989,0.80868113,0.9817975,4.2268753,117.94,0.57,117.37,-4093.88,9.029941,5.3868184,68.49,117.37,2.4363394,22.151897,0.00042585706,0.0002749048,0.00026076907,5.64991e-7,0.023,0.00043420892,0.000003593427,-1,0.99999994,0.003,0.001,0.063,-0.000002857568,23381.87,-0.08571429,false,210.84866,0.6666667,0.06,-0.00013812,59.894836,59.94157,-0.04673333,6455771.5,0,0.9562,-0.00013812,1,1,false,1.5700505,0.5,39,14,23,1,3,10,22,false,0,3497831466
1779837280000,1779837281028,0,34,true,59.893,59.901,59.893,59.901,5.5,5,0.5,6,5,1,59.9,59.901,0.001,59.9005,59.900307,59.895428,800.54,1013.14,1748.96,16.9,141,473.24,1748.96,473.24,0.57407975,0.8181818,0.22909404,-0.0000130147155,0.000035127418,-0.00004814213,0.7870399,0.38533023,3.6957147,5,0.5,4.5,-4089.38,8.930598,0.9166667,2.95,4.5,0.67184746,19.08397,0.00015025919,0.00027533778,0.00008021253,6.2898e-7,0.035,-0.00027559785,0.000027319855,-1,0.9999999,0.001,0.001,0.111,-0.0000037961286,23381.87,-0.054945055,false,204.19226,0.61764705,0.11,-0.00013812,59.894836,59.94157,-0.04673333,6455771.5,0,0.9562,-0.00013812,1,0,false,2.0828636,0.5,40,14,23,1,3,9,6,false,0,618262859
1779837281000,1779837282012,0,35,true,59.9,59.9,59.9,59.9,0.03,0,0.03,1,0,1,59.9,59.901,0.001,59.9005,59.901,59.902477,9.14,246.12,1586.36,250.33,453.31,778.82,1586.36,778.82,0.34142855,-0.99999994,-0.14654295,-0.000011086417,0.000028957149,-0.000040043564,0.67071426,-0.99866927,2.0368762,0,0.03,-0.03,-4089.41,8.670579,0.03,0.03,-0.03,0.11533256,1,-0.000016694352,0.0002753631,0,6.3148843e-7,0.033,-0.00016695356,0.00055647834,1,0,0.001,0.001,-0.105,-0.0000019252236,23381.87,-0.14423077,false,204.19226,0.6142857,-0.106,-0.00013812,59.894836,59.94157,-0.04673333,6455771.5,0,0.9562,-0.00013812,1,1,false,2.0840878,0.5,41,14,23,1,3,9,1,false,0,1122828564
1779837282000,1779837283002,0,36,true,59.9,59.9,59.881,59.881,172.89,6.6,166.29,16,1,15,59.88,59.881,0.001,59.8805,59.88099,59.882744,2.71,49.58,949.74,427.67,878.95,1360.12,949.74,1360.12,-0.17766444,-0.92365086,-0.25968507,-0.000018772473,0.000015897922,-0.000034670393,0.41116777,-0.9780129,0.69827664,6.6,166.29,-159.69,-4249.1,8.910888,10.805625,110.76,-159.69,1.7955563,110.294106,-0.00031724563,0.0002827838,0.00019052543,6.2565584e-7,0.032,-0.0003005513,0.0000018349566,-1,-0.99999994,0.001,0.001,-0.063,0.000020650565,23381.87,-0.102564104,false,202.8025,0.5555556,-0.064,-0.00013812,59.894836,59.94157,-0.04673333,6455664.5,0,0.9562,-0.00013812,1,0,false,1.3138351,0.5,42,14,23,1,3,9,16,false,0,3804852337
1779837283000,1779837284002,0,37,true,59.88,59.88,59.848,59.863,926,4.19,921.81,33,1,32,59.863,59.864,0.001,59.8635,59.863667,59.86119,220.74,279.15,868.74,76.5,422.04,618.25,868.74,618.25,0.1684544,-0.99095035,0.16002113,-0.000026033596,0.00003002035,-0.00005605395,0.5842272,-0.3298262,1.4051597,4.19,921.81,-917.62,-5166.72,9.700694,28.060606,123.76,-917.62,3.4018183,49.999996,-0.00030064138,0.00029006583,0.00032102698,7.196421e-7,0.02,0.000016604272,3.246667e-7,-1,-0.53125,0.001,0.001,-0.027,0.000013377694,23381.87,-0.11111111,false,224.46364,0.8918919,-0.028,-0.00013812,59.894836,59.94157,-0.04673333,6455664.5,0,0.9562,-0.00013812,1,1,false,1.1905864,0.5,43,14,23,1,3,9,33,false,0,2793846708
1779837284000,1779837285024,0,38,true,59.863,59.863,59.86,59.86,48.85,0.16,48.69,5,1,4,59.86,59.861,0.001,59.8605,59.86015,59.86051,171.34,238.66,886.99,97.78,188.99,598.69,886.99,598.69,0.19405256,-0.99344933,-0.005492265,-0.0000260115,0.000028956916,-0.000054968415,0.5970263,0.6987266,1.4815514,0.16,48.69,-48.53,-5215.25,9.546574,9.77,43.74,-48.53,0.52374816,9.259259,-0.000050115683,0.00029025826,0.000030097535,7.335962e-7,0.0245,0.00025052569,0.0000010259096,-1,-0.99999964,0.001,0.001,-0.023,0.00001499318,23381.87,-0.11904762,false,219.28912,0.81578946,-0.024,-0.00013812,59.894836,59.94157,-0.04673333,6455664.5,0,0.9562,-0.00013812,1,1,false,2.0213642,0.5,44,14,23,1,3,10,5,false,0,921806675
1779837285000,1779837286050,0,39,true,59.86,59.86,59.845,59.845,115.37,0,115.37,9,0,9,59.845,59.846,0.001,59.8455,59.845657,59.847534,18.11,95.86,702.26,120.53,250.38,674.15,702.26,674.15,0.020422693,-1,-0.14338796,-0.000024557925,0.000024848072,-0.000049405997,0.51021135,-0.31375784,1.0416969,0,115.37,-115.37,-5330.62,9.528653,12.818889,113.3,-115.37,0.94451964,9.248555,-0.0002506161,0.0002952418,0.0001505103,6.8269526e-7,0.007,-0.00020050042,0.0000021722813,-1,-0.99999994,0.001,0.001,0.007,0.0000065597083,23381.87,-0.12643678,false,216.32,0.7692308,0.006,-0.00013812,59.894836,59.94157,-0.04673333,6455664.5,0,0.9562,-0.00013812,1,0,false,1.1615661,0.5,45,14,23,1,3,9,9,false,0,1189728099
1779837286000,1779837286992,0,40,true,59.846,59.847,59.846,59.847,46.73,44.91,1.82,3,2,1,59.847,59.848,0.001,59.8475,59.847706,59.8482,28.94,89.65,514.6,120.4,316.1,695.79,514.6,695.79,-0.14969555,0.9221057,-0.07083128,-0.00003592305,0.000024685703,-0.000060608752,0.4251522,-0.41318572,0.73959094,44.91,1.82,43.09,-5287.53,9.314599,15.576667,33.06,43.09,0.32207507,10.416667,0.00003341911,0.00020490188,0.000010035026,3.4162866e-7,-0.005,0.0002840352,7.151532e-7,-1,0.999999,0.001,0.001,-0.003,0.000008336881,23381.87,-0.13333334,false,211.50806,0.65,-0.004,-0.00013812,59.894836,59.94157,-0.04673333,6455664.5,0,0.9562,-0.00013812,1,1,false,2.1809747,0.5,46,14,23,1,3,9,3,false,0,3388170446
1779837287000,1779837288060,0,41,true,59.847,59.848,59.845,59.846,104.54,95.84,8.7,6,3,3,59.849,59.85,0.001,59.8495,59.849003,59.846725,414.19,525.44,1484.92,0.97,207.9,738.17,1484.92,738.17,0.33590633,0.83355653,0.3793515,-0.000016094009,0.00003281982,-0.000048913826,0.6679532,0.9981091,2.0116234,95.84,8.7,87.14,-5200.39,9.205923,17.423334,74.74,87.14,0.65175426,7.072136,-0.000016709415,0.00018775163,0.000030105079,3.3605127e-7,-0.021,-0.000050128525,1.5983753e-7,-1,-0.33333322,0.007,0.001,0.003,0.000009111429,23381.87,-0.10752688,false,208.14676,0.6097561,-0.004,-0.00013812,59.894836,59.94157,-0.04673333,6456111,0,0.9562,-0.00013812,1,0,false,1.5888071,0.5,47,14,23,1,3,10,6,false,0,3952399664
1779837288000,1779837289026,0,42,true,59.849,59.849,59.849,59.849,46.99,46.66,0.33,2,1,1,59.849,59.85,0.001,59.8495,59.84985,59.845814,694.7,738.55,1754.4,103.33,300.17,505.32,1754.4,505.32,0.55275875,0.98595446,0.23594809,-0.0000137514035,0.000044087894,-0.000057839297,0.77637935,-0.69937027,3.4718595,46.66,0.33,46.33,-5154.06,8.969664,23.495,46.66,46.33,0.22297381,0.9460738,0.000050127408,0.00018804884,0,3.3577302e-7,-0.0175,0.00006683682,0.0000010667676,-1,0,0.001,0.001,0.009,0.000013476116,23381.87,-0.17419355,false,203.88843,0.52380955,0.008,-0.00013812,59.894836,59.94157,-0.04673333,6456111,0,0.9562,-0.00013812,1,1,false,1.9176172,0.5,48,14,23,1,3,8,2,false,0,3388158632
1779837289000,1779837290040,0,43,true,59.848,59.848,59.846,59.846,0.57,0,0.57,2,0,2,59.848,59.849,0.001,59.8485,59.849,59.8479,81.26,743.35,1684.15,149.99,359.49,540.22,1684.15,540.22,0.51427144,-1,0.09701331,-0.000011066683,0.000039668696,-0.00005073538,0.75713575,-0.9964692,3.1175263,0,0.57,-0.57,-5154.63,8.74115,0.285,0.48,-0.57,0.22880284,1000000000,-0.000050127408,0.00018778931,0.000020069885,3.3493788e-7,-0.046,-0.000100254816,0.00008794282,-1,-0.9999995,0.005,0.001,-0.019,0.000013382155,23381.87,-0.13782991,false,203.88843,0.5232558,-0.024,-0.00013812,59.894836,59.94157,-0.04673333,6456111,0,0.9562,-0.00013812,1,0,false,2.1862001,0.5,49,14,23,1,3,9,2,false,0,557702170
1779837290000,1779837291090,0,44,true,59.848,59.848,59.848,59.848,0.06,0,0.06,1,0,1,59.848,59.849,0.001,59.8485,59.848694,59.848396,85.38,751.37,1678.2,138.34,347.94,545.03,1678.2,545.03,0.50969535,-1,0.08682296,-0.000011648438,0.000038474907,-0.000050123344,0.7548477,-0.3863275,3.0790966,0,0.06,-0.06,-5154.69,8.487342,0.06,0.06,-0.06,0.11782252,1,0.00003341855,0.0001876036,0,3.35776e-7,-0.053,0.00008354596,0.00055697584,-1,0,0.001,0.001,-0.033,0.000012182374,23381.87,-0.14488636,false,203.88843,0.52272725,-0.034,-0.00013812,59.894836,59.94157,-0.04673333,6456111,0,0.9562,-0.00013812,1,1,false,2.1871812,0.5,50,14,23,1,3,9,1,false,0,3174793266
1779837291000,1779837292026,0,45,true,59.849,59.849,59.849,59.849,3.56,3.56,0,1,1,0,59.848,59.849,0.001,59.8485,59.848995,59.847805,71.38,740.27,1706.66,179.94,391.07,559.09,1706.66,559.09,0.5064857,1,0.057613254,-0.000010713473,0.00003778279,-0.000048496262,0.75324285,-0.9939711,3.0525675,3.56,0,3.56,-5151.13,8.241856,3.56,3.56,3.56,0.12133191,1,0.000016708856,0.00018760363,0,3.3131136e-7,-0.051,-0.000016709693,0.0000046934992,-1,0,0.001,0.001,0.035,0.000013239654,23381.87,-0.15151516,false,198.73564,0.42222223,0.034,-0.00013812,59.894836,59.94157,-0.04673333,6456111,0,0.9562,-0.00013812,1,0,false,2.1881058,0.5,51,14,23,1,3,7,1,false,0,864586875
1779837292000,1779837293022,0,46,true,59.848,59.848,59.844,59.844,1.82,0,1.82,5,0,5,59.844,59.845,0.001,59.8445,59.844044,59.84742,82.36,750.42,1706.1,214.39,244.58,533.28,1706.1,533.28,0.52372533,-1,0.20505844,-0.00001000002,0.000033405937,-0.000043405955,0.76186264,0.90903944,3.1992574,0,1.82,-1.82,-5152.95,8.135565,0.364,1.56,-1.82,0.61458546,7.1942444,-0.00008354708,0.00017613276,0.00004014044,3.025588e-7,-0.037,-0.00010025593,0.000045904984,-1,-0.99999976,0.001,0.001,-0.035,0.000015751304,23381.87,-0.157754,false,193.81274,0.41304347,-0.036,-0.00013812,59.894836,59.94157,-0.04673333,6456099.5,0,0.9562,-0.00013812,1,0,false,2.1919434,0.5,52,14,23,1,3,8,5,false,0,830339872
1779837293000,1779837294096,0,47,true,59.844,59.845,59.844,59.845,9.99,9.89,0.1,3,2,1,59.844,59.845,0.001,59.8445,59.844975,59.846428,61.28,706.57,1448.93,280.58,346.11,671.86,1448.93,671.86,0.3664059,0.97998,0.047069736,-0.000011010805,0.00003326064,-0.000044271444,0.683203,-0.94756997,2.1565952,9.89,0.1,9.79,-5143.16,7.9671855,3.33,9.73,9.79,0.3765445,3.2362459,0.000016709973,0.00017474018,0.000010035362,2.9138903e-7,-0.018,0.00010025705,0.00000167267,-1,0.999999,0.001,0.001,0.065,0.000046888505,23381.87,-0.16363636,false,189.32439,0.40425533,0.064,-0.00013812,59.894836,59.94157,-0.04673333,6456099.5,0,0.9562,-0.00013812,1,1,false,2.1941843,0.5,53,14,23,1,3,9,3,false,0,133983069
1779837294000,1779837295092,0,48,true,59.844,59.844,59.836,59.837,268.6,52.55,216.05,11,1,10,59.836,59.837,0.001,59.8365,59.836975,59.83961,9.05,82.64,412.41,214.46,428.18,737.28,412.41,737.28,-0.28257182,-0.60871184,-0.08832775,-0.000043229335,0.000027652975,-0.000070882306,0.35871407,-0.9471767,0.5593669,52.55,216.05,-163.5,-5306.66,8.066622,24.418182,85.67,-163.5,1.3636439,12.531328,-0.0001336876,0.00017504941,0.00008028893,2.8838636e-7,-0.023,-0.00015039758,4.9772007e-7,-1,-0.8749999,0.001,0.001,-0.055,0.000022207234,23381.87,-0.14141414,false,188.70952,0.39583334,-0.056,-0.00013812,59.894836,59.94157,-0.04673333,6456099.5,0,0.9562,-0.00013812,1,0,false,1.435326,0.5,54,14,23,1,3,9,11,false,0,1607064388
1779837295000,1779837296076,0,49,true,59.836,59.836,59.832,59.832,79.89,70.59,9.3,6,1,5,59.831,59.832,0.001,59.8315,59.832,59.832832,3.74,100.9,634.49,228.99,452.26,890.69,634.49,890.69,-0.16798018,0.76717985,-0.27342033,-0.000031476433,0.000024757632,-0.000056234065,0.4160099,-0.9980785,0.7123578,70.59,9.3,61.29,-5245.37,7.998864,13.315,70.59,61.29,0.7501065,12.626263,-0.00008356383,0.00017579581,0.00004014849,2.8978383e-7,-0.013,0.000050123774,0.0000010459861,-1,-0.99999976,0.001,0.001,0.055,0.000011499094,21292.854,-0.11111111,false,185.74628,0.3877551,0.054,-0.00013812,59.894836,59.94157,-0.04673333,6456099.5,0,0.9562,-0.00013812,1,1,false,1.6465011,0.5,55,14,23,1,3,9,6,false,0,2230859506
1779837296000,1779837297049,0,50,true,59.832,59.832,59.832,59.832,0.5,0.5,0,1,1,0,59.831,59.832,0.001,59.8315,59.832,59.83263,0.98,56.32,604.06,233.52,440.03,877.75,604.06,877.75,-0.18469979,1,-0.25831342,-0.00003159662,0.000025594783,-0.000057191402,0.4076501,-0.9983528,0.6881914,0.5,0,0.5,-5244.87,7.769393,0.5,0.5,0.5,0.12871018,1,0,0.00016783272,0,2.3116213e-7,-0.015,0.00008356383,0,-1,0,0.001,0.001,0.073,0.000011659372,21292.854,-0.117117114,false,185.74628,0.39,0.072,-0.00013812,59.894836,59.94157,-0.04673333,6456099.5,0,0.9562,-0.00013812,1,1,false,2.2035825,0.5,56,14,23,1,3,9,1,false,0,2839352470
1779837297000,1779837298044,0,51,true,59.831,59.831,59.827,59.827,0.77,0,0.77,5,0,5,59.826,59.827,0.001,59.8265,59.827,59.829456,25.16,47.29,391.36,595.08,690.35,1031.37,391.36,1031.37,-0.44984642,-1,-0.32979432,-0.000041576655,0.000023579598,-0.00006515625,0.27507678,-0.9976026,0.37945646,0,0.77,-0.77,-5245.64,7.678593,0.154,0.25,-0.77,0.65116096,29.197079,-0.00008357081,0.00015930267,0.000040151845,2.2906926e-7,-0.019,-0.00008357081,0.000108533524,-1,-0.99999976,0.001,0.001,-0.057,0.000010626108,21292.854,-0.12280702,false,181.53091,0.37254903,-0.058,-0.00013812,59.894836,59.94157,-0.04673333,6456039,0,0.9562,-0.00013812,1,0,false,2.2055938,0.5,57,14,23,1,3,9,5,false,0,678064431
1779837298000,1779837298998,0,52,true,59.828,59.828,59.809,59.816,535.54,50.85,484.69,27,3,24,59.812,59.813,0.001,59.8125,59.812996,59.815,16.93,102.98,804.36,572.09,670.34,1207.12,804.36,1207.12,-0.20023067,-0.81009823,-0.20512614,-0.000018761411,0.000018695428,-0.00003745684,0.39988467,-0.9923934,0.6663464,50.85,484.69,-433.84,-5679.48,8.312082,19.834814,125.7,-433.84,3.2482836,87.542076,-0.00018388037,0.00016451278,0.00019075476,2.408796e-7,-0.033,-0.00010030957,3.4335508e-7,-1,-0.6315789,0.007,0.001,-0.043,0.00000602854,21292.854,-0.102564104,false,187.13777,0.42307693,-0.05,-0.00013812,59.894836,59.94157,-0.04673333,6456039,0,0.9562,-0.00013812,1,0,false,1.1280966,0.5,58,14,23,1,3,9,27,false,0,760122400
1779837299000,1779837300060,0,53,true,59.813,59.813,59.809,59.81,21.4,18.86,2.54,5,2,3,59.809,59.81,0.001,59.8095,59.80991,59.811466,18.8,1080.06,1317.57,327.9,447.11,946.63,1317.57,946.63,0.16382828,0.7626168,-0.27214137,-0.000009749324,0.000025492835,-0.00003524216,0.5819141,-0.81800234,1.3918532,18.86,2.54,16.32,-5663.16,8.203489,4.28,18.49,16.32,0.6094968,4.9751244,-0.00010031264,0.00013601423,0.00004016393,1.9533617e-7,-0.036,0.000083567735,0.0000046875066,-1,-0.7499998,0.001,0.001,0.035,0.000004401087,0.0005688931,-0.15384616,false,183.42435,0.3773585,0.034,-0.00013812,59.894836,59.94157,-0.04673333,6456039,0,0.9562,-0.00013812,1,1,false,2.2112868,0.5,59,14,23,1,3,10,5,false,0,1074451497
1779837300000,1779837301026,0,54,true,59.809,59.809,59.802,59.805,115.71,0.47,115.24,13,2,11,59.804,59.805,0.001,59.8045,59.804764,59.804462,286.66,1212.38,2115.02,296.12,446.67,712.47,2115.02,712.47,0.49604067,-0.99187624,0.016859625,-0.000009045935,0.000030090807,-0.000039136743,0.74802035,-0.52919906,2.968574,0.47,115.24,-114.77,-5777.93,8.360752,8.900769,50.62,-114.77,1.5548841,23.762375,-0.00008360155,0.00013311816,0.00007029334,2.01214e-7,-0.043,0.000016711087,7.2250936e-7,-1,-0.5714285,0.001,0.001,-0.025,0.000008923465,0.00056902505,-0.12637363,false,181.96362,0.37037036,-0.026,-0.00013812,59.894836,59.94157,-0.04673333,6456039,0,0.9562,-0.00013812,1,1,false,1.8906054,0.5,0,15,23,1,3,9,13,false,0,3059719974
1779837301000,1779837301992,0,55,true,59.804,59.804,59.794,59.796,466.8,24.81,441.99,17,5,12,59.795,59.796,0.001,59.7955,59.795994,59.796597,18.79,90.46,2680.12,273.46,497.27,779.36,2680.12,779.36,0.5494352,-0.8937018,-0.20158103,-0.0000045005663,0.000031961932,-0.000036462498,0.77471757,-0.99132544,3.4388728,24.81,441.99,-417.18,-6195.11,8.644006,27.458824,185.07,-417.18,1.9666808,18.26484,-0.00015050042,0.00013725532,0.00010042998,2.0849986e-7,-0.053,-0.00006689886,3.2240877e-7,-1,-0.7999999,0.001,0.001,0.011,0.000007118984,0.0005689383,-0.13214286,false,186.86395,0.43636364,0.01,-0.00013812,59.894836,59.94157,-0.04673333,6456039,0,0.9562,-0.00013812,1,0,false,0.7179529,0.5,1,15,23,1,3,9,17,false,0,1621036820
1779837302000,1779837303036,0,56,true,59.795,59.801,59.792,59.801,242.98,239.63,3.35,12,7,5,59.798,59.799,0.001,59.7985,59.798023,59.798927,131.7,271.92,3545.08,84,168.54,615.07,3545.08,615.07,0.7043039,0.9724257,0.45967013,-0.0000040961386,0.000029817751,-0.00003391389,0.852152,0.95175487,5.763702,239.63,3.35,236.28,-5958.83,8.754039,20.248333,172.35,236.28,1.3707958,16.41791,0.00008361414,0.00011898047,0.00009039076,1.2570665e-7,-0.043,0.00023411454,3.4411943e-7,-1,0.66666657,0.005,0.001,nan,0.000010426141,0.000040204537,-0.13763066,false,187.87245,0.4642857,nan,-0.00013812,59.894836,59.94157,-0.04673333,6455947,0,0.9562,-0.00013812,1,1,false,0.7548903,0.5,2,15,23,1,3,10,12,false,0,4051879865
1779837303000,1779837304062,0,57,true,59.799,59.799,59.794,59.794,4.58,1.66,2.92,6,1,5,59.794,59.795,0.001,59.7945,59.79499,59.796486,66.22,170.87,3111.35,271.44,283.06,637.01,3111.35,637.01,0.6601127,-0.27510917,0.26208502,-0.000003976764,0.00003304658,-0.000037023343,0.83005637,-0.9814085,4.884303,1.66,2.92,-1.26,-5960.09,8.663742,0.7633333,2.55,-1.26,0.69254136,51.54639,-0.00011706175,0.00010159853,0.000050217088,1.2042781e-7,-0.051,-0.00020067589,0.000025559335,-1,-0.9999998,0.001,0.001,nan,0.000013233834,0.00004014168,-0.11904762,false,184.1402,0.3859649,nan,-0.00013812,59.894836,59.94157,-0.04673333,6455947,0,0.9562,-0.00013812,1,0,false,2.2317426,0.5,3,15,23,1,3,9,6,false,0,2973780493
1779837304000,1779837305094,0,58,true,59.794,59.794,59.792,59.792,14.9,0,14.9,4,0,4,59.792,59.793,0.001,59.7925,59.792656,59.793354,62.28,786.49,3016.41,192,295.24,659.44,3016.41,659.44,0.64120406,-1,0.28208813,-0.0000040462046,0.00003436119,-0.000038407397,0.82060206,-0.31079555,4.574199,0,14.9,-14.9,-5974.99,8.510833,3.725,10.9,-14.9,0.46998927,5.736138,-0.00003344873,0.000101255246,0.000020088011,1.11783585e-7,-0.045,0.00008361302,0.0000022448812,-1,-0.9999995,0.001,0.001,nan,0.000016151049,0.000040504132,-0.0952381,false,184.4038,0.39655173,nan,-0.00013812,59.894836,59.94157,-0.04673333,6455947,0,0.9562,-0.00013812,1,1,false,2.2318988,0.5,4,15,23,1,3,9,4,false,0,1856705733
1779837305000,1779837306018,0,59,true,59.792,59.792,59.792,59.792,10.11,0,10.11,1,0,1,59.792,59.793,0.001,59.7925,59.792725,59.7927,115.66,725.86,2959.91,237.29,284.75,640.18,2959.91,640.18,0.64435333,-1,0.27454907,-0.000004139776,0.000038794544,-0.00004293432,0.8221767,-0.448388,4.623559,0,10.11,-10.11,-5985.1,8.264576,10.11,10.11,-10.11,0.120998345,1,0,0.00008433388,0,1.0340822e-7,-0.04,0.00003344873,0,-1,0,0.001,0.001,nan,0.000015592355,0.000040247618,-0.1007752,false,184.5834,0.40677965,nan,-0.00013812,59.894836,59.94157,-0.04673333,6455947,0,0.9562,-0.00013812,1,1,false,2.2317057,0.5,5,15,23,1,3,8,1,false,0,3204121237
1779837306000,1779837307014,0,60,true,59.793,59.8,59.792,59.8,246.06,245.16,0.9,8,7,1,59.801,59.802,0.001,59.8015,59.801872,59.80019,121.47,475.52,3880.89,122.11,296.28,716.97,3880.89,716.97,0.6881288,0.9926847,0.21473779,-0.000004236072,0.000025623995,-0.000029860066,0.8440644,-0.7460661,5.4129043,245.16,0.9,244.26,-5740.84,8.255901,30.7575,135.76,244.26,0.96900386,90.90908,0.00013378821,0.00008917021,0.00008034801,1.028498e-7,-0.032,0.00013378821,5.437219e-7,-1,0.8749999,0.003,0.001,nan,0.0000128828615,0.000040894796,-0.10606061,false,185.1986,0.41666666,nan,-0.00013812,59.894836,59.94157,-0.04673333,6455947,-0.00006183683,0.9562,-0.00013812,1,1,false,1.1024207,0.52877086,6,15,23,1,3,9,8,false,0,1088609280
1779837307000,1779837308294,0,61,true,59.801,59.802,59.795,59.796,94.96,7.19,87.77,8,2,6,59.797,59.798,0.001,59.7975,59.797115,59.796547,237.15,1294.9,4035.71,56.73,127.6,500.87,4035.71,500.87,0.77918607,-0.84856784,0.38934284,-0.0000038007195,0.00003576545,-0.00003956617,0.88959306,0.76748693,8.0574,7.19,87.77,-80.58,-5821.42,8.247511,11.87,37.06,-80.58,0.9699896,8.393286,-0.00006689187,0.000090338755,0.00007030157,1.1096155e-7,-0.031,-0.00020068008,7.0442155e-7,-1,-0.7142856,0.003,0.001,0.009,0.000016712806,0.00004089051,-0.083333336,false,175.158,0.27868852,0.006,-0.00013829,59.8,59.85643,-0.05642857,6455602.5,-0.00011520293,0.9562,-0.00013829,1,0,false,2.2524593,0.5271528,7,15,23,1,3,9,8,false,0,1982543935
1779837308000,1779837309012,0,62,true,59.797,59.809,59.789,59.803,533.39,188.12,345.27,30,17,13,59.803,59.804,0.001,59.8035,59.803997,59.80619,27.18,93.78,2865.97,156.33,390.8,1039.57,2865.97,1039.57,0.4676434,-0.29462495,-0.20593023,-0.0000063272555,0.000021090455,-0.000027417711,0.7338217,-0.9947507,2.7568803,188.12,345.27,-157.15,-5978.57,8.960708,17.779667,142.4,-157.15,3.34795,40,0.00011705783,0.00009338405,0.00020085995,1.1627901e-7,-0.013,0.0001839497,2.1946012e-7,-1,0.29999998,0.001,0.001,-0.005,0.000017673943,0.00004092817,-0.119186044,false,176.6194,0.32258064,-0.006,-0.00013829,59.8,59.85643,-0.05642857,6455602.5,-0.00011520293,0.9562,-0.00013829,1,1,false,1.0674647,0.5290965,8,15,23,1,3,9,30,false,0,2708843093
1779837309000,1779837310140,0,63,true,59.801,59.801,59.799,59.799,1.48,0,1.48,3,0,3,59.799,59.8,0.001,59.7995,59.799618,59.79881,32.41,89.02,2990.8,37.79,222.96,548.77,2990.8,548.77,0.6899228,-1,0.18382786,-0.00000421703,0.000029896515,-0.000034113546,0.8449614,-0.2326689,5.4500065,0,1.48,-1.48,-5980.05,8.765274,0.49333334,0.83,-1.48,0.34225968,2.5839794,-0.00006688851,0.00009390765,0.00002008566,1.2243365e-7,-0.011,-0.00018394635,0.00004519494,-1,-0.9999995,0.001,0.001,0.001,0.00001657459,0.000040881103,-0.09103642,false,176.6226,0.33333334,0,-0.00013829,59.8,59.85643,-0.05642857,6455602.5,-0.00011520293,0.9562,-0.00013829,1,0,false,2.2323353,0.52588993,9,15,23,1,3,9,3,false,0,2176254363
1779837310000,1779837311356,0,64,true,59.799,59.808,59.799,59.808,80.46,75.78,4.68,9,8,1,59.804,59.805,0.001,59.8045,59.80432,59.804897,161.58,217.13,1569.9,187.92,266.51,735.23,1569.9,735.23,0.36209238,0.8836689,0.038818542,-0.00001398942,0.000029780254,-0.000043769673,0.6810462,0.3576382,2.13525,75.78,4.68,71.1,-5908.95,8.77297,8.94,31.58,71.1,1.0258783,15.625,0.00015049287,0.00009947467,0.00009038018,1.319415e-7,0.003,0.00021738138,0.000001870406,-1,0.9999999,0.007,0.001,0.009,0.000030934127,0.00004303387,-0.09103642,false,178.02519,0.34375,0.002,-0.00013829,59.8,59.85643,-0.05642857,6455602.5,-0.00011520293,0.9562,-0.00013829,1,1,false,2.1535447,0.525891,10,15,23,1,3,9,9,false,0,300269441
1779837311000,1779837312320,0,65,true,59.805,59.805,59.805,59.805,11.81,11.81,0,1,1,0,59.804,59.805,0.001,59.8045,59.804344,59.80507,144.23,164.11,790.23,130.05,185.08,470.98,790.23,470.98,0.25312993,1,0.06758505,-0.000024200732,0.00004696837,-0.0000711691,0.626565,0.30959752,1.6778419,11.81,0,11.81,-5897.14,8.518119,11.81,11.81,11.81,0.11739682,1,-0.000050161772,0.0001000353,0,1.3809452e-7,0.009,-0.00020065464,0.000004247398,-1,0,0.001,0.001,0.003,0.000029776942,0.000029140994,-0.09103642,false,174.1148,0.26153848,0.002,-0.00013829,59.8,59.85643,-0.05642857,6455602.5,-0.00012798561,0.9562,-0.00013829,1,0,false,2.1723716,0.5229498,11,15,23,1,3,9,1,false,0,1572313244
1779837312000,1779837313075,0,66,true,59.804,59.804,59.79,59.797,381.81,13.47,368.34,15,1,14,59.8,59.801,0.001,59.8005,59.800045,59.798534,120.33,271.52,3184.6,21.35,101.84,486.98,3184.6,486.98,0.73473,-0.92944133,0.4390924,-0.0000043480254,0.000033633918,-0.000037981943,0.867365,0.9114295,6.5394883,13.47,368.34,-354.87,-6252.01,8.730639,25.454,60.2,-354.87,1.7180872,132.07545,-0.00013377702,0.000102727165,0.00014060667,1.4340894e-7,-0.004,-0.000083615254,3.503759e-7,-1,-0.49999997,0.007,0.001,0.013,0.000030482463,0.000028533952,-0.067226894,false,180.0682,0.36363637,0.006,-0.00013829,59.8,59.85643,-0.05642857,6455602.5,-0.00012798561,0.9562,-0.00013829,1,0,false,1.7973397,0.5212739,12,15,23,1,3,9,15,false,0,1875426421
1779837313000,1779837314944,0,67,true,59.8005,59.8005,59.8005,59.8005,0,0,0,0,0,0,59.8,59.801,0.001,59.8005,59.80044,59.799313,153.35,1024.1,3565.49,47.33,221.22,744.85,3565.49,744.85,0.6543892,0,0.060576104,-0.000004756482,0.000022234237,-0.00002699072,0.82719463,0.11524164,4.7868567,0,0,0,-6252.01,8.444389,0,0,0,0,0,0.00005852965,0.00010349008,0,1.4900495e-7,0.0065,0.00019230667,58529.652,-1,0,0,0.001,-0.016,0.000030482463,0.000028082552,-0.12059621,false,180.0682,0.36567163,-0.016,-0.00013829,59.8,59.85643,-0.05642857,6455458,-0.00015035865,0.9562,-0.00013829,1,1,false,2.2065217,0.5219445,13,15,23,1,3,9,0,false,0,2283106162
1779837314000,1779837315052,0,68,true,59.8,59.807,59.8,59.807,57.27,43.85,13.42,6,5,1,59.799,59.8,0.001,59.7995,59.799145,59.79964,75.67,929.38,3416.5,38.04,185,687.2,3416.5,687.2,0.66508275,0.53134274,-0.23053515,-0.000004698666,0.000022161332,-0.000026859998,0.83254135,0.7109777,4.971624,43.85,13.42,30.43,-6221.58,8.364245,9.545,29.36,30.43,0.7173391,5.675369,0.00010868884,0.00010201588,0.00007029569,1.4419503e-7,0.015,0.000050159186,0.0000018978319,-1,0.9999999,0.015,0.001,-0.029,0.000036172758,5434.442,-0.06504065,false,179.5172,0.3529412,-0.044,-0.00013829,59.8,59.85643,-0.05642857,6455458,-0.00015035865,0.9562,-0.00013829,1,1,false,2.2063644,0.52188665,14,15,23,1,3,9,6,false,0,1737745139
1779837315000,1779837319546,0,69,true,59.8,59.803,59.799,59.803,22.13,19.7,2.43,5,3,2,59.803,59.804,0.001,59.8035,59.80309,59.802174,251.3,1283.68,2267.01,14.9,274.28,623.7,2267.01,623.7,0.5684797,0.7803886,0.18473183,-0.000009050123,0.000023628523,-0.000032678647,0.7842398,0.82214606,3.6347764,19.7,2.43,17.27,-6204.31,8.253942,4.426,15.41,17.27,0.6057712,5.102041,-0.00006688404,0.000101399055,0.000040170646,1.5146458e-7,0.011,-0.00017557287,0.0000030223243,-1,0.7499998,0.001,0.001,-0.059,0.000028674984,5434.442,-0.067226894,false,179.8048,0.36231884,-0.06,-0.00013829,59.8,59.85643,-0.05642857,6455458,-0.00015035865,0.9562,-0.00013829,1,0,false,2.2070122,0.52992517,15,15,23,1,3,8,5,false,0,1922482571
1779837316000,1779837319563,0,70,true,59.8035,59.8035,59.8035,59.8035,0,0,0,0,0,0,59.803,59.804,0.001,59.8035,59.80313,59.804325,120.61,1094.86,3599.7,93.42,441.14,857.62,3599.7,857.62,0.6151858,0,-0.028526222,-0.000005225552,0.00002243439,-0.00002765994,0.8075929,0.7358033,4.1973133,0,0,0,-6204.31,7.9833207,0,0,0,0,0,0.000008360749,0.000101416284,0,1.5202377e-7,0.0035,0.00007524479,8360.75,-1,0,0,0.001,-0.016,0.000028674984,5434.442,-0.096205965,false,179.8048,0.3642857,-0.016,-0.00013829,59.8,59.85643,-0.05642857,6455458,-0.00014151756,0.9562,-0.00013829,1,1,false,2.2024977,0.52882606,16,15,23,1,3,9,0,false,0,3136537882
1779837317000,1779837319569,0,71,true,59.8035,59.8035,59.8035,59.8035,0,0,0,0,0,0,59.803,59.804,0.001,59.8035,59.80318,59.802437,208.51,1182.85,3693.64,97.15,443.08,683.26,3693.64,683.26,0.6877882,0,0.022853808,-0.0000052178657,0.000025091724,-0.00003030959,0.84389406,0.6389336,5.405907,0,0,0,-6204.31,7.721573,0,0,0,0,0,0,0.00009967978,0,1.3665674e-7,0.0075,-0.000008360749,0,-1,0,0,0.001,nan,0.000028674984,5434.442,-0.12105263,false,179.8048,0.36619717,nan,-0.00013829,59.8,59.85643,-0.05642857,6455458,-0.00014151756,0.9562,-0.00013829,1,0,false,2.2033837,0.5394671,17,15,23,1,3,9,0,false,0,2156588103
1779837318000,1779837319585,0,72,true,59.8085,59.8085,59.8085,59.8085,0,0,0,0,0,0,59.808,59.809,0.001,59.8085,59.8087,59.810486,67.65,225.08,1269.42,282.41,528.66,1134.32,1269.42,1134.32,0.05620408,0,-0.3840274,-0.000009999271,0.000017553595,-0.000027552866,0.52810204,-0.40094447,1.1191022,0,0,0,-6204.31,7.468406,0,0,0,0,0,0.00008360365,0.00009270889,0,1.1821121e-7,0.0055,0.00008360365,83603.65,-1,0,0,0.001,0.014,0.000028674984,9614.624,-0.092307694,false,179.8048,0.36805555,0.014,-0.00013829,59.8,59.85643,-0.05642857,6455458,-0.00014151756,0.9562,-0.00013829,0,1,true,2.1987858,0.541047,18,15,23,1,3,9,0,false,0,1931018705
1779837319000,1779837320952,0,73,true,59.804,59.814,59.803,59.814,245,244.04,0.96,19,14,5,59.821,59.822,0.001,59.8215,59.821037,59.820274,227.73,1875.15,2196.61,45.17,50.97,286.75,2196.61,286.75,0.7690629,0.99216324,0.32038856,-0.0000061003298,0.000056801844,-0.000062902174,0.88453144,0.92513096,7.660366,244.04,0.96,243.08,-5961.23,7.8464913,12.894737,123.85,243.08,2.4214644,6.0160427,0.000091955946,0.0000922746,0.000110455425,1.1751277e-7,0.015,0.000008352293,3.753304e-7,-1,0.9090908,0.015,0.001,0.025,0.000009071389,14212.422,-0.06666667,false,184.2794,0.47945204,0.01,-0.00013829,59.8,59.85643,-0.05642857,6455037,-0.00020677713,0.9562,-0.00013829,0,1,true,1.0999395,0.54204065,19,15,23,1,3,8,19,false,0,3880797906
1779837320000,1779837321137,0,74,true,59.8325,59.8325,59.8325,59.8325,0,0,0,0,0,0,59.832,59.833,0.001,59.8325,59.832264,59.830956,82.15,1368.79,2063.98,51.49,146.27,818.24,2063.98,818.24,0.43221545,0,0.14952499,-0.000008053942,0.00001878745,-0.000026841391,0.7161077,0.46918055,2.5224628,0,0,0,-5961.23,7.5892296,0,0,0,0,0,0.00030924432,0.00011378375,0,1.3336755e-7,0.0245,0.00021728837,309244.3,1,0,0,0.001,0.062,0.000009071389,14212.422,-0.03884712,false,184.2794,0.47972974,0.062,-0.00013829,59.8,59.85643,-0.05642857,6455037,-0.00020677713,0.9562,-0.00013829,1,2,false,2.1841047,0.5408621,20,15,23,1,3,10,0,false,0,1365127876
1779837321000,1779837322004,0,75,true,59.815,59.833,59.812,59.812,681.83,186.71,495.12,38,21,17,59.811,59.812,0.001,59.8115,59.81199,59.813206,8.2,49.29,493.59,506.59,836.39,1299.93,493.59,1299.93,-0.44958517,-0.45232683,-0.22289905,-0.000035376208,0.00001794181,-0.000053318017,0.2752074,-0.9787544,0.37970507,186.71,495.12,-308.41,-6269.64,8.586304,17.942894,189.37,-308.41,4.425653,19.525066,-0.00034268186,0.00013298784,0.0002108201,2.2675601e-7,0.007,-0.0006519262,5.025914e-7,1,-0.14285713,0.001,0.001,-0.029,0.000011076707,31346.516,-0.065162905,false,188.3124,0.6,-0.03,-0.00013829,59.8,59.85643,-0.05642857,6455037,-0.00020677713,0.9562,-0.00013829,1,1,false,0.7218647,0.5271696,21,15,23,1,3,9,38,false,0,2515674483
1779837322000,1779837322994,0,76,true,59.812,59.812,59.803,59.803,31.75,4.36,27.39,11,2,9,59.801,59.802,0.001,59.8015,59.801994,59.804367,8.99,30.24,2607.11,512.67,747.67,1185.95,2607.11,1185.95,0.37467375,-0.7253543,-0.18943252,-0.0000057724155,0.000018944134,-0.000024716548,0.68733686,-0.9924179,2.1983304,4.36,27.39,-23.03,-6292.67,8.6654415,2.8863637,18.46,-23.03,1.2694103,26.315788,-0.0001504828,0.00013589869,0.00009037413,2.6853573e-7,0.006,0.00019219906,0.0000047396156,1,-0.9999999,0.003,0.001,-0.037,0.0000058122178,31346.516,-0.092307694,false,188.6848,0.6052632,-0.04,-0.00013829,59.8,59.85643,-0.05642857,6455037,-0.00020677713,0.9562,-0.00013829,1,2,false,2.1607714,0.55756134,22,15,23,1,3,9,11,false,0,4260196311
1779837323000,1779837324086,0,77,true,59.802,59.802,59.802,59.802,14.02,14.02,0,2,2,0,59.801,59.802,0.001,59.8015,59.80191,59.803127,46.21,89.46,2925.15,488.6,621.93,1348.97,2925.15,1348.97,0.36877298,1,0.0013170087,-0.0000047952167,0.000021910542,-0.00002670576,0.6843865,-0.81966937,2.1684322,14.02,0,14.02,-6278.65,8.446902,7.01,9.01,14.02,0.2367732,4.484305,-0.00001672171,0.00013340639,0,2.6713647e-7,0.0015,0.00013376109,0.000001192704,-1,0,0.001,0.001,0.039,0.000004469104,31346.516,-0.092307694,false,188.617,0.5974026,0.038,-0.00013829,59.8,59.85643,-0.05642857,6455037,-0.00020677713,0.9562,-0.00013829,1,1,false,2.1596994,0.56825155,23,15,23,1,3,10,2,false,0,48346054
1779837324000,1779837325046,0,78,true,59.802,59.802,59.802,59.802,42.1,42.1,0,1,1,0,59.801,59.802,0.001,59.8015,59.8019,59.80273,99.16,139,3094.45,472.46,595.09,1130.01,3094.45,1130.01,0.46501565,1,0.13331813,-0.0000048063253,0.000027719192,-0.000032525517,0.7325078,-0.79894733,2.7384272,42.1,0,42.1,-6236.55,8.202742,42.1,42.1,42.1,0.12191046,1,0,0.00013319656,0,2.6713647e-7,-0.005,0.00001672171,0,-1,0,0.001,0.001,0.015,0.0000052406285,31346.516,-0.11794872,false,189.2172,0.6282051,0.014,-0.00013829,59.8,59.85643,-0.05642857,6454793.5,-0.00024449953,0.9562,-0.00013829,1,1,false,2.1211278,0.56657565,24,15,23,1,3,8,1,false,0,2091822779
1779837325000,1779837326060,0,79,true,59.801,59.802,59.801,59.802,10.07,9.9,0.17,2,1,1,59.801,59.802,0.001,59.8015,59.801926,59.802357,86.28,117.35,2996.31,465.62,607.98,1243.83,2996.31,1243.83,0.4133071,0.96623635,0.0031504887,-0.0000047930866,0.000024596784,-0.000029389872,0.70665354,-0.8512956,2.4089384,9.9,0.17,9.73,-6226.82,7.999373,5.035,9.9,9.73,0.25001958,7.0921984,0,0.00013319656,0.000010042578,2.6713647e-7,-0.001,0,0,-1,0.999999,0.001,0.001,0.017,0.000005917541,31346.516,-0.09342105,false,187.5906,0.556962,0.016,-0.00013829,59.8,59.85643,-0.05642857,6454793.5,-0.00024449953,0.9562,-0.00013829,1,0,false,2.1249819,0.55996007,25,15,23,1,3,9,2,false,0,2350529905
1779837326000,1779837327005,0,80,true,59.801,59.802,59.788,59.788,281.51,14.47,267.04,15,1,14,59.797,59.798,0.001,59.7975,59.79727,59.80061,85.89,326.42,2708.4,477.08,557.47,1040.27,2708.4,1040.27,0.44499248,-0.89719725,0.21881796,-0.000005081647,0.000020326126,-0.000025407773,0.7224963,0.4536099,2.603555,14.47,267.04,-252.57,-6479.39,8.228902,18.767334,148.66,-252.57,1.8228434,17.369726,-0.00023413329,0.00013995456,0.00014061137,2.5818713e-7,-0.0155,-0.00023413329,8.3170505e-7,-1,-0.92857134,0.019,0.001,0.011,0.0000068325176,31346.516,-0.096205965,false,192.506,0.65,-0.008,-0.00013829,59.8,59.85643,-0.05642857,6454793.5,-0.0002537129,0.9562,-0.00013829,1,0,false,1.0599449,0.53285,26,15,23,1,3,8,15,false,0,2834046613
1779837327000,1779837328022,0,81,true,59.798,59.798,59.783,59.783,368.5,4.86,363.64,14,1,13,59.784,59.785,0.001,59.7845,59.78499,59.783184,1706.96,1998.6,3174.93,469.07,558.62,988.21,3174.93,988.21,0.52525735,-0.9736228,0.12502015,-0.0000064394458,0.00002482215,-0.000031261596,0.7626287,-0.9805993,3.212809,4.86,363.64,-358.78,-6838.17,8.4181185,26.321428,79.88,-358.78,1.6630795,24.48211,-0.000083632316,0.00014040395,0.00015066638,2.6993803e-7,-0.0205,0.00015050097,2.2695338e-7,-1,-0.99999994,0.003,0.001,0.041,0.000008734265,31346.516,-0.09342105,false,140.5052,0.19753087,0.038,-0.00013829,59.8,59.85643,-0.05642857,6454793.5,-0.0002537129,0.9562,-0.00013829,1,1,false,1.4111551,0.52871156,27,15,23,1,3,10,14,false,0,240374475
1779837328000,1779837329078,0,82,true,59.784,59.784,59.782,59.782,141.33,0,141.33,2,0,2,59.782,59.783,0.001,59.7825,59.782005,59.78268,1917.62,1995.93,3232.99,420.5,472.57,784.97,3232.99,784.97,0.6092694,-1,0.28610516,-0.000011750287,0.000024133305,-0.00003588359,0.8046347,0.99234235,4.118616,0,141.33,-141.33,-6979.5,8.207688,70.665,86.5,-141.33,0.24367398,1000000000,-0.000016727303,0.00013799324,0.000020091371,2.6350716e-7,-0.0265,0.00006690501,1.18356354e-7,-1,-0.9999995,0.001,0.001,0.021,0.000007336952,31346.516,-0.096205965,false,138.9706,0.19512194,0.02,-0.00013829,59.8,59.85643,-0.05642857,6454793.5,-0.0002537129,0.9562,-0.00013829,1,1,false,1.3825688,0.5287122,28,15,23,1,3,10,2,false,0,3678940833
1779837329000,1779837330026,0,83,true,59.782,59.804,59.782,59.794,1032.09,1005.27,26.82,20,16,4,59.794,59.795,0.001,59.7945,59.795,59.796925,19.95,173.39,2936.26,158.88,456.25,1079.46,2936.26,1079.46,0.46238282,0.9480278,-0.2223931,-0.000004103585,0.000017021592,-0.000021125177,0.7311914,-0.9953356,2.7201192,1005.27,26.82,978.45,-6001.05,8.594321,51.6045,963.82,978.45,2.3271182,20.787746,0.00020070917,0.00014433516,0.00022096811,2.5679824e-7,-0.02,0.00021743648,1.9446867e-7,-1,0.5454545,0.001,0.001,0.007,0.0000015828127,31346.516,-0.12105263,false,158.485,0.22891566,0.006,-0.00013829,59.8,59.85643,-0.05642857,6454915,-0.00023488363,0.9562,-0.00013829,1,1,false,0.013004023,0.5371229,29,15,23,1,3,9,20,false,0,1929663464
1779837330000,1779837331064,0,84,true,59.793,59.794,59.793,59.794,11.5,6.38,5.12,4,2,2,59.793,59.794,0.001,59.7935,59.793327,59.795902,40.46,156.64,2851.77,127.22,428.83,1184.99,2851.77,1184.99,0.41290045,0.10956522,-0.17216118,-0.000004197313,0.000015011898,-0.00001920921,0.7064502,0.34895366,2.4065773,6.38,5.12,1.26,-5999.79,8.443687,2.875,6.27,1.26,0.47372666,3.916449,0,0.00014035752,0.000010043921,2.4924924e-7,-0.0385,-0.00020070917,0,-1,0.999999,0.001,0.001,nan,0.0000013649145,31346.516,-0.092307694,false,157.9856,0.22619048,nan,-0.00013829,59.8,59.85643,-0.05642857,6454915,-0.00023488363,0.9562,-0.00013829,1,0,false,1.6182584,0.5406847,30,15,23,1,3,10,4,false,0,739355445
1779837331000,1779837332012,0,85,true,59.793,59.793,59.793,59.793,1.05,0,1.05,4,0,4,59.793,59.794,0.001,59.7935,59.79357,59.795376,40.95,96.41,3705.38,112.99,318.65,1194.85,3705.38,1194.85,0.51232904,-1,-0.27941817,-0.0000031616178,0.000015146139,-0.000018307757,0.7561645,-0.14205502,3.1011257,0,1.05,-1.05,-6000.84,8.297993,0.2625,0.8,-1.05,0.48204428,4.341534,-0.000016724225,0.00013995859,0,2.4253876e-7,-0.019,-0.000016724225,0.000015927833,-1,0,0.001,0.001,nan,0.0000011434632,31346.516,-0.092307694,false,156.7002,0.22352941,nan,-0.00013829,59.8,59.85643,-0.05642857,6454915,-0.0000134267975,0.9562,-0.00013829,1,0,false,1.6249802,0.53847426,31,15,23,1,3,9,4,false,0,2721052128
1779837332000,1779837333015,0,86,true,59.794,59.804,59.794,59.804,95.22,95.22,0,6,6,0,59.803,59.804,0.001,59.8035,59.80396,59.799084,1033.28,1229.86,3761.38,160.31,389.47,1248.76,3761.38,1248.76,0.5015069,1,-0.075564176,-0.0000063601633,0.00001540305,-0.000021763211,0.75075346,-0.9191664,3.012092,95.22,0,95.22,-5905.62,8.222649,15.87,50.76,95.22,0.72969186,7.2150073,0.00018395111,0.00014277778,0.00010042998,2.3778527e-7,0.001,0.00020067533,0.0000019318536,-1,0.9999999,0.001,0.001,nan,0.00006296228,31346.516,-0.06666667,false,155.843,0.22093023,nan,-0.00013829,59.8,59.85643,-0.05642857,6454915,-0.0000134267975,0.9562,-0.00013829,1,1,false,1.6340711,0.5750265,32,15,23,1,3,9,6,false,0,1692769304
1779837333000,1779837334038,0,87,true,59.803,59.804,59.795,59.795,87.54,4.7,82.84,9,1,8,59.792,59.793,0.001,59.7925,59.793,59.79543,1.07,1167.2,3167.51,305.34,541.48,1298.64,3167.51,1298.64,0.41845214,-0.8926205,-0.33269405,-0.0000038558414,0.000014683703,-0.000018539546,0.7092261,-0.99572456,2.439098,4.7,82.84,-78.14,-5983.76,8.248136,9.726666,69.25,-78.14,1.0911556,14.010508,-0.00015050294,0.00014610532,0.000090386224,2.5910893e-7,-0.007,-0.00033445403,0.0000017192475,-1,-0.8888888,0.005,0.001,nan,0.000041919422,31346.516,-0.03884712,false,143.5304,0.20689656,nan,-0.00013829,59.8,59.85643,-0.05642857,6454915,-0.0000134267975,0.9562,-0.00013829,1,0,false,1.5547134,0.5706597,33,15,23,1,3,10,9,false,0,383612225
1779837334000,1779837335040,0,88,true,59.792,59.792,59.79,59.79,0.57,0,0.57,5,0,5,59.79,59.791,0.001,59.7905,59.790985,59.790646,75.83,2101.51,3666.74,165.89,301.35,1019.03,3666.74,1019.03,0.56505334,-1,-0.042246435,-0.0000037992108,0.000018836534,-0.000022635744,0.7825267,-0.970024,3.598265,0,0.57,-0.57,-5984.33,8.14164,0.114,0.18,-0.57,0.6141269,10.55409,-0.00008362253,0.00014527814,0.000020088683,2.644248e-7,-0.012,0.000066880406,0.0001467062,-1,-0.9999995,0.001,0.001,nan,0.000030688345,25912.072,-0.03884712,false,143.5304,0.21022727,nan,-0.00013829,59.8,59.85643,-0.05642857,6454273,-0.00011290005,0.9562,-0.00013829,1,1,false,1.567973,0.57411397,34,15,23,1,3,9,5,false,0,742818162
1779837778000,1779837779024,10,1,true,59.521,59.521,59.521,59.521,7.3,7.3,0,1,1,0,59.52,59.521,0.001,59.5205,59.520298,59.52344,33.88,71.27,988.16,142.38,363.32,1180.07,988.16,1180.07,-0.088509984,1,-0.14498568,-0.000016903678,0.00001617524,-0.000033078915,0.455745,0.40525252,0.83737403,7.3,0,7.3,7.3,0.032786883,7.3,7.3,7.3,30.5,1,0,0,0,0,0,0,0,0,0,0.001,0.001,-0.057,0,0,0,false,7.3,0,-0.058,-0.0001474,59.553867,59.601143,-0.04727619,6461030.5,0,0.9616,-0.0001474,1,1,false,0,0.5,58,22,23,1,3,8,1,false,0,2973993196
1779837779000,1779837780096,10,2,true,59.521,59.521,59.521,59.521,0.5,0.5,0,1,1,0,59.52,59.521,0.001,59.5205,59.520485,59.52309,40.75,88.14,988.78,159.14,368.75,1163.94,988.78,1163.94,-0.08136683,1,-0.20386162,-0.000017139502,0.000016712005,-0.000033851506,0.45931658,0.029711375,0.84951115,0.5,0,0.5,7.8,0.06449879,0.5,0.5,0.5,15.504167,1,0,0,0,0,0,0,0,0,0,0.001,0.001,-0.089,0,0,0,false,7.3,0,-0.09,-0.0001474,59.553867,59.601143,-0.04727619,6461030.5,0,0.9616,-0.0001474,1,1,false,0,0.5,59,22,23,1,3,9,1,false,0,2096997064
1779837780000,1779837781021,10,3,true,59.521,59.529,59.521,59.529,271.49,228.02,43.47,20,16,4,59.528,59.529,0.001,59.5285,59.52844,59.53001,25.31,401.68,827.19,61.99,242.38,1100.32,827.19,1100.32,-0.14170095,0.6797672,-0.15397014,-0.000022739108,0.000016171054,-0.000038910162,0.42914954,0.11905465,0.7517722,228.02,43.47,184.55,192.35,0.71812177,13.5745,62.48,184.55,27.85043,25.032938,0.00013439731,0,0.00008071381,0,0,0.00013439731,4.95036e-7,0,0.9999999,0.001,0.001,-0.031,0.000011742058,0,0,false,96.175,0,-0.032,-0.0001474,59.553867,59.601143,-0.04727619,6461030.5,0,0.9616,-0.0001474,1,1,false,1.4927379,0.5,0,23,23,1,3,8,20,false,0,1052796457
1779837781000,1779837782016,10,4,true,59.529,59.531,59.529,59.53,23.86,20,3.86,4,3,1,59.526,59.527,0.001,59.5265,59.526993,59.528904,2.23,366.55,820.28,338.44,435.46,1250.85,820.28,1250.85,-0.20789135,0.67644596,-0.36330634,-0.00002534145,0.000014637635,-0.000039979084,0.39605433,-0.98660797,0.65577805,20,3.86,16.14,208.49,0.82572436,5.965,15.19,16.14,4.8442316,3.558719,0.000016798394,0,0.000020176758,0,0,-0.00011759892,7.0403996e-7,0,0.49999976,0.007,0.001,-0.039,0.0000121863795,0,0,false,69.496666,0,-0.046,-0.0001474,59.553867,59.601143,-0.04727619,6461030.5,0,0.9616,-0.0001474,1,1,false,0.8470492,0.5,1,23,23,1,3,10,4,false,0,3933275979
1779837782000,1779837783015,10,5,true,59.528,59.549,59.522,59.549,435.38,410.45,24.93,30,23,7,59.549,59.55,0.001,59.5495,59.549007,59.549164,38.51,606.88,1274.02,3.15,78.2,975.81,1274.02,975.81,0.1325478,0.88547933,0.1221994,-0.000013128669,0.000016281965,-0.000029410636,0.56627387,0.98282737,1.3056026,410.45,24.93,385.52,594.01,1.7822579,14.512667,90.32,385.52,16.83258,32.694473,0.00031911588,0,0.00027236107,0,0,0.0003023175,7.3295945e-7,0,0.77777773,0.001,0.001,0.001,0.0000015022944,0,0,false,148.5025,0,0,-0.0001474,59.553867,59.601143,-0.04727619,6461030.5,0,0.9616,-0.0001474,1,1,false,1.012603,0.5,2,23,23,1,3,9,30,false,0,3269323008
1779837783000,1779837784020,10,6,true,59.549,59.549,59.549,59.549,4.6,0,4.6,3,0,3,59.549,59.55,0.001,59.5495,59.54999,59.55089,3.96,67.3,946.68,32.13,181.36,1128.07,946.68,1128.07,-0.0874274,-1,-0.26222506,-0.00001665315,0.000013082363,-0.000029735513,0.4562863,-0.98123044,0.83920324,0,4.6,-4.6,589.41,1.822184,1.5333333,2.95,-4.6,1.646376,5.181347,0,0,0,0,0,-0.00031911588,0,0,0,0.001,0.001,-0.017,-0.0000010350091,0,0,false,119.722,0,-0.018,-0.0001474,59.553867,59.601143,-0.04727619,6462063,0,0.9616,-0.0001474,1,1,false,0.61241615,0.5,3,23,23,1,3,10,3,false,0,4138644957
1779837784000,1779837785034,10,7,true,59.549,59.566,59.549,59.566,122.07,121.98,0.09,15,14,1,59.565,59.566,0.001,59.5655,59.565147,59.566803,73.85,502.74,860.65,162.07,280.74,952.97,860.65,952.97,-0.05090372,0.99852544,-0.034102723,-0.000023203074,0.000017861395,-0.00004106447,0.47454813,0.7035917,0.9031239,121.98,0.09,121.89,711.3,2.2542434,8.138,67.92,121.89,6.654117,35.897434,0.00028543844,0,0.00017142325,0,0,0.00028543844,0.0000023383177,0,0.99999994,0.001,0.001,0.051,0.0000039183437,0,0,false,120.083336,0,0.05,-0.0001474,59.553867,59.601143,-0.04727619,6462063,0,0.9616,-0.0001474,1,1,false,1.1304054,0.5,4,23,23,1,3,9,15,false,0,2600718825
1779837785000,1779837786072,10,8,true,59.566,59.566,59.541,59.541,239.84,15.26,224.58,25,2,23,59.544,59.545,0.001,59.5445,59.544605,59.54663,33.68,507.01,1181.08,80.25,365.63,1393.01,1181.08,1393.01,-0.08233201,-0.8727485,-0.04048619,-0.000011974536,0.00001246708,-0.000024441615,0.458834,-0.21133116,0.8478618,15.26,224.58,-209.32,501.98,3.000006,9.5936,60.07,-209.32,8.333317,38.709675,-0.00041979062,0,0.00025210995,0,0,-0.00070522906,0.0000017502945,0,-0.99999994,0.007,0.001,0.001,0.00001855762,0,0,false,132.83142,0,-0.006,-0.0001474,59.553867,59.601143,-0.04727619,6462063,0,0.9616,-0.0001474,1,1,false,1.187013,0.5,5,23,23,1,3,9,25,false,0,781857628
1779837786000,1779837787068,10,9,true,59.544,59.55,59.544,59.55,42.54,42.26,0.28,4,3,1,59.549,59.55,0.001,59.5495,59.549747,59.550003,28.58,89.14,1124.59,80.34,149.24,903.28,1124.59,903.28,0.10913421,0.9868359,0.0066195405,-0.0000120779405,0.000018469576,-0.000030547515,0.5545671,-0.49275362,1.245007,42.26,0.28,41.98,543.96,3.0327926,10.635,24.96,41.98,1.3189164,14.285714,0.00015114492,0,0.000060512994,0,0,0.00057093555,0.0000035530072,0,0.9999998,0.001,0.001,0.067,0.000025544581,0,0,false,121.475,0,0.066,-0.0001474,59.553867,59.601143,-0.04727619,6462063,0,0.9616,-0.0001474,1,1,false,1.1206119,0.5,6,23,23,1,3,9,4,false,0,3889398518
1779837787000,1779837788058,10,10,true,59.55,59.55,59.549,59.549,14.15,0.75,13.4,2,1,1,59.548,59.549,0.001,59.5485,59.54857,59.550014,21.71,71.75,1036.23,100.52,168.75,886.26,1036.23,886.26,0.078008205,-0.89399296,-0.09824373,-0.000012547938,0.000019875682,-0.00003242362,0.5390041,-0.14117947,1.1692168,0.75,13.4,-12.65,531.31,2.9989307,7.075,13.4,-12.65,0.6669044,3.144654,-0.000016792752,0,0.000010085076,0,0,-0.00016793767,0.0000011867669,0,-0.999999,0.001,0.001,-0.085,0.00002566727,0,-4.656613e-10,false,109.38333,0.5,-0.086,-0.0001474,59.553867,59.601143,-0.04727619,6462592.5,0,0.9616,-0.0001474,1,1,false,1.4086909,0.5,7,23,23,1,3,9,2,false,0,3270669722
1779837788000,1779837789024,10,11,true,59.548,59.548,59.542,59.542,1.55,0,1.55,5,0,5,59.54,59.541,0.001,59.5405,59.540997,59.5423,4.35,101,801.47,193.54,338.9,794.37,801.47,794.37,0.0044490676,-1,-0.42197368,-0.000018700603,0.000029311404,-0.000048012007,0.5022245,-0.99498624,1.008938,0,1.55,-1.55,529.76,3.0645394,0.31,1.13,-1.55,1.6315665,32.258064,-0.00011755716,0,0.000060515027,0,0.021,-0.00010076441,0.00007584333,0,-0.9999998,0.003,0.001,-0.071,0.000025303292,0,-0.04761905,false,98.6,0.45454547,-0.074,-0.0001474,59.553867,59.601143,-0.04727619,6462592.5,0,0.9616,-0.0001474,1,1,false,1.51951,0.5,8,23,23,1,3,8,5,false,0,1195097491
1779837789000,1779837790068,10,12,true,59.541,59.541,59.541,59.541,0.09,0,0.09,1,0,1,59.54,59.541,0.001,59.5405,59.540993,59.542255,4.7,101.44,892.62,161.03,328.4,805.16,892.62,805.16,0.05151433,-1,-0.31505853,-0.000016664453,0.00002709076,-0.00004375521,0.5257572,-0.987503,1.1086243,0,0.09,-0.09,529.67,2.9968495,0.09,0.09,-0.09,0.33368373,1,-0.00001679501,0,0,0,0.02,0.000100762154,0.0001866112,0,0,0.001,0.001,-0.071,0.000026073902,0,-0.083333336,false,98.6,0.45833334,-0.072,-0.0001474,59.553867,59.601143,-0.04727619,6462592.5,0,0.9616,-0.0001474,1,1,false,1.5313541,0.5,9,23,23,1,3,9,1,false,0,689302840
1779837790000,1779837790992,10,13,true,59.5415,59.5415,59.5415,59.5415,0,0,0,0,0,0,59.541,59.542,0.001,59.5415,59.54106,59.543873,6.85,115.59,918.56,81.77,210.01,707.88,918.56,707.88,0.12953444,0,-0.12058633,-0.00001662275,0.000029259745,-0.000045882494,0.56476724,0.8785942,1.297621,0,0,0,529.67,2.8985922,0,0,0,0,0,0.000008397539,0,0,0,0.0125,0.000025192548,8397.539,0,0,0,0.001,0.086,0.000026073902,0,-0,false,98.6,0.46153846,0.086,-0.0001474,59.553867,59.601143,-0.04727619,6462592.5,0,0.9616,-0.0001474,1,1,false,1.5313541,0.5,10,23,23,1,3,7,0,false,0,4143252223
1779837791000,1779837792036,10,14,true,59.541,59.55,59.513,59.518,1278.98,145.85,1133.13,59,13,46,59.516,59.517,0.001,59.5165,59.517,59.517498,4.55,21.12,450.92,119.48,646.37,1121.36,450.92,1121.36,-0.4264126,-0.77192765,-0.4200483,-0.00003933929,0.000014758382,-0.000054097673,0.2867937,-0.99298245,0.40211886,145.85,1133.13,-987.28,-457.61,4.7379827,21.677628,346.75,-987.28,12.452558,86.053406,-0.0003947606,0,0.00037326064,0,-0.012,-0.00040315813,3.086527e-7,0,-0.6216216,0.003,0.001,-0.037,0.00001609778,0,-0.16666667,false,179.39728,1,-0.04,-0.0001474,59.553867,59.601143,-0.04727619,6462592.5,0,0.9616,-0.0001474,1,1,false,0.322606,0.5,11,23,23,1,3,10,59,false,0,786975761
1779837792000,1779837793080,10,15,true,59.516,59.516,59.501,59.506,92.93,30.74,62.19,18,3,15,59.506,59.507,0.001,59.5065,59.506184,59.50556,52.54,104.85,510.32,11.16,245.94,1190.26,510.32,1190.26,-0.39982828,-0.33842677,-0.17349508,-0.00003493326,0.00001537039,-0.000050303646,0.30008584,0.6349627,0.42874667,30.74,62.19,-31.45,-489.06,5.172803,5.162778,26.57,-31.45,3.4797382,40.47619,-0.00020164001,0,0.00015138036,0,-0.043,0.0001931206,0.0000021698054,0,-0.6666666,0.001,0.001,-0.013,0.000029340934,0,-0.06666667,false,167.06833,0.93333334,-0.014,-0.0001474,59.553867,59.601143,-0.04727619,6462585.5,0,0.9616,-0.0001474,1,1,false,1.5798028,0.5,12,23,23,1,3,10,18,false,0,1459387704
1779837793000,1779837794070,10,16,true,59.507,59.507,59.507,59.507,1.64,1.64,0,2,2,0,59.506,59.507,0.001,59.5065,59.50615,59.50645,53.24,99.62,520.12,20.19,271.6,1241.36,520.12,1241.36,-0.40945116,1,-0.23644046,-0.00003296058,0.000014789347,-0.000047749927,0.29527444,0.6977887,0.41899207,1.64,0,1.64,-487.42,5.0687766,0.82,1.14,1.64,0.39457253,5.263158,0.000016804886,0,0,0,-0.042,0.0002184449,0.000010246882,0,0,0.001,0.001,-0.003,0.000038255286,0,-0.1,false,154.34308,0.875,-0.004,-0.0001474,59.553867,59.601143,-0.04727619,6462585.5,0,0.9616,-0.0001474,1,1,false,1.6487297,0.5,13,23,23,1,3,9,2,false,0,232510062
1779837794000,1779837795027,10,17,true,59.507,59.51,59.505,59.505,17.62,13.06,4.56,4,1,3,59.505,59.506,0.001,59.5055,59.505386,59.508934,17.91,51.6,434.89,193.26,241.55,984.97,434.89,984.97,-0.38741848,0.48240635,-0.2243512,-0.000035137884,0.000019847394,-0.000054985278,0.30629078,0.2239956,0.44152614,13.06,4.56,8.5,-478.92,5.033735,4.405,13.06,8.5,0.79463863,8.72093,-0.000033610057,0,0.000050460967,0,-0.061,-0.000050414943,0.0000019074946,0,-0.39999992,0.001,0.001,-0.009,0.00004285895,0,-0.12727273,false,143.92572,0.7647059,-0.01,-0.0001474,59.553867,59.601143,-0.04727619,6462585.5,0,0.9616,-0.0001474,1,1,false,1.6816427,0.5,14,23,23,1,3,8,4,false,0,1480867481
1779837795000,1779837796092,10,18,true,59.505,59.505,59.5,59.5,2.96,0,2.96,5,0,5,59.498,59.499,0.001,59.4985,59.498997,59.50057,8.03,46.6,355.64,453.49,926.43,1536.25,355.64,1536.25,-0.6240373,-1,-0.5745254,-0.000049750095,0.000012867324,-0.000062617415,0.18798134,-0.9935289,0.23149878,0,2.96,-2.96,-481.88,5.0326285,0.592,2.45,-2.96,0.99351656,58.823524,-0.000084030085,0,0.00005046521,0,-0.041,-0.000050420025,0.000028388542,0,-0.9999998,0.003,0.001,0.017,0.000022385339,0,-0.06666666,false,134.528,0.7222222,0.014,-0.0001474,59.553867,59.601143,-0.04727619,6462585.5,0,0.9616,-0.0001474,1,1,false,1.7442311,0.5,15,23,23,1,3,11,5,false,0,2593337711
1779837796000,1779837797014,10,19,true,59.498,59.499,59.496,59.499,25.04,17.25,7.79,7,3,4,59.499,59.5,0.001,59.4995,59.499,59.497696,198,430.75,725.49,0.46,52.46,424.62,725.49,424.62,0.26160106,0.37779552,0.3590742,-0.000031877582,0.000041493724,-0.0000733713,0.63080055,0.99831885,1.708563,17.25,7.79,9.46,-472.42,5.0971327,3.577143,10.98,9.46,1.3733212,8.108108,-0.000016806864,0,0.00003028167,0,-0.051,0.00006722322,6.712006e-7,0,0.33333322,0.001,0.001,-0.019,0.000030183664,0,-4.656613e-10,false,126.71125,0.6315789,-0.02,-0.0001474,59.553867,59.601143,-0.04727619,6462585.5,0,0.9616,-0.0001474,1,1,false,1.7917601,0.5,16,23,23,1,3,8,7,false,0,2618861275
1779837797000,1779837798018,10,20,true,59.499,59.499,59.499,59.499,0.63,0,0.63,1,0,1,59.499,59.5,0.001,59.4995,59.49906,59.49689,175.71,369.6,664.55,3.97,26.66,369.76,664.55,369.76,0.28501126,-1,0.4447497,-0.000032990618,0.000044571192,-0.00007756181,0.64250565,0.87917435,1.7972468,0,0.63,-0.63,-473.05,4.9628005,0.63,0.63,-0.63,0.20149913,1,0,0.00017612897,0,2.88624e-7,-0.05,0.000016806864,0,-1,0,0.001,0.001,0.013,0.000030104191,0,-0.025641026,false,126.71125,0.625,0.012,-0.0001474,59.553867,59.601143,-0.04727619,6462585.5,0,0.9616,-0.0001474,1,1,false,1.795228,0.5,17,23,23,1,3,9,1,false,0,1471610018
1779837798000,1779837799002,10,21,true,59.5,59.508,59.5,59.508,13.81,9.93,3.88,10,9,1,59.508,59.509,0.001,59.5085,59.50804,59.509212,51.1,241.39,687.91,39.24,214.06,1152.03,687.91,1152.03,-0.25224736,0.43808833,-0.072199374,-0.00002507369,0.000014684594,-0.000039758284,0.37387633,0.9135179,0.59712857,9.93,3.88,6.05,-467,5.1279545,1.381,4.24,6.05,1.9500953,34.615383,0.0001512516,0.00017934678,0.0000807423,2.88624e-7,-0.034,0.0001512516,0.000010952325,-1,0.9999999,0.001,0.001,0.001,0.0000802855,19738.031,-0.04761905,false,119.57647,0.42857143,1.4210855e-14,-0.0001474,59.553867,59.601143,-0.04727619,6462596.5,0,0.9616,-0.0001474,1,1,false,1.8256313,0.5,18,23,23,1,3,9,10,false,0,4049391644
1779837799000,1779837800071,10,22,true,59.509,59.509,59.509,59.509,36.04,34.5,1.54,3,2,1,59.509,59.51,0.001,59.5095,59.509186,59.510612,40.59,113.17,648.24,64.7,203.72,1139.79,648.24,1139.79,-0.2749115,0.9145394,-0.089943595,-0.000023950848,0.000014011289,-0.000037962138,0.36254424,0.6262626,0.5687364,34.5,1.54,32.96,-434.04,5.0581856,12.013333,27.81,32.96,0.59309804,3.4782608,0.000016804323,0.00017938614,0,2.9116566e-7,-0.032,-0.00013444728,4.6626866e-7,-1,0,0.001,0.001,0.001,0.000057795172,19738.031,-0.06666667,false,114.76444,0.4090909,0,-0.0001474,59.553867,59.601143,-0.04727619,6462596.5,0,0.9616,-0.0001474,1,0,false,1.9045532,0.5,19,23,23,1,3,9,3,false,0,374302779
1779837800000,1779837801060,10,23,true,59.509,59.509,59.496,59.509,181.59,90.46,91.13,16,3,13,59.508,59.509,0.001,59.5085,59.508003,59.507442,79.83,279.71,612.97,46.08,186.47,1029.39,612.97,1029.39,-0.25354978,-0.0036896304,-0.042449653,-0.000029880906,0.000016341324,-0.00004622223,0.37322512,0.9925249,0.5954692,90.46,91.13,-0.67,-434.71,5.4169335,11.349375,52,-0.67,2.9537005,23.291925,0,0.00017685094,0.00013120954,2.88908e-7,-0.0325,-0.000016804323,0,-1,0,0.001,0.001,-0.007,0.000051321957,19738.031,-0.083333336,false,108.759476,0.3478261,-0.008,-0.0001474,59.553867,59.601143,-0.04727619,6462596.5,0,0.9616,-0.0001474,1,0,false,1.4464476,0.5,20,23,23,1,3,9,16,false,0,2204524092
1779837801000,1779837802020,10,24,true,59.508,59.508,59.505,59.505,53.49,32.71,20.78,3,1,2,59.508,59.509,0.001,59.5085,59.508,59.508617,97.26,202.07,537.29,45.79,184.19,1026.73,537.29,1026.73,-0.31293717,0.22303234,-0.084338725,-0.000041179454,0.000015845493,-0.000057024947,0.3435314,0.9978097,0.52330214,32.71,20.78,11.93,-422.78,5.33769,17.83,32.71,11.93,0.5620409,2.5157232,-0.000067218985,0.00017744876,0.00003027709,2.8354737e-7,-0.013,-0.000067218985,0.0000012566645,-1,-0.99999964,0.007,0.001,-0.005,0.00003641622,19738.031,-0.09803922,false,103.918,0.33333334,-0.012,-0.0001474,59.553867,59.601143,-0.04727619,6462596.5,0,0.9616,-0.0001474,1,0,false,1.7816513,0.5,21,23,23,1,3,9,3,false,0,330880300
1779837802000,1779837802992,10,25,true,59.504,59.509,59.504,59.505,2.76,0.46,2.3,5,2,3,59.505,59.506,0.001,59.5055,59.505005,59.508316,24.58,71.23,497.09,54.9,180.82,1058.46,497.09,1058.46,-0.360882,-0.6666667,-0.15547352,-0.000030992112,0.000018573051,-0.000049565166,0.319559,0.99018,0.46963513,0.46,2.3,-1.84,-424.62,5.326618,0.552,1.8,-1.84,0.9386819,7.8585463,0,0.00016246944,0.000050461815,2.8354737e-7,-0.001,0.000067218985,0,-1,0.19999996,0.001,0.001,0.007,0.000037654405,19738.031,-0.11111111,false,99.057144,0.32,0.006,-0.0001474,59.553867,59.601143,-0.04727619,6462596.5,0,0.9616,-0.0001474,1,1,false,1.9936484,0.5,22,23,23,1,3,9,5,false,0,2793610553
1779837803000,1779837804084,10,26,true,59.5075,59.5075,59.5075,59.5075,0,0,0,0,0,0,59.507,59.508,0.001,59.5075,59.50798,59.509052,16.3,28.25,406.64,63.54,206.12,1104.36,406.64,1104.36,-0.46176043,0,-0.31792253,-0.000038490754,0.00001630596,-0.000054796714,0.2691198,-0.9625869,0.36821327,0,0,0,-424.62,5.1519747,0,0,0,0,0,0.000042012394,0.0001627408,0,2.8354737e-7,0.0005,0.000042012394,42012.395,-1,0,0,0.001,-0.12,0.000037654405,19738.031,-0.07017544,false,99.057144,0.32692307,-0.12,-0.0001474,59.553867,59.601143,-0.04727619,6462594,0,0.9616,-0.0001474,1,1,false,1.9936484,0.5,23,23,23,1,3,10,0,false,0,4277389525
1779837804000,1779837805077,10,27,true,59.508,59.508,59.508,59.508,18.36,18.36,0,1,1,0,59.508,59.509,0.001,59.5085,59.509,59.509815,6.03,17.98,427.15,82.75,250.5,1269.9,427.15,1269.9,-0.49659702,1,-0.48097166,-0.0000346672,0.000013179249,-0.00004784645,0.25170147,-0.995356,0.33636507,18.36,0,18.36,-406.26,5.0158443,18.36,18.36,18.36,0.19936822,1,0.000008402267,0.00014971421,0,1.64076e-7,0.003,-0.000033610126,4.576398e-7,-1,0,0.001,0.001,-0.169,0.00004257079,20158.145,-0.02255639,false,95.38909,0.14814815,-0.17,-0.0001474,59.553867,59.601143,-0.04727619,6462594,0,0.9616,-0.0001474,1,0,false,2.0028574,0.5,24,23,23,1,3,9,1,false,0,154095082
1779837805000,1779837806048,10,28,true,59.508,59.508,59.502,59.502,61.75,55.53,6.22,8,2,6,59.505,59.506,0.001,59.5055,59.505146,59.50562,81.17,279.52,575.93,48.97,174.55,1055.23,575.93,1055.23,-0.29383996,0.7985425,0.02906691,-0.000034741344,0.000018628838,-0.000053370182,0.35308,0.7042122,0.5457862,55.53,6.22,49.31,-356.95,5.1136856,7.71875,50.53,49.31,1.5644294,13.157894,-0.000100831865,0.00011879179,0.000060555703,1.01473994e-7,0.002,-0.000109234126,0.0000016329046,-1,-0.9999998,0.007,0.001,-0.245,0.00004180408,20158.145,-0.035714287,false,93.38565,0.14285715,-0.252,-0.0001474,59.553867,59.601143,-0.04727619,6462594,0,0.9616,-0.0001474,1,0,false,1.4575726,0.5,25,23,23,1,3,9,8,false,0,1261285526
1779837806000,1779837807044,10,29,true,59.506,59.507,59.506,59.507,22.41,0.6,21.81,2,1,1,59.507,59.508,0.001,59.5075,59.507008,59.50793,74.14,224.17,543.03,46.19,160.59,891.52,543.03,891.52,-0.24292636,-0.9464525,0.10762572,-0.00003337371,0.000020187586,-0.000053561296,0.37853682,0.9851639,0.6091058,0.6,21.81,-21.21,-378.16,5.0115976,11.205,21.81,-21.21,0.39907435,1.7361112,0.000084027255,0.000115422175,0.0000100923635,1.07408475e-7,0.008,0.00018485912,0.0000037495429,-1,0.999999,0.001,0.001,0.235,0.000033011413,20158.145,-0,false,90.378334,0.13793103,0.234,-0.0001474,59.553867,59.601143,-0.04727619,6462594,0,0.9616,-0.0001474,1,1,false,2.014246,0.5,26,23,23,1,3,9,2,false,0,3559633840
1779837807000,1779837808016,10,30,true,59.5085,59.5085,59.5085,59.5085,0,0,0,0,0,0,59.508,59.509,0.001,59.5085,59.50805,59.508602,112.84,265.63,579.61,53.39,160.57,1046.1,579.61,1046.1,-0.2869454,0,-0.04881042,-0.000033938464,0.000015791604,-0.000049730068,0.3565273,0.90019864,0.5540675,0,0,0,-378.16,4.847283,0,0,0,0,0,0.0000252068,0.0001154987,0,1.0755243e-7,0.0095,-0.000058820457,25206.8,-1,0,0,0.001,-0.204,0.000033011413,20158.145,0.035714284,false,90.378334,0.15,-0.204,-0.000148,59.51177,59.56607,-0.05430476,6462594,0,0.9616,-0.000148,1,0,false,2.0205474,0.5,27,23,23,1,3,8,0,false,0,3011023903
1779837808000,1779837809027,10,31,true,59.508,59.568,59.508,59.567,1059.21,985.35,73.86,67,63,4,59.567,59.568,0.001,59.5675,59.56775,59.566246,64.95,118.95,772.17,82.59,158.1,693.22,772.17,693.22,0.05387644,0.8605376,0.06260861,-0.000024305446,0.000027226344,-0.00005153179,0.5269382,-0.49964833,1.1138889,985.35,73.86,911.49,533.33,6.885077,15.809105,135.1,911.49,9.731192,64.960625,0.00098257,0.0002468221,0.0006052215,1.303455e-7,0.059,0.00095736317,9.276441e-7,1,0.9833333,0.001,0.001,-0.069,0.00002529491,69286.64,0.022727273,false,123.2228,0.7096774,-0.07,-0.000148,59.51177,59.56607,-0.05430476,6462547.5,0,0.9616,-0.000148,1,2,false,0.8837006,0.5,28,23,23,1,3,9,67,false,0,2985304828
1779837809000,1779837810086,10,32,true,59.568,59.603,59.568,59.591,658.82,492.57,166.25,47,36,11,59.592,59.593,0.001,59.5925,59.592484,59.594494,47.78,87.03,921.89,77.41,229.56,744.41,921.89,744.41,0.10651143,0.4953098,-0.12252018,-0.000017182054,0.000026913143,-0.0000440952,0.55325574,0.03141116,1.238417,492.57,166.25,326.32,859.65,8.20032,14.0174465,87.79,326.32,5.7314835,63.97774,0.0004028265,0.00026271754,0.0003527644,5.2600967e-7,0.082,-0.0005797435,6.1143635e-7,1,0.6571428,0.003,0.001,-0.011,0.000035158788,69286.64,0.054347824,false,131.03423,0.78125,-0.014,-0.000148,59.51177,59.56607,-0.05430476,6462547.5,0,0.9616,-0.000148,1,1,false,1.1549187,0.5,29,23,23,1,3,11,47,false,0,1091236182
1779837810000,1779837811010,10,33,true,59.593,59.628,59.593,59.625,1529.43,633.54,895.89,48,37,11,59.624,59.625,0.001,59.6245,59.624912,59.624584,34.23,55.22,617.93,118.91,424.52,1067.08,617.93,1067.08,-0.2665563,-0.1715345,-0.25400424,-0.000027404254,0.000018270644,-0.0000456749,0.36672187,-0.8274471,0.579085,633.54,895.89,-262.35,597.3,9.505228,31.863125,830.61,-262.35,5.049853,78.859055,0.0005703932,0.00029203494,0.00035261645,7.524642e-7,0.116,0.00016756674,3.7294498e-7,1,0.91428566,0.001,0.001,0.093,0.00003012638,69286.64,0.082125604,false,135.89778,0.8484849,0.092,-0.000148,59.51177,59.56607,-0.05430476,6462547.5,0,0.9616,-0.000148,1,2,false,0.03372047,0.5,30,23,23,1,3,9,48,false,0,3117463303
1779837811000,1779837812010,10,34,true,59.625,59.625,59.624,59.624,13.49,0.51,12.98,3,1,2,59.624,59.625,0.001,59.6245,59.62492,59.624554,36.92,77.01,665.21,127.29,422.08,962.45,665.21,962.45,-0.18261799,-0.9243884,-0.20125584,-0.000023705838,0.000020684696,-0.000044390534,0.40869102,-0.83774805,0.6911632,0.51,12.98,-12.47,584.83,9.291942,4.4966664,8.79,-12.47,0.3228604,2.7472527,-0.00001677163,0.0002784002,0.00001007239,6.824311e-7,0.119,-0.0005871649,0.0000012432638,1,-0.999999,0.001,0.001,0.087,0.000027574466,49548.613,0.06944445,false,131.48964,0.7647059,0.086,-0.000148,59.51177,59.56607,-0.05430476,6462547.5,0,0.9616,-0.000148,1,1,false,1.7687197,0.5,31,23,23,1,3,9,3,false,0,2628220735
1779837812000,1779837813026,10,35,true,59.622,59.622,59.611,59.611,115.24,89.96,25.28,9,1,8,59.61,59.611,0.001,59.6105,59.610996,59.611977,4.22,27.45,497.5,180.6,491.94,1111.68,497.5,1111.68,-0.38167265,0.56126344,-0.43920094,-0.000037190035,0.000015033123,-0.00005222316,0.30916366,-0.9932875,0.44752088,89.96,25.28,64.68,649.51,9.28237,12.804444,89.96,64.68,0.96958,10.126582,-0.00021805678,0.00027901822,0.000110811154,6.826997e-7,0.106,-0.00020128515,0.000001892197,1,-0.9999999,0.001,0.001,-0.107,-0.000004144708,49548.613,0.057777777,false,129.18587,0.71428573,-0.108,-0.000148,59.51177,59.56607,-0.05430476,6462547.5,0,0.9616,-0.000148,1,1,false,1.2216129,0.5,32,23,23,1,3,10,9,false,0,1486168486
1779837813000,1779837814088,10,36,true,59.611,59.611,59.594,59.601,157.62,57.62,100,15,2,13,59.601,59.602,0.001,59.6015,59.601734,59.5997,74.06,228,972.69,45.73,657.65,1349.03,972.69,1349.03,-0.16209534,-0.2688745,0.072920695,-0.00002312418,0.00001342429,-0.00003654847,0.41895232,-0.46821746,0.72102916,57.62,100,-42.38,607.13,9.469833,10.508,48.99,-42.38,1.5839772,29.598309,-0.00016776835,0.00028150374,0.00017129382,7.187179e-7,0.0935,0.000050288432,0.0000010643848,1,-0.58823526,0.001,0.001,0.125,-0.000004313585,49548.613,0.047008548,false,126.292336,0.6388889,0.124,-0.000148,59.51177,59.56607,-0.05430476,6463952,0,0.9616,-0.000148,1,2,false,1.7542576,0.5,33,23,23,1,3,10,15,false,0,1640078835
1779837814000,1779837815048,10,37,true,59.602,59.629,59.598,59.598,1132.99,828.41,304.58,49,23,26,59.596,59.597,0.001,59.5965,59.59698,59.598103,10.12,73.84,811.65,127.49,337.62,686.49,811.65,686.49,0.08354359,0.462343,-0.28247195,-0.000018079145,0.000028104894,-0.00004618404,0.54177177,-0.959256,1.1823188,828.41,304.58,523.83,1130.96,10.765904,23.122246,487.06,523.83,4.551406,96.192375,-0.00005033599,0.00028162843,0.0003123017,7.2433846e-7,0.09,0.000117432355,4.442757e-8,1,-0.12903225,0.003,0.001,-0.133,-0.0000011391515,49548.613,0.074074075,false,139.11613,0.8648649,-0.136,-0.000148,59.51177,59.56607,-0.05430476,6463952,0,0.9616,-0.000148,1,2,false,0.06172821,0.5,34,23,23,1,3,9,49,false,0,1354492990
1779837815000,1779837816074,10,38,true,59.596,59.674,59.596,59.667,926.18,907.65,18.53,84,76,8,59.671,59.672,0.001,59.6715,59.671955,59.672558,17.87,67.06,620.59,242.1,279.55,888.79,620.59,888.79,-0.17768885,0.95998615,-0.2261771,-0.00002511398,0.000024844585,-0.000049958566,0.41115558,-0.9126071,0.6982414,907.65,18.53,889.12,2020.08,13.167022,11.025952,229.84,889.12,6.379575,79.6545,0.0011570873,0.00038197392,0.0007855082,7.811693e-7,0.165,0.0012074233,0.0000012493115,1,0.9102564,0.009,0.001,0.013,0.000061430575,49548.613,0.096296296,false,162.55376,0.94736844,0.004,-0.000148,59.51177,59.56607,-0.05430476,6463952,0,0.9616,-0.000148,1,2,false,0.50835294,0.5,35,23,23,1,3,10,84,false,0,3579072864
1779837816000,1779837817034,10,39,true,59.666,59.671,59.66,59.66,77.05,0,77.05,11,0,11,59.667,59.668,0.001,59.6675,59.66762,59.66537,103.88,254.1,889.62,76.26,146.11,578.87,889.62,578.87,0.21161193,-1,0.22894436,-0.000022104716,0.000034852343,-0.00005695706,0.605806,-0.24347427,1.5368217,0,77.05,-77.05,1943.03,13.095972,7.0045457,47.28,-77.05,0.83995295,45.87156,-0.000117324664,0.00038285533,0.00011072015,9.169242e-7,0.153,-0.0012744119,0.0000015227081,1,-0.5454545,0.015,0.001,0.035,0.000048969392,49548.613,0.08571429,false,159.96272,0.9230769,0.02,-0.000148,59.51177,59.56607,-0.05430476,6463952,0,0.9616,-0.000148,1,1,false,1.6256008,0.5,36,23,23,1,3,9,11,false,0,1051249946
1779837817000,1779837818084,10,40,true,59.667,59.667,59.664,59.665,152.23,149.65,2.58,4,2,2,59.664,59.665,0.001,59.6645,59.664948,59.665955,18.93,40.31,532.37,91.82,214.91,624.29,532.37,624.29,-0.0794702,0.9661039,-0.23816325,-0.000032110762,0.000031749052,-0.000063859814,0.4602649,-0.8935596,0.85276073,149.65,2.58,147.07,2090.1,12.797744,38.0575,126.79,147.07,0.3125551,16.759777,0.000083804734,0.00038331366,0.000030196405,9.2675657e-7,0.1565,0.0002011294,5.505139e-7,1,-0.66666645,0.001,0.001,-0.079,-0.0000097766,49548.613,0.07586207,false,159.58353,0.9,-0.08,-0.000148,59.51177,59.56607,-0.05430476,6463959,0,0.9616,-0.000148,1,2,false,0.9281962,0.5,37,23,23,1,3,10,4,false,0,3821854743
1779837818000,1779837819080,10,41,true,59.664,59.664,59.653,59.66,73.18,22.29,50.89,13,1,12,59.663,59.664,0.001,59.6635,59.663837,59.660583,103.38,192.67,1128.61,24.37,202.04,666.72,1128.61,666.72,0.25727305,-0.39081717,0.026111979,-0.000015934826,0.00002776322,-0.000043698044,0.62863654,-0.6754658,1.6927795,22.29,50.89,-28.6,2061.5,12.804375,5.629231,22.29,-28.6,1.015278,16.551723,-0.000083804734,0.00038227826,0.00011073314,9.312381e-7,0.093,-0.00016760947,0.0000011451863,1,-0.36363634,0.007,0.001,0.089,-0.000002654235,49548.613,0.1,false,155.84114,0.8780488,0.082,-0.000148,59.51177,59.56607,-0.05430476,6463959,0,0.9616,-0.000148,1,1,false,1.9794124,0.5,38,23,23,1,3,9,13,false,0,3253724561
1779837819000,1779837820070,10,42,true,59.664,59.672,59.664,59.668,56.31,56.22,0.09,7,6,1,59.664,59.665,0.001,59.6645,59.664997,59.664738,22.99,93.77,1028.99,114.89,1016.38,1402.99,1028.99,1402.99,-0.15378416,0.9968034,-0.12633795,-0.000018270388,0.000010114775,-0.000028385162,0.42310792,-0.9969194,0.73342645,56.22,0.09,56.13,2117.63,12.614067,8.044286,23.64,56.13,0.554936,70.588234,0.0001340842,0.0003834338,0.000080520374,9.4247497e-7,0.077,0.00021788894,0.0000023811792,1,0.49999994,0.007,0.001,-0.073,-0.0000035955632,49548.613,0.11818182,false,153.0714,0.8333333,-0.08,-0.000148,59.51177,59.56607,-0.05430476,6463959,0,0.9616,-0.000148,1,2,false,1.9819835,0.5,39,23,23,1,3,9,7,false,0,3917748403
1779837820000,1779837821029,10,43,true,59.664,59.664,59.661,59.661,35.8,35.62,0.18,3,1,2,59.66,59.661,0.001,59.6605,59.660995,59.661995,10.74,69.08,828.07,124.26,189.11,1440.18,828.07,1440.18,-0.26986003,0.98994416,-0.31583628,-0.000018505785,0.000009429066,-0.000027934851,0.36507,-0.99166006,0.57497674,35.62,0.18,35.44,2153.07,12.298852,11.933333,35.62,35.44,0.2439252,2.4660912,-0.0001173227,0.0003843302,0.000030197923,9.582061e-7,0.036,-0.0002514069,0.0000032771702,1,-0.99999964,0.001,0.001,-0.157,-0.0000040504992,49548.613,0.14076246,false,149.89217,0.81395346,-0.158,-0.000148,59.51177,59.56607,-0.05430476,6463959,0,0.9616,-0.000148,1,1,false,1.9800729,0.5,40,23,23,1,3,8,3,false,0,1752155517
1779837821000,1779837822074,10,44,true,59.662,59.684,59.657,59.684,633.68,511.05,122.63,75,58,17,59.677,59.678,0.001,59.6775,59.677986,59.67956,15.81,153.59,1012.81,73.67,1039.19,1390.36,1012.81,1390.36,-0.15710498,0.6129592,-0.056689817,-0.000015806707,0.0000112603575,-0.000027067064,0.42144752,-0.9697987,0.7284516,511.05,122.63,388.42,2541.49,14.354628,8.449067,42.7,388.42,5.224796,93.55246,0.0003854372,0.00039358847,0.00027174488,0.0000010034266,0.06,0.0005027599,6.082521e-7,1,0.8148148,0.013,0.001,-0.091,0.000043563345,49548.613,0.15591398,false,156.1692,0.8863636,-0.104,-0.000148,59.51177,59.56607,-0.05430476,6463959,0,0.9616,-0.000148,1,2,false,1.8047254,0.5,41,23,23,1,3,11,75,false,0,946710716
1779837822000,1779837823004,10,45,true,59.677,59.706,59.677,59.704,888.96,768.79,120.17,33,30,3,59.704,59.705,0.001,59.7045,59.704983,59.705063,8.14,112.09,611.59,140.69,198.02,1060.18,611.59,1060.18,-0.26833236,0.7296391,-0.17769313,-0.000030125764,0.000017133094,-0.000047258858,0.36583382,-0.9626015,0.5768737,768.79,120.17,648.62,3190.11,14.965951,26.93818,140.12,648.62,2.2050052,68.8172,0.00033504204,0.00040065515,0.00029177146,0.0000011325643,0.093,-0.00005039513,3.7689216e-7,1,0.93103445,0.001,0.001,-0.031,0.000010218633,49548.613,0.14583333,false,168.79616,0.9777778,-0.032,-0.000148,59.51177,59.56607,-0.05430476,6463959,0,0.9616,-0.000148,1,1,false,0.89617014,0.5,42,23,23,1,3,9,33,false,0,1583479204
1779837823000,1779837824054,10,46,true,59.705,59.705,59.704,59.704,23.36,13.61,9.75,3,1,2,59.704,59.705,0.001,59.7045,59.70461,59.704384,28.5,115.59,793.78,37.8,100.72,789.58,793.78,789.58,0.002652587,0.16523972,0.053727683,-0.0000247171,0.00001943749,-0.00004415459,0.5013263,-0.22127329,1.0053192,13.61,9.75,3.86,3193.97,14.573625,7.786667,13.61,3.86,0.20585133,2.587322,0,0.000400545,0.000010058893,0.0000011322113,0.103,-0.00033504204,0,1,-0.999999,0.001,0.001,-0.043,0.000011151599,49548.613,0.13636364,false,164.67274,0.9347826,-0.044,-0.000148,59.51177,59.56607,-0.05430476,6463844,0,0.9616,-0.000148,1,1,false,1.9787912,0.5,43,23,23,1,3,10,3,false,0,1396792657
1779837824000,1779837825026,10,47,true,59.705,59.705,59.704,59.704,20.36,18.74,1.62,3,1,2,59.704,59.705,0.001,59.7045,59.704655,59.7046,28.66,115.85,866.36,49.23,115.75,847.81,866.36,847.81,0.010821564,0.8408644,0.03336314,-0.000020740794,0.000018029681,-0.000038770475,0.5054108,-0.3078213,1.0218799,18.74,1.62,17.12,3211.09,14.194161,6.786667,18.74,17.12,0.2113545,3.1298904,0,0.0004005406,0.000010058893,0.0000011313641,0.106,0,0,1,-0.999999,0.001,0.001,-0.043,0.000011893409,49128.5,0.12745097,false,161.0739,0.89361703,-0.044,-0.000148,59.51177,59.56607,-0.05430476,6463844,0,0.9616,-0.000148,1,2,false,1.9780961,0.5,44,23,23,1,3,9,3,false,0,3630808219
1779837825000,1779837826046,10,48,true,59.704,59.748,59.698,59.74,1407.92,1295.93,111.99,77,60,17,59.739,59.74,0.001,59.7395,59.739468,59.739822,45.53,215.59,898.43,35.34,503.04,1326.56,898.43,1326.56,-0.19241884,0.84091425,0.09463861,-0.00001748776,0.000014277583,-0.000031765343,0.4037906,0.0663293,0.677263,1295.93,111.99,1183.94,4395.03,16.25337,18.284676,127.4,1183.94,4.737479,94.40993,0.00060279295,0.0004220099,0.0005027889,0.0000011228915,0.073,0.00060279295,4.2814432e-7,1,0.71999997,0.001,0.001,-0.021,0.000019177183,49128.5,0.14761905,false,185.42786,1,-0.022,-0.000148,59.51177,59.56607,-0.05430476,6463844,0,0.9616,-0.000148,1,2,false,1.0526961,0.5,45,23,23,1,3,10,77,false,0,1703461837
1779837826000,1779837827048,10,49,true,59.74,59.74,59.729,59.729,19.4,1.67,17.73,8,1,7,59.729,59.73,0.001,59.7295,59.729847,59.73081,77.58,174.74,1016.42,213.61,344.09,1029.6,1016.42,1029.6,-0.006441775,-0.827835,-0.08679127,-0.00001578879,0.000023471404,-0.000039260194,0.4967791,-0.6959047,0.9871989,1.67,17.73,-16.06,4378.97,15.982767,2.425,10.78,-16.06,0.5005391,14,-0.00018414819,0.00042359752,0.00011059226,0.0000012317767,0.069,-0.00078694115,0.000009492174,1,-0.9999999,0.001,0.001,0.081,0.00008808366,49128.5,0.16043957,false,181.48907,0.97959185,0.08,-0.000148,59.51177,59.56607,-0.05430476,6463844,0,0.9616,-0.000148,1,1,false,1.9834331,0.5,46,23,23,1,3,9,8,false,0,97180348
1779837827000,1779837828014,10,50,true,59.729,59.729,59.723,59.723,86.1,0,86.1,6,0,6,59.719,59.72,0.001,59.7195,59.71988,59.7212,95.85,194.7,749.62,294.1,1358.52,1531.7,749.62,1531.7,-0.34281906,-1,-0.0062460024,-0.000026193798,0.0000105350055,-0.000036728805,0.32859045,-0.7602582,0.48940393,0,86.1,-86.1,4292.87,15.655463,14.35,34.57,-86.1,0.3832528,12.953367,-0.00010045876,0.00042415527,0.000060331637,0.0000012255085,0.058,0.000083689425,0.0000011667685,1,-0.9999998,0.007,0.001,0.091,0.000051676896,49128.5,0.15170941,false,179.32114,0.94,0.084,-0.000148,59.51177,59.56607,-0.05430476,6463844,0,0.9616,-0.000148,1,2,false,1.9933951,0.5,47,23,23,1,3,10,6,false,0,779938116
1779837828000,1779837829035,10,51,true,59.72,59.739,59.719,59.728,1073.1,770.8,302.3,39,20,19,59.725,59.726,0.001,59.7255,59.725426,59.724564,109.42,240.82,783.54,28.99,100.52,998.46,783.54,998.46,-0.12060606,0.4365856,0.16301215,-0.000025133335,0.000018965415,-0.00004409875,0.43969697,0.14782028,0.7847485,770.8,302.3,468.5,4761.37,16.420858,27.515385,462.29,468.5,2.3750281,48.906048,0.00008371634,0.0003632987,0.00020109535,8.381133e-7,0.068,0.0001841751,7.801354e-8,1,0.39999998,0.005,0.001,-0.079,0.000029191964,0.0000036540846,0.14345114,false,185.74733,1,-0.084,-0.000148,59.51177,59.56607,-0.05430476,6463933,0,0.9616,-0.000148,1,2,false,0.043513488,0.5,48,23,23,1,3,10,39,false,0,3909498883
1779837829000,1779837830000,10,52,true,59.726,59.726,59.725,59.725,8.69,8.54,0.15,2,1,1,59.725,59.726,0.001,59.7255,59.725723,59.72422,33.29,164.46,771.57,28.98,123,787.49,771.57,787.49,-0.0102112815,0.9654776,0.024874477,-0.000022653261,0.00002397219,-0.00004662545,0.49489436,-0.4448775,0.9797839,8.54,0.15,8.39,4769.76,15.948043,4.345,8.54,8.39,0.12540723,1.4164306,-0.00005022896,0.00035213438,0.000010055357,6.125488e-7,0.057,-0.0001339453,0.0000057800876,1,-0.999999,0.001,0.001,-0.081,0.00002443576,0.0000036374095,0.13562752,false,181.89174,0.96153843,-0.082,-0.000148,59.51177,59.56607,-0.05430476,6463933,0,0.9616,-0.000148,1,1,false,2.0224605,0.5,49,23,23,1,3,9,2,false,0,357435666
1779837830000,1779837830996,10,53,true,59.725,59.754,59.716,59.754,556.85,520.67,36.18,44,35,9,59.75,59.751,0.001,59.7505,59.750553,59.751175,35.33,129.9,451.02,61.95,445,959.95,451.02,959.95,-0.36069512,0.8700548,-0.21214755,-0.00004199111,0.00001977272,-0.00006176383,0.31965244,-0.107344635,0.46983698,520.67,36.18,484.49,5254.25,16.867779,12.655682,83.44,484.49,2.6085236,42.033234,0.00048544098,0.00034570775,0.0003820428,6.273655e-7,0.093,0.0005356699,8.7176255e-7,1,0.7631579,0.007,0.001,-0.023,-0.0000014878511,0.0000063872217,0.12820514,false,188.33,1,-0.03,-0.000148,59.51177,59.56607,-0.05430476,6463933,0,0.9616,-0.000148,1,2,false,1.3270527,0.5,50,23,23,1,3,9,44,false,0,3413507170
1779837831000,1779837832008,10,54,true,59.753,59.778,59.748,59.778,1519,1332.37,186.63,58,43,15,59.769,59.77,0.001,59.7695,59.769173,59.769054,89.79,237.91,920.46,68.61,235.16,566.81,920.46,566.81,0.23778467,0.7542725,0.21487623,-0.000019069328,0.000031062224,-0.00005013155,0.6188923,0.6551724,1.6239305,1332.37,186.63,1145.74,6399.99,18.216377,26.189655,282.97,1145.74,3.1839483,56.213013,0.00040156613,0.000357159,0.00030147142,8.18645e-7,0.094,-0.00008387485,2.6436214e-7,1,0.8333333,0.017,0.001,0.015,0.0000063424295,0.00000642273,0.14615385,false,208.27605,1,-0.002,-0.000148,59.51177,59.56607,-0.05430476,6463933,0,0.9616,-0.000148,1,1,false,0.2741973,0.5,51,23,23,1,3,9,58,false,0,3452131431
1779837832000,1779837833014,10,55,true,59.772,59.776,59.767,59.77,341.52,148.8,192.72,29,13,16,59.768,59.769,0.001,59.7685,59.768513,59.76685,114.2,536.75,1138.17,34.65,178.55,826.15,1138.17,826.15,0.15884377,-0.12860155,0.15861718,-0.000014676173,0.000024321158,-0.000038997332,0.5794219,-0.02364949,1.3776796,148.8,192.72,-43.92,6356.07,18.569939,11.776552,33.51,-43.92,1.5616637,32.220943,-0.00013383746,0.0003550785,0.00009042856,8.358066e-7,0.066,-0.00053540355,3.918876e-7,1,-0.2222222,0.003,0.001,nan,0.00008892879,0.000005618919,0.15714286,false,204.92183,0.9818182,nan,-0.000148,59.51177,59.56607,-0.05430476,6463933,0,0.9616,-0.000148,1,1,false,2.046645,0.5,52,23,23,1,3,10,29,false,0,3173856933
1779837833000,1779837834008,10,56,true,59.767,59.777,59.766,59.768,314.98,208.74,106.24,31,18,13,59.767,59.768,0.001,59.7675,59.767002,59.766247,167.74,711.07,1176.85,26.1,957.42,1444.41,1176.85,1444.41,-0.10207305,0.3254175,0.18098703,-0.000014544436,0.000011380063,-0.000025924499,0.44896346,0.9944971,0.81476176,208.74,106.24,102.5,6458.57,18.977482,10.1606455,40.14,102.5,1.633515,30.425962,-0.00003346216,0.0003531705,0.0001105238,8.318403e-7,0.064,0.00010037529,1.0623583e-7,1,0.090909086,0.001,0.001,nan,-4.2241578e-7,0.0000055510272,0.14982578,false,202.8734,0.96428573,nan,-0.000148,59.51177,59.56607,-0.05430476,6464322,0,0.9616,-0.000148,1,2,false,1.9296551,0.5,53,23,23,1,3,9,31,false,0,1492909372
1779837834000,1779837835016,10,57,true,59.767,59.77,59.765,59.766,253.92,175.82,78.1,22,15,7,59.765,59.766,0.001,59.7655,59.765003,59.764404,125.57,597.79,1115.68,14.79,214.32,1294.87,1115.68,1294.87,-0.07433573,0.3848456,0.14996625,-0.000016300277,0.000010988805,-0.000027289081,0.46283212,0.9914097,0.8616155,175.82,78.1,97.72,6556.29,19.07658,11.541819,42.01,97.72,1.1532465,24.504084,-0.000033463282,0.0003530704,0.00005024145,7.747169e-7,0.062,-1.1197537e-9,1.3178672e-7,1,-0.19999996,0.001,0.001,nan,0.0000012024808,0.000005540372,0.14285715,false,204.6818,0.9649123,nan,-0.000148,59.51177,59.56607,-0.05430476,6464322,0,0.9616,-0.000148,1,1,false,1.9286256,0.5,54,23,23,1,3,10,22,false,0,2351653856
1779837835000,1779837836021,10,58,true,59.765,59.766,59.765,59.766,87.68,19.68,68,7,4,3,59.765,59.766,0.001,59.7655,59.76504,59.764824,143.84,615.98,1131.26,25.28,196.82,1285.38,1131.26,1285.38,-0.0637745,-0.5510949,0.022833932,-0.000016213597,0.000010704166,-0.000026917764,0.46811274,0.91843516,0.8800977,19.68,68,-48.32,6507.97,18.680626,12.525714,62.84,-48.32,0.37471977,5.730659,0,0.00024024188,0.000010048627,6.3896204e-7,0.026,0.000033463282,0,1,0.999999,0.001,0.001,nan,0.000015323196,0.0000054893085,0.13621262,false,201.9472,0.9310345,nan,-0.000148,59.51177,59.56607,-0.05430476,6464322,0,0.9616,-0.000148,1,2,false,1.6062305,0.5,55,23,23,1,3,8,7,false,0,523253917
1779837836000,1779837837048,10,59,true,59.767,59.778,59.765,59.77,321.75,211.86,109.89,28,17,11,59.77,59.771,0.001,59.7705,59.770996,59.777203,103.21,503.1,1090.91,933.61,984.94,1373.5,1090.91,1373.5,-0.11466842,0.31692308,-0.034508303,-0.00001587163,0.000012859445,-0.000028731076,0.4426658,-0.9920354,0.79425555,211.86,109.89,101.97,6609.94,18.98618,11.491072,79.18,101.97,1.474757,26.315788,0.000066925444,0.0002392736,0.00013061904,6.2912966e-7,0.041,0.000066925444,2.080045e-7,1,0.23076922,0.001,0.001,nan,0.000028886183,0.0000055211394,0.12987013,false,203.6638,0.9491525,nan,-0.000148,59.51177,59.56607,-0.05430476,6464322,0,0.9616,-0.000148,1,2,false,1.3171388,0.5,56,23,23,1,3,10,28,false,0,2064982218
