Timestamp,local_timestamp_ms,clock_skew_ms,sequence_id,is_warmup,open,high,low,close,volume,taker_buy_volume,taker_sell_volume,trade_count,buy_trade_count,sell_trade_count,best_bid,best_ask,spread,mid_price,microprice,weighted_mid_price,bid_depth_top5,bid_depth_top10,bid_depth_top20,ask_depth_top5,ask_depth_top10,ask_depth_top20,cumulative_bid_volume,cumulative_ask_volume,order_book_imbalance,volume_imbalance,depth_imbalance,slope_bid,slope_ask,slope_imbalance,liquidity_pressure,queue_imbalance,order_book_pressure_ratio,aggressive_buy_volume,aggressive_sell_volume,delta_volume,cumulative_delta,trade_intensity,avg_trade_size,max_trade_size,signed_trade_flow,trade_burst_metric,trade_arrival_rate,log_return,realized_volatility,parkinson_volatility,bipower_variance,momentum_10s,price_acceleration,price_impact,micro_trend,directional_pressure,effective_spread,quoted_spread,realized_spread,kyle_lambda,amihud_illiquidity,resiliency_metric,liquidity_vacuum,vpin,toxicity_score,adverse_selection_metric,funding_rate,mark_price,index_price,mark_index_spread,open_interest,oi_change_rate,long_short_ratio,predicted_funding_rate,volatility_regime,trend_regime,ranging_regime,entropy,hurst_exponent,second_of_minute,minute_of_hour,hour_of_day,day_of_week,session_marker,book_update_count,trade_msg_count,has_gap,recovery_source,row_checksum
1779856556000,1779856556997,10,1,True,59.732,59.732,59.727,59.727,153.34,0.0,153.34,4,0,4,59.732,59.733,0.0009999999999976694,59.7325,59.73202757044181,59.730823180508985,133.85999999999999,240.66,1664.6499999999999,9.96,110.82,638.47,1664.6499999999999,638.47,0.4455608044737375,-0.9999999999934787,0.0027533811758152006,-7.3175721706902595e-06,2.9069111448422403e-05,-3.638668361911266e-05,0.7227804022366516,0.9448563484489145,2.6072485786292114,0.0,153.34,-153.34,-153.34,0.13114754098360656,38.33499999041625,98.7,-153.34,30.4999997674375,999999999.9999999,0.0,0.0,5.0273416380931854e-05,0.0,0.0,0.0,0.0,0,-0.99999980000004,0.01100000000000989,0.0009999999999976694,0.03700000000000614,0.0,0.0,0.0,False,153.33999984666,0.0,0.02599999999999625,-0.00012065,59.727,59.75692857,-0.029928570000002708,6637826.79,0.0,1.0008,-0.00012065,1,1,False,0.0,0.5,56,35,4,2,0,7,4,False,0,2827883465
1779856557000,1779856558003,10,2,True,59.7325,59.7325,59.7325,59.7325,0.0,0.0,0.0,0,0,0,59.732,59.733,0.0009999999999976694,59.7325,59.73202797100918,59.730485053967286,147.54,313.94,1737.93,2.01,76.81,561.73,1737.93,561.73,0.5114669124998864,0.0,0.10806486813409563,-7.125413392330189e-06,3.1520408259565026e-05,-3.864582165189522e-05,0.7557334562497258,0.9440559440398422,3.0938885229503605,0.0,0.0,0.0,-153.34,0.12684762160709487,0.0,0.0,0.0,0.0,0.0,9.208141677949734e-05,0.0,0.0,0.0,0.0,9.208141677949734e-05,92081.41677949733,0,0.0,0.0,0.0009999999999976694,-0.0379999999999967,0.0,0.0,0.0,False,153.33999984666,0.0,-0.0379999999999967,-0.00012065,59.727,59.75692857,-0.029928570000002708,6637826.79,0.0,1.0008,-0.00012065,1,1,False,0.0,0.5,57,35,4,2,0,9,0,False,0,4096613730
1779856558000,1779856559059,10,3,True,59.733,59.733,59.733,59.733,1.63,1.63,0.0,1,1,0,59.736,59.737,0.0010000000000047748,59.7365,59.7366325589353,59.73223290372295,884.3,966.1,1447.99,27.02,251.33,902.95,1447.99,902.95,0.23183917922182962,0.999999999386503,-0.25086398047205544,-1.3461006644585297e-05,1.9845760228496658e-05,-3.330676687308195e-05,0.6159195896107021,-0.2651207267447976,1.6036214629806704,1.63,0.0,1.63,-151.71,0.15547556843964913,1.6299999983699998,1.63,1.63,6.431878677814841,1.0,8.37061745854614e-06,0.0,0.0,0.0,0.0,-8.37107993209512e-05,5.135348130926866e-06,0,0.0,0.007000000000005002,0.0010000000000047748,-0.03700000000000614,0.0,0.0,0.0,False,77.484999922515,0.0,-0.04400000000001114,-0.00012065,59.727,59.75692857,-0.029928570000002708,6637826.79,0.0,1.0008,-0.00012065,1,1,False,0.0,0.5,58,35,4,2,0,10,1,False,0,1231423340
1779856559000,1779856560043,10,4,True,59.737,59.737,59.733,59.733,1.63,1.63,0.0,2,2,0,59.732,59.733,0.0009999999999976694,59.7325,59.73255234814481,59.73119563107089,83.47,478.39,576.16,58.94,141.77,597.59,576.16,597.59,-0.018257720979750206,0.999999999386503,-0.27167363609935713,-2.331946931271966e-05,3.0356728775048137e-05,-5.367619808776779e-05,0.4908711395096989,-0.1047001620711604,0.9641392928245717,1.63,0.0,1.63,-150.08,0.21595177931048032,0.8149999995924999,1.2,1.63,9.261326751391168,1.801801798555312,0.0,0.0,4.0215030023868456e-05,0.0,0.0,-8.37061745854614e-06,0.0,0,-0.9999997500000624,0.000999999999990564,0.0009999999999976694,-0.043000000000006366,0.0,0.0,0.0,False,52.1999999478,0.0,-0.04399999999999693,-0.00012065,59.727,59.75692857,-0.029928570000002708,6637826.79,0.0,1.0008,-0.00012065,1,1,False,0.6931473488008929,0.5,59,35,4,2,0,9,2,False,0,3011379934
1779856560000,1779856561075,10,5,True,59.732,59.745,59.716,59.745,668.2,246.29,421.91,47,25,22,59.744,59.745,0.0009999999999976694,59.7445,59.74400230556924,59.74014054567661,910.35,1076.66,1146.5,1.9500000000000002,87.99,603.86,1146.5,603.86,0.3100162252334891,-0.26282550134650884,-0.11714859456216212,-1.5872270819631826e-05,2.579208559463549e-05,-4.166435641426732e-05,0.6550081126164589,0.9953857984876855,1.8986188851689156,246.29,421.91,-175.62000000000003,-325.70000000000005,1.7498549996609565,14.217021276293258,97.62,-175.62,26.85936833751775,79.58476875276926,0.000200873801709938,0.0,0.00029158093887573963,0.0,0.0,0.000200873801709938,3.006192782245396e-07,0,0.44827584661116926,0.000999999999990564,0.0009999999999976694,-0.028999999999996362,3.502288723939321e-05,0.0,0.0,False,83.05499991694501,0.0,-0.029999999999986926,-0.00012065,59.727,59.75692857,-0.029928570000002708,6637826.79,0.0,1.0008,-0.00012065,1,1,False,1.3984387627235524,0.5,0,36,4,2,0,10,47,False,0,3852745651
1779856561000,1779856561999,10,6,True,59.745,59.75,59.744,59.744,11.17,1.37,9.799999999999999,10,6,4,59.745,59.746,0.0010000000000047748,59.7455,59.74552516905701,59.74402536708483,172.54,1092.21,1162.32,93.94,152.88,571.47,1162.32,571.47,0.3407852162024577,-0.7547000894579499,-0.3005065556612968,-1.0186742649409739e-05,3.548894771697205e-05,-4.567569036638179e-05,0.6703926081009405,-0.050341827220312545,2.0339125413371937,1.37,9.799999999999999,-8.43,-334.13000000000005,2.0203515570491217,1.1169999998883,9.43,-8.43,4.94963362200989,28.57142775510206,-1.6737942405048363e-05,0.0,6.031042946733283e-05,0.0,0.0,-0.00021761174411498636,1.4984729098970359e-06,0,-0.16666663888849875,0.0030000000000001137,0.0010000000000047748,-0.03700000000000614,2.405274594283746e-05,0.0,0.0,False,68.12999993187,0.0,-0.04000000000000625,-0.00012065,59.727,59.75692857,-0.029928570000002708,6637408.38,0.0,1.0008,-0.00012065,1,1,False,0.7921342262584739,0.5,1,36,4,2,0,9,10,False,0,4241918479
1779856562000,1779856563023,10,7,True,59.746,59.752,59.744,59.752,82.18,62.97,19.21,13,10,3,59.751,59.752,0.0010000000000047748,59.7515,59.75100716607921,59.75096217605206,48.519999999999996,402.28,1847.45,24.19,101.4,539.76,1847.45,539.76,0.547790098064038,0.5324896568443357,0.11068077881345054,-7.271529387568998e-06,3.210523058865527e-05,-3.937675997622427e-05,0.7738950490318096,0.9856630823980222,3.4227249147705967,62.97,19.21,43.76,-290.37000000000006,2.3803400305884947,6.32153846105219,58.92,43.76,5.461404600805956,13.157894563711913,0.00013389569545355244,0.0,8.04125601246539e-05,0.0,0.0,0.0001506336378586008,1.629297827353652e-06,0,0.7499999062497897,0.0010000000000047748,0.0010000000000047748,0.05900000000001171,2.323704601328109e-05,0.0,0.0,False,64.06833326926501,0.0,0.058000000000006935,-0.00012065,59.727,59.75692857,-0.029928570000002708,6637408.38,0.0,1.0008,-0.00012065,1,1,False,0.8716484240610726,0.5,2,36,4,2,0,9,13,False,0,1129425170
1779856563000,1779856564009,10,8,True,59.752,59.752,59.751,59.751,2.2399999999999998,0.9099999999999999,1.33,4,2,2,59.751,59.752,0.0010000000000047748,59.7515,59.75183125005628,59.752096414443436,16.03,1382.4,1514.43,102.83,261.36,894.6899999999999,1514.43,894.6899999999999,0.25724745965321066,-0.18749999991629474,-0.3286638115544058,-9.065765261628924e-06,1.9282569652147982e-05,-2.8348334913776908e-05,0.6286237298263978,-0.6625025598881322,1.6926868524274414,0.9099999999999999,1.33,-0.42000000000000015,-290.7900000000001,2.4334436361429703,0.5599999998599999,1.2,-0.42,1.6437611042005782,3.592814358349169,-1.6735981523967905e-05,0.0,1.0050981220726282e-05,0.0,0.0,-0.00015063167697752035,7.471420319864503e-06,0,-0.9999990000010001,0.0010000000000047748,0.0010000000000047748,-0.042999999999992156,2.2998655077989164e-05,0.0,0.0,False,54.975714230738575,0.0,-0.04399999999999693,-0.00012065,59.727,59.75692857,-0.029928570000002708,6637408.38,0.0,1.0008,-0.00012065,1,1,False,1.0911931783345514,0.5,3,36,4,2,0,9,4,False,0,3374788764
1779856564000,1779856565047,10,9,True,59.752,59.757,59.751,59.751,111.92999999999999,105.45,6.48,9,7,2,59.754,59.755,0.0010000000000047748,59.7545,59.75499793346134,59.75562793319028,15.78,997.5,1515.26,128.20000000000002,234.07,1002.99,1515.26,1002.99,0.20342301201222934,0.8842133476200821,-0.4472762119704097,-8.87862797826213e-06,1.8222485779670426e-05,-2.7101113757932555e-05,0.6017115060059162,-0.995869664961086,1.5107428787909045,105.45,6.48,98.97,-191.82000000000008,2.648740566105496,12.436666665284815,50.64,98.97,3.397841265305596,62.01550003004651,0.0,0.0,6.0303364283376815e-05,0.0,0.0,1.6735981523967905e-05,0.0,0,-0.166666638889683,0.007000000000005002,0.0010000000000047748,0.042999999999992156,2.697790542077267e-05,0.0,0.0,False,60.474999939525006,0.0,0.03599999999998715,-0.00012065,59.727,59.75692857,-0.029928570000002708,6637408.38,0.0,1.0008,-0.00012065,1,1,False,1.2143045098196743,0.5,4,36,4,2,0,10,9,False,0,2893802007
1779856565000,1779856565993,10,10,True,59.755,59.755,59.733,59.733,373.7,2.4,371.3,22,2,20,59.73,59.731,0.0010000000000047748,59.7305,59.73098358198934,59.73266293700248,4.88,11.75,538.77,414.33,806.32,1349.4,538.77,1349.4,-0.42932045313693723,-0.9871554723013457,-0.6092819115795627,-2.4946303482290955e-05,1.594555684832364e-05,-4.0891860330614596e-05,0.2853397734312666,-0.9671647791934119,0.39926634059552446,2.4,371.3,-368.90000000000003,-560.7200000000001,3.2832080885282666,16.986363635591527,171.4,-368.9,6.700763216979333,49.52829943373988,-0.0003012955732344369,0.0,0.00022114934798397233,0.0,0.0,-0.0003012955732344369,8.062498614761324e-07,0,-0.9999999545454566,0.0049999999999954525,0.0010000000000047748,-0.012999999999991019,3.5371648018462366e-06,0.0,-0.30000000033527613,False,94.74444434970002,0.7,-0.01799999999998647,-0.00012065,59.727,59.75692857,-0.029928570000002708,6637408.38,0.0,1.0008,-0.00012065,1,1,False,0.2816204054383382,0.5,5,36,4,2,0,8,22,False,0,3103426718
1779856566000,1779856567054,10,11,True,59.73,59.73,59.714,59.726,241.98,118.88,123.10000000000001,29,14,15,59.725,59.726,0.0009999999999976694,59.7255,59.72550159617197,59.72286827297481,119.63,228.72,518.41,37.97,110.89999999999999,758.43,518.41,758.43,-0.18797969988394161,-0.01743945780635827,-0.042876772177974504,-4.527483193997525e-05,2.200919123059505e-05,-6.728402317057031e-05,0.4060101500576376,-0.0031948881788457346,0.6835304510624797,118.88,123.10000000000001,-4.220000000000013,-564.9400000000002,4.126381593822422,8.344137930746754,68.75,-4.220000000000001,7.027949144690776,31.14571649379304,-0.00011719502101988628,0.0,0.00016089513626069222,0.0,-0.0009999999999976694,0.00018410055221455062,4.843169725572442e-07,0,-0.24999998437488996,0.0010000000000047748,0.0009999999999976694,-0.007000000000005002,2.407015626843204e-05,0.0,-0.16666666679601702,False,85.69199991430801,0.6363636363636364,-0.008000000000009777,-0.00012065,59.727,59.75692857,-0.029928570000002708,6637408.38,0.0,1.0008,-0.00012065,1,1,False,1.134615781715274,0.5,6,36,4,2,0,10,29,False,0,911366704
1779856567000,1779856568036,10,12,True,59.723,59.723,59.723,59.723,1.35,1.35,0.0,2,2,0,59.722,59.723,0.0009999999999976694,59.7225,59.722863655536734,59.72410976914569,18.28,70.42,280.63,89.49,324.76,1000.87,280.63,1000.87,-0.5620288724146999,0.9999999992592592,-0.5384003065376202,-6.378376202854203e-05,1.7661949682688425e-05,-8.144571171123045e-05,0.21898556379225986,-0.7273137697352752,0.2803860641239318,1.35,0.0,1.35,-563.5900000000001,4.056664164516769,0.6749999996625,1.09,1.35,0.4930159161314811,2.994011967083796,-5.023064237680034e-05,0.0,0.0,0.0,-0.009500000000002728,6.696437864308594e-05,3.7207883214512924e-05,0,0.0,0.0010000000000047748,0.0009999999999976694,0.01300000000000523,2.3360574734784514e-05,0.0,-0.26666666723580823,False,78.02454537652092,0.5833333333333334,0.012000000000000455,-0.00012065,59.727,59.75692857,-0.029928570000002708,6637408.38,0.0,1.0008,-0.00012065,1,1,False,1.567880242295014,0.5,7,36,4,2,0,9,2,False,0,1094738131
1779856568000,1779856569061,10,13,True,59.722,59.741,59.716,59.729,228.59,144.48,84.11,31,18,13,59.729,59.73,0.0009999999999976694,59.7295,59.72943051310565,59.732435100421746,38.220000000000006,143.57000000000002,664.8199999999999,77.5,292.14,936.91,664.8199999999999,936.91,-0.16987257527787464,0.2640972920938619,-0.3271705750320977,-2.1657769482885633e-05,2.1660715628713693e-05,-4.331848511159932e-05,0.41506371236075046,0.1389718076262194,0.7095879006513863,144.48,84.11,60.36999999999999,-503.22000000000014,4.940052224696547,7.373870967504069,37.0,60.370000000000005,6.27523730189492,32.53795989572799,0.00010045876176279316,0.0,0.0002513712939220798,0.0,-0.003999999999997783,0.0001506894041395935,4.3947137566102495e-07,0,0.27999998879993226,0.0010000000000047748,0.0009999999999976694,0.025000000000005684,4.326504198460479e-05,0.0,-0.3333333333333333,False,76.55333325678001,0.46153846153846156,0.02400000000000091,-0.00012065,59.727,59.75692857,-0.029928570000002708,6637408.38,0.0,1.0008,-0.00012065,1,1,False,1.6852073322861085,0.5,8,36,4,2,0,11,31,False,0,107887221
1779856569000,1779856570015,10,14,True,59.728,59.73,59.728,59.73,34.65,6.8,27.85,4,2,2,59.729,59.73,0.0009999999999976694,59.7295,59.72928981744782,59.731150546536206,63.620000000000005,236.09,824.73,73.28,281.42,778.19,824.73,778.19,0.029034512015553446,-0.607503607486075,-0.24192474385278434,-1.8715706208532143e-05,2.7854073007999722e-05,-4.656977921653187e-05,0.5145172560074648,0.42036372060210403,1.0598054459694164,6.8,27.85,-21.05,-524.2700000000001,4.909230840280267,8.662499997834374,27.6,-21.05,0.8147915894207267,4.026845621368407,1.6742145841294008e-05,0.0,2.0109534880872656e-05,0.0,-0.0030000000000001137,-8.371661592149916e-05,4.831788121446128e-07,0,0.9999995000002501,0.000999999999990564,0.0009999999999976694,0.015000000000000568,4.0172468069595176e-05,0.0,-0.3809523811720125,False,72.28384608156232,0.42857142857142855,0.014000000000010004,-0.00012065,59.727,59.75692857,-0.029928570000002708,6637408.38,0.0,1.0008,-0.00012065,1,1,False,1.634748267834534,0.5,9,36,4,2,0,9,4,False,0,2940767801
1779856570000,1779856571084,10,15,True,59.73,59.73,59.716,59.725,349.8,32.84,316.96,15,3,12,59.726,59.727,0.0009999999999976694,59.7265,59.72600291637398,59.72212696698527,907.0699999999999,910.66,1096.36,66.41,98.43,817.75,1096.36,817.75,0.1455558980413113,-0.8122355631766374,-0.19943027850194778,-1.3717953511883058e-05,2.5423770995939872e-05,-3.914172450782293e-05,0.5727779490203945,0.994165316029268,1.3407031488824936,32.84,316.96,-284.12,-808.3900000000001,5.2400757307628805,23.319999998445333,77.8,-284.12,2.862554048422819,21.18002980859241,-8.371353234127728e-05,0.0,0.00014078088676063258,0.0,-0.01999999999999602,-0.00010045567818257128,2.393182742739793e-07,0,-0.3571428316324374,0.0030000000000001137,0.0009999999999976694,0.06499999999999773,2.5853383444126532e-05,0.0,-0.41666666707412026,False,87.41499991258502,0.7333333333333333,0.06199999999999761,-0.00012065,59.727,59.75692857,-0.029928570000002708,6637408.38,0.0,1.0008,-0.00012065,1,1,False,1.2010620928460558,0.5,10,36,4,2,0,10,15,False,0,425083584
1779856571000,1779856572067,10,16,True,59.726,59.726,59.722,59.723,121.96,4.8999999999999995,117.06,6,2,4,59.722,59.723,0.0009999999999976694,59.7225,59.72249491104299,59.71776596868995,735.2299999999999,896.9899999999999,1037.56,62.57,207.75,842.53,1037.56,842.53,0.10373439569376798,-0.9196457854959031,-0.41402028449731904,-1.623543872359635e-05,2.280745137780267e-05,-3.9042890101399023e-05,0.5518671978466181,0.010174797808239652,1.231481371581746,4.8999999999999995,117.06,-112.16,-920.5500000000001,5.264991280573933,20.32666666327889,60.67,-112.16,1.1396030266941564,8.561643762314693,-3.348737526272212e-05,0.0,4.022243685068172e-05,0.0,-0.021000000000000796,5.0226157078555156e-05,2.7457670762912057e-07,0,-0.7499998125004909,0.0010000000000047748,0.0009999999999976694,0.0730000000000075,2.8448709927655477e-05,0.0,-0.44444444453067805,False,89.06466657760203,0.75,0.07200000000000273,-0.00012065,59.727,59.75692857,-0.029928570000002708,6636819.82,0.0,1.0008,-0.00012065,1,1,False,1.308673067821271,0.5,11,36,4,2,0,9,6,False,0,1160776594
1779856572000,1779856573033,10,17,True,59.723,59.723,59.718,59.718,25.08,3.41,21.669999999999998,5,2,3,59.716,59.717,0.0009999999999976694,59.716499999999996,59.71687965582697,59.71786054535359,15.5,19.95,471.07,156.17,335.38,1002.5500000000001,471.07,1002.5500000000001,-0.36066285745283,-0.7280701754095665,-0.4795532068187419,-3.471413400340967e-05,1.8623156783819388e-05,-5.3337290787229054e-05,0.31966857127324566,-0.7593129361163786,0.4698718268410853,3.41,21.669999999999998,-18.259999999999998,-938.8100000000001,5.256303041866591,5.0159999989968,21.2,-18.259999999999998,0.9512389143517088,5.952380916950113,-8.372334462901837e-05,0.0,5.028099268617601e-05,0.0,-0.03399999999999892,-5.023596936629625e-05,3.3382513806092552e-06,0,-0.99999980000004,0.0030000000000143245,0.0009999999999976694,0.09899999999998954,2.569812751642806e-05,0.0,-0.4666666666666667,False,84.63937491536063,0.6470588235294118,0.09599999999997522,-0.00012065,59.727,59.75692857,-0.029928570000002708,6636819.82,0.0,1.0008,-0.00012065,1,1,False,1.8529011668850996,0.5,12,36,4,2,0,9,5,False,0,3089203155
1779856573000,1779856574017,10,18,True,59.717,59.717,59.716,59.716,78.59,0.87,77.72,3,1,2,59.716,59.717,0.0009999999999976694,59.716499999999996,59.7167582663934,59.71818772564039,25.18,47.2,530.29,131.91,386.48,1095.37,530.29,1095.37,-0.34760035923849536,-0.9778597785853432,-0.494253228535403,-2.9734164610313136e-05,1.6539510661876523e-05,-4.6273675272189655e-05,0.32619982038044476,-0.516534162916044,0.4841195212572153,0.87,77.72,-76.85,-1015.6600000000001,5.1823258929529326,26.196666657934443,76.95,-76.85000000000001,0.5788906489845786,2.2831050176184817,-3.349130063786378e-05,0.0,1.0056872127541309e-05,0.0,-0.03499999999999659,5.023204399115459e-05,4.2615219032240265e-07,0,-0.9999990000010001,0.000999999999990564,0.0009999999999976694,0.11499999999999488,2.0587172349996892e-05,0.0,-0.4848484849139083,False,84.18117638640706,0.6111111111111112,0.11400000000000432,-0.00012065,59.727,59.75692857,-0.029928570000002708,6636819.82,0.0,1.0008,-0.00012065,1,1,False,1.2913527612493116,0.5,13,36,4,2,0,9,3,False,0,839084165
1779856574000,1779856575044,10,19,True,59.717,59.736,59.717,59.736,171.89,171.89,0.0,18,18,0,59.737,59.738,0.0009999999999976694,59.7375,59.73700083969996,59.73587653842453,240.67000000000002,805.5,914.14,28.97,45.77,407.94,914.14,407.94,0.38288152002875553,0.9999999999941824,0.04805209799858277,-1.7865776689832003e-05,3.8026818627406576e-05,-5.589259531723858e-05,0.6914407600139996,0.9983194846326363,2.240868755203606,171.89,0.0,171.89,-843.7700000000001,5.60257750302005,9.549444443913918,48.03,171.89,3.2128069602043623,40.669854805292985,0.00033486254205677865,0.0,0.00019104857943627173,0.0,-0.015000000000000568,0.00036835384269464245,1.9481211359289696e-06,0,0.9999999473684239,0.0030000000000001137,0.0009999999999976694,-0.07100000000001216,2.737640921986673e-05,0.0,-0.5000000002328306,False,89.053888799835,0.7894736842105263,-0.07400000000001228,-0.00012065,59.727,59.75692857,-0.029928570000002708,6636819.82,0.0,1.0008,-0.00012065,1,1,False,1.6434653428645865,0.5,14,36,4,2,0,9,18,False,0,3051553822
1779856575000,1779856576009,10,20,True,59.738,59.764,59.738,59.754,261.35,261.07,0.28,28,27,1,59.757,59.758,0.0010000000000047748,59.7575,59.757932857980705,59.75759761668028,47.6,121.91,481.62,128.7,256.07,792.79,481.62,792.79,-0.24416788945453646,0.9978572795064172,-0.3798871200130843,-4.249218215185884e-05,2.5867895350791207e-05,-6.836007750265005e-05,0.37791605527233946,-0.8657198192102739,0.6075000946018397,261.07,0.28,260.79,-582.98,6.336919224232507,9.333928571095218,41.78,260.79,4.4185508769796025,38.406826405427715,0.00030128044415692816,0.00014211969892954948,0.0002613277026426869,1.7845521924184786e-07,0.021000000000000796,-3.358209789985049e-05,1.1527853229606863e-06,1,0.6153845917158302,0.007000000000005002,0.0010000000000047748,-0.019000000000005457,1.3289676147514462e-05,0.0,-0.43589743543208076,False,98.09263148085473,0.9,-0.02600000000001046,-0.00012065,59.727,59.75692857,-0.029928570000002708,6636819.82,0.0,1.0008,-0.00012065,1,1,False,1.8007170027749893,0.5,15,36,4,2,0,10,28,False,0,3716770735
1779856576000,1779856576999,10,21,True,59.755,59.76,59.755,59.76,150.09,0.55,149.54,7,4,3,59.759,59.76,0.0009999999999976694,59.7595,59.75900604029006,59.75793583449654,78.78,588.21,727.45,3.51,121.67,574.1,727.45,574.1,0.11782105950588312,-0.9926710640216359,0.034750347689144076,-1.7978477801211183e-05,2.834861836771139e-05,-4.6327096168922576e-05,0.5589105297525574,0.9879154078218223,1.2671137432480977,0.55,149.54,-148.98999999999998,-731.97,6.3586595775363595,21.44142856836551,122.51,-148.99,1.1008609461699261,5.390835550453716,0.00010040664700431604,0.00014388218639553073,5.024986024711458e-05,2.087057784476161e-07,0.03399999999999892,-0.0002008737971526121,6.689762609344198e-07,1,0.99999980000004,0.000999999999990564,0.0009999999999976694,0.027000000000001023,2.198325410258091e-06,418.5308841614709,-0.3406593407673071,False,100.6374998993625,0.9047619047619048,0.02600000000001046,-0.00012065,59.727,59.75692857,-0.029928570000002708,6636674.54,0.0,1.0008,-0.00012065,1,1,False,0.8173364817729722,0.5,16,36,4,2,0,9,7,False,0,4086529957
1779856577000,1779856578097,10,22,True,59.762,59.768,59.762,59.767,6.3999999999999995,6.39,0.01,8,7,1,59.767,59.768,0.0009999999999976694,59.7675,59.76714122176081,59.76354796206188,147.26,804.41,1438.97,20.89,266.07,760.15,1438.97,760.15,0.3086780166610696,0.9968749998442383,0.01030914189243154,-1.1898815713405493e-05,2.1739313277137887e-05,-3.363812899054338e-05,0.6543390083303074,0.717553688125174,1.8930079589529791,6.39,0.01,6.38,-725.59,6.412474017617135,0.7999999998999999,4.55,6.38,1.2475684075715319,8.433734868631152,0.00011712834770393623,0.00014478980174012596,6.0292265195051884e-05,2.196954647948219e-07,0.044000000000004036,1.6721700699620198e-05,1.8301304325880458e-05,1,0.8333331944448623,0.000999999999990564,0.0009999999999976694,-0.012999999999991019,-2.0649176904298475e-06,418.53088417046513,-0.3571428574422108,False,96.14904752289857,0.7727272727272727,-0.013999999999981583,-0.00012065,59.727,59.75692857,-0.029928570000002708,6636674.54,0.0,1.0008,-0.00012065,1,2,False,1.8247710322494999,0.5,17,36,4,2,0,11,8,False,0,4212370708
1779856578000,1779856579021,10,23,True,59.767,59.771,59.76,59.768,219.56,81.32000000000001,138.24,16,10,6,59.773,59.774,0.0009999999999976694,59.7735,59.77324547650211,59.77012198355636,586.47,664.09,898.38,101.9,209.3,875.51,898.38,875.51,0.012892569437782001,-0.25924576425460355,-0.3087253221828526,-2.140395589328265e-05,2.2708953506593072e-05,-4.4112909399875723e-05,0.5064462847186092,0.5090415912970596,1.0261219175097644,81.32000000000001,138.24,-56.92,-782.51,6.726819131793622,13.722499999142343,98.25,-56.919999999999995,2.37853875422324,19.73684171572023,1.673150123439899e-05,0.00014482603523811234,0.00011053489499756274,2.2165519788901342e-07,0.03900000000000148,-0.00010039684646953725,7.620468771325736e-08,1,0.09090908264439397,0.01099999999999568,0.0009999999999976694,-0.01300000000000523,4.796571135809718e-06,1.1373872984836939e-05,-0.37142857151777564,False,94.36590899654317,0.7391304347826086,-0.02400000000000091,-0.00012065,59.727,59.75692857,-0.029928570000002708,6636674.54,0.0,1.0008,-0.00012065,1,1,False,1.0164297528560111,0.5,18,36,4,2,0,9,16,False,0,2561854755
1779856579000,1779856580059,10,24,True,59.772,59.778,59.756,59.765,1647.24,1463.93,183.31,36,24,12,59.771,59.772,0.0009999999999976694,59.7715,59.771004224529314,59.77111625832022,131.3,260.03,629.24,45.46,205.84,979.42,629.24,979.42,-0.21768428381372218,0.7774337679993338,-0.07798100854779388,-2.9550377270052997e-05,1.8774174540413515e-05,-4.832455181046651e-05,0.39115785809282816,0.9915453263977668,0.642461865184862,1463.93,183.31,1280.6200000000001,498.1100000000001,7.686595553702028,45.756666665395656,1142.3,1280.62,4.683477847091637,36.534445429326105,-5.019534355587915e-05,0.00014526031498150345,0.00022106424357643532,2.224950413416797e-07,0.035000000000003695,-6.692684479027814e-05,3.047239233860802e-08,1,-0.3181818037189355,0.01300000000000523,0.0009999999999976694,-0.022999999999996135,1.2977290665123123e-06,1.1385303879252052e-05,-0.3839285714746773,False,145.9421737671013,0.9166666666666666,-0.036000000000001364,-0.00012065,59.727,59.75692857,-0.029928570000002708,6636674.54,0.0,1.0008,-0.00012065,1,1,False,0.0210901540249513,0.5,19,36,4,2,0,10,36,False,0,113236801
1779856580000,1779856581037,10,25,True,59.772,59.772,59.752,59.752,517.05,26.200000000000003,490.84999999999997,28,3,25,59.763,59.764,0.0010000000000047748,59.7635,59.763028729978984,59.76396246202165,49.6,220.95,858.0600000000001,50.57,124.78,502.71,858.0600000000001,502.71,0.2611389139970303,-0.8986558359909126,-0.006680943307042425,-1.6737061766981706e-05,3.914998257768031e-05,-5.588704434466202e-05,0.6305694569981477,0.9425371317033715,1.7068687712563768,26.200000000000003,490.84999999999997,-464.65,33.46000000000015,8.352608814236387,18.466071427911924,76.94,-464.65,3.3522460610059794,29.900331331883784,-0.00021754227517873945,0.00014645571676227782,0.00020098430775355246,2.300524364585001e-07,0.027000000000001023,-0.0001673469316228603,4.207374048512112e-07,1,-0.9999999500000025,0.022999999999996135,0.0010000000000047748,0.05100000000000193,-2.166219798737402e-06,5.230134060014378e-06,-0.3361344531122704,False,159.22166650744498,1.0,0.028000000000005798,-0.00012065,59.727,59.75692857,-0.029928570000002708,6636674.54,0.0,1.0008,-0.00012065,1,1,False,1.4819159326173348,0.5,20,36,4,2,0,9,28,False,0,1315536857
1779856581000,1779856581997,10,26,True,59.764,59.774,59.764,59.774,37.83,37.83,0.0,8,8,0,59.773,59.774,0.0009999999999976694,59.7735,59.77372205895348,59.77393247990119,45.07,63.63,424.97,150.43,328.12,1113.5,424.97,1113.5,-0.4475420385184972,0.999999999973566,-0.4422580255606765,-5.0946279112343524e-05,1.604339019794632e-05,-6.698966931028984e-05,0.2762289807404264,-0.44411903636802913,0.38165244723809466,37.83,0.0,37.83,71.29000000000015,8.341047869507324,4.728749999408906,29.87,37.83,0.9591121072793243,13.33333315555556,0.00036812074776099277,0.00016796104692207782,0.00010048038377650333,3.0789312302813985e-07,0.05100000000000193,0.0005856630229397322,9.730921167096535e-06,1,0.99999990000001,0.0010000000000047748,0.0009999999999976694,-0.007000000000005002,4.3292381784295e-05,5.264479771945822e-06,-0.26470588253421073,False,154.36599984563398,0.9615384615384616,-0.008000000000009777,-0.00012065,59.727,59.75692857,-0.029928570000002708,6636531.63,0.0,1.0008,-0.00012065,1,2,False,1.8993082072168974,0.5,21,36,4,2,0,9,8,False,0,2399775186
1779856582000,1779856583005,10,27,True,59.774,59.774,59.774,59.774,16.85,16.85,0.0,3,3,0,59.773,59.774,0.0009999999999976694,59.7735,59.77350596047089,59.77395975644992,47.89,75.02,332.23,66.17,211.5,1037.92,332.23,1037.92,-0.515045797904963,0.9999999999406528,-0.5072051384255803,-6.040198379406583e-05,1.6505813052739527e-05,-7.690779684680536e-05,0.24247710104715361,-0.011922192009915062,0.3200921072911977,16.85,0.0,16.85,88.14000000000016,8.165931545916921,5.616666664794445,10.38,16.85,0.36738000836324197,2.444987769083159,0.0,0.00016527102111414118,0.0,3.0565224714289037e-07,0.055999999999997385,-0.00036812074776099277,0.0,1,0.0,0.0010000000000047748,0.0009999999999976694,-0.007000000000005002,3.900625612587923e-05,4.66512571893971e-06,-0.27777777845039964,False,149.07692292784614,0.8518518518518519,-0.008000000000009777,-0.00012065,59.727,59.75692857,-0.029928570000002708,6636531.63,0.0,1.0008,-0.00012065,1,1,False,1.866525994371699,0.5,22,36,4,2,0,9,3,False,0,107605245
1779856583000,1779856584068,10,28,True,59.774,59.774,59.758,59.758,159.75,0.84,158.91,13,1,12,59.761,59.762,0.0009999999999976694,59.7615,59.7612295164234,59.76136785080019,62.300000000000004,144.68,651.91,61.690000000000005,329.86,807.1,651.91,807.1,-0.10636664587624052,-0.9894835680689235,-0.16746087603811302,-2.086720893496462e-05,2.4209929033193266e-05,-4.507713796815788e-05,0.44681667706153705,0.5409634857152205,0.8077189939278804,0.84,158.91,-158.07,-69.92999999999984,8.324425593591776,12.288461537516271,68.14,-158.07,1.561669313068983,17.56954581136962,-0.00026771074014582565,0.0001757383219041984,0.00016077668453097613,3.0565224714289037e-07,0.04200000000000159,-0.00026771074014582565,1.6758105799320804e-06,1,-0.9999999375000039,0.006999999999990791,0.0009999999999976694,0.009000000000000341,3.7532781706017475e-05,5.449337091644877e-06,-0.28947368421487985,False,149.40999985059,0.8214285714285714,0.0020000000000095497,-0.00012065,59.727,59.75692857,-0.029928570000002708,6636531.63,0.0,1.0008,-0.00012065,1,1,False,1.5085885215235808,0.5,23,36,4,2,0,9,13,False,0,595715484
1779856584000,1779856585063,10,29,True,59.764,59.777,59.764,59.777,19.95,19.95,0.0,9,9,0,59.776,59.777,0.0009999999999976694,59.7765,59.7768120256643,59.778437776503864,28.09,170.93,712.4300000000001,147.57,340.18,1055.19,712.4300000000001,1055.19,-0.19391045586710157,0.9999999999498747,-0.40450472064100884,-2.2054488230036287e-05,1.7729828981705545e-05,-3.978431721174183e-05,0.40304477206616635,-0.6240531766791768,0.6751675053775386,19.95,0.0,19.95,-49.97999999999983,8.346575574129751,2.2166666664203705,8.14,19.95,1.0782865282879908,27.58620613555293,0.0003178985261221945,0.00018957038648279652,0.0001306212209683269,3.9075709686233014e-07,0.04100000000000392,0.0005856092662680202,1.5934763213346353e-05,1,0.9999999230769291,0.0010000000000047748,0.0009999999999976694,0.025000000000005684,3.969792696508869e-05,5.548835847864032e-06,-0.30000000026077034,False,144.78642842664212,0.7586206896551724,0.02400000000000091,-0.00012065,59.727,59.75692857,-0.029928570000002708,6636531.63,0.0,1.0008,-0.00012065,1,2,False,1.8636055823433073,0.5,24,36,4,2,0,10,9,False,0,3209415477
1779856585000,1779856585999,10,30,True,59.777,59.778,59.766,59.778,432.68,23.11,409.57,14,6,8,59.777,59.778,0.0009999999999976694,59.7775,59.77700045776454,59.7756523289185,161.19,604.29,720.64,11.56,57.4,449.23,720.64,449.23,0.2320001367671348,-0.8931774059330378,-0.12585769058390855,-2.2510461185597378e-05,3.800087641714875e-05,-6.0511337602746124e-05,0.61600006838314,0.9990817263315178,1.6041671304195975,23.11,409.57,-386.46,-436.4399999999998,8.531933752027136,30.905714283506736,169.62,-386.46,1.6408941284890768,15.66265035709102,1.6728702271313584e-05,0.00017723423140772652,0.00012057040883571995,3.607647856199092e-07,0.02400000000000091,-0.0003011698238508809,3.866298944086836e-08,1,0.08333332638869209,0.000999999999990564,0.0009999999999976694,-0.03300000000000125,2.1297667644261792e-05,5.45617134821504e-06,-0.3095238101706933,False,153.11999984688,0.8666666666666667,-0.033999999999991815,-0.00012065,59.727,59.75692857,-0.029928570000002708,6636531.63,0.0,1.0008,-0.00012065,1,1,False,0.8625245215650226,0.5,25,36,4,2,0,9,14,False,0,2251680636
1779856586000,1779856587043,10,31,True,59.778,59.782,59.776,59.781,127.21000000000001,11.17,116.04,12,6,6,59.777,59.778,0.0009999999999976694,59.7775,59.77776429500363,59.77325997690765,480.92,961.22,1038.2,63.82,314.15999999999997,1099.59,1038.2,1099.59,-0.028716571786738247,-0.8243848753963966,-0.38386107287920046,-1.4544907283470814e-05,1.7755171767084868e-05,-3.230007905055568e-05,0.485641714106397,-0.5285925300584808,0.9441700997635991,11.17,116.04,-104.87,-541.3099999999998,8.645640842124607,10.60083333244993,73.45,-104.87,1.3879827091756798,15.047879390524388,5.018442778260935e-05,0.0001756449913168274,6.027814499045111e-05,3.5571752478174924e-07,0.021000000000000796,3.3455725511295766e-05,3.9450065075241605e-07,1,0.49999991666727267,0.006999999999990791,0.0009999999999976694,-0.0309999999999917,1.6373527938628287e-05,5.446290241215495e-06,-0.3181818182395448,False,151.51166651515499,0.8064516129032258,-0.03799999999998249,-0.00012059,59.7842119,59.82035714,-0.03614523999999619,6636742.6,0.0,1.0008,-0.00012059,1,2,False,1.4794392311188,0.5,26,36,4,2,0,10,12,False,0,1522618204
1779856587000,1779856587997,10,32,True,59.782,59.782,59.778,59.778,14.15,14.15,0.0,4,4,0,59.777,59.778,0.0009999999999976694,59.7775,59.777568299052646,59.77242817134934,828.77,935.15,1037.0,71.5,199.35,778.1,1037.0,778.1,0.1426367693239256,0.9999999999293286,-0.21172721788023702,-1.8113632376923685e-05,2.269296439994928e-05,-4.080659677687296e-05,0.5713183846616874,-0.13660025129893016,1.332733581800112,14.15,0.0,14.15,-527.1599999999999,8.493324748940193,3.537499999115625,11.49,14.15,0.47095808976669196,3.416856480352427,-5.018442778264128e-05,0.00017564433080120357,4.0184757752925436e-05,3.5318989343789574e-07,0.01099999999999568,-0.00010036885556525063,3.546602669900684e-06,1,-0.9999997500000624,0.000999999999990564,0.0009999999999976694,0.016999999999995907,1.4271791731984568e-05,5.455636184081133e-06,-0.32608695674004534,False,147.08064501420967,0.75,0.016000000000005343,-0.00012059,59.7842119,59.82035714,-0.03614523999999619,6636742.6,0.0,1.0008,-0.00012059,1,1,False,1.9414868382439017,0.5,27,36,4,2,0,9,4,False,0,903181506
1779856588000,1779856589041,10,33,True,59.778,59.778,59.76,59.76,84.75,28.5,56.25,18,3,15,59.762,59.763,0.0009999999999976694,59.7625,59.76233850745875,59.76527822922095,26.55,121.14,1020.48,86.27,349.87,714.35,1020.48,714.35,0.17646109417050868,-0.32743362831472056,-0.38482252298865705,-1.2179634886962401e-05,2.535422632202038e-05,-3.7533861208982784e-05,0.5882305470849661,0.3229773462574125,1.428543431089202,28.5,56.25,-27.75,-554.9099999999999,8.805019019466744,4.708333333071759,22.46,-27.75,2.044288599281849,25.297618407649534,-0.00030115946621232006,0.0001867650502806171,0.00018086469174296104,3.666215136806182e-07,-0.008000000000002672,-0.0002509750384296788,3.553504026062142e-06,1,-0.9999999444444475,0.005000000000009663,0.0009999999999976694,0.019000000000005457,2.871827263845124e-05,2.7991090317904192e-06,-0.3333333333333333,False,143.35156235664843,0.6363636363636364,0.013999999999995794,-0.00012059,59.7842119,59.82035714,-0.03614523999999619,6636742.6,0.0,1.0008,-0.00012059,1,1,False,1.9480157076041031,0.5,28,36,4,2,0,10,18,False,0,1387694091
1779856589000,1779856590017,10,34,True,59.764,59.768,59.763,59.768,2.31,2.31,0.0,5,5,0,59.764,59.765,0.0009999999999976694,59.7645,59.76406674373096,59.764288869171914,98.68,188.92,1241.55,34.39,216.19,780.05,1241.55,780.05,0.22828452710712888,0.9999999995670995,0.039881122700193276,-1.130367545665792e-05,2.643634934440724e-05,-3.774002480106516e-05,0.6141422635533171,0.8665105386271912,1.5916287417452835,2.31,0.0,2.31,-552.5999999999999,8.680264297517015,0.4619999999076,1.18,2.31,0.5760193270675212,3.976143125343367,0.0001338598489383416,0.0001891113216913325,5.024313397724456e-05,4.055331301668034e-07,0.0030000000000001137,0.0004350193151506617,5.794798652830891e-05,1,0.7999998399991793,0.007000000000005002,0.0009999999999976694,0.0049999999999954525,2.9679909920504787e-05,2.874420347133539e-06,-0.34000000019669535,False,139.07757561849817,0.6176470588235294,-0.0020000000000095497,-0.00012059,59.7842119,59.82035714,-0.03614523999999619,6636742.6,0.0,1.0008,-0.00012059,1,2,False,1.9259484934562847,0.5,29,36,4,2,0,8,5,False,0,646241464
1779856590000,1779856591069,10,35,True,59.763,59.767,59.761,59.761,348.78000000000003,24.56,324.22,10,3,7,59.761,59.762,0.0009999999999976694,59.7615,59.76193463760192,59.76245179892757,15.100000000000001,143.19,614.78,202.43,344.21,1020.78,614.78,1020.78,-0.24823302110576914,-0.8591662365936718,-0.48173908157072454,-2.1407105072344153e-05,2.082356013979251e-05,-4.2230665212136664e-05,0.3758834894468097,-0.8692761069905601,0.6022649346572206,24.56,324.22,-299.66,-852.26,8.723534320549243,34.8779999965122,203.58,-299.66,1.1463243716824243,10.204081528529779,-0.00011712638787243002,0.00018999637826493454,6.029327403427189e-05,4.184083042820201e-07,0.009000000000000341,-0.0002509862368107716,3.3581738595129936e-07,1,-0.3333332777769975,0.000999999999990564,0.0009999999999976694,-0.0010000000000047748,1.1608397942884218e-06,5.2888247987742724e-06,-0.3461538462006878,False,143.80058809149352,0.6857142857142857,-0.001999999999995339,-0.00012059,59.7842119,59.82035714,-0.03614523999999619,6636742.6,0.0,1.0008,-0.00012059,1,1,False,0.6205287485188958,0.5,30,36,4,2,0,11,10,False,0,1373440602
1779856591000,1779856592023,10,36,True,59.762,59.772,59.752,59.765,544.54,405.36,139.18,37,25,12,59.765,59.766,0.0009999999999976694,59.7655,59.76500227639168,59.76463396441595,87.81,159.19,739.52,21.77,179.59,615.4399999999999,739.52,615.4399999999999,0.09157465903045733,0.4888162485758828,0.018619980560648237,-2.079752479319638e-05,3.1809290386606566e-05,-5.260681517980295e-05,0.5457873295148596,0.9954441913187687,1.2016118549311037,405.36,139.18,266.18,-586.0799999999999,9.650631555941072,14.717297296899533,123.69,266.18,3.8339459735553065,58.25242379112095,6.69310443165734e-05,0.00019043776351700345,0.00020098430775355246,4.2344402067950773e-07,-0.009000000000000341,0.00018405743218900342,1.2291299870799297e-07,1,0.1499999925000359,0.0010000000000047748,0.0009999999999976694,0.03700000000000614,9.164817753863168e-05,5.293633176065359e-06,-0.35185185195245766,False,147.2971427098457,0.75,0.036000000000001364,-0.00012059,59.7842119,59.82035714,-0.03614523999999619,6636432.92,0.0,1.0008,-0.00012059,1,2,False,1.111587073280538,0.5,31,36,4,2,0,9,37,False,0,568754415
1779856592000,1779856593073,10,37,True,59.766,59.77,59.766,59.77,10.64,10.64,0.0,2,2,0,59.769,59.77,0.0010000000000047748,59.7695,59.76954095543129,59.770488988616286,31.540000000000003,185.98,701.96,86.99000000000001,211.94,1039.4,701.96,1039.4,-0.1937795745852703,0.9999999999060151,-0.4230017262069493,-2.4715693944471994e-05,1.5264668510337204e-05,-3.99803624548092e-05,0.40311021270707775,-0.08191365227346754,0.675351164132504,10.64,0.0,10.64,-575.4399999999999,9.399791177057757,5.31999999734,10.56,10.64,0.21277068416888514,12.195121802498514,8.365750621866166e-05,0.0001904363168329532,4.0192825901332436e-05,4.2623930123026505e-07,-0.003999999999997783,1.6726461902088262e-05,7.862547576202924e-06,1,0.9999997500000624,0.0010000000000047748,0.0010000000000047748,0.05900000000001171,9.640014209723506e-05,5.266990560127853e-06,-0.3214285713430418,False,143.50111096761,0.6216216216216216,0.058000000000006935,-0.00012059,59.7842119,59.82035714,-0.03614523999999619,6636432.92,0.0,1.0008,-0.00012059,1,2,False,1.965981696243754,0.5,32,36,4,2,0,10,2,False,0,3230508670
1779856593000,1779856594069,10,38,True,59.77,59.77,59.77,59.77,0.43000000000000005,0.43000000000000005,0.0,2,2,0,59.769,59.77,0.0010000000000047748,59.7695,59.7694715810656,59.770577186969085,53.32,134.82,731.9300000000001,101.95,201.17,922.53,731.9300000000001,922.53,-0.11520375228164156,0.9999999976744185,-0.39568351508746813,-2.3926567794598703e-05,1.7991856230596713e-05,-4.1918424025195416e-05,0.442398123858877,0.05683639501840911,0.7933942527605679,0.43000000000000005,0.0,0.43000000000000005,-575.01,9.15717507289193,0.21499999989250002,0.34,0.43000000000000005,0.2184079679444167,1.7513134820467366,0.0,0.0001902890102133598,0.0,4.1502431916188215e-07,0.012000000000000455,-8.365750621866166e-05,0.0,1,0.0,0.0010000000000047748,0.0010000000000047748,0.07500000000000284,0.00012132668836363584,5.200221619464917e-06,-0.37698412622716343,False,143.50111096761,0.6052631578947368,0.07399999999999807,-0.00012059,59.7842119,59.82035714,-0.03614523999999619,6636432.92,0.0,1.0008,-0.00012059,1,1,False,1.9653812623321651,0.5,33,36,4,2,0,9,2,False,0,1764964027
1779856594000,1779856595167,10,39,True,59.769,59.769,59.766,59.766,51.25,8.39,42.86,3,2,1,59.765,59.766,0.0009999999999976694,59.7655,59.76566893385215,59.76755765457032,34.949999999999996,65.16,638.24,285.75,339.31,1115.55,638.24,1115.55,-0.27215915246393685,-0.672585365840535,-0.5307707659389906,-1.9424759080290136e-05,2.0294547635364925e-05,-3.971930671565506e-05,0.36392042376774647,-0.33786895540780965,0.5721303392940056,8.39,42.86,-34.47,-609.48,8.955300480338096,17.08333332763889,42.86,-34.47,0.3349971345184547,3.5273368482280887,-6.69254450792677e-05,0.00017557679819468362,3.014487160341208e-05,3.1413678375949787e-07,-0.011000000000002785,-6.69254450792677e-05,1.3058623429846212e-06,1,-0.9999996666667778,0.000999999999990564,0.0009999999999976694,-0.03699999999999193,5.712959618165366e-05,1.2769206109865899e-05,-0.3214285715098246,False,140.54270256216,0.5641025641025641,-0.03799999999998249,-0.00012059,59.7842119,59.82035714,-0.03614523999999619,6636432.92,0.0,1.0008,-0.00012059,1,1,False,1.9663241983283433,0.5,34,36,4,2,0,9,3,False,0,2540419874
1779856595000,1779856596025,10,40,True,59.765,59.766,59.749,59.76,549.9,181.56,368.34,30,12,18,59.76,59.761,0.0010000000000047748,59.7605,59.76050678005036,59.761729257952304,31.79,75.92,294.0,94.05,232.66,700.46,294.0,700.46,-0.4087243328033217,-0.33966175668241555,-0.3752367518218218,-5.754319381563961e-05,2.6910532758302218e-05,-8.445372657394183e-05,0.29563783359783635,-0.01356589147221101,0.4197241812517207,181.56,368.34,-186.77999999999997,-796.26,9.645290628523732,18.329999999389,231.29,-186.78,3.1103261842801877,43.7405712391002,-0.00010039656652181071,0.00016368472833833727,0.00017084952589271627,2.9060530945263213e-07,-0.018000000000000682,-3.347112144254301e-05,1.8257240684056764e-07,1,-0.29411762975800776,0.0010000000000047748,0.0010000000000047748,-0.021000000000000796,8.43392226625591e-06,1.2779516407893392e-05,-0.29310344833632607,False,141.75947354245105,0.575,-0.02200000000000557,-0.00012059,59.7842119,59.82035714,-0.03614523999999619,6636432.92,0.0,1.0008,-0.00012059,1,1,False,0.48718764174671925,0.5,35,36,4,2,0,8,30,False,0,3000487217
1779856596000,1779856597010,10,41,True,59.761,59.761,59.746,59.747,174.5,0.55,173.95,16,2,14,59.746,59.747,0.0009999999999976694,59.7465,59.74689329165531,59.74806897403121,46.13,49.84,339.7,297.33,380.89,798.8,339.7,798.8,-0.4032498902060577,-0.9936962750659386,-0.48837352090854874,-4.6586183447286615e-05,2.7389718244751084e-05,-7.39759016920377e-05,0.29837505489653193,-0.786584671440763,0.4252628943409799,0.55,173.95,-173.39999999999998,-969.66,9.85364175545738,10.906249999318359,67.11,-173.4,1.623765141402135,16.81614321497517,-0.00021756047848704724,0.00016927859771110598,0.00015075967287611283,3.00687169841466e-07,-0.03399999999999892,-0.00011716391196523653,1.2467649196894012e-06,-1,-0.9333332711112732,0.0010000000000047748,0.0009999999999976694,0.016999999999995907,2.3686021788028057e-05,1.2780088999562065e-05,-0.2476489029618922,False,142.57076908819846,0.5853658536585366,0.015999999999991132,-0.00012059,59.7842119,59.82035714,-0.03614523999999619,6635909.6,0.0,1.0008,-0.00012059,1,0,False,1.6005364930893562,0.5,36,36,4,2,0,9,16,False,0,1116508424
1779856597000,1779856598017,10,42,True,59.746,59.746,59.736,59.74,71.65,27.03,44.620000000000005,13,3,10,59.74,59.741,0.0009999999999976694,59.7405,59.74061133441997,59.739861859029254,38.4,57.71,411.86,24.869999999999997,118.02,917.66,411.86,917.66,-0.3804380528308108,-0.24549895324151433,-0.22748655096336096,-5.1236968437131746e-05,1.7540980120153876e-05,-6.877794855728562e-05,0.3097809735842185,-0.22267206477131787,0.44881546542243445,27.03,44.620000000000005,-17.590000000000003,-987.25,9.956801042163695,5.5115384611144975,20.44,-17.59,1.3056402295921896,16.260162337233133,-0.00011716755811097022,0.00016927995446871472,0.00010052747791233008,3.242184667530561e-07,-0.0379999999999967,0.00010039292037607701,1.635276456515491e-06,-1,-0.5999999399997218,0.000999999999990564,0.0009999999999976694,0.042999999999992156,1.468874761416693e-05,1.2774641994837632e-05,-0.2545454551534568,False,139.44624986055373,0.5476190476190477,0.04200000000000159,-0.00012059,59.7842119,59.82035714,-0.03614523999999619,6635909.6,0.0,1.0008,-0.00012059,1,1,False,1.9698070401088563,0.5,37,36,4,2,0,10,13,False,0,3169362898
1779856598000,1779856599067,10,43,True,59.741,59.748,59.728,59.728,106.29,27.34,78.95,24,9,15,59.732,59.733,0.0009999999999976694,59.7325,59.73200271281944,59.73481933265904,109.34,215.98999999999998,909.79,67.45,182.54,551.48,909.79,551.48,0.24520451388159256,-0.48555837801782326,-0.01164218238441779,-1.839286149318628e-05,3.644403801304104e-05,-5.483689950622732e-05,0.6226022569404541,0.9945711183226229,1.64972437803429,27.34,78.95,-51.61,-1038.86,10.417233794879639,4.428749999815469,16.55,-51.61,2.3038745669212872,60.36745042401218,-0.0002008906157356793,0.0001750987087410564,0.00020106505407028942,3.469164861935486e-07,-0.031999999999996476,-8.372305762470908e-05,1.8900236685839615e-06,-1,-0.6499999675000372,0.009000000000000341,0.0009999999999976694,0.05299999999999727,9.32002501333524e-05,1.2784115987055992e-05,-0.2609970674809736,False,137.30390230172048,0.4883720930232558,0.04399999999999693,-0.00012059,59.7842119,59.82035714,-0.03614523999999619,6635909.6,0.0,1.0008,-0.00012059,1,0,False,1.9610358201479552,0.5,38,36,4,2,0,10,24,False,0,2157561325
1779856599000,1779856600051,10,44,True,59.731,59.747,59.731,59.747,74.17999999999999,74.17999999999999,0.0,8,8,0,59.747,59.748,0.0009999999999976694,59.7475,59.74717520241631,59.74931121386506,78.61999999999999,83.92999999999999,731.68,77.51,147.73000000000002,756.21,731.68,756.21,-0.01648643380893991,0.9999999999865192,-0.30876513598529587,-2.024970856492887e-05,2.294524443309456e-05,-4.3194952998023425e-05,0.49175678309519405,0.6495936961259591,0.9675619206292331,74.17999999999999,0.0,74.17999999999999,-964.68,10.337980227834406,9.272499998840937,50.37,74.17999999999999,0.7738455503800078,13.671874813079835,0.0003180581738466957,0.000188657438959044,0.00016084935013521015,3.998917793368526e-07,-0.021000000000000796,0.0005189487895823749,4.2876540016501486e-06,-1,0.9999999375000039,0.0010000000000047748,0.0009999999999976694,-0.015000000000000568,6.601444308216732e-05,1.2922303200573751e-05,-0.26704545540066515,False,135.80095224515142,0.5,-0.016000000000005343,-0.00012059,59.7842119,59.82035714,-0.03614523999999619,6635909.6,0.0,1.0008,-0.00012059,1,1,False,1.8027937117547976,0.5,39,36,4,2,0,9,8,False,0,426402551
1779856600000,1779856601011,10,45,True,59.748,59.748,59.748,59.748,15.25,15.25,0.0,2,2,0,59.749,59.75,0.0009999999999976694,59.7495,59.74968686606282,59.74994606329802,58.7,61.92,657.63,50.32,241.84,877.83,657.63,877.83,-0.14340979250508423,0.9999999999344262,-0.40299496289838477,-2.564783588647546e-05,2.0188372227765586e-05,-4.583620811424105e-05,0.42829510374713226,-0.3737373737209602,0.7491541642450712,15.25,0.0,15.25,-949.43,10.064603826921802,7.6249999961874995,15.12,15.25,0.19871621717006735,2.2421524613404653,1.6737101971139868e-05,0.0001823167675481548,0.0,3.251333264168541e-07,-0.01300000000000523,-0.0003013210718755558,1.0975148832814658e-06,-1,0.0,0.0030000000000001137,0.0009999999999976694,0.0049999999999954525,6.516025314420229e-05,1.2926981376416649e-05,-0.27272727272727276,False,132.99744172746767,0.4888888888888889,0.001999999999995339,-0.00012059,59.7842119,59.82035714,-0.03614523999999619,6635909.6,0.0,1.0008,-0.00012059,1,0,False,1.9621261527687732,0.5,40,36,4,2,0,9,2,False,0,2399854881
1779856601000,1779856602073,10,46,True,59.75,59.754,59.75,59.754,41.57,37.14,4.43,6,5,1,59.755,59.756,0.0009999999999976694,59.7555,59.75500183578702,59.75386503427279,136.92000000000002,141.66,554.09,0.8200000000000001,26.220000000000002,430.86,554.09,430.86,0.1251129498958068,0.7868655280060894,0.12770215451095632,-3.9981268355748385e-05,3.707860355249742e-05,-7.705987190824581e-05,0.5625564749473958,0.9963262306944098,1.2860093765926612,37.14,4.43,32.71,-916.7199999999999,9.931338127678464,6.928333332178611,16.83,32.71,0.6041481945593976,14.005602044739469,0.00010041672951143852,0.0001642191689812458,4.020358847356222e-05,3.268140114582953e-07,-0.011000000000002785,8.367962754029865e-05,2.4156057134718046e-06,-1,0.9999997500000624,0.0030000000000001137,0.0009999999999976694,0.027000000000001023,6.244698742805872e-05,1.3220618378178789e-05,-0.27807486631735123,False,130.7181816874636,0.45652173913043476,0.02400000000000091,-0.00012059,59.7842119,59.82035714,-0.03614523999999619,6635909.86,0.0,1.0008,-0.00012059,1,1,False,1.9595970573220367,0.5,41,36,4,2,0,10,6,False,0,1508018568
1779856602000,1779856602997,10,47,True,59.755,59.761,59.755,59.761,26.029999999999998,26.029999999999998,0.0,7,7,0,59.761,59.762,0.0009999999999976694,59.7615,59.76135949698651,59.762443270985415,59.9,244.56,610.09,68.08,134.0,878.7,610.09,878.7,-0.18042168472371498,0.9999999999615827,-0.2547046142887906,-2.4370551296007088e-05,2.1786283636627597e-05,-4.6156834932634684e-05,0.4097891576378067,0.2810032512707616,0.6943097758043766,26.029999999999998,0.0,26.029999999999998,-890.6899999999999,9.835228680869333,3.7185714280402036,14.6,26.029999999999998,0.7117272232728141,13.422818611774247,0.00011714010807033729,0.00016629499603664413,6.029932777851437e-05,3.385768380053351e-07,-0.009000000000000341,1.672337855889877e-05,4.500196237642609e-06,-1,0.9999998333333611,0.000999999999990564,0.0009999999999976694,0.04100000000001103,4.4775041968137886e-05,1.3361513384273953e-05,-0.283116883227869,False,128.391777649386,0.44680851063829785,0.040000000000020464,-0.00012059,59.7842119,59.82035714,-0.03614523999999619,6635909.86,0.0,1.0008,-0.00012059,1,1,False,1.9560765021083153,0.5,42,36,4,2,0,9,7,False,0,1407748754
1779856603000,1779856604005,10,48,True,59.761,59.761,59.749,59.75,164.1,43.95,120.14999999999999,12,1,11,59.754,59.755,0.0010000000000047748,59.7545,59.75463295929893,59.75601384954495,27.78,112.09,312.43,82.68,284.6,842.39,312.43,842.39,-0.45891134549067486,-0.464351005481631,-0.3578537301561407,-6.442500161278043e-05,2.2597619614225668e-05,-8.70226212270061e-05,0.27054432725422967,-0.2659225213307314,0.37088521943473823,43.95,120.14999999999999,-76.19999999999999,-966.8899999999999,9.90620478969329,13.674999998860416,43.95,-76.19999999999999,1.21136199518849,1833.3299722283841,-0.00018408347400765285,0.00016051451634507233,0.00012060471051698738,2.7503554632511485e-07,-0.020000000000003126,-0.0003012235820779901,1.1217761974803845e-06,-1,-0.9166665902779816,0.009000000000000341,0.0010000000000047748,-0.0030000000000001137,-3.012000672780914e-05,1.292071817893881e-05,-0.26010101025034504,False,127.25717378578629,0.4583333333333333,-0.012000000000000455,-0.00012059,59.7842119,59.82035714,-0.03614523999999619,6635909.86,0.0,1.0008,-0.00012059,1,0,False,1.9670992321070842,0.5,43,36,4,2,0,9,12,False,0,3959195341
1779856604000,1779856605013,10,49,True,59.754,59.754,59.754,59.754,8.36,0.0,8.36,1,0,1,59.754,59.755,0.0010000000000047748,59.7545,59.754933700907145,59.75621046656323,7.65,8.6,231.03,197.94,380.0,1028.67,231.03,1028.67,-0.6331983805662991,-0.9999999998803828,-0.79296412248678,-7.819941025783469e-05,2.091330462613817e-05,-9.911271488397286e-05,0.1834008097164536,-0.8674033149062355,0.22459097669784808,0.0,8.36,-8.36,-975.2499999999999,9.614198075277116,8.359999991639999,8.36,-8.36,0.10401283519085013,1.0,6.694336593750138e-05,0.00014469280225398715,0.0,2.820406838926681e-07,-0.012000000000000455,0.00025102683994515423,8.007579656638015e-06,-1,0.0,0.0010000000000047748,0.0010000000000047748,-0.0309999999999917,-3.465592671514011e-05,1.2841616548233696e-05,-0.3055555555555555,False,124.72744668378317,0.42857142857142855,-0.031999999999996476,-0.00012059,59.7842119,59.82035714,-0.03614523999999619,6635909.86,0.0,1.0008,-0.00012059,1,1,False,1.9488480418766176,0.5,44,36,4,2,0,9,1,False,0,3997147146
1779856605000,1779856605997,10,50,True,59.754,59.755,59.739,59.745,72.87,27.0,45.87,17,2,15,59.745,59.746,0.0010000000000047748,59.7455,59.74505502186821,59.74316471547189,96.67,310.99,697.28,19.59,150.27,676.34,697.28,676.34,0.015244390733961865,-0.2589543021784142,-0.18566260197244186,-2.1266838168081608e-05,2.8607986098370943e-05,-4.9874824266452555e-05,0.507622195366617,0.8899533283986747,1.0309607593798518,27.0,45.87,-18.869999999999997,-994.1199999999999,9.856355515431964,4.286470587983149,20.6,-18.87,1.7247754478476909,24.279210336164848,-0.00015062887584026103,0.00014851419952978352,0.00016082781273900427,2.912847674977656e-07,-0.015000000000000568,-0.0002175722417777624,2.067090377908521e-06,-1,-0.5624999648435857,0.0010000000000047748,0.0010000000000047748,-0.012999999999991019,-8.406034848922251e-05,1.3700580381762668e-05,-0.34401709307282785,False,122.52208321081123,0.44,-0.013999999999995794,-0.00012059,59.7842119,59.82035714,-0.03614523999999619,6635909.86,0.0,1.0008,-0.00012059,1,0,False,1.9474415497896302,0.5,45,36,4,2,0,9,17,False,0,2894462276
1779856606000,1779856607011,10,51,True,59.745,59.745,59.736,59.737,132.41,0.27,132.14000000000001,9,1,8,59.74,59.741,0.0009999999999976694,59.7405,59.74002032977706,59.74091118099658,69.22,121.74,523.89,17.25,89.13000000000001,501.11,523.89,501.11,0.02222439024388073,-0.995921758167843,0.01571081225788078,-4.090973561728251e-05,3.716387656563375e-05,-7.807361218291627e-05,0.5111121951214526,0.9593383873025614,1.0454590808384476,0.27,132.14000000000001,-131.87,-1125.9899999999998,9.828278285417802,14.712222220587531,42.6,-131.87,0.9157249863831753,41.666664930555626,-0.0001339113843415498,0.0001510865863178875,9.047548731192394e-05,3.089372119914769e-07,-0.00999999999999801,1.671749149871122e-05,1.0113389044674758e-06,-1,-0.8888887901229415,0.006999999999990791,0.0009999999999976694,0.000999999999990564,-6.816778681182966e-05,1.3786664882238086e-05,-0.30555555556068853,False,122.71285702014427,0.43137254901960786,-0.006000000000000227,-0.00012059,59.7842119,59.82035714,-0.03614523999999619,6635563.03,0.0,1.0008,-0.00012059,1,1,False,1.9557873635242013,0.5,46,36,4,2,0,9,9,False,0,1078167136
1779856607000,1779856608052,10,52,True,59.741,59.741,59.741,59.741,1.27,1.27,0.0,2,2,0,59.74,59.741,0.0009999999999976694,59.7405,59.7400110943091,59.740559258167096,113.97,240.14,559.74,16.22,78.2,465.29,559.74,465.29,0.0921436445761664,0.9999999992125984,0.10780562951326697,-4.4562289473288755e-05,3.81171047906789e-05,-8.267939426396766e-05,0.5460718222875954,0.9778102189685858,1.202991682603961,1.27,0.0,1.27,-1124.7199999999998,9.571613423600825,0.6349999996825,1.14,1.27,0.208951188402535,1.7667844491752926,6.695793370324974e-05,0.00015141136341070756,0.0,3.027901261031378e-07,0.0009999999999976694,0.00020086931804479954,5.272278240198973e-05,-1,0.0,0.0010000000000047748,0.0009999999999976694,0.0010000000000047748,4.997538803799728e-06,1.379222416874839e-05,-0.310810810871527,False,120.28399987971598,0.4230769230769231,0.0,-0.00012059,59.7842119,59.82035714,-0.03614523999999619,6635563.03,0.0,1.0008,-0.00012059,1,1,False,1.9454328125553744,0.5,47,36,4,2,0,8,2,False,0,562270620
1779856608000,1779856609076,10,53,True,59.742,59.761,59.742,59.752,392.89,348.06,44.830000000000005,24,19,5,59.748,59.749,0.0010000000000047748,59.7485,59.74897000355613,59.75029351440249,4.09,19.35,180.81,183.43,570.74,1227.39,180.81,1227.39,-0.7432040903275507,0.7717936318033756,-0.7352465569650521,-9.916750872057133e-05,1.580673960706962e-05,-0.00011497424832764095,0.12839795483586963,-0.9400083611941887,0.1473125901301564,348.06,44.830000000000005,303.23,-821.4899999999998,10.044675278564732,16.370416665984564,79.73,303.23,2.3893256209911047,40.421790984707926,0.00018411120368684114,0.00014172295696737264,0.00019096864479759292,2.748046712200941e-07,0.02400000000000091,0.0001171532699835914,4.686075076646709e-07,-1,0.5263157617729728,0.007000000000005002,0.0010000000000047748,0.023000000000010346,1.683078394494328e-05,1.9976529024080368e-05,-0.28947368440217164,False,123.2817998767182,0.4716981132075472,0.016000000000005343,-0.00012059,59.7842119,59.82035714,-0.03614523999999619,6635563.03,0.0,1.0008,-0.00012059,1,1,False,1.405036286062248,0.5,48,36,4,2,0,11,24,False,0,1869298300
1779856609000,1779856610005,10,54,True,59.749,59.749,59.743,59.743,30.8,4.95,25.849999999999998,4,1,3,59.738,59.739,0.0009999999999976694,59.7385,59.73884539979317,59.741084905693434,15.05,18.47,203.51999999999998,271.03000000000003,514.83,1125.96,203.51999999999998,1125.96,-0.6938351836803158,-0.678571428549397,-0.766049648309017,-8.420349201581885e-05,1.88816824218774e-05,-0.00010308517443769625,0.15308240815946603,-0.6908009793553597,0.1807524245975161,4.95,25.849999999999998,-20.9,-842.3899999999998,9.846489203857692,7.6999999980750005,22.81,-20.9,0.4062361636497433,3.5928143583491696,-0.00015063391802199434,0.00014256227564337916,6.0311438914543524e-05,2.8685954259589133e-07,-0.003999999999997783,-0.0003347451217088355,4.890711623931936e-06,-1,-0.9999998333333611,0.009000000000000341,0.0009999999999976694,-0.0030000000000001137,2.3501102424208706e-05,1.9916725648134236e-05,-0.25614035088205456,False,123.6671998763328,0.48148148148148145,-0.012000000000000455,-0.00012059,59.7842119,59.82035714,-0.03614523999999619,6635563.03,0.0,1.0008,-0.00012059,1,0,False,1.9329710984469568,0.5,49,36,4,2,0,9,4,False,0,1881802574
1779856610000,1779856610997,10,55,True,59.742,59.742,59.738,59.739,22.57,4.859999999999999,17.71,5,3,2,59.738,59.739,0.0009999999999976694,59.7385,59.73890065558113,59.74061279163016,9.969999999999999,13.389999999999999,279.87,196.87,475.15999999999997,1065.24,279.87,1065.24,-0.5838704641251764,-0.5693398316096882,-0.6968918254649434,-6.375862328320454e-05,1.8793647000706555e-05,-8.25522702839111e-05,0.20806476793704004,-0.8013125141344046,0.2627295257404315,4.859999999999999,17.71,-12.850000000000001,-855.2399999999998,9.687587918485308,4.5139999990972,17.62,-12.850000000000001,0.5161243481406923,4.060913689092736,-6.695569209590779e-05,0.00014093341028662712,4.021166418596657e-05,2.8910594937284246e-07,-0.009000000000000341,8.367822592608655e-05,2.966579180015118e-06,-1,-0.7499998125004909,0.000999999999990564,0.0009999999999976694,0.03700000000000614,2.839441339778827e-05,1.7490216753876746e-05,-0.26153846170775286,False,123.89159987610842,0.4727272727272727,0.036000000000015575,-0.00012059,59.7842119,59.82035714,-0.03614523999999619,6635563.03,0.0,1.0008,-0.00012059,1,1,False,1.9297373983300663,0.5,50,36,4,2,0,9,5,False,0,3832092693
1779856611000,1779856612021,10,56,True,59.738,59.742,59.725,59.735,280.09,163.87,116.22,23,7,16,59.737,59.738,0.0009999999999976694,59.7375,59.73723394407265,59.74170902491579,12.8,145.52,348.62,105.63000000000001,270.57,770.0,348.62,770.0,-0.3766962864955243,0.1701238887494373,-0.4508455929628202,-4.735263182962577e-05,2.5513916362638244e-05,-7.286654819226402e-05,0.31165185675179097,0.5321042593431593,0.45275324675265877,163.87,116.22,47.650000000000006,-807.5899999999998,10.124060445748086,12.17782608642705,74.91,47.650000000000006,2.271815752284228,45.738043646077,-6.69601754606808e-05,0.0001409341021727519,0.00017091817060101337,2.879900300075405e-07,-0.01899999999999835,-4.4833647730072685e-09,2.390666409384189e-07,-1,-0.17647057785472106,0.0049999999999954525,0.0009999999999976694,-0.05100000000000193,1.4105848085376412e-05,1.7628960621741198e-05,-0.26666666692278035,False,121.33219987866778,0.4107142857142857,-0.055999999999997385,-0.00012059,59.7842119,59.82035714,-0.03614523999999619,6635692.22,0.0,1.0008,-0.00012059,1,0,False,1.46218273668284,0.5,51,36,4,2,0,10,23,False,0,569985105
1779856612000,1779856613101,10,57,True,59.738,59.738,59.738,59.738,12.67,12.67,0.0,1,1,0,59.74,59.741,0.0009999999999976694,59.7405,59.740200831488096,59.74003939923572,53.71,152.03,462.18,21.16,92.33,628.65,462.18,628.65,-0.15260856412075885,0.9999999999210734,-0.11926204187854557,-4.4153834919852373e-05,2.7164661867015628e-05,-7.1318496786868e-05,0.4236957179391622,0.5983346550238237,0.7351944643271532,12.67,0.0,12.67,-794.9199999999998,9.824910922936674,12.66999998733,12.67,12.67,0.10178209326699088,1.0,5.022055193437178e-05,0.00014013778016556798,0.0,2.913528069767982e-07,-0.02300000000000324,0.00011718072739505257,3.9637373267883225e-06,-1,0.0,0.0049999999999954525,0.0009999999999976694,-0.045000000000001705,1.666437522051484e-05,1.763024421178787e-05,-0.271544715517755,False,121.41699987858297,0.42105263157894735,-0.04999999999999716,-0.00012059,59.7842119,59.82035714,-0.03614523999999619,6635692.22,0.0,1.0008,-0.00012059,1,1,False,1.9176888580066578,0.5,52,36,4,2,0,10,1,False,0,2264675511
1779856613000,1779856614037,10,58,True,59.738,59.742,59.738,59.742,68.89,67.51,1.38,4,2,2,59.74,59.741,0.0009999999999976694,59.7405,59.74015924221629,59.740941454102135,63.76,202.22,494.46,28.82,203.52,777.36,494.46,777.36,-0.2224371373305795,0.9599361300484841,-0.28084197019929524,-4.142261598280511e-05,2.2614300036512183e-05,-6.403691601931729e-05,0.38878143133431714,0.6815138282287989,0.6360759493662703,67.51,1.38,66.13000000000001,-728.7899999999998,9.63393023693875,17.222499995694374,56.93,66.13,0.41519918675016576,3.712871273343299,6.695681288070264e-05,0.00014093529781176228,4.021166418596657e-05,2.947154150754336e-07,-0.008000000000002672,1.673626094633086e-05,9.71938058930624e-07,-1,0.9999997500000624,0.0030000000000001137,0.0009999999999976694,-0.01300000000000523,1.1543091308197742e-05,1.7894477885329377e-05,-0.2761904762771462,False,121.86439987813557,0.41379310344827586,-0.016000000000005343,-0.00012059,59.7842119,59.82035714,-0.03614523999999619,6635692.22,0.0,1.0008,-0.00012059,1,1,False,1.6937105885289991,0.5,53,36,4,2,0,9,4,False,0,3089681584
1779856614000,1779856615069,10,59,True,59.74,59.741,59.74,59.741,17.01,11.05,5.96,2,1,1,59.741,59.742,0.0009999999999976694,59.7415,59.7416246355166,59.74402887102737,27.98,34.67,207.53,103.97999999999999,312.14,1021.36,207.53,1021.36,-0.6622480449831456,0.29923574366259637,-0.6904555030547396,-8.737014113633478e-05,1.6538211612154e-05,-0.00010390835274848878,0.16887597750802033,-0.24927536230980885,0.20318986449420068,11.05,5.96,5.090000000000001,-723.6999999999998,9.383637442285021,8.5049999957475,11.05,5.090000000000001,0.21313696443282878,1.4245014224722203,-1.6738782923449946e-05,0.0001401885043504821,1.0052831904812859e-05,2.891171057325872e-07,-0.012999999999998124,-8.369559580415259e-05,9.840554334195113e-07,-1,0.9999990000010001,0.0010000000000047748,0.0009999999999976694,-0.01099999999999568,1.2717647354639385e-05,1.0124598326525329e-05,-0.2806201558531165,False,121.95779987804218,0.423728813559322,-0.012000000000000455,-0.00012059,59.7842119,59.82035714,-0.03614523999999619,6635692.22,0.0,1.0008,-0.00012059,1,0,False,1.9146784216487611,0.5,54,36,4,2,0,10,2,False,0,3816620833
1779856615000,1779856616005,10,60,True,59.741,59.755,59.741,59.755,29.31,29.279999999999998,0.03,13,12,1,59.757,59.758,0.0010000000000047748,59.7575,59.7570019222108,59.75512142353475,91.23,240.54,482.48,1.09,30.07,366.48,482.48,366.48,0.13663776856372897,0.997952917059094,0.22002204690542254,-4.984662770869475e-05,4.214051445790143e-05,-9.198714216659618e-05,0.5683188842812755,0.9961530241291695,1.3165247762461347,29.279999999999998,0.03,29.249999999999996,-694.4499999999998,9.502206706472398,2.2546153844419528,17.24,29.25,1.3681032627691616,18.37672248006023,0.000234317467765557,0.0001479664725826762,0.00014072198065165356,2.7119696990974553e-07,0.010000000000005116,0.0002510562506890069,7.994454717078217e-06,-1,0.9999999285714337,0.0049999999999954525,0.0010000000000047748,-0.012999999999991019,3.140742860293371e-05,1.0715414324332997e-05,-0.26212121191345406,False,120.56339987943659,0.36666666666666664,-0.01799999999998647,-0.00012059,59.7842119,59.82035714,-0.03614523999999619,6635692.22,-0.00032157663457203556,1.0008,-0.00012059,1,1,False,1.9131236725109206,0.45578554878285754,55,36,4,2,0,9,13,False,0,4173778827
1779856616000,1779856617037,10,61,True,59.758,59.76,59.758,59.76,89.38000000000001,22.32,67.06,5,3,2,59.76,59.761,0.0010000000000047748,59.7605,59.76078561185442,59.7620729677426,21.05,58.379999999999995,231.32,85.57000000000001,207.29,776.24,231.32,776.24,-0.5408313152561229,-0.500559409258217,-0.3576666144134997,-7.05431079841912e-05,2.382918394512682e-05,-9.437229192931802e-05,0.22958434237144232,-0.5712270803788089,0.2980006183650701,22.32,67.06,-44.74,-739.1899999999998,9.354593371833959,17.875999996424802,67.04,-44.74000000000001,0.5344967761527895,5.326231662709818,8.367150571753028e-05,0.00014098757023949364,2.009943956385321e-05,2.65311635247827e-07,0.022999999999996135,-0.00015064596204802672,9.361323083082807e-07,1,0.9999995000002501,0.0010000000000047748,0.0010000000000047748,0.01100000000000989,1.339839322687533e-05,1.0838367926604085e-05,-0.2906976739245479,False,114.08019988591977,0.3442622950819672,0.010000000000005116,-0.00012059,59.74464762,59.80221429,-0.05756666999999993,6635738.01,-0.0003146782924717233,1.0008,-0.00012059,1,1,False,1.5202961827056813,0.45863013629972416,56,36,4,2,0,10,5,False,0,2814910724
1779856617000,1779856618033,10,62,True,59.76,59.76,59.76,59.76,0.1,0.0,0.1,1,0,1,59.76,59.761,0.0010000000000047748,59.7605,59.760442321171766,59.761144409756824,22.16,161.11,295.1,24.65,243.89000000000001,1003.75,295.1,1003.75,-0.5455980290252566,-0.9999999900000001,-0.3442910728944105,-5.999830151987102e-05,1.8164121577012713e-05,-7.816242309688373e-05,0.22720098548698683,0.11535269709064923,0.2939975093396822,0.0,0.1,-0.1,-739.2899999999998,9.080672277675468,0.0999999999,0.1,-0.1,0.11012400506384784,1.0,0.0,0.0001385318848798058,0.0,2.417737723546682e-07,0.01899999999999835,-8.367150571753028e-05,0.0,1,0.0,0.0010000000000047748,0.0010000000000047748,0.015000000000000568,1.0982404933306649e-05,1.0804795560383369e-05,-0.3389355746470329,False,114.08019988591977,0.3387096774193548,0.013999999999995794,-0.00012059,59.74464762,59.80221429,-0.05756666999999993,6635738.01,-0.0003146782924717233,1.0008,-0.00012059,0,1,True,1.8874199837643213,0.4563561861056666,57,36,4,2,0,9,1,False,0,459724436
1779856618000,1779856619005,10,63,True,59.761,59.764,59.754,59.754,60.03,13.370000000000001,46.66,15,4,11,59.748,59.749,0.0010000000000047748,59.7485,59.7489984594342,59.75150011671109,0.55,7.659999999999999,259.79,297.8,362.31,713.15,259.79,713.15,-0.4659691245087405,-0.5545560552964424,-0.5592940640521933,-4.8758283345720404e-05,3.2366159724178655e-05,-8.112444306989907e-05,0.2670154377451158,-0.9969207082217565,0.36428521348893744,13.370000000000001,46.66,-33.28999999999999,-772.5799999999998,9.274748596440206,4.0019999997332,22.32,-33.29,1.6172945112646977,19.83002793538188,-0.00010040664700433703,0.00013295602991948664,0.00010049719804465627,1.778788699708398e-07,0.001999999999995339,-0.00010040664700433703,1.6726078128046714e-06,1,-0.6999999300001492,0.01099999999999568,0.0010000000000047748,0.043000000000006366,2.272935455000605e-05,6.086792971492698e-05,-0.3977591033616484,False,114.6635998853364,0.38095238095238093,0.03200000000001069,-0.00012059,59.74464762,59.80221429,-0.05756666999999993,6635738.01,-0.0003146782924717233,1.0008,-0.00012059,0,1,True,1.885130112890047,0.46109573253791203,58,36,4,2,0,9,15,False,0,3662941967
1779856619000,1779856620043,10,64,True,59.753,59.753,59.741,59.745,142.69,137.74,4.95,11,4,7,59.746,59.747,0.0009999999999976694,59.7465,59.74600138903867,59.74491466098403,112.03,130.95,353.79,3.98,72.21,606.59,353.79,606.59,-0.26322913846574975,0.9306188240175864,-0.2165144050033192,-6.769803158068135e-05,2.7733867442667247e-05,-9.543189902334859e-05,0.36838543076660446,0.997220077204676,0.5832440363333006,137.74,4.95,132.79000000000002,-639.7899999999997,9.331314216229051,12.971818180638925,101.16,132.79,1.1788264486571396,14.104372156496868,-0.00015062887584026103,0.00011727620690601194,0.00012062085923890238,1.8767963824756632e-07,0.001999999999995339,-5.0222228835924e-05,1.0556372264293602e-06,1,-0.6666666111113131,0.0030000000000001137,0.0009999999999976694,-0.07700000000001239,1.0030131886973528e-05,6.084377293952597e-05,-0.36043360433685045,False,117.2923998827076,0.390625,-0.0800000000000125,-0.00012059,59.74464762,59.80221429,-0.05756666999999993,6635738.01,-0.0003146782924717233,1.0008,-0.00012059,0,1,True,1.123718139194656,0.46674408555631713,59,36,4,2,0,10,11,False,0,2919459245
1779856620000,1779856621064,10,65,True,59.746,59.76,59.741,59.754,581.5,487.74,93.76,38,33,5,59.761,59.762,0.0009999999999976694,59.7615,59.76100501138226,59.757853094986594,210.05,392.21,620.41,1.04,20.77,629.09,620.41,629.09,-0.0069467787114790855,0.677523645742601,0.272459585172586,-3.6448169998434845e-05,2.8829519488632864e-05,-6.52776894870677e-05,0.4965266106438603,0.9899756163507181,0.9862022921982765,487.74,93.76,393.98,-245.80999999999972,10.271271127172362,15.30263157854467,92.62,393.98,3.6996394629066325,50.27173660318716,0.00015062887584028006,0.00012195964532986899,0.0001909718408987417,2.086880114430286e-07,0.015000000000000568,0.0003012577516805411,2.590350401376114e-07,1,0.4210526094180869,0.015000000000000568,0.0009999999999976694,-0.05900000000001171,3.351796375169608e-06,6.088527338943538e-05,-0.38482384821023374,False,123.9645998760354,0.5692307692307692,-0.07400000000001228,-0.00012059,59.74464762,59.80221429,-0.05756666999999993,6635738.01,-0.0002516599709358416,1.0008,-0.00012059,0,2,False,1.148944648873831,0.470792207192738,0,37,4,2,0,10,38,False,0,2681737498
1779856621000,1779856622023,10,66,True,59.76,59.768,59.76,59.761,22.03,2.79,19.24,11,7,4,59.765,59.766,0.0009999999999976694,59.7655,59.765001767693306,59.7645519786413,127.26,239.0,440.42,19.72,82.53,873.1,440.42,873.1,-0.3294049576707402,-0.7467090331027367,-0.13012958838341154,-4.925090995733711e-05,1.8486821894438425e-05,-6.773773185177553e-05,0.33529752116424927,0.9964622641313587,0.5044324819602515,2.79,19.24,-16.45,-262.2599999999997,10.295163877101137,2.0027272725452065,13.4,-16.45,1.0684628365555326,11.933174081943028,0.00011714010807033729,0.00012270317582130984,8.039103209830556e-05,2.1456986769043274e-07,0.026000000000003354,-3.348876776994277e-05,5.317299503632319e-06,1,0.12499998437555707,0.009000000000000341,0.0009999999999976694,0.045000000000001705,1.1904755652018377e-05,6.056611044702244e-05,-0.36274509740846167,False,123.87259987612738,0.5454545454545454,0.036000000000001364,-0.00012059,59.74464762,59.80221429,-0.05756666999999993,6635739.18,-0.00025148369731623865,1.0008,-0.00012059,0,1,True,1.838098820458498,0.46289450241697105,1,37,4,2,0,9,11,False,0,2132897488
1779856622000,1779856623073,10,67,True,59.764,59.773,59.761,59.767,140.67,123.47,17.2,19,12,7,59.767,59.768,0.0009999999999976694,59.7675,59.76722313868722,59.76607004727497,282.8,283.64,626.08,30.7,227.55,1355.05,626.08,1355.05,-0.36795667119251735,0.7554560318422162,-0.3011566610566233,-4.509123124126715e-05,1.4137582606110433e-05,-5.922881384737758e-05,0.3160216644034889,0.5537211074351825,0.46203461126861595,123.47,17.2,106.27,-155.98999999999972,10.580568340147002,7.403684210136648,81.8,106.27,1.7957447452147242,42.55318967858767,0.0001003948866380555,0.00012195874619662242,0.00012058049553976992,2.047665775217042e-07,0.029000000000003467,-1.674522143228179e-05,7.136908128054441e-07,1,0.2499999791666684,0.000999999999990564,0.0009999999999976694,-0.03300000000000125,2.255525020304914e-05,6.0653074920349645e-05,-0.3372093020655515,False,120.31559987968438,0.40298507462686567,-0.033999999999991815,-0.00012059,59.74464762,59.80221429,-0.05756666999999993,6635739.18,-0.00025148369731623865,1.0008,-0.00012059,0,1,True,1.3243715699188265,0.4652746577338196,2,37,4,2,0,9,19,False,0,3799755152
1779856623000,1779856624009,10,68,True,59.768,59.776,59.754,59.776,328.98,65.25,263.73,24,14,10,59.775,59.776,0.0010000000000047748,59.7755,59.77519948171824,59.77300832804514,88.15,204.81,483.56,40.31,516.67,1427.58,483.56,1427.58,-0.4939564867040123,-0.6033193507185747,-0.2094828190880332,-5.1960947012685566e-05,1.1130044350381468e-05,-6.309099136306703e-05,0.25302175664773224,0.6010343553638525,0.338727076590917,65.25,263.73,-198.48000000000002,-354.46999999999974,11.020549706043822,13.707499999428855,186.16,-198.48,2.17774980722244,28.678303416956386,0.00015057343411174632,0.00011963785962949218,0.0002210716413593924,2.075602130065149e-07,0.034000000000006025,5.017854747369082e-05,4.5769783607297894e-07,1,0.3636363471074681,0.0010000000000047748,0.0010000000000047748,0.03900000000000148,1.095336083219345e-05,6.0352996332645734e-05,-0.28484848493022574,False,122.04199987795799,0.4852941176470588,0.0379999999999967,-0.00012059,59.74464762,59.80221429,-0.05756666999999993,6635739.18,-0.00025148369731623865,1.0008,-0.00012059,0,2,False,0.4646109581549663,0.4547713547475079,3,37,4,2,0,9,24,False,0,2114142813
1779856624000,1779856625101,10,69,True,59.776,59.783,59.776,59.783,5.73,5.73,0.0,7,7,0,59.783,59.784,0.0009999999999976694,59.783500000000004,59.78300184497539,59.78379579528952,196.01000000000002,263.78000000000003,502.61,98.94000000000001,129.13,710.82,502.61,710.82,-0.17158797788074173,0.9999999998254799,-0.06635288656634952,-5.094503471705691e-05,2.5814660825672656e-05,-7.675969554272956e-05,0.41420601105921706,0.9963088877999388,0.7070847753289059,5.73,0.0,5.73,-348.7399999999997,10.888728404206319,0.8185714284544898,4.66,5.73,0.6428666176165283,27.1493205298827,0.00011709699826856787,0.00012155135579149009,7.032391431100249e-05,2.1510830620386132e-07,0.04200000000000159,-3.3476435843178445e-05,2.0435776308574536e-05,1,0.9999998571428775,0.0010000000000047748,0.0009999999999976694,-0.09299999999998931,1.0984776849006344e-05,6.035039618540821e-05,-0.21818181781398424,False,121.79139987820855,0.4492753623188406,-0.09399999999999409,-0.00012059,59.74464762,59.80221429,-0.05756666999999993,6635739.18,-0.00025148369731623865,1.0008,-0.00012059,0,1,True,1.8252520446266796,0.4529655528633781,4,37,4,2,0,10,7,False,0,3269824338
1779856625000,1779856626079,10,70,True,59.783500000000004,59.783500000000004,59.783500000000004,59.783500000000004,0.0,0.0,0.0,0,0,0,59.783,59.784,0.0009999999999976694,59.783500000000004,59.7836467636763,59.78535097425593,66.19,76.62,318.21999999999997,241.04,430.15999999999997,1195.84,318.21999999999997,1195.84,-0.5796467775381559,0.0,-0.5103596070242911,-5.855232142744684e-05,1.5526892765134324e-05,-7.407921419258116e-05,0.21017661123059178,-0.2935283186531992,0.26610583355610606,0.0,0.0,0.0,-348.7399999999997,10.531720915543817,0.0,0.0,0.0,0.0,0.0,8.36354664559841e-06,0.00011680657784786363,0.0,1.9591673112535928e-07,0.02850000000000108,-0.00010873345162296945,8363.54664559841,1,0.0,0.0,0.0009999999999976694,-0.11199999999999477,1.0984776849006344e-05,5.952248611698169e-05,-0.25079365160105044,False,121.79139987820855,0.45714285714285713,-0.11199999999999477,-0.00012059,59.74464762,59.80221429,-0.05756666999999993,6635739.18,-0.00025148369731623865,1.0008,-0.00012059,0,1,True,1.830337159062345,0.49118013521016607,5,37,4,2,0,9,0,False,0,319175906
1779856626000,1779856627081,10,71,True,59.784,59.784,59.784,59.784,1.38,1.38,0.0,1,1,0,59.783,59.784,0.0009999999999976694,59.783500000000004,59.78354353090017,59.785196069962744,61.21,149.25,283.75,168.35,243.4,1030.98,283.75,1030.98,-0.5683524373821481,0.9999999992753622,-0.5225381805064497,-7.223198525238197e-05,1.758366402974841e-05,-8.981564928213037e-05,0.21582378130854563,-0.08706297130460226,0.2752235736869045,1.38,0.0,1.38,-347.35999999999973,10.219205475689922,1.3799999986199998,1.38,1.38,0.09785496556273449,1.0,8.363476697247894e-06,0.00011291882514815138,0.0,1.870202498579842e-07,0.02400000000000091,-6.994835051583566e-11,6.0604903559329014e-06,1,0.0,0.000999999999990564,0.0009999999999976694,-0.1110000000000042,1.1339386352201152e-05,418.17389429299703,-0.25079365160105044,False,120.28199987971799,0.36619718309859156,-0.11199999999999477,-0.00012059,59.74464762,59.80221429,-0.05756666999999993,6635875.56,-0.00023093652104020423,1.0008,-0.00012059,0,1,True,1.8755774698684213,0.5039257594816315,6,37,4,2,0,8,1,False,0,551934395
1779856627000,1779856628083,10,72,True,59.784,59.784,59.784,59.784,31.79,31.79,0.0,2,2,0,59.783,59.784,0.0009999999999976694,59.783500000000004,59.78344713966989,59.78567201967608,72.05,160.19,311.66,207.51,248.26999999999998,854.67,311.66,854.67,-0.4655714934877217,0.9999999999685436,-0.4409482803844275,-7.085048812326417e-05,2.258310502031652e-05,-9.343359314358069e-05,0.2672142532557105,0.10571955719459668,0.3646553640582159,31.79,0.0,31.79,-315.5699999999997,9.94972332894599,15.8949999920525,23.43,31.79,0.20101061443392484,2.0920502048283467,0.0,0.00011192181569536988,0.0,1.7469254408749517e-07,0.02400000000000091,-8.363476697247894e-06,0.0,1,0.0,0.000999999999990564,0.0009999999999976694,-0.06300000000000239,5.0533479141355395e-05,418.1738942677127,-0.25079365160105044,False,117.47999988251999,0.3472222222222222,-0.06399999999999295,-0.00012059,59.74464762,59.80221429,-0.05756666999999993,6635875.56,-0.00023093652104020423,1.0008,-0.00012059,0,1,True,1.8855334289364496,0.5086312340972263,7,37,4,2,0,9,2,False,0,3063513780
1779856628000,1779856628994,10,73,True,59.783,59.796,59.783,59.796,206.73000000000002,205.23000000000002,1.5,16,14,2,59.795,59.796,0.0009999999999976694,59.795500000000004,59.79500723359703,59.79614123120449,49.7,153.25,420.31,33.0,158.92,840.28,420.31,840.28,-0.333153523349913,0.9854883180913003,-0.31766423696576584,-4.247274451560496e-05,1.9831925841317237e-05,-6.23046703569222e-05,0.3334232383246469,0.985529715736808,0.5002023135139475,205.23000000000002,1.5,203.73000000000002,-111.83999999999969,10.148093055865793,12.920624999192462,140.68,203.73000000000002,1.5766508949358757,17.626321663460843,0.00020070245927886454,0.00011333896029356668,0.0001305797119539635,1.469591521244008e-07,0.04200000000000159,0.00020070245927886454,9.708434154592642e-07,1,0.9999999230769291,0.000999999999990564,0.0009999999999976694,-0.03300000000000125,-6.866838706299002e-07,418.17388733490935,-0.25079365160105044,False,116.33879988366121,0.3424657534246575,-0.033999999999991815,-0.00012059,59.74464762,59.80221429,-0.05756666999999993,6635875.56,-0.00023093652104020423,1.0008,-0.00012059,0,2,False,0.9313224265254586,0.5145630281020358,8,37,4,2,0,8,16,False,0,1137225807
1779856629000,1779856630015,10,74,True,59.798,59.832,59.798,59.829,856.09,578.42,277.67,44,35,9,59.829,59.83,0.0009999999999976694,59.829499999999996,59.82923076596676,59.827671112960296,64.67999999999999,130.93,368.04,6.5,134.74,791.41,368.04,791.41,-0.3651472681009399,0.3513065215101784,-0.21368818644259885,-4.663543445838536e-05,2.148158776994013e-05,-6.811702222832549e-05,0.3174263659490988,0.5384615384321625,0.465043403544983,578.42,277.67,300.74999999999994,188.91000000000025,11.257991644198063,19.456590908648717,113.03,300.75,3.908334753363188,43.87754909516876,0.0005517241519264739,0.00016410718463383367,0.0003413705842875103,2.4760574802530915e-07,0.08400000000000318,0.0003510216926476093,6.444698009856783e-07,1,0.9117646790657385,0.000999999999990564,0.0009999999999976694,0.01100000000000989,1.7174124463643658e-05,418.1738874491801,-0.25079365160105044,False,119.37399988062597,0.36486486486486486,0.010000000000019327,-0.00012059,59.74464762,59.80221429,-0.05756666999999993,6635875.56,-0.00023093652104020423,1.0008,-0.00012059,2,2,False,1.136085589261151,0.5439634243842265,9,37,4,2,0,10,44,False,0,2839160585
1779856630000,1779856630999,10,75,True,59.828,59.849,59.824,59.838,235.10999999999999,169.27,65.84,29,22,7,59.839,59.84,0.0010000000000047748,59.8395,59.83900766100179,59.84053181321024,55.02,76.28,355.78,45.09,138.84,651.94,355.78,651.94,-0.29389116024263306,0.4399217387587091,-0.2369681673347345,-5.1107767110358786e-05,2.6537849291465415e-05,-7.76456164018242e-05,0.3530544198781873,0.9846678023011356,0.5457250667230945,169.27,65.84,103.43,292.34000000000026,11.83969683619157,8.107241379030784,36.04,103.43,2.4493870407984986,34.14634029744204,0.00015041740859158694,0.0001668480885524659,0.00025091758923452437,3.2611130032464703e-07,0.08400000000000318,-0.00040130674333488695,6.397746101439631e-07,1,0.3999999839999438,0.0030000000000001137,0.0010000000000047748,0.029000000000010573,5.2330468301152606e-05,418.173887349271,-0.22857142796587882,False,121.314999878685,0.4266666666666667,0.02600000000001046,-0.00012059,59.74464762,59.80221429,-0.05756666999999993,6635875.56,-0.0001422759733743544,1.0008,-0.00012059,2,1,False,1.879012512803493,0.5676523834069818,10,37,4,2,0,10,29,False,0,552629452
1779856631000,1779856632043,10,76,True,59.839,59.845,59.839,59.84,36.17,31.900000000000002,4.27,9,4,5,59.839,59.84,0.0010000000000047748,59.8395,59.839932001985396,59.84101979951517,30.279999999999998,76.59,279.57,484.37,573.87,1424.14,279.57,1424.14,-0.6718103433092065,0.7638927287596381,-0.515641543122364,-7.361127006812837e-05,1.586724615210241e-05,-8.947851622023077e-05,0.16409482834510328,-0.8640044458523977,0.19630794725223902,31.900000000000002,4.27,27.630000000000003,319.97000000000025,11.746592021890207,4.018888888442346,20.85,27.630000000000003,0.766179670023611,12.944983651197623,3.342301843590593e-05,0.0001663428877553639,6.0214685829037695e-05,3.277759271758271e-07,0.07900000000000063,-0.00011699439015568101,9.240535923412185e-07,1,0.166666638889683,0.0010000000000047748,0.0010000000000047748,0.07900000000000773,6.250060901946034e-05,418.1738872080401,-0.26212121191345406,False,120.72919987927077,0.42105263157894735,0.07800000000000296,-0.00012059,59.74464762,59.80221429,-0.05756666999999993,6635588.81,-0.0001854819075080311,1.0008,-0.00012059,2,1,False,1.831107928003274,0.57464899158524,11,37,4,2,0,10,9,False,0,2185074722
1779856632000,1779856633009,10,77,True,59.839,59.839,59.819,59.819,62.07,23.8,38.27,19,2,17,59.815,59.816,0.0010000000000047748,59.8155,59.81599948830807,59.81733792869237,0.99,28.020000000000003,225.11,487.87,1018.65,1743.29,225.11,1743.29,-0.7712761633810346,-0.23312389237581568,-0.7085813097121282,-7.580100946430465e-05,1.2092331759002965e-05,-8.789334122330762e-05,0.11436191830922864,-0.998977172341815,0.12912940474612422,23.8,38.27,-14.470000000000002,305.5000000000002,11.9844086769102,3.266842105091219,27.32,-14.47,1.5853931979990818,40.63205252510848,-0.00035099742126541944,0.0001835859760485878,0.00020075923381153557,3.3614471235910124e-07,0.0519999999999996,-0.0003844204397013254,5.654864205892776e-06,1,-0.9999999500000025,0.007000000000005002,0.0010000000000047748,-0.0630000000000166,5.156393706428899e-05,418.1738876842802,-0.2906976739245479,False,95.40619990459379,0.24675324675324675,-0.0700000000000216,-0.00012059,59.74464762,59.80221429,-0.05756666999999993,6635588.81,-0.0001854819075080311,1.0008,-0.00012059,2,1,False,1.830836559533126,0.5378938482894703,12,37,4,2,0,9,19,False,0,3666764979
1779856633000,1779856634100,10,78,True,59.817,59.817,59.815,59.815,0.47,0.0,0.47,2,0,2,59.812,59.813,0.0010000000000047748,59.8125,59.81299858513956,59.81413527214375,1.23,10.57,188.91,480.76,713.74,1521.42,188.91,1521.42,-0.7790952623173427,-0.9999999978723404,-0.7591171688476809,-8.917126156680174e-05,1.7375002436305097e-05,-0.00010654626400310683,0.11045236884103625,-0.9971707244397396,0.12416689671482944,0.0,0.47,-0.47,305.0300000000002,11.65705101537216,0.23499999988249998,0.38,-0.47,0.17156997916462996,3.1545741225407755,-6.687062208898124e-05,0.0001835844052938156,2.0080286359783973e-05,3.5849535271469195e-07,0.03899999999999437,0.0002841267991764382,0.00014227791903553898,1,-0.9999995000002501,0.0049999999999954525,0.0010000000000047748,-0.03700000000000614,4.8246856577076994e-05,418.1738874739135,-0.31512605019252754,False,95.40619990459379,0.2564102564102564,-0.04200000000000159,-0.00012059,59.74464762,59.80221429,-0.05756666999999993,6635588.81,-0.0001854819075080311,1.0008,-0.00012059,2,2,False,1.8238806635155023,0.5341874889217875,13,37,4,2,0,10,2,False,0,1563093083
1779856634000,1779856635080,10,79,True,59.812,59.822,59.811,59.822,127.71000000000001,105.18,22.529999999999998,12,10,2,59.823,59.824,0.0009999999999976694,59.823499999999996,59.82300148563226,59.82123858075028,182.12,304.74,506.17,0.92,100.47,674.39,506.17,674.39,-0.14249169885466006,0.6471693680945332,0.037520289013882456,-4.457675962771799e-05,2.364478727319932e-05,-6.82215469009173e-05,0.4287541505722465,0.9970267591510236,0.7505597651199595,105.18,22.529999999999998,82.65,387.6800000000002,11.66829524437635,10.642499999113125,50.31,82.65,1.0284278677945768,13.994910745618299,0.00011702065427918087,0.00018540203936524648,0.00011044065211016743,3.623984074355003e-07,0.03900000000000148,0.00018389127636816213,9.16299853404311e-07,1,0.9090908264465234,0.002999999999985903,0.0009999999999976694,0.045000000000015916,3.6722685972029144e-05,418.17389991077033,-0.30487804875234004,False,87.75679991224321,0.189873417721519,0.04200000000003001,-0.00012059,59.74464762,59.80221429,-0.05756666999999993,6635588.81,-0.0001854819075080311,1.0008,-0.00012059,2,2,False,1.6488877947713796,0.5174182183521139,14,37,4,2,0,9,12,False,0,2132950221
1779856635000,1779856636015,10,80,True,59.824,59.828,59.824,59.828,1.88,1.88,0.0,3,3,0,59.823,59.824,0.0009999999999976694,59.823499999999996,59.823972129363526,59.82518159348875,5.359999999999999,32.06,244.63,351.48,730.65,1527.97,244.63,1527.97,-0.723987363194898,0.999999999468085,-0.680899356037794,-7.261367988876523e-05,1.3425923815626064e-05,-8.60396037043913e-05,0.13800631840226898,-0.9442594647863838,0.1601013108895069,1.88,0.0,1.88,389.5600000000002,11.384088842921388,0.6266666664577777,1.68,1.88,0.2635257016288897,999999999.9999999,0.00010029251993352913,0.00017925292715467755,4.015385983470231e-05,3.5452900839356665e-07,0.04449999999999932,-1.6728134345651743e-05,5.334708504265002e-05,1,0.9999997500000624,0.009000000000014552,0.0009999999999976694,0.09499999999999886,3.110566750230434e-05,418.17389926127225,-0.3389355746470329,False,87.0377999129622,0.1625,0.08599999999998431,-0.00012059,59.74464762,59.80221429,-0.05756666999999993,6635588.81,-0.00016359548648297087,1.0008,-0.00012059,2,1,False,1.8077249179398032,0.5134019570343868,15,37,4,2,0,9,3,False,0,2320116192
1779856636000,1779856637030,10,81,True,59.824,59.824,59.8,59.801,23.34,1.08,22.259999999999998,19,2,17,59.8,59.801,0.0010000000000047748,59.8005,59.8009860043974,59.80266784667987,2.44,60.949999999999996,392.4,209.27,642.77,1557.87,392.4,1557.87,-0.5975941792671795,-0.9074550128145906,-0.43622029601409296,-4.7918854591094895e-05,1.297541652258952e-05,-6.089427111368442e-05,0.20120291036615381,-0.9720101781058061,0.25188237786191925,1.08,22.259999999999998,-21.18,368.38000000000017,11.633790848071506,1.2284210525669252,11.87,-21.18,1.6331735928978293,27.23146673197216,-0.00045139557228522376,0.00020486450152235608,0.0002409795542504558,3.998006078248892e-07,0.017000000000003013,-0.0005516880922187529,1.9339998811734522e-05,1,-0.9583332934025821,0.0010000000000047748,0.0010000000000047748,-0.03100000000000591,4.26970995123187e-05,418.17391112373815,-0.31512605019252754,False,87.1243999128756,0.18518518518518517,-0.03200000000001069,-0.00012059,59.74464762,59.80221429,-0.05756666999999993,6635532.05,-0.00017214796252465068,1.0008,-0.00012059,2,1,False,1.8135095398970689,0.5295024338395948,16,37,4,2,0,9,19,False,0,147951928
1779856637000,1779856637993,10,82,True,59.8,59.8,59.787,59.787,26.92,0.74,26.18,15,1,14,59.787,59.788,0.0009999999999976694,59.787499999999994,59.78798850031734,59.79093066340803,21.22,136.03,359.3,148.39,483.09,1016.72,359.3,1016.72,-0.4777692184703146,-0.9450222882264108,-0.3088701723259323,-4.829277713359998e-05,1.9255529130807272e-05,-6.754830626440725e-05,0.26111539076447937,-0.9770043504979179,0.353391297505357,0.74,26.18,-25.44,342.94000000000017,11.74415836124949,1.7946666665470223,15.09,-25.44,1.2772307335548294,14.53790217701908,-0.00023413720547142792,0.00021144851745354452,0.00013057097657544187,5.054891056819274e-07,0.0030000000000001137,0.00021725836681379585,8.697518776475869e-06,1,-0.9999999230769291,0.000999999999990564,0.0009999999999976694,-0.006999999999990791,4.613516705165355e-05,418.1739116253174,-0.28048780487895675,False,84.47179991552821,0.13414634146341464,-0.007999999999981355,-0.00012059,59.74464762,59.80221429,-0.05756666999999993,6635532.05,-0.00017214796252465068,1.0008,-0.00012059,2,2,False,1.803821273804699,0.5509406072581462,17,37,4,2,0,9,15,False,0,1655042427
1779856638000,1779856639053,10,83,True,59.786,59.799,59.778,59.796,176.5,93.44,83.06,23,15,8,59.796,59.797,0.0009999999999976694,59.796499999999995,59.79687841545431,59.79892384024798,24.37,96.02,302.9,400.66,720.13,1404.54,302.9,1404.54,-0.6451998313260523,0.05881019829995006,-0.5391150894264773,-6.838747844026831e-05,1.549700767607069e-05,-8.388448611633901e-05,0.17740008433668097,-0.7568317380998972,0.21565779543465072,93.44,83.06,10.379999999999995,353.32000000000016,12.113202349405244,7.673913043144612,58.18,10.379999999999997,1.8987547086778866,24.49888581405848,0.00015052306794435133,0.00021293017750976075,0.00021093998715336883,5.256080158042504e-07,0.0,0.00038466027341577927,8.528219146940426e-07,1,0.4761904535146275,0.000999999999990564,0.0009999999999976694,0.024999999999991473,4.311071926372614e-05,418.17386170156914,-0.28048780487895675,False,84.28039991571958,0.13253012048192772,0.02400000000000091,-0.00012059,59.74464762,59.80221429,-0.05756666999999993,6635532.05,-0.00017214796252465068,1.0008,-0.00012059,2,2,False,1.55056995489984,0.538711603567602,18,37,4,2,0,9,23,False,0,2221202687
1779856639000,1779856640005,10,84,True,59.796,59.796,59.796,59.796,41.39,41.39,0.0,1,1,0,59.799,59.8,0.0009999999999976694,59.799499999999995,59.79998473320118,59.79943792575118,45.56,73.45,374.78000000000003,99.35,755.4300000000001,1486.09,374.78000000000003,1486.09,-0.5971991595325857,0.9999999999758397,-0.385908871175965,-5.493817406407467e-05,1.29698182713379e-05,-6.790799233541257e-05,0.2014004202334385,-0.9694691273417756,0.25219199375525564,41.39,0.0,41.39,394.71000000000015,11.74883505926081,41.38999995861,41.39,41.39,0.08511482158621786,1.0,0.0,0.00021024939377437736,0.0,5.029189575673468e-07,-0.03300000000000125,-0.00015052306794435133,0.0,1,0.0,0.006999999999990791,0.0009999999999976694,0.024999999999991473,2.9535815372392682e-05,418.1738615761078,-0.30487804875234004,False,77.37899992262099,0.09523809523809523,0.018000000000000682,-0.00012059,59.74464762,59.80221429,-0.05756666999999993,6635532.05,-0.00017214796252465068,1.0008,-0.00012059,2,1,False,1.8150933010621453,0.5347211803124073,19,37,4,2,0,10,1,False,0,1560367996
1779856640000,1779856641080,10,85,True,59.799,59.799,59.783,59.783,50.010000000000005,3.35,46.660000000000004,13,1,12,59.78,59.781,0.0009999999999976694,59.7805,59.78099896506801,59.78294101514193,4.28,25.86,271.4,496.36,864.61,2040.3,271.4,2040.3,-0.7651944456457305,-0.8660267946237548,-0.6815547807160616,-5.498065420377893e-05,8.438940468804636e-06,-6.341959467258357e-05,0.11740277717691855,-0.9979315099862337,0.13301965397238982,3.35,46.660000000000004,-43.31,351.40000000000015,11.78985686059652,3.84692307662716,27.85,-43.31,1.1026427337167526,20.58318997084343,-0.0002174294826217036,0.0002131528410936738,0.00016070946007983397,4.852742747729031e-07,-0.054999999999999716,-0.0002174294826217036,4.3477201083254525e-06,-1,-0.9999999375000039,0.0049999999999954525,0.0009999999999976694,0.026999999999986812,4.228906219794652e-05,418.1738617859854,-0.3389355746470329,False,76.14779992385219,0.08235294117647059,0.02199999999999136,-0.00012059,59.74464762,59.80221429,-0.05756666999999993,6635532.05,-0.00015061783107934564,1.0008,-0.00012059,2,0,False,1.7085478151556535,0.5347149775603095,20,37,4,2,0,10,13,False,0,80418433
1779856641000,1779856642003,10,86,True,59.781,59.782,59.781,59.782,261.25,260.89,0.36,5,4,1,59.785,59.786,0.0010000000000047748,59.7855,59.785092270704006,59.786622496833644,144.73,153.83,385.29,132.99,1019.16,1289.17,385.29,1289.17,-0.5398038770704946,0.9972440191349388,-0.13170442111898228,-6.315693658375473e-05,1.065412350689232e-05,-7.381106009064705e-05,0.23009806146445416,0.8154574132411725,0.2988667126908795,260.89,0.36,260.53,611.9300000000001,11.567238602872045,52.24999998955,87.21,260.53,0.43225528332460333,5.056889987070089,-1.6727303140970473e-05,0.00021157039857666037,1.0045937362023136e-05,4.771510157700095e-07,-0.058000000000006935,0.00020070217948073315,6.402795460634046e-08,-1,0.9999990000010001,0.007000000000005002,0.0010000000000047748,-0.03900000000001569,1.140506689527714e-05,418.1738617926371,-0.31512605019252754,False,81.07539991892459,0.12790697674418605,-0.04600000000002069,-0.00012059,59.74464762,59.80221429,-0.05756666999999993,6635532.18,-0.00015059824253413318,1.0008,-0.00012059,2,1,False,1.1137164268644701,0.5741632353635855,21,37,4,2,0,8,5,False,0,124827999
1779856642000,1779856643089,10,87,True,59.786,59.786,59.772,59.784,47.089999999999996,25.38,21.71,16,5,11,59.783,59.784,0.0009999999999976694,59.783500000000004,59.783342331537376,59.78524104486597,116.74000000000001,202.72,503.55,212.70000000000002,1136.95,1431.27,503.55,1431.27,-0.47948646385685517,0.07793586748613428,-0.14523272026659448,-4.956984494990633e-05,1.0489261642205049e-05,-6.005910659211138e-05,0.26025676807131404,0.315334773212467,0.35182041124291585,25.38,21.71,3.669999999999998,615.6,11.712575042122142,2.9431249998160545,25.09,3.6700000000000004,1.3660531472449793,26.978416538352068,3.3454326483861114e-05,0.00021050899384291867,0.00014064900550254893,4.625938135821306e-07,-0.035000000000003695,5.018162962483159e-05,7.104337753907557e-07,-1,-0.14285713265320696,0.000999999999990564,0.0009999999999976694,-0.024999999999991473,1.1574486090501277e-05,418.1738615711805,-0.28048780487895675,False,80.5937999194062,0.12643678160919541,-0.025999999999982037,-0.00012059,59.74464762,59.80221429,-0.05756666999999993,6635532.18,-0.00015059824253413318,1.0008,-0.00012059,2,1,False,1.500552326349172,0.5715865389742399,22,37,4,2,0,10,16,False,0,1992776475
1779856643000,1779856644001,10,88,True,59.783500000000004,59.783500000000004,59.783500000000004,59.783500000000004,0.0,0.0,0.0,0,0,0,59.783,59.784,0.0009999999999976694,59.783500000000004,59.78302691135138,59.78568147757772,91.84,233.86,422.64,124.88000000000001,977.5699999999999,1285.45,422.64,1285.45,-0.5051314626275517,0.0,-0.03142569100747837,-4.810187414151541e-05,1.1372831314971253e-05,-5.9474705456486664e-05,0.24743426868593138,0.946174142455246,0.3287875841142566,0.0,0.0,0.0,615.6,11.328556188282072,0.0,0.0,0.0,0.0,0.0,-8.363476697276072e-06,0.0002078074010300669,0.0,4.45241910908626e-07,-0.03149999999999409,-4.181780318113718e-05,8363.476697276072,-1,0.0,0.0,0.0009999999999976694,0.06399999999999295,1.1574486090501277e-05,418.17386152654063,-0.28048780487895675,False,80.5937999194062,0.125,0.06399999999999295,-0.00012059,59.74464762,59.80221429,-0.05756666999999993,6635532.18,-0.00015059824253413318,1.0008,-0.00012059,2,0,False,1.4888955394737744,0.5565331276772727,23,37,4,2,0,8,0,False,0,2642649862
1779856644000,1779856645075,10,89,True,59.784,59.784,59.783,59.783,3.94,0.64,3.3,2,1,1,59.783,59.784,0.0009999999999976694,59.783500000000004,59.783614478014215,59.78432149392961,180.9,250.06,451.89,455.69,1215.05,1744.78,451.89,1744.78,-0.5885681508826593,-0.6751269033819474,-0.35792839304576124,-5.2977988437671e-05,9.31210580845133e-06,-6.229009424612233e-05,0.20571592455844268,-0.22895732036489508,0.2589954034318029,0.64,3.3,-2.6599999999999997,612.94,11.02270188702692,1.969999999015,3.3,-2.6599999999999997,0.18144371682340787,1.371742110601177,-8.363546645686395e-06,0.00020615971482886836,1.0045601284707198e-05,4.4433251302902503e-07,-0.03900000000000148,-6.9948410323138e-11,2.122727574508545e-06,-1,-0.9999990000010001,0.0010000000000047748,0.0009999999999976694,0.06499999999999773,1.0819414838008508e-05,836.3511937930634,-0.28048780487895675,False,80.6007999193992,0.15730337078651685,0.06399999999999295,-0.00012059,59.74464762,59.80221429,-0.05756666999999993,6635532.18,-0.00015059824253413318,1.0008,-0.00012059,2,0,False,1.492872219103975,0.5893423684616379,24,37,4,2,0,10,2,False,0,2392160585
1779856645000,1779856646005,10,90,True,59.784,59.796,59.784,59.796,743.81,743.81,0.0,10,10,0,59.796,59.797,0.0009999999999976694,59.796499999999995,59.79689834279759,59.793621835905626,89.75,191.96,404.78,35.54,259.54,933.16,404.78,933.16,-0.3949205495011772,0.9999999999986556,-0.16649361194820197,-5.191510421837159e-05,1.7895779201432236e-05,-6.981088341980382e-05,0.30253972524903766,-0.7966903072972146,0.4337734150623325,743.81,0.0,743.81,1356.75,10.989170677616203,74.3809999925619,546.79,743.81,0.9099867762959558,22.49999949375001,0.00021742948262183252,0.00021180677413235762,0.00012053411066919705,4.4608104632160334e-07,-0.03200000000000358,0.00022579302926751892,2.9231857950490077e-07,-1,0.9999999166666736,0.000999999999990564,0.0009999999999976694,-0.04100000000001103,1.7755541829987025e-06,836.3511964793404,-0.28048780487895675,False,89.4837999105162,0.3,-0.04200000000000159,-0.00012059,59.74464762,59.80221429,-0.05756666999999993,6635532.18,-0.00018238164005334866,1.0008,-0.00012059,2,1,False,0.010733231078420644,0.5705316984457974,25,37,4,2,0,9,10,False,0,3227141928
1779856646000,1779856647055,10,91,True,59.797,59.797,59.797,59.797,1.12,1.12,0.0,1,1,0,59.801,59.802,0.0009999999999976694,59.801500000000004,59.80100323798499,59.798342881834486,130.93,241.54999999999998,868.65,0.66,22.59,479.46,868.65,479.46,0.28869305917151517,0.9999999991071428,0.2807172872327058,-2.150521358533399e-05,3.6790094569995605e-05,-5.829530815532959e-05,0.6443465295853867,0.9935219911184194,1.8117256913990496,1.12,0.0,1.12,1357.87,10.661656884907474,1.11999999888,1.12,1.12,0.09379405196595617,1.0,1.6723386820656726e-05,0.0002118315268428426,0.0,4.497172036657035e-07,-0.0040000000000048885,-0.0002007060958011758,1.4931595362254578e-05,-1,0.0,0.009000000000014552,0.0009999999999976694,-0.0049999999999954525,1.7597898583032386e-06,418.1773616180699,-0.28048780487895675,False,84.18259991581739,0.18681318681318682,-0.014000000000010004,-0.00012058,59.80076429,59.848,-0.047235710000002484,6635519.85,-0.00018423947916859092,1.0008,-0.00012058,2,0,False,1.233649429202183,0.5732954214782373,26,37,4,2,0,10,1,False,0,2571825386
1779856647000,1779856648075,10,92,True,59.801,59.805,59.788,59.788,335.04,0.5800000000000001,334.46,22,4,18,59.796,59.797,0.0009999999999976694,59.796499999999995,59.79699709484525,59.79884960893416,3.13,124.22999999999999,293.85,137.97,579.86,1036.57,293.85,1036.57,-0.5582597976574628,-0.996537726835612,-0.4819300534672977,-4.9547593932120545e-05,1.8318898200186272e-05,-6.786649213230682e-05,0.22087010117089276,-0.994193548355026,0.28348302574810824,0.5800000000000001,334.46,-333.88,1023.9899999999999,11.033405839500672,15.229090908398678,67.06,-333.88,1.9939446004282653,40.7766973663871,-0.0001505205505204521,0.00021448873530099184,0.00017073809576563525,4.5223441705651526e-07,0.0009999999999976694,-0.00016724393734110884,4.492614330229311e-07,-1,-0.764705837370417,0.016999999999995907,0.0009999999999976694,0.03100000000000591,3.247480959045454e-06,418.17736833773733,-0.28048780487895675,False,90.6473999093526,0.32608695652173914,0.014000000000010004,-0.00012058,59.80076429,59.848,-0.047235710000002484,6635519.85,-0.00018423947916859092,1.0008,-0.00012058,2,0,False,1.2805566793213001,0.5794065800121321,27,37,4,2,0,10,22,False,0,1183741296
1779856648000,1779856648993,10,93,True,59.797,59.821,59.792,59.809,585.16,517.64,67.52,43,30,13,59.815,59.816,0.0010000000000047748,59.8155,59.81500247496381,59.816520070146,60.19,131.08,406.04,28.49,103.88,716.63,406.04,716.63,-0.2766529790586043,0.7692255109700438,-0.1078521952501357,-4.927972044823224e-05,2.530696926013661e-05,-7.458668970836885e-05,0.3616735104702525,0.995046780379883,0.566596430514259,517.64,67.52,450.12,1474.11,12.081490893943272,13.608372092706782,281.52,450.12,3.55916338255883,67.96116042982405,0.0003511793810183594,0.0002239591292973154,0.0002912104080435315,3.9436173668364123e-07,0.012999999999998124,0.0005016999315388116,6.001424926819319e-07,1,0.41379308917961627,0.01300000000000523,0.0010000000000047748,-0.021000000000015007,5.091149394347403e-06,418.1773680744767,-0.25609756100557346,False,98.968999901031,0.3870967741935484,-0.034000000000020236,-0.00012058,59.80076429,59.848,-0.047235710000002484,6635519.85,-0.00018423947916859092,1.0008,-0.00012058,2,2,False,0.20111710417604417,0.5329995405966036,28,37,4,2,0,9,43,False,0,1006832121
1779856649000,1779856650061,10,94,True,59.816,59.819,59.816,59.816,15.08,0.09,14.99,3,1,2,59.815,59.816,0.0010000000000047748,59.8155,59.815820623190135,59.81818258083634,19.06,55.56,230.89,155.93,241.1,1245.55,230.89,1245.55,-0.687234157838661,-0.9880636604119322,-0.5706045850493463,-7.85148359344936e-05,1.4067872429103765e-05,-9.258270836359737e-05,0.1563829210803308,-0.6412516526821836,0.1853719240494678,0.09,14.99,-14.9,1459.2099999999998,11.783737094141854,5.026666664991111,14.43,-14.9,0.2545881646694941,3.6429872362732705,0.00011703239302822935,0.0001887393537542131,3.011967423505405e-05,3.5247218283622095e-07,0.020000000000003126,-0.00023414698799013005,7.760768767935582e-06,1,0.0,0.0010000000000047748,0.0010000000000047748,0.007000000000005002,0.00013820310552623482,418.177367951036,-0.276315788925726,False,95.53139990446859,0.3617021276595745,0.006000000000000227,-0.00012058,59.80076429,59.848,-0.047235710000002484,6635519.85,-0.00018423947916859092,1.0008,-0.00012058,2,1,False,1.2380164440218415,0.5342005875593381,29,37,4,2,0,10,3,False,0,289612493
1779856650000,1779856651081,10,95,True,59.815,59.815,59.812,59.812,31.89,13.0,18.889999999999997,6,2,4,59.816,59.817,0.0009999999999976694,59.816500000000005,59.81699359460761,59.8181852794432,12.42,162.03,354.4,79.98,118.22,1120.33,354.4,1120.33,-0.5193696473249209,-0.18469739729743806,-0.17356284018143117,-4.9472656163028084e-05,1.8412733031873227e-05,-6.788538919490131e-05,0.24031517633720048,-0.9871977239696161,0.3163353654723909,13.0,18.889999999999997,-5.889999999999997,1453.3199999999997,11.594106369743761,5.314999999114167,16.24,-5.889999999999998,0.5175043084942044,11.682242854179405,-6.687397601723982e-05,0.00018631929650094026,3.0121688474296262e-05,3.552712004603931e-07,0.028999999999996362,-0.00018390636904546916,2.0970202576087424e-06,1,-0.9999996666667778,0.009000000000014552,0.0009999999999976694,0.01500000000001478,8.586758364598867e-05,418.17736816398167,-0.24358974371979808,False,92.1811999078188,0.3263157894736842,0.006000000000000227,-0.00012058,59.80076429,59.848,-0.047235710000002484,6635519.85,-0.00013758445402930374,1.0008,-0.00012058,2,1,False,1.2382897894627987,0.53222776707126,30,37,4,2,0,9,6,False,0,2094783642
1779856651000,1779856652023,10,96,True,59.816,59.816,59.791,59.794,127.69000000000001,42.53,85.16,25,2,23,59.799,59.8,0.0009999999999976694,59.799499999999995,59.79999202036314,59.80306498884417,16.61,111.33,625.38,156.34,347.87,1238.73,625.38,1238.73,-0.32903101211820707,-0.33385543111963456,-0.581940766661832,-2.6334105309143762e-05,1.3715463138255608e-05,-4.004956844739937e-05,0.33548449394062824,-0.9840440164791187,0.5048557797094566,42.53,85.16,-42.629999999999995,1410.6899999999996,12.033643865817735,5.1075999997956965,35.77,-42.63,2.077508714458174,26.966291407650566,-0.0003009882470091866,0.00019796141437770164,0.00025105604736313364,3.63668087990447e-07,0.012000000000000455,-0.00023411427099194682,2.357179473778913e-06,1,-0.8799999648000242,0.01099999999999568,0.0009999999999976694,0.0630000000000166,3.426015314186179e-05,418.1773686287899,-0.2692307688406057,False,92.68199990731799,0.3333333333333333,0.05200000000002092,-0.00012058,59.80076429,59.848,-0.047235710000002484,6635828.38,-9.10941174705699e-05,1.0008,-0.00012058,2,1,False,1.1933113758811844,0.5467742752037846,31,37,4,2,0,9,25,False,0,495000098
1779856652000,1779856652995,10,97,True,59.798,59.802,59.798,59.802,50.5,50.5,0.0,6,6,0,59.803,59.804,0.0010000000000047748,59.8035,59.80386593323923,59.80377965822718,25.37,166.52,781.34,38.940000000000005,280.66,906.7,781.34,906.7,-0.0742636430415901,0.9999999999801981,-0.15753082991845782,-2.8876065846988336e-05,2.0764837320506106e-05,-4.964090316749444e-05,0.46286817847890876,-0.7318727177500327,0.8617403771910646,50.5,0.0,50.5,1461.1899999999996,11.835819476774532,8.41666666526389,35.6,50.5,0.5069357479865999,5.252100812751571,0.00013378373878618737,0.0001841837846658927,4.0171318034542975e-05,3.804640050943896e-07,0.018000000000000682,0.00043477198579537396,2.649182946208677e-06,1,0.9999997500000624,0.0030000000000001137,0.0010000000000047748,-0.07299999999999329,3.275240674302842e-05,418.17736819597104,-0.22368421107427403,False,92.6597999073402,0.32989690721649484,-0.0759999999999934,-0.00012058,59.80076429,59.848,-0.047235710000002484,6635828.38,-9.10941174705699e-05,1.0008,-0.00012058,2,2,False,1.1896579679750312,0.5418397572207222,32,37,4,2,0,8,6,False,0,1280606464
1779856653000,1779856654038,10,98,True,59.803,59.819,59.803,59.819,104.63000000000001,104.61,0.02,18,17,1,59.819,59.82,0.0009999999999976694,59.819500000000005,59.81905268073561,59.81575507647498,57.75,114.86,454.59,13.13,86.31,643.9399999999999,454.59,643.9399999999999,-0.17236670823721484,0.999617700458763,-0.02930416667252079,-4.10220818742505e-05,2.196678867500519e-05,-6.298887054925569e-05,0.4138166458809374,0.8946259219289119,0.705950864986325,104.61,0.02,104.59,1565.7799999999995,12.037923756224547,5.812777777454846,57.81,104.59,1.4952744645186276,49.99999750000013,0.00028423103158221663,0.00019426643172364624,0.00016065572098105876,4.10664251229605e-07,0.03549999999999898,0.00015044729279602926,2.716534756565995e-06,1,0.9999999375000039,0.0010000000000047748,0.0009999999999976694,-0.0589999999999975,6.498217398597298e-06,418.1773684235207,-0.22368421107427403,False,93.26799990673199,0.3469387755102041,-0.060000000000002274,-0.00012058,59.80076429,59.848,-0.047235710000002484,6635828.38,-9.10941174705699e-05,1.0008,-0.00012058,2,2,False,1.1818120517007533,0.5214163661444329,33,37,4,2,0,10,18,False,0,1505030625
1779856654000,1779856655019,10,99,True,59.819500000000005,59.819500000000005,59.819500000000005,59.819500000000005,0.0,0.0,0.0,0,0,0,59.819,59.82,0.0009999999999976694,59.819500000000005,59.819807756505774,59.8220983598975,22.2,163.1,798.21,214.48,546.1,1189.56,798.21,1189.56,-0.1968789145624509,0.0,-0.40296244957404614,-1.827980685931291e-05,1.5565289052994296e-05,-3.38450959123072e-05,0.40156054271852304,-0.6155148529996072,0.6710128114591354,0.0,0.0,0.0,1565.7799999999995,11.6432377314303,0.0,0.0,0.0,0.0,0.0,8.358513354820467e-06,0.00019250518968463385,0.0,4.0130370380101e-07,0.03650000000000375,-0.00027587251822739614,8358.513354820467,1,0.0,0.0,0.0009999999999976694,-0.055999999999983174,6.498217398597298e-06,418.17735597850924,-0.24868421038019362,False,93.26799990673199,0.35353535353535354,-0.055999999999983174,-0.00012058,59.80076429,59.848,-0.047235710000002484,6635828.38,-9.10941174705699e-05,1.0008,-0.00012058,2,1,False,1.1763143157543445,0.5176904728885132,34,37,4,2,0,10,0,False,0,3461570224
1779856655000,1779856656009,10,100,True,59.82,59.82,59.819,59.819,24.06,17.06,7.0,2,1,1,59.819,59.82,0.0009999999999976694,59.819500000000005,59.81985728555515,59.81966180458225,21.08,161.84,789.95,77.67999999999999,321.75,1015.51,789.95,1015.51,-0.12493215025526735,0.4181213632411421,-0.2253363292018012,-1.8957738722139634e-05,1.636886134126627e-05,-3.53266000634059e-05,0.43753392487208936,-0.7145726120156323,0.7778850035934872,17.06,7.0,10.059999999999999,1575.8399999999995,11.327066002530946,12.029999993985,17.06,10.059999999999999,0.17656823041170122,5.10204079029571,-8.358513354896365e-06,0.00019120358734882876,1.0039555736910668e-05,3.561019691151907e-07,0.02300000000000324,-1.6717026709716832e-05,3.474028825664573e-07,1,-0.9999990000010001,0.0010000000000047748,0.0009999999999976694,-0.05699999999998795,5.465448158249492e-06,836.1030236840618,-0.28048780487895675,False,93.16419990683579,0.34,-0.057999999999992724,-0.00012058,59.80076429,59.848,-0.047235710000002484,6635828.38,-1.2239467517721945e-05,1.0008,-0.00012058,2,1,False,1.1748079191320875,0.5133701987994148,35,37,4,2,0,9,2,False,0,2678928391
1779856656000,1779856657003,10,101,True,59.82,59.824,59.819,59.824,59.190000000000005,59.09,0.1,7,6,1,59.825,59.826,0.0009999999999976694,59.825500000000005,59.825028417903944,59.821003687604,117.55000000000001,226.67000000000002,458.68,1.72,19.94,344.46999999999997,458.68,344.46999999999997,0.14220257735150077,0.996621050836347,0.2641574683398923,-4.100084912190329e-05,4.6521925573981585e-05,-8.752277469588487e-05,0.5711012886751279,0.9431578946872023,1.3315528202707594,59.09,0.1,58.99,1634.8299999999995,11.185194986054523,8.455714284506326,27.46,58.99,0.6258272661407899,6.904487869474192,8.358198980152134e-05,0.00016346317974420124,5.01961004607839e-05,2.5111209243613737e-07,0.027000000000001023,9.194050315641771e-05,1.412096465621038e-06,1,0.7999998400003162,0.0030000000000143245,0.0009999999999976694,-0.025000000000005684,1.0511481285934403e-05,836.1030118525553,-0.28048780487895675,False,93.68979990631018,0.36633663366336633,-0.02800000000002001,-0.00012058,59.80076429,59.848,-0.047235710000002484,6635960.16,7.6191514122678125e-06,1.0008,-0.00012058,1,2,False,1.1671386800617545,0.4999277257217698,36,37,4,2,0,9,7,False,0,2792419422
1779856657000,1779856657998,10,102,True,59.825,59.838,59.825,59.838,3.58,2.5700000000000003,1.01,12,10,2,59.838,59.839,0.0009999999999976694,59.838499999999996,59.83800155767513,59.8362281920623,213.69,358.37,611.57,2.18,19.52,359.2,611.57,359.2,0.25996889067414536,0.4357541898224151,0.34709311372103824,-3.818990939151489e-05,4.8779909152162627e-05,-8.696981854367751e-05,0.6299844453365576,0.9968825770523574,1.7025890868549485,2.5700000000000003,1.01,1.5600000000000003,1636.3899999999994,11.211909904544537,0.2983333333084722,1.0,1.56,1.0702904412446033,11.29363436937374,0.00023399241302807288,0.0001634528129171278,0.00013048804873390689,2.3542659342800682e-07,0.05000000000000426,0.00015041042322655153,6.536100920746141e-05,1,0.9999999230769291,0.000999999999990564,0.0009999999999976694,-0.021000000000000796,8.148881662803104e-06,836.1030115486383,-0.28048780487895675,False,93.20039990679959,0.3333333333333333,-0.02199999999999136,-0.00012058,59.80076429,59.848,-0.047235710000002484,6635960.16,7.6191514122678125e-06,1.0008,-0.00012058,1,2,False,1.154949391247967,0.49533796891121684,37,37,4,2,0,9,12,False,0,1687890031
1779856658000,1779856659038,10,103,True,59.839,59.861,59.839,59.85,123.67,100.74,22.93,26,22,4,59.848,59.849,0.0009999999999976694,59.8485,59.84840356054043,59.84935858054554,64.09,190.82,408.81,93.28,204.07,585.49,408.81,585.49,-0.17769284924049314,0.6291744157788536,-0.2660606217483542,-4.2668978471381026e-05,3.3688773563329454e-05,-7.635775203471048e-05,0.4111535753792506,0.19287776708187795,0.6982356658513412,100.74,22.93,77.81,1714.1999999999994,11.696765317510291,4.756538461355518,28.03,77.81,2.2228367665763664,28.636883486916275,0.00020052135619625633,0.00016611563161211495,0.00022075767160271233,2.8234706942803057e-07,0.04100000000000392,-3.347105683181655e-05,1.6214227880216293e-06,1,0.4999999772728898,0.0030000000000001137,0.0009999999999976694,0.0030000000000001137,4.901715757375593e-05,836.1030140696408,-0.28048780487895675,False,93.2325999067674,0.34951456310679613,0.0,-0.00012058,59.80076429,59.848,-0.047235710000002484,6635960.16,7.6191514122678125e-06,1.0008,-0.00012058,1,1,False,1.1691386344910464,0.520820455784988,38,37,4,2,0,10,26,False,0,3853208851
1779856659000,1779856660015,10,104,True,59.848,59.848,59.839,59.844,100.10000000000001,16.39,83.71000000000001,13,3,10,59.847,59.848,0.0009999999999976694,59.8475,59.8470651414339,59.850639747210494,58.43,284.89,422.03000000000003,97.35,602.86,1004.69,422.03000000000003,1004.69,-0.4083912750922337,-0.672527472520754,-0.19655669624602004,-3.917279935896018e-05,1.9094372145128082e-05,-5.8267171504088264e-05,0.29580436245353275,0.8697104676575884,0.4200599189795658,16.39,83.71000000000001,-67.32000000000001,1646.8799999999994,11.73949432349356,7.699999999407693,41.02,-67.32000000000001,1.107373081042894,22.38805920026733,-0.0001002556519963129,0.00016762148684984325,9.031976488219174e-05,3.0245046873267113e-07,0.027999999999998693,-0.00030077700819256925,1.0015549649881253e-06,1,-0.44444439506147077,0.006999999999990791,0.0009999999999976694,0.01099999999999568,3.656581585756834e-05,836.1030141101744,-0.28048780487895675,False,94.4117999055882,0.3942307692307692,0.0040000000000048885,-0.00012058,59.80076429,59.848,-0.047235710000002484,6635960.16,7.6191514122678125e-06,1.0008,-0.00012058,1,1,False,1.168903909642191,0.5006961406022772,39,37,4,2,0,10,13,False,0,1687036212
1779856660000,1779856661035,10,105,True,59.848,59.848,59.848,59.848,0.49,0.49,0.0,1,1,0,59.847,59.848,0.0009999999999976694,59.8475,59.84780118215017,59.85031806020411,51.089999999999996,128.42,393.02,256.87,714.3100000000001,1129.4,393.02,1129.4,-0.48369044021985813,0.9999999979591836,-0.29266885312395896,-4.6932326740173116e-05,1.592595511354356e-05,-6.285828185371668e-05,0.2581547798897425,-0.6023659093883268,0.34799008322972547,0.49,0.0,0.49,1647.3699999999994,11.387379755510164,0.48999999950999995,0.49,0.49,0.08781651454350595,1.0,6.683821811788823e-05,0.0001611103697101891,0.0,3.0551436900075413e-07,0.036000000000001364,0.00016709387011420112,0.00013640452649282388,1,0.0,0.0010000000000047748,0.0009999999999976694,0.016999999999995907,3.6776029863679e-05,836.1030138809007,-0.28048780487895675,False,94.4117999055882,0.4,0.015999999999991132,-0.00012058,59.80076429,59.848,-0.047235710000002484,6635960.16,7.579970352372105e-06,1.0008,-0.00012058,1,2,False,1.159012778426621,0.5036861878813119,40,37,4,2,0,9,1,False,0,1136198261
1779856661000,1779856662019,10,106,True,59.847,59.847,59.837,59.837,34.28,0.0,34.28,6,0,6,59.836,59.837,0.0010000000000047748,59.8365,59.836932156547064,59.83862451045382,7.82,9.55,256.46,319.38,780.0799999999999,1768.56,256.46,1768.56,-0.7467086744818585,-0.9999999999708286,-0.6525713570612306,-6.609515528403065e-05,1.2173066945517323e-05,-7.826822222954797e-05,0.12664566275882377,-0.8643142606407612,0.14501063011707546,0.0,34.28,-34.28,1613.0899999999995,11.210744353690158,5.7133333323811115,16.27,-34.28,0.5352008582275648,13.440860034397044,-0.00018381585045688923,0.0001662286811551929,0.00010035780986447082,3.1724069224664426e-07,0.043000000000006366,-0.0002506540685747775,5.362189336392271e-06,1,-0.99999990000001,0.0010000000000047748,0.0010000000000047748,0.0049999999999954525,3.612038388752155e-05,836.1030326208962,-0.25609756100557346,False,94.71019990528981,0.4056603773584906,0.003999999999990678,-0.00012058,59.80076429,59.848,-0.047235710000002484,6636031.49,1.8329061510170696e-05,1.0008,-0.00012058,1,1,False,1.1587279228913108,0.4981178591817629,41,37,4,2,0,9,6,False,0,719491501
1779856662000,1779856663069,10,107,True,59.836,59.849,59.836,59.849,2.91,2.88,0.03,9,8,1,59.848,59.849,0.0009999999999976694,59.8485,59.84801946377308,59.847786503025176,151.8,306.45,481.01,31.810000000000002,661.6800000000001,1034.66,481.01,1034.66,-0.36528399981502224,0.9793814429624118,-0.11238833127272314,-4.6297713734590426e-05,1.596788462202241e-05,-6.226559835661283e-05,0.317358000092159,0.9610711070998978,0.4648966810348666,2.88,0.03,2.85,1615.9399999999994,11.138260932257694,0.32333333329740743,1.58,2.85,0.8080256023745082,12.158054563427907,0.0002005247069867192,0.0001720073334081307,0.00013046406296217435,3.538205173190557e-07,0.046999999999997044,0.0003843405574436084,6.890883399237468e-05,1,0.9999999230769291,0.000999999999990564,0.0009999999999976694,0.018999999999991246,4.469417476593918e-05,836.1030329069739,-0.24868421038019362,False,92.12979990787021,0.2897196261682243,0.018000000000000682,-0.00012058,59.80076429,59.848,-0.047235710000002484,6636031.49,1.8329061510170696e-05,1.0008,-0.00012058,1,2,False,1.155112383714682,0.49340053295423625,42,37,4,2,0,10,9,False,0,212531920
1779856663000,1779856664077,10,108,True,59.849,59.849,59.848,59.848,0.12,0.11,0.01,2,1,1,59.848,59.849,0.0009999999999976694,59.8485,59.84835347254776,59.84668122695381,102.24,148.39000000000001,379.55,30.3,308.08,932.12,379.55,932.12,-0.42127211874905934,0.833333326388889,-0.233460131999651,-5.2897705017898484e-05,1.593258720135775e-05,-6.883029221925623e-05,0.28936394062508913,0.2930525487051161,0.4071900613650526,0.11,0.01,0.1,1616.0399999999993,10.838645819724654,0.059999999969999995,0.11,0.1,0.18452489665967176,23.255813412655503,-1.670885652976258e-05,0.00017203774194454876,1.0034691001487196e-05,3.5710110755129174e-07,0.028999999999996362,-0.00021723356351648177,0.00013924046992101757,1,-0.9999990000010001,0.0010000000000047748,0.0009999999999976694,0.016999999999995907,7.138436588406181e-05,836.1030331851874,-0.22493224929444636,False,92.12979990787021,0.2962962962962963,0.015999999999991132,-0.00012058,59.80076429,59.848,-0.047235710000002484,6636031.49,1.8329061510170696e-05,1.0008,-0.00012058,1,1,False,1.1574496815377544,0.5002893807475115,43,37,4,2,0,9,2,False,0,1938926397
1779856664000,1779856665007,10,109,True,59.849,59.855,59.849,59.855,102.34,101.47,0.87,8,7,1,59.849,59.85,0.0010000000000047748,59.8495,59.84967420912179,59.85216744857879,52.19,97.80999999999999,334.8,156.47,418.52,754.19,334.8,754.19,-0.3851183206453824,0.9829978502933066,-0.47764279762564066,-6.528906400347042e-05,2.6853934470371955e-05,-9.214299847384237e-05,0.3074408396768497,-0.3484220592812106,0.4439199671164509,101.47,0.87,100.6,1716.6399999999992,10.745575464979584,12.792499998400938,52.58,100.6,0.7444924681165698,37.03703566529498,0.00011695613322937177,0.00017400409208622865,6.020462523188245e-05,3.57236829181642e-07,0.03549999999999187,0.00013366498975913435,1.1428193592752486e-06,1,0.9999998333333611,0.01099999999999568,0.0010000000000047748,0.01099999999999568,3.899615042983067e-05,417.9257496325895,-0.1736694683087911,False,94.1183999058816,0.3761467889908257,0.0,-0.00012058,59.80076429,59.848,-0.047235710000002484,6636031.49,1.8329061510170696e-05,1.0008,-0.00012058,1,2,False,1.162500036564185,0.5029042495563035,44,37,4,2,0,8,8,False,0,1230536981
1779856665000,1779856666063,10,110,True,59.854,59.854,59.839,59.84,38.120000000000005,3.0,35.120000000000005,10,1,9,59.839,59.84,0.0010000000000047748,59.8395,59.83992990632116,59.842663288751204,11.3,15.110000000000001,324.78,646.95,937.1,1806.45,324.78,1806.45,-0.6952182542472211,-0.8426023084773715,-0.6534530473050818,-5.198796589931983e-05,1.183679859047867e-05,-6.38247644897985e-05,0.15239087287615488,-0.8598146587892198,0.17978908909730143,3.0,35.120000000000005,-32.120000000000005,1684.519999999999,10.721130367767138,3.8119999996188003,32.85,-32.120000000000005,0.9327374685352265,10.85645344064164,-0.00025063703711124084,0.00017622312925858494,0.0001505253960225297,3.829142105421391e-07,0.021000000000000796,-0.00036759317034061264,6.574948507467626e-06,1,-0.9333332711107994,0.0010000000000047748,0.0010000000000047748,0.018999999999991246,2.8799521938752475e-05,417.9257469957853,-0.23249299702340662,False,88.6961999113038,0.24545454545454545,0.01799999999998647,-0.00012058,59.80076429,59.848,-0.047235710000002484,6636031.49,7.05983799538956e-05,1.0008,-0.00012058,2,1,False,1.162820651207396,0.49348826587439154,45,37,4,2,0,10,10,False,0,772273274
1779856666000,1779856667047,10,111,True,59.84,59.84,59.84,59.84,0.76,0.76,0.0,2,2,0,59.839,59.84,0.0010000000000047748,59.8395,59.83976466206938,59.84277306551691,22.37,23.73,263.8,502.53999999999996,777.38,1684.64,263.8,1684.64,-0.7292192728538066,0.9999999986842105,-0.6828218816902115,-5.5952973928018835e-05,1.224412317311182e-05,-6.819709710113065e-05,0.13539036357284012,-0.5293263119569761,0.15659131921350758,0.76,0.0,0.76,1685.279999999999,10.43519166718461,0.37999999981,0.64,0.76,0.19165915333378214,4.854368908473938,0.0,0.00017618344900231198,0.0,3.8039699715132736e-07,0.016000000000005343,0.00025063703711124084,0.0,1,0.0,0.0010000000000047748,0.0010000000000047748,-0.022999999999996135,2.8433182049336283e-05,417.92574699466115,-0.25609756100557346,False,88.6961999113038,0.25225225225225223,-0.02400000000000091,-0.00012058,59.80076429,59.848,-0.047235710000002484,6636049.78,7.335473987653462e-05,1.0008,-0.00012058,2,2,False,1.1604093639071513,0.5035232875227703,46,37,4,2,0,6,2,False,0,1719572273
1779856667000,1779856668043,10,112,True,59.8395,59.8395,59.8395,59.8395,0.0,0.0,0.0,0,0,0,59.839,59.84,0.0010000000000047748,59.8395,59.8398534281781,59.842513044508664,21.18,33.76,369.29,564.11,824.88,1682.22,369.29,1682.22,-0.639982256971382,0.0,-0.6416811066773459,-4.1879790419233866e-05,1.2878558165340615e-05,-5.475834858457448e-05,0.18000887151406525,-0.7068573285610427,0.21952538906907568,0.0,0.0,0.0,1685.279999999999,10.09305423547364,0.0,0.0,0.0,0.0,0.0,-8.355649881599677e-06,0.00017294876912007343,0.0,3.275372833890123e-07,0.0015000000000000568,-8.355649881599677e-06,8355.649881599677,1,0.0,0.0,0.0010000000000047748,0.01999999999999602,2.8433182049336283e-05,417.9257408247075,-0.30131578996684666,False,88.6961999113038,0.25892857142857145,0.01999999999999602,-0.00012058,59.80076429,59.848,-0.047235710000002484,6636049.78,7.335473987653462e-05,1.0008,-0.00012058,1,1,False,1.1613497759693086,0.4989284191757561,47,37,4,2,0,8,0,False,0,3532709
1779856668000,1779856669033,10,113,True,59.839,59.839,59.829,59.835,17.68,0.09,17.59,12,1,11,59.839,59.84,0.0010000000000047748,59.8395,59.839314346253666,59.83952771698476,43.86,106.53,466.05,36.77,235.99,1228.25,466.05,1228.25,-0.4498612996515081,-0.9898190044689017,-0.269100900027412,-3.801034380876362e-05,1.3766200130475255e-05,-5.177654393923888e-05,0.27506935017395084,0.3712984054387777,0.37944229594921275,0.09,17.59,-17.5,1667.779999999999,10.155577047425323,1.4733333332105556,15.05,-17.5,1.1816167552842962,29.97275114523089,-7.520399086056118e-05,0.00015500874449396178,0.00010037122802934111,2.8706629826359126e-07,-0.015000000000000568,-6.68483409789615e-05,4.253619392325088e-06,1,-0.39999995999986193,0.009000000000000341,0.0010000000000047748,0.028999999999996362,3.580827326329417e-05,4178.1252838003575,-0.3539473678182986,False,88.61299991138699,0.23893805309734514,0.01999999999999602,-0.00012058,59.80076429,59.848,-0.047235710000002484,6636049.78,7.335473987653462e-05,1.0008,-0.00012058,1,1,False,1.1569291268081674,0.49871373441200634,48,37,4,2,0,9,12,False,0,1434516687
1779856669000,1779856670095,10,114,True,59.835,59.855,59.835,59.849,217.19,102.61999999999999,114.57,16,13,3,59.849,59.85,0.0010000000000047748,59.8495,59.84977786604803,59.85171360901174,14.48,112.85000000000001,644.18,249.67,784.88,1368.44,644.18,1368.44,-0.359859287893214,-0.055020949398890295,-0.49504719191759766,-2.9195660755072765e-05,1.2731817216766679e-05,-4.192747797183944e-05,0.3200703560531446,-0.5557340186226192,0.470740405132508,102.61999999999999,114.57,-11.950000000000003,1655.829999999999,10.347197472099904,13.574374999151601,74.52,-11.950000000000001,1.5463124233973453,26.315788781163455,0.0002339494011538772,0.0001614914794461662,0.00020070555935594155,2.968338054451912e-07,0.0049999999999954525,0.0003091533920144384,1.0771646998149088e-06,1,0.6999999649999307,0.0010000000000047748,0.0010000000000047748,0.0010000000000047748,3.7943212278592076e-05,4178.125284451979,-0.36923076900967655,False,88.594999911405,0.22807017543859648,0.0,-0.00012058,59.80076429,59.848,-0.047235710000002484,6636049.78,7.335473987653462e-05,1.0008,-0.00012058,1,2,False,1.1619916805602633,0.5067822092803254,49,37,4,2,0,10,16,False,0,3889775836
1779856670000,1779856671002,10,115,True,59.849,59.85,59.849,59.85,9.42,0.09,9.33,4,1,3,59.849,59.85,0.0010000000000047748,59.8495,59.84996918522077,59.851258431664625,5.2700000000000005,53.69,712.1,386.98,870.57,1448.57,712.1,1448.57,-0.3408526059044921,-0.9808917196410943,-0.5160346856469492,-2.553922467277166e-05,1.3403128878826423e-05,-3.894235355159808e-05,0.3295736970475225,-0.9383712399057001,0.4915882560038579,0.09,9.33,-9.24,1646.589999999999,10.139092636949087,2.35499999941125,8.69,-9.24,0.39451261989939873,7.407407352537724,1.670857734854084e-05,0.00016084107164572242,1.0034523336137042e-05,2.806144862980522e-07,0.0020000000000024443,-0.00021724082380533637,1.7737343255591406e-06,1,0.9999990000010001,0.0010000000000047748,0.0010000000000047748,-0.0010000000000047748,3.703078042424429e-05,4178.1252842340955,-0.38220551340954334,False,87.82679991217321,0.23478260869565218,-0.0020000000000095497,-0.00012058,59.80076429,59.848,-0.047235710000002484,6636049.78,5.388435571541947e-05,1.0008,-0.00012058,1,1,False,1.1341799772560752,0.5123996597105857,50,37,4,2,0,8,4,False,0,2931102435
1779856671000,1779856672105,10,116,True,59.85,59.852,59.85,59.852,197.36999999999998,197.36999999999998,0.0,3,3,0,59.851,59.852,0.0009999999999976694,59.8515,59.85143737726969,59.85343195570124,30.55,87.3,334.04,182.99,642.24,1091.45,334.04,1091.45,-0.531333085464976,0.9999999999949334,-0.38089041744811647,-4.832497897539697e-05,1.713822387867168e-05,-6.546320285406865e-05,0.23433345726716126,0.12524084777937416,0.30605158275660266,197.36999999999998,0.0,197.36999999999998,1843.959999999999,9.905024025901575,65.78999997806999,145.48,197.36999999999998,0.30287659998119565,999999999.9999999,3.341631719070568e-05,0.0001462736702178172,2.006854369843623e-05,2.40905492402947e-07,0.014999999999993463,1.670773984216484e-05,1.6930798596816323e-07,1,0.9999995000002501,0.000999999999990564,0.0009999999999976694,0.05700000000000216,8.69215616330374e-06,4178.125283939547,-0.34766584813231993,False,91.52079990847919,0.31896551724137934,0.056000000000011596,-0.00012058,59.80076429,59.848,-0.047235710000002484,6635973.6,4.2404016140442426e-05,1.0008,-0.00012058,1,2,False,0.6050837575445086,0.5189158228964911,51,37,4,2,0,10,3,False,0,1904181604
1779856672000,1779856673017,10,117,True,59.851,59.856,59.85,59.851,423.07,324.32,98.75,14,7,7,59.849,59.85,0.0010000000000047748,59.8495,59.849928726366436,59.85006598757526,55.27,176.46,749.09,224.78,335.46,1030.03,749.09,1030.03,-0.1579095283060401,0.5331741792125815,-0.10456035022452112,-3.151356163302356e-05,2.1038482225913326e-05,-5.255204385893688e-05,0.42104523584669895,-0.85745332410917,0.7272506626013542,324.32,98.75,225.57,2069.529999999999,10.039285533249064,30.219285712127192,151.71,225.57,1.394521547598078,15.063730943420042,-1.6708019014034487e-05,0.00014323072315595864,6.020361935701747e-05,2.0343832278182444e-07,0.0020000000000024443,-5.0124336204740165e-05,3.9492327543893437e-08,1,0.0,0.0030000000000001137,0.0010000000000047748,0.020999999999986585,6.6612994246182854e-06,4178.125283891395,-0.32063882046674413,False,94.70959990529037,0.4444444444444444,0.01799999999998647,-0.00012058,59.80076429,59.848,-0.047235710000002484,6635973.6,4.2404016140442426e-05,1.0008,-0.00012058,1,1,False,0.6409454972737431,0.5149046776275639,52,37,4,2,0,8,14,False,0,2236624637
1779856673000,1779856674001,10,118,True,59.85,59.85,59.85,59.85,73.33,3.96,69.37,2,1,1,59.849,59.85,0.0010000000000047748,59.8495,59.84995338234752,59.85014172050987,11.120000000000001,75.01,327.26,191.39,382.93,1165.96,327.26,1165.96,-0.5616720911851156,-0.8919950906737762,-0.35965663625061217,-4.8029890926277655e-05,1.721015687542203e-05,-6.524004780169968e-05,0.21916395440710734,-0.9067653276907678,0.2806785824554181,3.96,69.37,-65.41000000000001,2004.1199999999988,9.77570240101139,36.6649999816675,69.37,-65.41000000000001,0.20458887942297546,1.2919896624134501,-1.6708298176617745e-05,0.00012841197160491795,0.0,2.0134173647211719e-07,0.0020000000000024443,-2.791625832578124e-10,2.2785078653197728e-07,1,0.0,0.0010000000000047748,0.0010000000000047748,-0.005000000000009663,7.467820683406388e-06,4178.125283611951,-0.33091787434740544,False,95.91599990408399,0.4915254237288136,-0.006000000000014438,-0.00012058,59.80076429,59.848,-0.047235710000002484,6635973.6,4.2404016140442426e-05,1.0008,-0.00012058,0,1,True,1.2437007771012965,0.5099184527659395,53,37,4,2,0,8,2,False,0,2374954559
1779856674000,1779856675094,10,119,True,59.85,59.85,59.85,59.85,54.23,54.23,0.0,3,3,0,59.849,59.85,0.0010000000000047748,59.8495,59.849916285514524,59.85015845051114,15.2,128.12,365.13,185.24,369.82,1151.75,365.13,1151.75,-0.5185776066659732,0.9999999999815601,-0.30900994490242606,-5.3296707590585286e-05,1.705830623413027e-05,-7.035501382471556e-05,0.24071119666668375,-0.8325718703814399,0.31702192316013283,54.23,0.0,54.23,2058.3499999999985,9.553548223929049,18.07666666064111,50.0,54.23,0.3140194542768721,4.64037120816533,0.0,0.000128398369203768,0.0,2.012718717266138e-07,-0.0049999999999954525,1.6708298176617745e-05,0.0,1,0.0,0.0010000000000047748,0.0010000000000047748,0.005000000000009663,7.850493318620745e-06,4178.1252836079575,-0.36785714316622553,False,96.4155999035844,0.5042016806722689,0.0040000000000048885,-0.00012058,59.80076429,59.848,-0.047235710000002484,6635973.6,4.2404016140442426e-05,1.0008,-0.00012058,0,2,False,1.2524824848933944,0.5110030368451342,54,37,4,2,0,10,3,False,0,2553192077
1779856675000,1779856676125,10,120,True,59.849,59.85,59.849,59.85,0.13999999999999999,0.12,0.02,2,1,1,59.849,59.85,0.0010000000000047748,59.8495,59.84990862796313,59.85014549459685,16.4,129.32,360.29,183.4,424.89,1131.99,360.29,1131.99,-0.5171281528932123,0.7142857091836735,-0.2795824400055168,-5.382968625203164e-05,1.7829814966090775e-05,-7.165950121812241e-05,0.24143592355305882,-0.8172567605184189,0.31828019682124553,0.12,0.02,0.09999999999999999,2058.4499999999985,9.305890905111703,0.06999999996499999,0.12,0.09999999999999999,0.21491762800340666,8.771929747614651,0.0,0.0001283847653614397,1.0034523336137042e-05,2.00573250548629e-07,0.00999999999999801,0.0,0.0,1,0.9999990000010001,0.0010000000000047748,0.0010000000000047748,0.023000000000010346,5.249471273602294e-06,3760.1996158631396,-0.36785714316622553,False,96.4155999035844,0.5,0.02200000000000557,-0.00012058,59.85,59.88628571,-0.03628571000000136,6635973.6,3.550320998882398e-05,1.0008,-0.00012058,0,2,False,1.245788254299298,0.4997559041732983,55,37,4,2,0,9,2,False,0,2100343159
1779856676000,1779856677045,10,121,False,59.85,59.85,59.823,59.823,408.34000000000003,34.120000000000005,374.22,28,2,26,59.823,59.824,0.0009999999999976694,59.823499999999996,59.82399668229441,59.826460866450894,2.59,28.68,237.18,473.86,530.4300000000001,989.14,237.18,989.14,-0.613184160740579,-0.8328843610696163,-0.5268669753826519,-6.368186976279564e-05,2.4092742041314668e-05,-8.77746118041103e-05,0.19340791962930282,-0.9933672341146725,0.23978405483527127,34.120000000000005,374.22,-340.1,1718.3499999999985,9.918812514780171,14.583571428050588,93.7,-340.1,2.822918565650259,38.68194692777569,-0.00045122960831802463,0.00016221516111971388,0.00027099099702929406,1.8101569906928325e-07,-0.017000000000003013,-0.00045122960831802463,1.105034060628201e-06,1,-0.9999999629629643,0.000999999999990564,0.0009999999999976694,0.023000000000010346,9.643550365912031e-06,3760.199776842875,-0.3261904759844211,False,102.32079989767921,0.5371900826446281,0.02200000000001978,-0.00012058,59.85,59.88628571,-0.03628571000000136,6635945.17,3.1218833487392153e-05,0.9948,-0.00012058,1,1,False,1.0990323787590448,0.49908344228871354,56,37,4,2,0,8,28,False,0,1319806245
1779856677000,1779856678002,10,122,False,59.824,59.84,59.824,59.84,367.53,367.53,0.0,23,23,0,59.84,59.841,0.0009999999999976694,59.840500000000006,59.84010854436656,59.83931394313922,78.05,161.67,356.11,6.71,238.49,642.39,356.11,642.39,-0.2867100650973593,0.9999999999972792,-0.09630208486580404,-5.472106805933555e-05,2.6664032223796982e-05,-8.138510028313253e-05,0.3566449674508196,0.7829090908948563,0.5543517178029634,367.53,0.0,367.53,2085.8799999999983,10.347703907738198,15.979565216696539,117.92,367.53,2.2227153195384215,36.72787845072901,0.0002841312705576879,0.00016617058998148867,0.00016059933359336694,2.623036649939077e-07,0.0005000000000023874,0.0007353608788757124,7.730832056074737e-07,1,0.9999999375000039,0.0010000000000047748,0.0009999999999976694,0.016999999999995907,9.491748487101811e-06,3760.1997766800037,-0.3152173913591689,False,109.00359989099641,0.5409836065573771,0.015999999999991132,-0.00012058,59.85,59.88628571,-0.03628571000000136,6635945.17,3.1218833487392153e-05,0.9948,-0.00012058,1,2,False,0.931515275250048,0.4843750473717059,57,37,4,2,0,9,23,False,0,693480637
1779856678000,1779856679073,10,123,False,59.841,59.847,59.84,59.847,23.669999999999998,22.05,1.62,11,10,1,59.847,59.848,0.0009999999999976694,59.8475,59.84799677746061,59.84904145049874,14.12,119.57000000000001,277.85,258.49,695.28,1366.92,277.85,1366.92,-0.662141211232779,0.8631178706859689,-0.44522273230112885,-6.566235049323121e-05,1.398536924533231e-05,-7.964771973856353e-05,0.16892939438330654,-0.993558776135473,0.20326719925072187,22.05,1.62,20.43,2106.309999999998,10.369090664861536,2.151818181622562,14.02,20.43,1.0608451940935983,13.531799546254405,0.00011697176816153853,0.00016213063864550266,7.024870596709866e-05,2.7543560279638437e-07,0.012000000000000455,-0.00016715950239614934,4.941773052665685e-06,1,0.857142734694185,0.000999999999990564,0.0009999999999976694,0.0309999999999917,-8.160242388904207e-07,3760.1997738953396,-0.34766584813231993,False,106.7563998932436,0.5365853658536586,0.030000000000001137,-0.00012058,59.85,59.88628571,-0.03628571000000136,6635945.17,3.1218833487392153e-05,0.9948,-0.00012058,1,1,False,1.2552490284166875,0.5075993215322705,58,37,4,2,0,10,11,False,0,1424417550
1779856679000,1779856680039,10,124,False,59.8475,59.8475,59.8475,59.8475,0.0,0.0,0.0,0,0,0,59.847,59.848,0.0009999999999976694,59.8475,59.84705987095821,59.84839278192833,65.81,192.62,470.51,126.51,222.09,639.62,470.51,639.62,-0.15233351048962523,0.0,0.06076809469350118,-5.176103082846811e-05,3.219360630413729e-05,-8.39546371326054e-05,0.42383324475473694,0.880255764369691,0.7356086426304124,0.0,0.0,0.0,2106.309999999998,10.029120479128371,0.0,0.0,0.0,0.0,0.0,8.354602759456107e-06,0.00016058416537473953,0.0,2.697119463177646e-07,-0.0015000000000000568,-0.00010861716540208242,8354.602759456106,1,0.0,0.0,0.0009999999999976694,0.04200000000000159,-8.160242388904207e-07,3760.199773872454,-0.34766584813231993,False,106.7563998932436,0.532258064516129,0.04200000000000159,-0.00012058,59.85,59.88628571,-0.03628571000000136,6635945.17,3.1218833487392153e-05,0.9948,-0.00012058,1,1,False,1.26344278449769,0.528875132348553,59,37,4,2,0,9,0,False,0,427889767
1779856680000,1779856680999,10,125,False,59.847,59.847,59.839,59.839,115.55,66.84,48.71,7,3,4,59.838,59.839,0.0009999999999976694,59.838499999999996,59.838923155795115,59.84017335407649,5.32,20.87,250.78,121.01,354.03000000000003,1155.67,250.78,1155.67,-0.6433858295704481,0.1569017741223981,-0.5955692403718613,-5.779272670668917e-05,1.7198212979274516e-05,-7.499093968596368e-05,0.17830708521442049,-0.8463157894439888,0.21699966253323438,66.84,48.71,18.130000000000003,2124.4399999999982,9.929805053583179,16.507142854784693,55.72,18.13,0.704948381314807,10.22146497218264,-0.00014203774050187704,0.00016301117380531586,8.028490620958107e-05,2.586126913101458e-07,-0.011000000000002785,-0.00015039234326133316,1.2292318520177222e-06,1,-0.9999998750000156,0.0010000000000047748,0.0009999999999976694,0.0049999999999954525,-2.1186526114203686e-05,10862.086798932918,-0.34766584813231993,False,99.2393999007606,0.512,0.003999999999990678,-0.00012058,59.85,59.88628571,-0.03628571000000136,6635945.17,3.10425100222555e-05,0.9948,-0.00012058,1,1,False,1.277285347045799,0.49127288678841935,0,38,4,2,0,9,7,False,0,1198397771
1779856681000,1779856682073,10,126,False,59.839,59.839,59.835,59.835,6.08,2.52,3.56,5,3,2,59.834,59.835,0.0009999999999976694,59.834500000000006,59.83499695378182,59.83622123767025,12.56,13.629999999999999,226.07,268.63,482.65000000000003,1498.27,226.07,1498.27,-0.7377895310665311,-0.1710526315508137,-0.77790540193281,-7.369566534801275e-05,1.3333650178104172e-05,-8.702931552611692e-05,0.13110523446644448,-0.9939084748268187,0.15088735675135265,2.52,3.56,-1.04,2123.3999999999983,9.76817210100668,1.2159999997568,3.37,-1.04,0.5118664933199577,4.405286324205787,-6.684827116146753e-05,0.00015845082520861566,4.014647824037063e-05,2.312480491499951e-07,-0.016999999999995907,7.518946934040952e-05,1.099478143922249e-05,-1,-0.9999997500000624,0.000999999999990564,0.0009999999999976694,0.0030000000000001137,-2.9718767192513242e-05,10862.086780205127,-0.34766584813231993,False,98.93119990106881,0.5079365079365079,0.0020000000000095497,-0.00012058,59.85,59.88628571,-0.03628571000000136,6636236.88,7.500294790070188e-05,0.9948,-0.00012058,1,1,False,1.2393313002453723,0.46679165527438227,1,38,4,2,0,10,5,False,0,1844953538
1779856682000,1779856683051,10,127,False,59.835,59.835,59.832,59.832,8.98,7.89,1.09,7,4,3,59.831,59.832,0.0009999999999976694,59.831500000000005,59.83179759319199,59.833781239055746,6.8999999999999995,57.39,260.04,152.27,326.61,1172.42,260.04,1172.42,-0.6369322703596353,0.7572383072653409,-0.6395216345663014,-5.341131382594847e-05,1.4671669880768244e-05,-6.808298370671671e-05,0.18153386481983336,-0.5951903807416437,0.22179764930637333,7.89,1.09,6.8,2130.1999999999985,9.677412359990068,1.2828571426738775,5.42,6.8,0.7233338560850423,6.309148225178875,-5.013913611322187e-05,0.0001523871804063413,3.0111619971313677e-05,2.3124922515697972e-07,-0.01899999999999835,1.6709135048245656e-05,5.583422729135684e-06,-1,-0.9999996666667778,0.000999999999990564,0.0009999999999976694,-0.009000000000000341,-2.7129567800187768e-05,10862.086780324975,-0.3746928741103026,False,96.9417999030582,0.4881889763779528,-0.009999999999990905,-0.00012058,59.85,59.88628571,-0.03628571000000136,6636236.88,7.500294790070188e-05,0.9948,-0.00012058,1,1,False,1.2419891372594818,0.46028943540068956,2,38,4,2,0,9,7,False,0,989763518
1779856683000,1779856684069,10,128,False,59.831,59.832,59.831,59.832,3.29,0.59,2.7,3,1,2,59.831,59.832,0.0009999999999976694,59.831500000000005,59.83104761724441,59.83325538364217,32.440000000000005,84.7,348.85,57.15,146.06,832.73,348.85,832.73,-0.40951945699791004,-0.6413373858233018,-0.309540811303041,-5.0136845495429646e-05,1.9204627242569548e-05,-6.934147273799919e-05,0.2952402715006219,0.9047619047346367,0.4189233004690369,0.59,2.7,-2.1100000000000003,2128.0899999999983,9.45848080720351,1.096666666301111,2.24,-2.1100000000000003,0.3171756713190184,2.070393370454672,0.0,0.0001523413714585378,1.0037542171067804e-05,2.2929502190657432e-07,-0.018000000000000682,5.013913611322187e-05,0.0,-1,0.9999990000010001,0.000999999999990564,0.0009999999999976694,0.009000000000000341,-2.7514009959564614e-05,10862.08678003788,-0.40852130334167136,False,93.01439990698559,0.3359375,0.008000000000009777,-0.00012058,59.85,59.88628571,-0.03628571000000136,6636236.88,7.500294790070188e-05,0.9948,-0.00012058,1,1,False,1.2524682662405093,0.45461399338183545,3,38,4,2,0,8,3,False,0,4005200842
1779856684000,1779856685032,10,129,False,59.831,59.831,59.826,59.827,24.7,5.1,19.6,8,2,6,59.826,59.827,0.0009999999999976694,59.826499999999996,59.82681965213273,59.82853226077358,19.080000000000002,23.810000000000002,173.32,510.04,593.96,1060.13,173.32,1060.13,-0.7189671247308616,-0.5870445343891886,-0.6632609556668365,-0.00010189654784295235,2.3224141330594278e-05,-0.00012512068917354662,0.1405164376341639,-0.6393054459289729,0.16348938337735608,5.1,19.6,-14.500000000000002,2113.5899999999983,9.410661764344377,3.0874999996140624,18.71,-14.500000000000002,0.8500996209916641,9.562841438606709,-8.357081377774783e-05,0.00015123875379228572,5.019022746205427e-05,1.9998148320197705e-07,-0.02300000000000324,-8.357081377774783e-05,3.3834337560471413e-06,-1,-0.7999998400006004,0.0010000000000047748,0.0009999999999976694,0.027000000000015234,-2.4204205738773092e-05,10862.086732576234,-0.40852130334167136,False,93.18979990681018,0.3488372093023256,0.02600000000001046,-0.00012058,59.85,59.88628571,-0.03628571000000136,6636236.88,7.500294790070188e-05,0.9948,-0.00012058,1,0,False,1.2552210406364546,0.445322559434875,4,38,4,2,0,9,8,False,0,3697615134
1779856685000,1779856686021,10,130,False,59.828,59.836,59.828,59.836,349.39,346.21,3.1799999999999997,9,7,2,59.836,59.837,0.0010000000000047748,59.8365,59.83600049969534,59.83576763236904,218.72,425.95,651.42,3.73,27.349999999999998,384.32,651.42,384.32,0.25788325255348066,0.9817968459286706,0.2456879380870391,-3.8974279968435726e-05,3.7280760964333466e-05,-7.62550409327692e-05,0.6289416262762576,0.9989999444358075,1.6949937551995862,346.21,3.1799999999999997,343.03,2456.619999999998,9.39719744420194,38.82111110679765,272.09,343.03,0.9577323507866974,12.618296370747048,0.00015042243662570867,0.00014444223725098318,8.029966643775445e-05,2.1255240864121922e-07,-0.014000000000002899,0.00023399325040345648,4.305287404484334e-07,-1,0.9999998750000156,0.0010000000000047748,0.0010000000000047748,-0.025000000000005684,5.109203842369883e-06,10862.086732758278,-0.38220551340954334,False,100.0227998999772,0.5384615384615384,-0.02600000000001046,-0.00012058,59.85,59.88628571,-0.03628571000000136,6636236.88,5.444948398042262e-05,0.9948,-0.00012058,1,1,False,0.2749402664564628,0.4507928465646184,5,38,4,2,0,10,9,False,0,675046534
1779856686000,1779856687072,10,131,False,59.836,59.836,59.836,59.836,0.66,0.0,0.66,1,0,1,59.836,59.837,0.0010000000000047748,59.8365,59.83600267530646,59.83579149212279,223.88,431.3,653.89,3.9299999999999997,76.33,465.23,653.89,465.23,0.16857888340824168,-0.9999999984848486,0.19421361120801223,-3.918348141091052e-05,3.468049898204955e-05,-7.386398039296006e-05,0.5842894417036741,0.9946487592414112,1.4055198503935569,0.0,0.66,-0.66,2455.959999999998,9.121879495211711,0.65999999934,0.66,-0.66,0.10962653041133649,1.0,0.0,0.00014444223725098318,0.0,2.1255240864121925e-07,0.012999999999998124,-0.00015042243662570867,0.0,-1,0.0,0.0010000000000047748,0.0010000000000047748,0.025000000000005684,4.957048732668551e-06,10862.086732758278,-0.3931203928964864,False,100.0227998999772,0.5419847328244275,0.02400000000000091,-0.00012058,59.85,59.88628571,-0.03628571000000136,6636118.84,3.6661326421898836e-05,0.9948,-0.00012058,1,0,False,1.3108445331315717,0.4503943638387599,6,38,4,2,0,9,1,False,0,925465828
1779856687000,1779856688013,10,132,False,59.836,59.836,59.836,59.836,14.66,0.0,14.66,3,0,3,59.836,59.837,0.0010000000000047748,59.8365,59.836014235295586,59.835799953014686,126.50999999999999,344.81,538.47,5.01,77.41,489.19,538.47,489.19,0.04795360333179463,-0.9999999999317871,0.12479830181737686,-4.207677121891471e-05,3.347521421837036e-05,-7.555198543728506e-05,0.5239768016654107,0.9715283373536436,1.1007379545757259,0.0,14.66,-14.66,2441.2999999999984,8.921162134712967,4.886666665037778,12.74,-14.66,0.3362790580826322,2.386634839172709,0.0,0.00014443015286920568,0.0,2.1192403042388934e-07,-0.0040000000000048885,0.0,0.0,-1,0.0,0.0010000000000047748,0.0010000000000047748,0.025000000000005684,4.925767175770386e-06,10862.086732208565,-0.4021739129944278,False,99.69339990030659,0.5303030303030303,0.02400000000000091,-0.00012058,59.85,59.88628571,-0.03628571000000136,6636118.84,3.6661326421898836e-05,0.9948,-0.00012058,1,0,False,1.3097528673650953,0.4503943638387599,7,38,4,2,0,8,3,False,0,3545611549
1779856688000,1779856689087,10,133,False,59.837,59.837,59.837,59.837,0.46,0.46,0.0,1,1,0,59.836,59.837,0.0010000000000047748,59.8365,59.836102826221776,59.83479361571271,93.72999999999999,250.85999999999999,468.86,10.93,36.13,395.49,468.86,395.49,0.08488459536057745,0.999999997826087,0.06542250100187723,-4.811206200601593e-05,3.791813770217398e-05,-8.603019970818991e-05,0.5424422976797103,0.7943458979934264,1.1855167007985399,0.46,0.0,0.46,2441.7599999999984,8.661451900787952,0.45999999954,0.46,0.46,0.11545408452751132,1.0,1.6712207432287505e-05,0.00014349652239555266,0.0,1.9433010179767942e-07,-0.00999999999999801,1.6712207432287505e-05,3.6330885643383954e-05,-1,0.0,0.0010000000000047748,0.0010000000000047748,-0.022999999999996135,4.785836051137573e-06,7101.887189237507,-0.40952380897432916,False,99.69339990030659,0.5338345864661654,-0.02400000000000091,-0.00012058,59.85,59.88628571,-0.03628571000000136,6636118.84,3.6661326421898836e-05,0.9948,-0.00012058,1,1,False,1.3067706899205693,0.4439696536928382,8,38,4,2,0,10,1,False,0,2217298547
1779856689000,1779856690053,10,134,False,59.837,59.84,59.837,59.84,10.66,10.66,0.0,3,3,0,59.84,59.841,0.0009999999999976694,59.840500000000006,59.84000163329988,59.838325847187626,334.06,377.6,622.8100000000001,1.25,211.82,611.75,622.8100000000001,611.75,0.008958657335399738,0.9999999999061914,0.07296900114581414,-4.74987104769619e-05,2.7708711545417042e-05,-7.520742202237894e-05,0.504479328667295,0.9967325115030691,1.018079280750277,10.66,0.0,10.66,2452.4199999999983,8.475830526991626,3.5533333321488887,7.42,10.66,0.35394761493784366,7.6045626798132115,5.0134946575043145e-05,0.00013409068374800904,3.0109103897297896e-05,1.912590057596238e-07,-0.007499999999993179,3.342273914275564e-05,4.70309067263978e-06,-1,0.9999996666667778,0.0010000000000047748,0.0009999999999976694,-0.03499999999999659,4.106354240995964e-06,7101.887194025336,-0.4047058819080332,False,95.8411999041588,0.44776119402985076,-0.036000000000001364,-0.00012058,59.85,59.88628571,-0.03628571000000136,6636118.84,3.6661326421898836e-05,0.9948,-0.00012058,0,1,True,1.3081663030333195,0.47519105871691875,9,38,4,2,0,9,3,False,0,729376151
1779856690000,1779856691007,10,135,False,59.841,59.849,59.841,59.849,22.65,21.77,0.88,10,9,1,59.848,59.849,0.0009999999999976694,59.8485,59.84827341084813,59.84996497574085,26.279999999999998,143.29,309.34,189.29,341.12,1047.92,309.34,1047.92,-0.5441698716527829,0.922295805698795,-0.3880019543460463,-6.646376188407394e-05,1.9831593356937152e-05,-8.62953552410111e-05,0.22791506417324026,0.4531748332718709,0.2951942896401488,21.77,0.88,20.89,2473.309999999998,8.525803296598458,2.2649999997735,10.0,20.89,1.17291000635879,15.734265486698623,0.00015038976041164393,0.00013819264322673458,8.028222311468728e-05,1.9824044924281086e-07,0.00999999999999801,0.00010025481383660079,6.639724521192239e-06,1,0.9999998750000156,0.000999999999990564,0.0009999999999976694,-0.017000000000010118,1.2396189403356282e-06,7101.887194726881,-0.39642857118817376,False,90.243999909756,0.25925925925925924,-0.018000000000000682,-0.00012058,59.85,59.88628571,-0.03628571000000136,6636118.84,7.987686024207711e-05,0.9948,-0.00012058,0,2,False,1.241746969190721,0.4751939344000773,10,38,4,2,0,9,10,False,0,2573425491
1779856691000,1779856692051,10,136,False,59.849,59.849,59.848,59.849,8.57,8.1,0.47,5,3,2,59.848,59.849,0.0009999999999976694,59.8485,59.84841759830165,59.84974678586313,27.23,146.15,302.11,206.17,546.38,1084.55,302.11,1084.55,-0.5642623281838632,0.890315052404864,-0.4851599930692035,-6.779465223713852e-05,1.9324455217064625e-05,-8.711910745420315e-05,0.21786883590770786,0.16480071652116443,0.27855792725067674,8.1,0.47,7.63,2480.9399999999982,8.410203188513263,1.7139999996572,7.61,7.630000000000001,0.5945159572642112,8.888888809876544,0.0,0.00013799048564760565,1.0034691001487196e-05,1.9768212877980952e-07,0.013999999999995794,-0.00015038976041164393,0.0,1,0.0,0.000999999999990564,0.0009999999999976694,-0.017000000000010118,1.0400065723914557e-05,7101.887194549512,-0.38647343000619133,False,88.327999911672,0.19852941176470587,-0.018000000000000682,-0.00012058,59.85,59.88628571,-0.03628571000000136,6636003.74,6.253099941565445e-05,0.9948,-0.00012058,0,1,True,1.2394119787667104,0.477971584466617,11,38,4,2,0,9,5,False,0,545585403
1779856692000,1779856693053,10,137,False,59.848,59.849,59.848,59.849,1.89,0.01,1.88,2,1,1,59.848,59.849,0.0009999999999976694,59.8485,59.84823921922472,59.849685176620056,30.509999999999998,149.62,284.2,185.04,518.97,926.46,284.2,926.46,-0.5305040225988051,-0.9894179888944877,-0.42198553767158603,-7.432549059951725e-05,2.12241136961379e-05,-9.554960429565514e-05,0.23474798870018437,0.5215584415448946,0.3067590613730687,0.01,1.88,-1.8699999999999999,2479.0699999999983,8.200032592168565,0.9449999995274999,1.88,-1.8699999999999999,0.24390146957052306,4.566210024811826,0.0,0.0001379399008057255,1.0034691001487196e-05,1.9740296621618244e-07,0.016999999999995907,0.0,0.0,1,0.9999990000010001,0.000999999999990564,0.0009999999999976694,0.03100000000000591,1.5243040129900621e-05,7101.88719454528,-0.3746928741103026,False,87.8127999121872,0.19708029197080293,0.030000000000015348,-0.00012058,59.85,59.88628571,-0.03628571000000136,6636003.74,6.253099941565445e-05,0.9948,-0.00012058,0,2,False,1.2460808928307132,0.46006080446625325,12,38,4,2,0,5,2,False,0,2493247517
1779856693000,1779856694067,10,138,False,59.8485,59.8485,59.8485,59.8485,0.0,0.0,0.0,0,0,0,59.848,59.849,0.0009999999999976694,59.8485,59.848203967809305,59.849633452430105,37.32,158.94,293.52,185.07999999999998,519.01,920.48,293.52,920.48,-0.5164415156503159,0.0,-0.41423194281632886,-7.349574612400234e-05,2.1364278418085225e-05,-9.486002454208757e-05,0.24177924217443014,0.5920617419935599,0.3188771075956904,0.0,0.0,0.0,2479.0699999999983,7.931179064556481,0.0,0.0,0.0,0.0,0.0,-8.354393366534451e-06,0.00013790194946889473,0.0,1.9740296621618244e-07,0.016500000000000625,-8.354393366534451e-06,8354.39336653445,1,0.0,0.0,0.0009999999999976694,0.0799999999999983,1.5243040129900621e-05,7101.88719476432,-0.40852130334167136,False,87.8127999121872,0.2028985507246377,0.0799999999999983,-0.00012058,59.85,59.88628571,-0.03628571000000136,6636003.74,6.253099941565445e-05,0.9948,-0.00012058,0,1,True,1.2675335725680936,0.45587480437813693,13,38,4,2,0,7,0,False,0,1832447694
1779856694000,1779856695003,10,139,False,59.848,59.858,59.848,59.857,155.59,125.33,30.26,12,10,2,59.857,59.858,0.0009999999999976694,59.8575,59.85757393193887,59.85785215632745,91.05000000000001,180.8,495.5,156.51,178.37,874.68,495.5,874.68,-0.2767373629740058,0.61102898643479,-0.2111576405998934,-5.227305684067879e-05,2.4894177061011587e-05,-7.716723390169038e-05,0.36163131851263225,-0.14786455674580073,0.5664928888272666,125.33,30.26,95.07,2574.1399999999985,8.06458302965299,12.965833332252847,121.01,95.07000000000001,1.4879876559505592,36.18420921701875,0.0001420151958646891,0.00014151100119830223,0.00010033936574446521,1.985894170264615e-07,0.030000000000001137,0.00015036958923122357,9.127527210217646e-07,1,0.8999999100002222,0.0010000000000047748,0.0009999999999976694,-0.03900000000000148,6.198935094305297e-06,14202.646987998776,-0.40852130334167136,False,89.42479991057519,0.2733812949640288,-0.04000000000000625,-0.00012058,59.85,59.88628571,-0.03628571000000136,6636003.74,6.253099941565445e-05,0.9948,-0.00012058,0,2,False,0.9849311757239794,0.45336495189939874,14,38,4,2,0,9,12,False,0,1132419422
1779856695000,1779856696077,10,140,False,59.858,59.858,59.858,59.858,1.9300000000000002,1.9300000000000002,0.0,2,2,0,59.857,59.858,0.0009999999999976694,59.8575,59.85746701683479,59.85792830075458,143.39,195.8,448.59,181.86,224.91,1131.6200000000001,448.59,1131.6200000000001,-0.43224001873141416,0.9999999994818652,-0.4726152400963497,-5.1511303214959985e-05,1.849652960933032e-05,-7.000783282429031e-05,0.28387999063397656,0.06596587446653727,0.3964139905618525,1.9300000000000002,0.0,1.9300000000000002,2576.0699999999983,7.865744241795515,0.9649999995175,1.35,1.9300000000000002,0.2542671028023653,4.784688972322063,1.6706344234631315e-05,0.0001415603000739621,0.0,2.009619717751256e-07,0.021999999999998465,-0.0001253088516300578,8.65613690465035e-06,1,0.0,0.000999999999990564,0.0009999999999976694,0.03499999999998238,6.486659527254766e-06,14202.646988004146,-0.4348370925163705,False,87.8197999121802,0.2,0.033999999999991815,-0.00012058,59.85,59.88628571,-0.03628571000000136,6636003.74,7.108548288910906e-05,0.9948,-0.00012058,1,1,False,1.2663953866419617,0.46071069083273464,15,38,4,2,0,10,2,False,0,3790767065
1779856696000,1779856697058,10,141,False,59.858,59.858,59.857,59.858,11.98,10.79,1.19,5,4,1,59.857,59.858,0.0009999999999976694,59.8575,59.85744256679415,59.85748875367035,143.98999999999998,196.4,491.02,117.0,140.53,883.53,491.02,883.53,-0.2855552726344727,0.8013355591985529,-0.22782699538074444,-4.717577500108229e-05,2.3417718487219945e-05,-7.059349348830223e-05,0.3572223636823999,0.11486593685501002,0.5557479655466643,10.79,1.19,9.6,2585.6699999999983,7.771785414195661,2.3959999995208,5.25,9.6,0.6433528118550248,5.6022408649734405,0.0,9.929204694177826e-05,1.003318221455799e-05,7.27535298504774e-08,0.021999999999998465,-1.6706344234631315e-05,0.0,1,0.0,0.000999999999990564,0.0009999999999976694,0.027000000000001023,7.910528193667461e-06,14202.646826850716,-0.47051282060385863,False,87.9741999120258,0.2198581560283688,0.02600000000001046,-0.00012058,59.85,59.88628571,-0.03628571000000136,6635988.07,6.872395409505772e-05,0.9948,-0.00012058,0,1,True,1.2641218536548036,0.44507704690961153,16,38,4,2,0,9,5,False,0,1322144500
1779856697000,1779856698015,10,142,False,59.858,59.871,59.858,59.862,402.43,261.85,140.57999999999998,22,14,8,59.864,59.865,0.0010000000000047748,59.8645,59.864453800132154,59.865800462622175,78.86,91.72,326.26,162.85000000000002,232.97,1013.36,326.26,1013.36,-0.5129066451676499,0.30134433317520737,-0.49844192027681383,-5.727218324138019e-05,1.861380880839137e-05,-7.588599204977155e-05,0.24354667741580185,0.09239715700856348,0.32195863266724367,261.85,140.57999999999998,121.27000000000004,2706.9399999999982,8.238284253074491,18.29227272644126,126.3,121.27000000000001,2.6704589598397552,39.548021034824025,6.682258605891947e-05,7.775374293776525e-05,0.00013041611786273726,3.951819274336015e-08,0.026000000000003354,6.682258605891947e-05,1.6604772521619517e-07,1,0.30769228402392274,0.0049999999999954525,0.0010000000000047748,0.042999999999992156,3.8067722902885932e-06,14202.646827094815,-0.44487179463769677,False,89.97599991002399,0.29577464788732394,0.0379999999999967,-0.00012058,59.85,59.88628571,-0.03628571000000136,6635988.07,6.872395409505772e-05,0.9948,-0.00012058,0,2,False,1.014756897732716,0.4592501759568311,17,38,4,2,0,9,22,False,0,2745833337
1779856698000,1779856699001,10,143,False,59.864,59.888,59.864,59.888,784.24,783.23,1.01,29,27,2,59.888,59.889,0.0010000000000047748,59.8885,59.88809453637294,59.88669294329853,145.68,259.39,986.5600000000001,24.68,81.89,666.98,986.5600000000001,666.98,0.1932701960640848,0.9974242578789689,0.17264064069460283,-2.3835593768629098e-05,2.464911672490819e-05,-4.8484710493537287e-05,0.5966350980317401,0.8109255590035249,1.479144801940869,783.23,1.01,782.22,3489.159999999998,8.918996244776967,27.042758619757148,117.25,782.22,3.2514869611848014,51.56537487324033,0.0004342380026478923,0.00012161273354658135,0.00024072197705954712,6.755784638829139e-08,0.05099999999999483,0.00036741541658897285,5.537055016925159e-07,1,0.9999999583333351,0.0010000000000047748,0.0010000000000047748,0.03900000000000148,-9.87928047621452e-07,14202.646827132858,-0.4561403504918344,False,105.1115998948884,0.5874125874125874,0.0379999999999967,-0.00012058,59.85,59.88628571,-0.03628571000000136,6635988.07,6.872395409505772e-05,0.9948,-0.00012058,0,2,False,1.100043993823616,0.47480169133483596,18,38,4,2,0,9,29,False,0,818912566
1779856699000,1779856700020,10,144,False,59.888,59.899,59.873,59.873,197.41,145.04,52.370000000000005,26,11,15,59.876,59.877,0.0010000000000047748,59.8765,59.87699956812028,59.877968037468456,0.76,19.330000000000002,213.08,391.58,1072.1299999999999,1612.73,213.08,1612.73,-0.7665912663416421,0.4694291069324278,-0.6700381015228885,-7.686179825147029e-05,1.3141652853198643e-05,-9.000345110466893e-05,0.11670436682890516,-0.9991368148419933,0.1321237900949743,145.04,52.370000000000005,92.66999999999999,3581.829999999998,9.479029154784278,7.592692307400281,61.42,92.67,2.7428969330824686,23.674241863772686,-0.0002504989116396816,0.00013387924494835494,0.0002607385959906224,1.751473245454337e-07,0.032999999999994145,-0.0006847369142875738,1.2689271649785353e-06,1,-0.5769230547336761,0.007000000000005002,0.0010000000000047748,0.009000000000000341,5.030427686623647e-05,14202.646827131179,-0.4656019653262286,False,106.7573998932426,0.6041666666666666,0.001999999999995339,-0.00012058,59.85,59.88628571,-0.03628571000000136,6635988.07,6.872395409505772e-05,0.9948,-0.00012058,0,1,True,1.4679353091181564,0.44152471570335683,19,38,4,2,0,9,26,False,0,1592688472
1779856700000,1779856701053,10,145,False,59.869,59.869,59.841,59.841,145.44,0.12,145.32,27,1,26,59.84,59.841,0.0009999999999976694,59.840500000000006,59.840346656454805,59.84388413203248,34.03,58.4,312.22,178.79999999999998,291.28,1336.09,312.22,1336.09,-0.62116349473059,-0.998349834976634,-0.4252067519476322,-5.010315235787917e-05,1.5213484719392945e-05,-6.531663707727212e-05,0.18941825263440168,0.30668443259367795,0.23368186274859207,0.12,145.32,-145.2,3436.6299999999983,10.053487215283155,5.3866666664671605,52.4,-145.2,2.6856352844681974,34.66666546488893,-0.0005346074938961604,0.00017664986517994957,0.00028094084085977214,2.9957094252860796e-07,-0.007999999999995566,-0.0002841085822564788,3.675794099920824e-06,1,-0.9999999642857156,0.000999999999990564,0.0009999999999976694,0.06499999999999773,-2.619145289362946e-05,7100.75980217273,-0.4577294686532137,False,108.8335998911664,0.6068965517241379,0.06400000000000716,-0.00012058,59.85,59.88628571,-0.03628571000000136,6635988.07,6.870436125299538e-05,0.9948,-0.00012058,2,1,False,1.449296541792319,0.4087136606599478,20,38,4,2,0,11,27,False,0,2885294804
1779856701000,1779856702025,10,146,False,59.841,59.845,59.841,59.845,97.63,97.63,0.0,3,3,0,59.844,59.845,0.0009999999999976694,59.8445,59.84495948305577,59.84683400587778,21.06,38.19,258.36,224.01,652.13,1836.19,258.36,1836.19,-0.7533026187005545,0.9999999999897572,-0.7476852554130755,-6.150549812303605e-05,9.303353673212875e-06,-7.080885179624892e-05,0.12334869064948396,-0.9189671281668312,0.14070439333612497,97.63,0.0,97.63,3534.2599999999984,9.822225339372233,32.54333332248555,92.63,97.63,0.3054297672920533,3.929273069040184,6.684156879636616e-05,0.00017664973836999722,4.014245305987826e-05,3.3195323154422266e-07,-0.003999999999997783,0.0006014490626925265,6.846416961557054e-07,1,0.9999997500000624,0.0010000000000047748,0.0009999999999976694,-0.08100000000000307,1.1598373238063943e-05,7100.759802166783,-0.4926289929918044,False,109.91999989007999,0.6232876712328768,-0.08200000000000784,-0.00012058,59.85,59.88628571,-0.03628571000000136,6636054.41,7.870205219929277e-05,0.9948,-0.00012058,2,2,False,1.166508375193065,0.4069268593616315,21,38,4,2,0,9,3,False,0,982161585
1779856702000,1779856703003,10,147,False,59.845,59.845,59.84,59.84,10.08,7.119999999999999,2.96,5,3,2,59.84,59.841,0.0009999999999976694,59.840500000000006,59.84079057120953,59.84163578284454,21.2,41.55,224.44,104.33,435.34,1256.56,224.44,1256.56,-0.6969074949353835,0.4126984126574703,-0.5732893260162523,-7.218623935801282e-05,1.4397299814720186e-05,-8.658353917273301e-05,0.1515462525319706,-0.581143740333615,0.17861463041941603,7.119999999999999,2.96,4.159999999999999,3538.4199999999983,9.664119590540356,2.0159999995968,6.77,4.159999999999999,0.5173777034357927,5.4347825791587905,-8.355265911190281e-05,0.00017728081046721597,5.0178485586502695e-05,3.3753802235637023e-07,-0.008999999999993236,-0.00015039422790826895,8.288954276152167e-06,-1,-0.99999980000004,0.0010000000000047748,0.0009999999999976694,-0.10499999999998977,9.816885248514354e-06,7100.759801797244,-0.4926289929918044,False,104.79259989520739,0.5714285714285714,-0.10599999999999454,-0.00012058,59.85,59.88628571,-0.03628571000000136,6636054.41,7.870205219929277e-05,0.9948,-0.00012058,2,0,False,1.4159789137942214,0.41286003437592117,22,38,4,2,0,9,5,False,0,3834371200
1779856703000,1779856704047,10,148,False,59.841,59.87,59.841,59.87,904.27,894.27,10.0,29,28,1,59.868,59.869,0.0009999999999976694,59.8685,59.86843903133839,59.86766597068781,69.3,112.50999999999999,691.06,79.42999999999999,126.29,482.67,691.06,482.67,0.1775450912900091,0.9778827120207705,-0.10175904044655434,-2.8218692225010426e-05,3.8134855303683094e-05,-6.635354752869352e-05,0.5887725456445786,0.1219353791180072,1.4317442559068685,894.27,10.0,884.27,4422.689999999999,10.298082882653787,31.181724136855802,324.05,884.27,2.816058127288127,32.97997535519516,0.0005012112710388628,0.0002097358402150967,0.00029097201206400677,3.7941555682852387e-07,0.021499999999996078,0.0005847639301507656,5.54271700972396e-07,1,0.9999999655172426,0.0030000000000001137,0.0009999999999976694,-0.045000000000001705,-2.8534394843324916e-07,7100.75980428341,-0.4926289929918044,False,122.40459987759539,0.7567567567567568,-0.04800000000000182,-0.00012058,59.85,59.88628571,-0.03628571000000136,6636054.41,7.870205219929277e-05,0.9948,-0.00012058,2,2,False,0.27642235464365406,0.4695384314072687,23,38,4,2,0,10,29,False,0,2165163717
1779856704000,1779856704997,10,149,False,59.872,59.872,59.868,59.868,15.36,5.359999999999999,10.0,3,2,1,59.868,59.869,0.0009999999999976694,59.8685,59.86800253269643,59.86779598074666,294.45000000000005,348.14000000000004,1044.81,3.66,139.61,487.92,1044.81,487.92,0.3633320937148986,-0.3020833333136665,0.1263675567443922,-2.8107722928598817e-05,3.744220602155242e-05,-6.554992895015124e-05,0.6816660468571231,0.9949341800114342,2.141355140182527,5.359999999999999,10.0,-4.640000000000001,4418.049999999998,10.058801476665138,5.119999998293333,10.0,-4.640000000000001,0.2982462678740891,2.1929824513311784,-3.340627035999133e-05,0.00020903520653212237,4.012434973221261e-05,3.8358823061708086e-07,0.011000000000002785,-0.0005346175413988542,2.174887393087008e-06,1,-0.9999997500000624,0.000999999999990564,0.0009999999999976694,0.0589999999999975,1.028125009246361e-06,7100.759803015184,-0.4926289929918044,False,122.4441998775558,0.7651006711409396,0.058000000000006935,-0.00012058,59.85,59.88628571,-0.03628571000000136,6636054.41,7.870205219929277e-05,0.9948,-0.00012058,2,1,False,1.5036283666519328,0.4657124236769938,24,38,4,2,0,8,3,False,0,3447580232
1779856705000,1779856706069,10,150,False,59.869,59.869,59.869,59.869,0.31,0.31,0.0,1,1,0,59.873,59.874,0.0010000000000047748,59.8735,59.873004061153026,59.87169937265881,88.19,411.53000000000003,648.7900000000001,4.55,29.85,537.19,648.7900000000001,537.19,0.09409939459342141,0.9999999967741935,0.05807935520771822,-2.999358345761386e-05,2.957557137672915e-05,-5.956915483434301e-05,0.5470496972962892,0.9918751336114632,1.2077477242666323,0.31,0.0,0.31,4418.359999999999,9.761791592184315,0.30999999968999997,0.31,0.31,0.10244021196869232,1.0,1.6703274677340784e-05,0.00020634515275904505,0.0,3.841462247268493e-07,0.011000000000002785,5.010954503733211e-05,5.3881531043416944e-05,1,0.0,0.009000000000000341,0.0010000000000047748,-0.027000000000001023,1.0281957282383694e-06,7100.759802765058,-0.4656019653262286,False,122.4441998775558,0.7666666666666667,-0.036000000000001364,-0.00012058,59.85,59.88628571,-0.03628571000000136,6636054.41,8.056037990761515e-05,0.9948,-0.00012058,2,2,False,1.504007752890723,0.4364774339271813,25,38,4,2,0,11,1,False,0,3149640540
1779856706000,1779856707029,10,151,False,59.873,59.882,59.873,59.882,2.9899999999999998,2.9899999999999998,0.0,8,8,0,59.885,59.886,0.0010000000000047748,59.8855,59.88500092242183,59.88452353109993,414.78,567.07,1154.34,1.47,114.53999999999999,575.1,1154.34,575.1,0.33492922564510186,0.9999999996655519,0.23027457036087196,-1.9058758791804857e-05,3.094570687217574e-05,-5.000446566398059e-05,0.6674646128222618,0.9981548313543047,2.007198748040328,2.9899999999999998,0.0,2.9899999999999998,4421.3499999999985,9.704027933424173,0.37374999995328123,1.18,2.9899999999999998,0.8243999351672014,7.8917699489939235,0.00021711718567809187,0.0002119795171307652,9.026847897318422e-05,3.877727927164016e-07,0.02400000000000091,0.00020041391100075108,7.261444334631353e-05,1,0.9999998888889013,0.007000000000005002,0.0010000000000047748,-0.0010000000000047748,2.044266185361108e-06,7100.759837783959,-0.4734299516414502,False,107.63399989236599,0.5894039735099338,-0.008000000000009777,-0.00012058,59.868,59.905,-0.036999999999999034,6635894.19,5.6414570141144595e-05,0.9948,-0.00012058,2,2,False,1.3486993215279568,0.4656709150205155,26,38,4,2,0,9,8,False,0,1907157840
1779856707000,1779856708008,10,152,False,59.885,59.893,59.885,59.893,20.279999999999998,20.259999999999998,0.02,8,7,1,59.892,59.893,0.0009999999999976694,59.8925,59.89204398423173,59.89173283905444,315.16999999999996,350.13,641.98,16.99,86.53,858.52,641.98,858.52,-0.1443118960345589,0.9980276133630164,-0.3083537573876466,-4.946114129032405e-05,2.008416004836871e-05,-6.954530133869275e-05,0.42784405198238734,0.9120311346678117,0.7477752411117414,20.259999999999998,0.02,20.24,4441.589999999998,9.648158165115184,2.5349999996831247,13.29,20.24,0.8291738031509891,7.88288282074304,0.0001836777295916991,0.00021592172447530716,8.022324036620262e-05,4.2765238443709294e-07,0.030999999999998806,-3.343945608639276e-05,9.057087257526728e-06,1,0.9999998750000156,0.0010000000000047748,0.0009999999999976694,-0.009000000000000341,-3.138729880735828e-06,7100.759840855493,-0.4666666663919265,False,108.01639989198358,0.5921052631578947,-0.010000000000005116,-0.00012058,59.868,59.905,-0.036999999999999034,6635894.19,5.6414570141144595e-05,0.9948,-0.00012058,2,1,False,1.3431942759597335,0.5111845727853476,27,38,4,2,0,9,8,False,0,3114360857
1779856708000,1779856709057,10,153,False,59.893,59.893,59.892,59.892,5.7700000000000005,0.36,5.41,3,2,1,59.892,59.893,0.0009999999999976694,59.8925,59.892001944488044,59.892010593185404,287.25,438.62,757.51,4.43,35.18,477.15000000000003,757.51,477.15000000000003,0.22707466023016284,-0.8752166376299451,0.27427209719350215,-3.767577338476037e-05,3.550990955099576e-05,-7.318568293575612e-05,0.6135373301146765,0.9961106003783462,1.5875720423313684,0.36,5.41,-5.05,4436.539999999998,9.43018576625895,1.9233333326922224,5.41,-5.05,0.3181273491361987,4.0485829795603925,-1.669658137534557e-05,0.00021592166403121442,1.002731901999736e-05,4.298813089692907e-07,0.0040000000000048885,-0.00020037431096704467,2.8936882794543987e-06,1,-0.9999990000010001,0.000999999999990564,0.0009999999999976694,0.13699999999998624,5.9061095563730834e-05,7100.759840839659,-0.4577294686532137,False,101.4397998985602,0.5490196078431373,0.13599999999999568,-0.00012058,59.868,59.905,-0.036999999999999034,6635894.19,5.6414570141144595e-05,0.9948,-0.00012058,2,1,False,1.340028086984618,0.4679262764155998,28,38,4,2,0,9,3,False,0,3453320196
1779856709000,1779856709993,10,154,False,59.892,59.898,59.892,59.898,56.660000000000004,1.8800000000000001,54.78,5,3,2,59.897,59.898,0.0010000000000047748,59.8975,59.89700834823435,59.89347728450134,432.39,457.14,797.1899999999999,34.92,94.3,702.8100000000001,797.1899999999999,702.8100000000001,0.06291999999995798,-0.9336392516601899,-0.12589505028813244,-2.7604839266867583e-05,2.398611657489279e-05,-5.159095584176037e-05,0.5314599999996457,0.9833005893668147,1.1342894950254914,1.8800000000000001,54.78,-52.9,4383.6399999999985,9.28493377392259,11.3319999977336,51.71,-52.9,0.5385068026553249,9.029345290931419,0.0001001753068707624,0.0002167907838445562,6.016140294476596e-05,4.2401411152858734e-07,0.025000000000005684,0.00011687188824610797,1.7680075338685914e-06,1,0.9999998333333611,0.0010000000000047748,0.0010000000000047748,0.13699999999998624,8.787436655324385e-06,7100.759836258277,-0.4656019653262286,False,93.49539990650459,0.37662337662337664,0.13599999999998147,-0.00012058,59.868,59.905,-0.036999999999999034,6635894.19,5.6414570141144595e-05,0.9948,-0.00012058,2,2,False,1.3319386512604212,0.465559807001379,29,38,4,2,0,9,5,False,0,3117384332
1779856710000,1779856711073,10,155,False,59.897,59.897,59.883,59.883,394.43,2.8800000000000003,391.55,16,3,13,59.882,59.883,0.0010000000000047748,59.8825,59.88252762719982,59.88280522469457,27.279999999999998,50.04,312.21999999999997,36.23,306.78000000000003,731.1,312.21999999999997,731.1,-0.4014875589460555,-0.9853966483254687,-0.49057706760036507,-6.283615186962047e-05,2.4907454905877877e-05,-8.774360677549835e-05,0.29925622052649303,-0.05525654825878625,0.42705512241768967,2.8800000000000003,391.55,-388.67,3994.9699999999984,9.50509987969562,24.65187499845926,275.91,-388.67,1.683306877447463,25.95155641994231,-0.00025045708548787475,0.00022136808157830146,0.00014038832692918514,4.4910372692529194e-07,0.04200000000000159,-0.00035063239235863714,6.349848781462865e-07,1,-0.9999999285714337,0.0010000000000047748,0.0010000000000047748,0.15699999999999648,4.042829793622084e-06,7100.759835773902,-0.4734299516414502,False,100.97079989902919,0.5419354838709678,0.1559999999999917,-0.00012058,59.868,59.905,-0.036999999999999034,6635894.19,9.917375229122718e-06,0.9948,-0.00012058,2,1,False,0.3943450094003446,0.43132270105206394,30,38,4,2,0,10,16,False,0,566445349
1779856711000,1779856712057,10,156,False,59.882,59.891,59.882,59.891,149.89000000000001,145.28,4.61,11,9,2,59.882,59.883,0.0010000000000047748,59.8825,59.882921109265055,59.88366880675443,15.15,17.87,229.16,244.88,404.75,1407.81,229.16,1407.81,-0.7200193039574824,0.9384882246918507,-0.773811553384962,-6.818815982666082e-05,1.6235365253179955e-05,-8.442352507984077e-05,0.13999034802095334,-0.8422192309893943,0.16277764755175572,145.28,4.61,140.67,4135.6399999999985,9.554112998394125,13.626363635124877,51.25,140.67,1.1513366024347385,25.706940213189196,0.00013358491846129567,0.0002233742914116866,9.025491303906587e-05,4.825610162682434e-07,0.045999999999999375,0.00038404200394917044,8.912196841710885e-07,1,0.9999998888889013,0.016999999999995907,0.0010000000000047748,-0.14900000000001512,6.317637862303049e-06,7100.7598357908355,-0.508333333573731,False,103.6663998963336,0.5641025641025641,-0.16600000000001103,-0.00012058,59.868,59.905,-0.036999999999999034,6636004.99,2.6614612356857736e-05,0.9948,-0.00012058,2,2,False,1.4474577702125997,0.503051809697718,31,38,4,2,0,9,11,False,0,4062627854
1779856712000,1779856713001,10,157,False,59.883,59.937,59.883,59.937,3762.06,3762.04,0.02,68,67,1,59.897,59.898,0.0010000000000047748,59.8975,59.89793178751973,59.89973318866729,3.6799999999999997,97.92,288.02,112.77,246.91,902.72,288.02,902.72,-0.5162336026332229,0.9999893675270995,-0.5743558369001659,-4.885391533143614e-05,1.952513698888963e-05,-6.837905232032577e-05,0.24188319868296865,-0.863579991696421,0.3190579581705079,3762.04,0.02,3762.02,7897.659999999998,11.47037158861071,55.324411763892286,328.5,3762.02,5.928317096683337,311.62780986482204,0.0007677671706048309,0.00028172574514339374,0.0005413170961919481,5.851231311507494e-07,0.0969999999999942,0.0006341822521435352,2.0408158578136096e-07,1,0.9999999814814818,0.07899999999999352,0.0010000000000047748,-0.049000000000006594,2.8708899010476172e-06,7100.759836046947,-0.5499999993818346,False,178.05419982194582,1.0,-0.1280000000000001,-0.00012058,59.868,59.905,-0.036999999999999034,6636004.99,2.6614612356857736e-05,0.9948,-0.00012058,2,2,False,0.41453953008536903,0.5429316387885971,32,38,4,2,0,8,68,False,0,949426039
1779856713000,1779856714085,10,158,False,59.915,59.96,59.915,59.96,1131.43,911.62,219.81,62,48,14,59.96,59.961,0.0009999999999976694,59.960499999999996,59.960036518821184,59.96047724337574,202.87,369.92,1081.64,128.47,148.49,379.67,1081.64,379.67,0.4803703526284769,0.6114474602930703,0.38244518266905647,-1.5310827373793833e-05,5.261374754128102e-05,-6.792457491507485e-05,0.7401851763138962,0.9269611343371726,2.8488950930996686,911.62,219.81,691.81,8589.469999999998,13.127080716852982,18.2488709674476,108.93,691.8100000000001,4.723060772809851,69.47607717763017,0.0003836626484753797,0.00029449237184336614,0.00045089060216308926,8.785002664271685e-07,0.09000000000000341,-0.0003841045221294512,3.3909534701664316e-07,1,0.9999999777777783,0.000999999999990564,0.0009999999999976694,-0.000999999999990564,2.1793025012700688e-05,7100.759835831031,-0.5141176471786064,False,190.88039980911958,0.9936708860759493,-0.001999999999981128,-0.00012058,59.868,59.905,-0.036999999999999034,6636004.99,2.6614612356857736e-05,0.9948,-0.00012058,2,1,False,1.3833426138227782,0.5494323964176883,33,38,4,2,0,11,62,False,0,3714721278
1779856714000,1779856715028,10,159,False,59.961,59.967,59.96,59.967,203.77,173.06,30.71,11,10,1,59.966,59.967,0.0009999999999976694,59.966499999999996,59.96606142407918,59.965674089819636,91.49,265.35,777.09,19.400000000000002,123.55,731.87,777.09,731.87,0.029967659845171548,0.6985817343048605,0.1839525063444551,-2.476559445575325e-05,1.960445538980789e-05,-4.437004984556114e-05,0.5149838299222544,0.8771498771355095,1.061786929371252,173.06,30.71,142.35,8731.819999999998,13.057340365480753,18.524545452861407,130.6,142.35,0.8424380226954862,11.890606279540947,0.00011673768222243458,0.00029393660133375776,7.010812303357886e-05,9.209156000168408e-07,0.09899999999999665,-0.0002669249662529451,5.728894450697438e-07,1,0.857142734694185,0.0010000000000047748,0.0009999999999976694,0.016999999999995907,-5.193236645549346e-07,4.2601735254515245e-05,-0.5141176471786064,False,191.63559980836442,0.9937106918238994,0.015999999999991132,-0.00012058,59.868,59.905,-0.036999999999999034,6636004.99,2.6614612356857736e-05,0.9948,-0.00012058,2,1,False,1.263612000552711,0.5592223574716232,34,38,4,2,0,9,11,False,0,1011859869
1779856715000,1779856716053,10,160,False,59.967,59.967,59.962,59.962,47.04,4.5,42.54,6,2,4,59.961,59.962,0.0010000000000047748,59.9615,59.96134709174509,59.96375817595484,104.23,173.39,869.97,159.01999999999998,243.29999999999998,874.42,869.97,874.42,-0.002551035032302055,-0.808673469370564,0.11542548993051407,-2.0164549400533905e-05,2.0518642952293388e-05,-4.0683192352827293e-05,0.4987244824835624,0.30581039753793016,0.9949109123750659,4.5,42.54,-38.04,8693.779999999997,12.825952156776466,7.839999998693333,38.63,-38.04,0.46780152663848484,11.086474378198732,-8.338266812688466e-05,0.00029450365697891435,5.007639559579112e-05,9.306494994314958e-07,0.09300000000000352,-0.00020012035034931925,1.7725907339522126e-06,1,-0.99999980000004,0.0010000000000047748,0.0010000000000047748,-0.01099999999999568,7.192545640880843e-06,4.261682654304443e-05,-0.48470588210196747,False,192.19519980780478,0.99375,-0.012000000000000455,-0.00012058,59.868,59.905,-0.036999999999999034,6636004.99,6.755616206121783e-06,0.9948,-0.00012058,2,1,False,1.6484116837209746,0.5516462535939587,35,38,4,2,0,10,6,False,0,2180805223
1779856716000,1779856717037,10,161,False,59.962,59.966,59.962,59.966,24.72,24.72,0.0,4,4,0,59.965,59.966,0.0009999999999976694,59.965500000000006,59.965033872853354,59.96411152342275,434.01000000000005,537.64,1126.04,109.91,204.02,845.91,1126.04,845.91,0.14205735439532338,0.9999999999595469,-0.031090144745407444,-2.3267048558565168e-05,2.0128726616302772e-05,-4.339577517486794e-05,0.5710286771974081,0.932252367941367,1.3311581610321062,24.72,0.0,24.72,8718.499999999996,12.536576676226419,6.179999998455,11.95,24.72,0.31906636899260415,4.65838507146715,6.670669070576448e-05,0.00029488115081028796,4.006145051134026e-05,9.362116812844572e-07,0.08400000000000318,0.00015008935883264915,2.6984907242340614e-06,1,0.9999997500000624,0.000999999999990564,0.0009999999999976694,0.04100000000001103,6.476954667847886e-06,4.2687730763606026e-05,-0.44988344992166607,False,191.50979980849016,0.9875776397515528,0.040000000000020464,-0.00012058,59.868,59.905,-0.036999999999999034,6635739.09,-3.3313943222995176e-05,0.9948,-0.00012058,2,2,False,1.6518040352205487,0.5501270732015483,36,38,4,2,0,9,4,False,0,2765910793
1779856717000,1779856717997,10,162,False,59.965,59.966,59.962,59.962,173.92,0.94,172.98,6,1,5,59.961,59.962,0.0010000000000047748,59.9615,59.96191083588081,59.9631368276116,100.66000000000001,199.79,770.33,420.14,1214.34,1478.78,770.33,1478.78,-0.3149912632106411,-0.9891904323770172,-0.2698159650036466,-2.146920750793346e-05,1.1728652814422066e-05,-3.3197860322355525e-05,0.34250436839445714,-0.8216726825833527,0.5209226524564027,0.94,172.98,-172.04,8546.459999999995,12.322262686841945,28.986666661835553,101.86,-172.04,0.4869235587649047,15.67398094554889,-6.670669070580861e-05,0.000294879838802292,4.006145051134026e-05,9.116445575673826e-07,0.06900000000000261,-0.0001334133814115731,3.835481296310089e-07,1,-0.7499998125004909,0.0010000000000047748,0.0010000000000047748,-0.025000000000005684,1.0153645175483495e-05,4.254376303749168e-05,-0.4195804193081291,False,194.9193998050806,0.9938271604938271,-0.02600000000001046,-0.00012058,59.868,59.905,-0.036999999999999034,6635739.09,-3.3313943222995176e-05,0.9948,-0.00012058,2,1,False,1.4039116218008483,0.5245527869851909,37,38,4,2,0,9,6,False,0,587662714
1779856718000,1779856718999,10,163,False,59.961,59.961,59.961,59.961,9.33,2.08,7.25,2,1,1,59.96,59.961,0.0009999999999976694,59.960499999999996,59.960555741559446,59.961326622247164,130.47,161.91,830.83,212.76999999999998,937.65,1151.53,830.83,1151.53,-0.1617768720110566,-0.5541264736812297,-0.06011149383633254,-2.0413224008107676e-05,1.253248301915476e-05,-3.294570702726244e-05,0.41911156399421945,-0.11148353758558889,0.721500959592263,2.08,7.25,-5.17,8541.289999999995,11.983827844650406,4.6649999976675,7.25,-5.17,0.1668915830367098,1.58982511670934,-1.6677367978271643e-05,0.0002784598605095864,0.0,8.0398090253901e-07,0.06899999999999551,5.002932272753697e-05,1.787499247211591e-06,1,0.0,0.0010000000000047748,0.0009999999999976694,-0.022999999999996135,9.799045014910606e-06,4.249460559702377e-05,-0.3854166671860443,False,193.46659980653342,0.9938650306748467,-0.02400000000000091,-0.00012058,59.868,59.905,-0.036999999999999034,6635739.09,-3.3313943222995176e-05,0.9948,-0.00012058,2,2,False,1.6572771328026714,0.5320435040825404,38,38,4,2,0,9,2,False,0,1258505773
1779856719000,1779856720062,10,164,False,59.961,59.961,59.946,59.956,315.19,25.75,289.44,20,6,14,59.958,59.959,0.0010000000000047748,59.9585,59.95806542839766,59.96125462667365,58.21,574.9,769.23,723.09,823.14,1206.48,769.23,1206.48,-0.22131284449629687,-0.83660649132004,-0.11497425202726422,-2.025559089907412e-05,1.6826841789832784e-05,-3.70824326889069e-05,0.3893435777515985,0.8691358024154855,0.6375820568922506,25.75,289.44,-263.69,8277.599999999995,12.246653161219246,15.759499999212025,82.92,-263.69,1.6330992423056219,19.64839671838724,-8.339101216498896e-05,0.0002734046666095517,0.0001502567508633893,6.714530497595602e-07,0.05799999999999983,-6.671364418671733e-05,2.645737877620622e-07,1,-0.3333333111107968,0.0049999999999954525,0.0010000000000047748,-0.007000000000005002,1.2767723522932445e-05,4.292553196140521e-05,-0.35416666651827305,False,197.393999802606,1.0,-0.012000000000000455,-0.00012058,59.868,59.905,-0.036999999999999034,6635739.09,-3.3313943222995176e-05,0.9948,-0.00012058,2,1,False,1.6154175393539414,0.5317909320755926,39,38,4,2,0,8,20,False,0,3902435990
1779856720000,1779856721098,10,165,False,59.959,59.959,59.956,59.956,40.93,0.84,40.09,5,1,4,59.956,59.957,0.0009999999999976694,59.956500000000005,59.95679700269414,59.95834448300254,48.24,485.15999999999997,699.7,373.58,989.88,1330.91,699.7,1330.91,-0.31084747932871853,-0.9589543122169815,-0.21778919162941274,-2.2161472901095548e-05,1.4510202638043728e-05,-3.667167553913928e-05,0.3445762603353945,-0.5940060612830058,0.5257305152110017,0.84,40.09,-39.25,8238.349999999995,12.0090579756055,8.1859999983628,19.57,-39.25,0.4163523908153625,11.204481667176676,0.0,0.0002458858537968044,3.0049345178824766e-05,6.35719046177247e-07,0.0730000000000004,8.339101216498896e-05,0.0,1,-0.9999996666667778,0.0010000000000047748,0.0009999999999976694,0.0049999999999954525,1.2505053292643918e-05,4.2790126588350786e-05,-0.35253456235273856,False,197.50319980249682,0.9939393939393939,0.003999999999990678,-0.00012058,59.868,59.905,-0.036999999999999034,6635739.09,-4.4062479275602786e-05,0.9948,-0.00012058,2,2,False,1.646582535605692,0.5336734886808967,40,38,4,2,0,10,5,False,0,3301331450
1779856721000,1779856722023,10,166,False,59.956,59.956,59.946,59.946,40.89,0.0,40.89,6,0,6,59.945,59.946,0.0009999999999976694,59.945499999999996,59.945997139814295,59.9469793065273,0.68,48.51,746.24,118.69,435.9,1278.57,746.24,1278.57,-0.26290367985131297,-0.9999999999755442,-0.2731614601876506,-2.0423889977031386e-05,1.0112916493763975e-05,-3.053680647079536e-05,0.3685481600740966,-0.9942827442569054,0.5836520487727824,0.0,40.89,-40.89,8197.459999999995,11.812039681323354,6.814999998864167,24.39,-40.89,0.5079563023293059,17.730496139530214,-0.0001668028894128455,0.0002482491158639829,0.00010017534416203761,6.301342553650995e-07,0.054999999999999716,-0.0001668028894128455,4.079307640224167e-06,1,-0.99999990000001,0.0010000000000047748,0.0009999999999976694,0.025000000000005684,1.042876662456413e-05,4.297091355224198e-05,-0.3854166671860443,False,198.263999801736,1.0,0.02400000000000091,-0.00012058,59.868,59.905,-0.036999999999999034,6634139.68,-0.00028508152844834093,0.9948,-0.00012058,2,1,False,1.6523963654568514,0.5335708307822807,41,38,4,2,0,8,6,False,0,2311714106
1779856722000,1779856723079,10,167,False,59.946,59.947,59.946,59.947,66.63,66.63,0.0,4,4,0,59.949,59.95,0.0010000000000047748,59.9495,59.94900376298927,59.94932153611351,163.08,255.75,990.92,51.11,115.68,1057.21,990.92,1057.21,-0.03236610957310703,0.9999999999849917,0.37365927566021806,-1.834908968223401e-05,1.4285500015607469e-05,-3.263458969784148e-05,0.48381694521320234,0.9924729208647652,0.9372972257158584,66.63,0.0,66.63,8264.089999999995,11.555907232755375,16.657499995835625,53.04,66.63,0.34614331173547347,4.092769423904082,1.6681541041307647e-05,0.0002475731909468215,1.0018286378902732e-05,5.910392501384949e-07,0.010000000000005116,0.00018348443045415315,2.503608140635943e-07,1,0.9999990000010001,0.0049999999999954525,0.0010000000000047748,-0.044999999999987494,1.6079970066965134e-05,4.2948521157960614e-05,-0.35416666651827305,False,197.58259980241738,0.9940119760479041,-0.04999999999998295,-0.00012058,59.868,59.905,-0.036999999999999034,6634139.68,-0.00028508152844834093,0.9948,-0.00012058,2,2,False,1.6627253893728589,0.5401973851250224,42,38,4,2,0,10,4,False,0,4205316823
1779856723000,1779856724004,10,168,False,59.95,59.95,59.95,59.95,0.74,0.74,0.0,1,1,0,59.949,59.95,0.0010000000000047748,59.9495,59.94907535055022,59.946443697081286,396.94,601.04,1345.82,55.26,119.83,1173.08,1345.82,1173.08,0.0685775536940456,0.9999999986486486,0.30145367328023764,-1.3945464979175747e-05,1.3393423181423777e-05,-2.7338888160599524e-05,0.5342887768468243,0.8492965889217711,1.1472533842524404,0.74,0.0,0.74,8264.829999999994,11.209811913648641,0.7399999992599999,0.74,0.74,0.08920756276858048,1.0,5.004295354548481e-05,0.00022103633824498072,0.0,5.751304444940931e-07,-0.00999999999999801,3.3361412504177166e-05,6.762561280791784e-05,1,0.0,0.0010000000000047748,0.0010000000000047748,-0.05499999999999261,1.7993816668934225e-05,4.0499907008401904e-05,-0.3882488479426768,False,197.58259980241738,0.9940476190476191,-0.055999999999997385,-0.00012058,59.868,59.905,-0.036999999999999034,6634139.68,-0.00028508152844834093,0.9948,-0.00012058,2,2,False,1.663132270657821,0.5384518823845407,43,38,4,2,0,8,1,False,0,4260464179
1779856724000,1779856725072,10,169,False,59.95,59.953,59.95,59.953,17.67,17.67,0.0,4,4,0,59.952,59.953,0.0010000000000047748,59.9525,59.952392647047,59.95205852151452,75.68,424.71,1028.45,39.830000000000005,74.29,1101.6100000000001,1028.45,1101.6100000000001,-0.03434645033471626,0.9999999999434069,0.030871292017711927,-2.0465851011831098e-05,1.1688512224619214e-05,-3.215436323645031e-05,0.4828267748324071,0.21470465018627244,0.9335881119443963,17.67,0.0,17.67,8282.499999999995,10.97342463779131,4.417499998895625,13.08,17.67,0.3645170155777903,999999999.9999999,5.004044937358693e-05,0.00022119327794591046,3.005235254417956e-05,5.770766222677222e-07,-0.013999999999995794,-2.5041718978858064e-09,2.8319439372243904e-06,1,0.9999996666667778,0.0010000000000047748,0.0010000000000047748,-0.03100000000000591,2.2178136171844647e-05,4.387917130773955e-05,-0.3882488479426768,False,197.30839980269155,0.9704142011834319,-0.03200000000001069,-0.00012058,59.868,59.905,-0.036999999999999034,6634139.68,-0.00028508152844834093,0.9948,-0.00012058,2,1,False,1.6634603406133395,0.5406828806141454,44,38,4,2,0,9,4,False,0,2405862116
1779856725000,1779856725991,10,170,False,59.954,59.956,59.954,59.956,0.58,0.58,0.0,3,3,0,59.958,59.959,0.0010000000000047748,59.9585,59.95804857819223,59.95644305061685,230.32999999999998,448.62,1029.28,5.760000000000001,36.5,266.27,1029.28,266.27,0.5889467793596628,0.9999999982758622,0.4570793650449819,-1.64145101468487e-05,5.5710442746681447e-05,-7.212495289353014e-05,0.7944733896794455,0.9028424755119038,3.8655500056188625,0.58,0.0,0.58,8283.079999999994,10.7120008791752,0.19333333326888888,0.38,0.58,0.28005972306743626,999.9990000010001,5.003794545235858e-05,0.00022144458909276635,2.0033732114131156e-05,5.75953975554337e-07,-0.006000000000000227,-2.50392122834453e-09,8.627231959670047e-05,1,0.9999995000002501,0.0049999999999954525,0.0010000000000047748,-0.07299999999999329,1.9990808009616118e-05,4.3966388780448e-05,-0.3882488479426768,False,197.30839980269155,0.9705882352941176,-0.07799999999998875,-0.00012058,59.868,59.905,-0.036999999999999034,6634139.68,-0.0002878369004640828,0.9948,-0.00012058,2,1,False,1.6524535724639573,0.5366415128794421,45,38,4,2,0,8,3,False,0,3895701591
1779856726000,1779856727023,10,171,False,59.958,59.965,59.954,59.962,416.87,83.29,333.58,21,9,12,59.958,59.959,0.0010000000000047748,59.9585,59.958646679867314,59.960498942814446,25.61,82.0,698.81,78.61,253.10000000000002,1272.3999999999999,698.81,1272.3999999999999,-0.29098371051268457,-0.6004030033329325,-0.23395194944710945,-1.887619943363061e-05,1.2705789069280816e-05,-3.1581988502911424e-05,0.35450814474340403,-0.29336307863097155,0.5492062244572861,83.29,333.58,-250.28999999999996,8032.7899999999945,11.049312325759619,19.850952380007097,103.76,-250.29,1.900570766665854,25.873220546617837,0.00010006838014320246,0.00021721279073261225,0.00011017725742964597,5.410815999807571e-07,-0.003999999999997783,5.0030434690843874e-05,2.4004696942203184e-07,1,0.36363633057886774,0.007000000000005002,0.0010000000000047748,0.06299999999998818,2.763493937197739e-05,1.7574072457821167e-05,-0.3882488479426768,False,201.96779979803216,0.9941520467836257,0.055999999999983174,-0.00012058,59.868,59.905,-0.036999999999999034,6633860.16,-0.000329958344586154,0.9948,-0.00012058,2,2,False,1.46628032035478,0.533615105125576,46,38,4,2,0,10,21,False,0,3747321475
1779856727000,1779856728031,10,172,False,59.958,59.973,59.958,59.972,384.16,381.66,2.5,18,17,1,59.969,59.97,0.0009999999999976694,59.9695,59.96993682211264,59.96974695878318,25.8,206.42000000000002,786.4300000000001,75.37,180.04999999999998,1238.06,786.4300000000001,1238.06,-0.22308334444713326,0.9869845897516999,-0.14674779235061675,-2.0621311894561486e-05,1.1161691190248864e-05,-3.178300308481035e-05,0.3884583277761864,-0.8736492102712532,0.6352115406356436,381.66,2.5,379.16,8411.949999999995,11.277203724915042,21.342222221036543,82.67,379.16,1.596140358680934,53.29153321016908,0.00016675838416406748,0.00021652930280888558,0.0001502266822234892,5.547020512003866e-07,0.00999999999999801,6.669000402086502e-05,4.340857563609782e-07,1,0.9333332711112732,0.005000000000009663,0.0009999999999976694,-0.03900000000000148,2.0949958281317253e-05,1.4522539764679756e-05,-0.35253456235273856,False,209.311999790688,1.0,-0.04400000000001114,-0.00012058,59.868,59.905,-0.036999999999999034,6633860.16,-0.000329958344586154,0.9948,-0.00012058,2,2,False,1.6402608740187792,0.5277168490102192,47,38,4,2,0,9,18,False,0,2350724109
1779856728000,1779856729003,10,173,False,59.97,59.983,59.97,59.974,592.87,543.61,49.26,22,14,8,59.977,59.978,0.0010000000000047748,59.9775,59.97758910206834,59.97894846650924,24.17,506.25,959.96,89.74,153.46,1009.57,959.96,1009.57,-0.025188750615616325,0.8338252905344615,-0.10640027424847351,-1.475375158021542e-05,1.6057803128707597e-05,-3.0811554708923015e-05,0.48740562469193793,-0.17820807350908408,0.9508602672415475,543.61,49.26,494.35,8906.299999999996,11.628770815901435,26.948636362411424,167.86,494.35,1.8918594532815851,35.958902816546306,3.334834008940037e-05,0.00021662549658975236,0.00013017257905473432,5.58590581345281e-07,0.012999999999998124,-0.0001334100440746671,5.624899234122846e-08,1,0.3076922840235443,0.007000000000005002,0.0010000000000047748,-0.021000000000000796,1.0425984138571857e-05,1.44857150464966e-05,-0.31712963020671586,False,219.0141997809858,0.9942196531791907,-0.028000000000005798,-0.00012058,59.868,59.905,-0.036999999999999034,6633860.16,-0.000329958344586154,0.9948,-0.00012058,2,1,False,1.0407041165026214,0.5252431856042155,48,38,4,2,0,9,22,False,0,2679835902
1779856729000,1779856730083,10,174,False,59.978,59.978,59.969,59.969,28.79,1.02,27.77,9,1,8,59.968,59.969,0.0009999999999976694,59.968500000000006,59.96899917798494,59.96856368764683,39.580000000000005,111.34,379.58,127.09,235.82999999999998,623.89,379.58,623.89,-0.24346517583959315,-0.9291420631841215,-0.09010172988760143,-4.6427913217961214e-05,3.9242707217339807e-05,-8.567062043530102e-05,0.37826741207970516,-0.9983570646130123,0.6084085335546195,1.02,27.77,-26.75,8879.549999999996,11.5425816088227,3.1988888885334568,14.12,-26.75,0.7797215825912835,17.897091402289195,-8.337293552595025e-05,0.00021626928465765766,9.012398558840236e-05,5.362813149567474e-07,0.012999999999998124,-0.0001167212756153506,2.8958991150765666e-06,1,-0.9999998888889013,0.000999999999990564,0.0009999999999976694,0.04899999999999238,1.1008218842678547e-05,1.362467609637485e-05,-0.28009259211443543,False,215.60179978439817,0.9885057471264368,0.04800000000000182,-0.00012058,59.868,59.905,-0.036999999999999034,6633860.16,-0.000329958344586154,0.9948,-0.00012058,2,1,False,1.745737025908246,0.5358238500138419,49,38,4,2,0,10,9,False,0,3344105016
1779856730000,1779856731013,10,175,False,59.968,59.992,59.966,59.992,449.34,447.34,2.0,27,23,4,59.992,59.993,0.0010000000000047748,59.9925,59.99204217941164,59.991881838902785,438.51,613.18,1512.04,31.02,1463.73,1998.8200000000002,1512.04,1998.8200000000002,-0.138649789510223,0.9910980549227955,0.1754386125255092,-1.9262030890389204e-05,6.620808960213567e-06,-2.5882839850602773e-05,0.43067510524474606,0.915640891590429,0.7564663151255457,447.34,2.0,445.34,9324.889999999996,12.04938221181212,16.64222222160584,102.91,445.34,2.240778782109748,66.15775643740034,0.0003834579618679124,0.00022580515124499614,0.0002603343096538759,5.347940415455217e-07,0.03599999999999426,0.0004668308973938626,8.533804287778943e-07,1,0.9230768875738607,0.0010000000000047748,0.0010000000000047748,-0.0010000000000047748,8.340936448067876e-06,1.4069615411537294e-05,-0.28205128178854566,False,219.99719978000277,1.0,-0.0020000000000095497,-0.00012058,59.868,59.905,-0.036999999999999034,6633860.16,-0.00031848227967626005,0.9948,-0.00012058,2,2,False,1.4849182230626825,0.5185960112804301,50,38,4,2,0,9,27,False,0,1679118653
1779856731000,1779856732021,10,176,False,59.992,59.993,59.992,59.993,146.32,123.8,22.52,4,2,2,59.993,59.994,0.0009999999999976694,59.9935,59.99333184820848,59.997991711804275,387.58000000000004,571.03,1202.16,1249.71,1389.25,1836.5700000000002,1202.16,1836.5700000000002,-0.20877471838557266,0.6921815199515298,0.16669623470863063,-1.7060793985978204e-05,8.78478965365482e-06,-2.5845583639633022e-05,0.3956126408070491,0.33630091252311817,0.6545680262659987,123.8,22.52,101.28,9426.169999999996,11.785468040933033,36.579999990855,122.34,101.28,0.33940103063941846,4.137931017360286,1.6668750260999916e-05,0.00022385176382714347,1.0010604732475991e-05,4.3862369166498385e-07,0.04700000000000415,-0.00036678921160691245,1.1391983502519136e-07,1,0.9999990000010001,0.000999999999990564,0.0009999999999976694,-0.009000000000000341,-1.9774062212195814e-06,1.4054536295639858e-05,-0.28009259211443543,False,220.71459977928535,1.0,-0.009999999999990905,-0.00012058,59.868,59.905,-0.036999999999999034,6633656.29,-0.0003492042222711058,0.9948,-0.00012058,2,1,False,1.359607877299476,0.5190668968627411,51,38,4,2,0,9,4,False,0,3463878731
1779856732000,1779856732993,10,177,False,59.993,59.995,59.992,59.992,431.71000000000004,16.63,415.08,8,2,6,59.991,59.992,0.0009999999999976694,59.9915,59.991939981111074,59.9923412250812,6.71,63.769999999999996,378.48,144.48,1606.12,2111.33,378.48,2111.33,-0.6959768014424008,-0.922957540939698,-0.255492474712538,-4.9832272733600406e-05,6.5161863027770215e-06,-5.634845903637743e-05,0.15201159927859878,-0.8799634406328836,0.17926141342178664,16.63,415.08,-398.45,9027.719999999996,11.661354334672934,53.96374999325454,326.05,-398.45,0.6860266629174808,17.766497146280507,-1.6668750260934464e-05,0.0001437017157773661,3.003131361825721e-05,1.4433795281354832e-07,0.0449999999999946,-3.333750052193438e-05,3.8610989462592605e-08,1,-0.33333322222383827,0.000999999999990564,0.0009999999999976694,0.06100000000000705,5.009216262606786e-06,1.3804122083041337e-05,-0.27389277374349186,False,227.59899977240093,1.0,0.060000000000016485,-0.00012058,59.868,59.905,-0.036999999999999034,6633656.29,-0.0003492042222711058,0.9948,-0.00012058,0,1,True,0.3866226139154005,0.5190659682263395,52,38,4,2,0,9,8,False,0,4194997540
1779856733000,1779856734010,10,178,False,59.992,59.992,59.979,59.98,86.17999999999999,12.97,73.21,16,4,12,59.984,59.985,0.0009999999999976694,59.9845,59.98420687104511,59.98599410466804,78.91,255.89000000000001,778.76,89.05,957.5,2604.59,778.76,2604.59,-0.5396515288100434,-0.6990020886435483,-0.03495228647754206,-1.9043569806422658e-05,5.217575336552355e-06,-2.4261145142975015e-05,0.2301742355948305,0.5862538278126486,0.2989952353344292,12.97,73.21,-60.239999999999995,8967.479999999996,11.803605012224642,5.386249999663359,21.33,-60.239999999999995,1.3555180796098953,17.28110569214679,-0.00020004667822520904,0.00012365785619623522,0.00013015304844782812,1.0288459259507735e-07,0.02999999999999403,-0.00018337792796427457,2.321265702284611e-06,1,-0.9230768520711796,0.009000000000000341,0.0009999999999976694,0.10700000000001353,2.8486044695987987e-06,1.3822192083831958e-05,-0.2658823525304922,False,222.00379977799616,0.9943820224719101,0.09800000000001319,-0.00012058,59.868,59.905,-0.036999999999999034,6633656.29,-0.0003492042222711058,0.9948,-0.00012058,0,1,True,1.905548469117651,0.521611019959986,53,38,4,2,0,9,16,False,0,3522885799
1779856734000,1779856735059,10,179,False,59.985,59.994,59.973,59.994,1677.36,1252.07,425.29,31,17,14,59.993,59.994,0.0009999999999976694,59.9935,59.99399889996343,59.99645408200827,52.6,68.42999999999999,486.05,283.21999999999997,1623.7199999999998,2174.39,486.05,2174.39,-0.6346093127450216,0.49290551819496536,-0.48169661366287136,-3.154487422862833e-05,6.785064453342739e-06,-3.8329938681971065e-05,0.18269534362730125,-0.9978013924392597,0.2235339566498082,1252.07,425.29,826.78,9794.259999999997,12.432995011823834,54.10838709502876,959.43,826.78,2.4933654335118365,47.169809095763725,0.0002333839009042842,0.0001316559278444405,0.0002102542436015137,1.3983836730756578e-07,0.04099999999999682,0.0004334305791294932,1.391376334860406e-07,1,0.4285714081632663,0.0010000000000047748,0.0009999999999976694,-0.08099999999998886,8.689988690379527e-06,1.3952438136980721e-05,-0.25595238078066834,False,231.18879976881124,1.0,-0.08199999999999363,-0.00012058,59.868,59.905,-0.036999999999999034,6633656.29,-0.0003492042222711058,0.9948,-0.00012058,0,2,False,0.030150544313809292,0.5128567789383931,54,38,4,2,0,10,31,False,0,440405923
1779856735000,1779856736007,10,180,False,59.994,59.994,59.992,59.992,19.99,19.89,0.1,4,3,1,59.992,59.993,0.0010000000000047748,59.9925,59.9929835941513,59.99318528470486,53.23,281.23,632.48,153.37,1869.1699999999998,2434.7599999999998,632.48,2434.7599999999998,-0.5875901461898685,0.9899949974492249,-0.3786140448726902,-2.7251408110609414e-05,5.8778332441738685e-06,-3.312924135478328e-05,0.20620492690490275,-0.9671897289471328,0.2597709835875981,19.89,0.1,19.79,9814.049999999997,12.156503372091905,4.997499998750625,16.66,19.79,0.32904198495546777,4.4576522832496925,-3.333722267914976e-05,0.00013054201771912587,2.002104260332976e-05,1.42056556528779e-07,0.03599999999999426,-0.000266721123583434,1.6676949813647858e-06,1,-0.9999995000002501,0.0010000000000047748,0.0010000000000047748,-0.10299999999999443,8.848238780100619e-06,1.3932971881714833e-05,-0.259661835700383,False,231.17599976882397,0.9944444444444445,-0.1039999999999992,-0.00012058,59.868,59.905,-0.036999999999999034,6633656.29,-0.00034492147559439344,0.9948,-0.00012058,0,1,True,1.8942579908553059,0.5136550204085024,55,38,4,2,0,8,4,False,0,2372308553
1779856736000,1779856737012,10,181,False,59.993,59.997,59.993,59.997,38.220000000000006,38.220000000000006,0.0,6,6,0,59.997,59.998,0.0009999999999976694,59.9975,59.997052605564726,59.99934573403382,175.65,450.95,1353.29,1649.77,1815.72,2004.64,1353.29,2004.64,-0.19397366830154472,0.9999999999738358,0.2704005682910587,-1.1987523712921138e-05,6.935308314010342e-06,-1.892283202693148e-05,0.4030131658490787,0.8947860649779101,0.6750788171438886,38.220000000000006,0.0,38.220000000000006,9852.269999999997,11.95465080251512,6.369999998938335,32.27,38.220000000000006,0.5018967177389885,7.911392342473161,8.334097297069205e-05,0.00013101914039452374,4.0040750370215476e-05,1.403851305180825e-07,0.03499999999999659,0.00011667819564984181,2.180559209013906e-06,1,0.9999997500000624,0.0010000000000047748,0.0009999999999976694,-0.07499999999998863,8.30214719148269e-06,1.4070524321899919e-05,-0.2273809527587201,False,231.57779976842218,0.994475138121547,-0.0759999999999934,-0.00012058,59.993,60.02928571,-0.03628571000000136,6633656.29,-0.00034492147559439344,0.9948,-0.00012058,0,2,False,1.893854391073951,0.5104270017031749,56,38,4,2,0,9,6,False,0,3702856077
1779856737000,1779856738017,10,182,False,59.998,60.024,59.998,60.017,2321.58,2295.27,26.31,31,27,4,60.022,60.023,0.0010000000000047748,60.0225,60.022581835268475,60.02304365252415,54.449999999999996,172.23999999999998,854.24,116.67,594.0,881.42,854.24,881.42,-0.015659749029178695,0.9773344015709228,-0.10817525318743981,-2.088333704902145e-05,1.8231420108980957e-05,-3.911475715800241e-05,0.4921701254851226,-0.16367476240184178,0.969163395429002,2295.27,26.31,2268.96,12121.229999999996,12.579088481121182,74.88967741693904,1347.7,2268.96,2.4644075001190022,59.05511462272945,0.0003332944520662605,0.0001499926185163168,0.00026019549013479675,1.670497224115048e-07,0.045000000000001705,0.00024995347909556847,1.4356362997015695e-07,1,0.7307692026628386,0.01099999999999568,0.0010000000000047748,-0.03499999999998238,5.055345008285748e-07,1.4371620785240114e-05,-0.19880952336307103,False,276.93619972306374,1.0,-0.04599999999997806,-0.00012058,59.993,60.02928571,-0.03628571000000136,6633656.29,-0.00034492147559439344,0.9948,-0.00012058,1,2,False,0.029860168641792594,0.5074114473831999,57,38,4,2,0,10,31,False,0,3481642355
1779856738000,1779856739055,10,183,False,60.018,60.042,60.018,60.034,651.95,620.44,31.51,35,27,8,60.033,60.034,0.0009999999999976694,60.033500000000004,60.033111383004496,60.035705364314644,97.16,273.59000000000003,1508.1499999999999,76.92,309.56,823.64,1508.1499999999999,823.64,0.29355559462889297,0.9033361454085386,-0.004242707929185951,-1.1797935848114863e-05,2.515004878031198e-05,-3.6947984628426844e-05,0.646777797314232,0.7772328586175871,1.8310791122312768,620.44,31.51,588.9300000000001,12710.159999999996,13.314200334199176,18.627142856610657,280.61,588.9300000000001,2.6287722220514724,40.7185612162502,0.000283212969714913,0.00016277087635687234,0.00024010443274072866,2.6005229137473913e-07,0.060000000000002274,-5.00814823513475e-05,4.344090339972062e-07,1,0.6666666388887914,0.000999999999990564,0.0009999999999976694,-0.021000000000000796,4.689639179476736e-06,1.4372925807503955e-05,-0.1670588237347539,False,288.57879971142114,1.0,-0.02199999999999136,-0.00012058,59.993,60.02928571,-0.03628571000000136,6633656.29,-0.00034492147559439344,0.9948,-0.00012058,1,1,False,0.7068569286797604,0.49927091486119624,58,38,4,2,0,10,35,False,0,124574213
1779856739000,1779856740009,10,184,False,60.034,60.04,60.034,60.037,101.0,43.38,57.62,10,5,5,60.034,60.035,0.0009999999999976694,60.034499999999994,60.03406035231859,60.03776612733018,84.7,212.89999999999998,1128.65,115.88000000000001,658.6,1092.67,1128.65,1092.67,0.01619757621593639,-0.14099009900850498,-0.15291097295548958,-1.4016153291600653e-05,1.6536391406902192e-05,-3.055254469850284e-05,0.5080987881077431,0.8792908336145118,1.0329285145551421,43.38,57.62,-14.239999999999995,12695.919999999996,13.205538028159859,10.09999999899,38.15,-14.24,0.7572580517293928,10.416666558159724,4.9970434170203544e-05,0.00016208487702141459,6.001910870562568e-05,2.7420456643402603e-07,0.06799999999999784,-0.00023324253554470945,4.947567739575127e-07,1,0.49999991666668053,0.005000000000009663,0.0009999999999976694,0.015000000000000568,2.6322074110869605e-05,1.3929861018653998e-05,-0.1670588237347539,False,288.82139971117863,0.9945652173913043,0.009999999999990905,-0.00012058,59.993,60.02928571,-0.03628571000000136,6633656.29,-0.00034492147559439344,0.9948,-0.00012058,1,1,False,1.7822999548643474,0.4980148332355852,59,38,4,2,0,9,10,False,0,1520783391
1779856740000,1779856741029,10,185,False,60.034,60.043,60.032,60.043,262.07,97.37,164.7,21,14,7,60.043,60.044,0.0009999999999976694,60.043499999999995,60.043541730932645,60.045334379599794,45.92,97.11,626.61,132.32,694.28,925.78,626.61,925.78,-0.19271574797557783,-0.2569160911197126,-0.012871683290214648,-2.6192791826260738e-05,1.5970283245203382e-05,-4.2163075071464124e-05,0.40364212601188904,-0.08346456692725608,0.6768454708454743,97.37,164.7,-67.32999999999998,12628.589999999997,13.461094158384126,12.479523808929546,80.35,-67.33,1.560051489971956,20.855056916474307,9.993337783125311e-05,0.0001636179738270991,0.00011003411645728132,2.7919828071234875e-07,0.05100000000000193,4.9962943661049564e-05,3.813232259734872e-07,1,0.8181817438014836,0.000999999999990564,0.0009999999999976694,0.006999999999990791,3.474694382011868e-05,1.39793329878769e-05,-0.1670588237347539,False,289.87799971012197,1.0,0.006000000000000227,-0.00012058,59.993,60.02928571,-0.03628571000000136,6633656.29,-0.0003888634547957623,0.9948,-0.00012058,1,2,False,1.706462466873713,0.4919790135340408,0,39,4,2,0,10,21,False,0,1338432424
1779856741000,1779856742001,10,186,False,60.044,60.044,60.035,60.035,63.019999999999996,5.890000000000001,57.129999999999995,9,2,7,60.034,60.035,0.0009999999999976694,60.034499999999994,60.0343060197956,60.035834081301545,33.41,250.52,1299.46,42.11,332.09,976.91,1299.46,976.91,0.14169489142795696,-0.8130752142048068,0.03405750502161059,-1.206597123542441e-05,1.7377956102424e-05,-2.9443927337848413e-05,0.5708474457137589,0.3879571074955195,1.330173710985321,5.890000000000001,57.129999999999995,-51.239999999999995,12577.349999999997,13.314828776142024,7.002222221444197,26.47,-51.24,0.6759380950846756,12.13960531545244,-0.00013324672316055857,0.0001620722543346421,9.002491442561955e-05,2.897315465971802e-07,0.041999999999994486,-0.0002331801009918117,2.1143561275538594e-06,1,-0.9999998888889013,0.0010000000000047748,0.0009999999999976694,0.03100000000000591,3.629568972786787e-05,1.3800988908635359e-05,-0.1670588237347539,False,284.0421997159578,0.978494623655914,0.030000000000001137,-0.00012058,59.993,60.02928571,-0.03628571000000136,6633622.87,-0.00039389944139543373,0.9948,-0.00012058,1,1,False,1.8023586967503582,0.4930630885990561,1,39,4,2,0,9,9,False,0,2731857803
1779856742000,1779856743141,10,187,False,60.034,60.035,60.034,60.035,7.42,7.390000000000001,0.03,4,3,1,60.034,60.035,0.0009999999999976694,60.034499999999994,60.034218117881856,60.03419379267442,64.35,250.0,1001.5400000000001,33.95,165.96,868.49,1001.5400000000001,868.49,0.07114859119903366,0.9919137464970467,0.19097094840807774,-1.6094019537828338e-05,2.0325540733484637e-05,-3.641956027131298e-05,0.5355742955992494,0.5637620520181232,1.1531969280001462,7.390000000000001,0.03,7.36,12584.709999999997,13.009424553973433,1.85499999953625,5.03,7.36,0.30746940290074715,5.253940427737615,0.0,0.00016202932430439026,1.0003601336020284e-05,2.888967530137829e-07,0.04299999999999926,0.00013324672316055857,0.0,1,0.9999990000010001,0.0010000000000047748,0.0009999999999976694,-0.04099999999999682,5.1986734524321676e-05,1.378059083937527e-05,-0.1670588237347539,False,283.882999716117,0.9786096256684492,-0.04200000000000159,-0.00012058,59.993,60.02928571,-0.03628571000000136,6633622.87,-0.00039389944139543373,0.9948,-0.00012058,1,2,False,1.8012100427777002,0.49182429458968974,2,39,4,2,0,9,4,False,0,2126714699
1779856743000,1779856744083,10,188,False,60.035,60.044,60.035,60.044,42.33,42.33,0.0,8,8,0,60.044,60.045,0.0010000000000047748,60.0445,60.044205189030926,60.043715521334995,333.68,365.96,797.1,106.67,654.41,981.03,797.1,981.03,-0.10344013092400246,0.9999999999763761,-0.03638921262122932,-3.727384631806734e-05,1.6649492773948033e-05,-5.392333909201537e-05,0.44827993453771753,0.589621609797163,0.8125133787949274,42.33,0.0,42.33,12627.039999999997,12.845181125974305,5.291249999338594,11.99,42.33,0.6228016499666446,92.10525467451602,0.0001499013152482534,0.00016508121422565715,9.002491442561955e-05,2.863925811303853e-07,0.06400000000000006,0.0001499013152482534,3.5412547896223046e-06,1,0.9999998888889013,0.0010000000000047748,0.0010000000000047748,-0.03499999999999659,8.301254776053796e-05,1.4753154649572949e-05,-0.1376470586581149,False,284.50719971549273,0.9787234042553191,-0.036000000000001364,-0.00012058,59.993,60.02928571,-0.03628571000000136,6633622.87,-0.00039389944139543373,0.9948,-0.00012058,1,2,False,1.802309072522808,0.48640694862187905,3,39,4,2,0,9,8,False,0,2049058006
1779856744000,1779856745055,10,189,False,60.045,60.045,60.044,60.045,2.2600000000000002,2.17,0.09,3,2,1,60.044,60.045,0.0010000000000047748,60.0445,60.04419657616327,60.04430573790109,337.81,435.6,1158.77,122.78,241.42000000000002,988.23,1158.77,988.23,0.07943176525380556,0.9203539818936486,-0.3245266134194,-1.5923350602392363e-05,1.5193291413258164e-05,-3.111664201565053e-05,0.5397158826266699,0.6068473750885566,1.1725711625824224,2.17,0.09,2.08,12629.119999999997,12.52238830217187,0.7533333330822223,2.06,2.08,0.23957091310130613,6.097560938429507,1.6654314716952484e-05,0.00016474365927548272,1.0001935304756795e-05,2.863851635348477e-07,0.05100000000000193,-0.0001332470005313009,7.369165800700582e-06,1,0.0,0.0010000000000047748,0.0010000000000047748,-0.01099999999999568,8.358730789728956e-05,1.1391715209409705e-05,-0.17482517488249913,False,284.130999715869,0.9735449735449735,-0.012000000000000455,-0.00012058,59.993,60.02928571,-0.03628571000000136,6633622.87,-0.00039389944139543373,0.9948,-0.00012058,1,1,False,1.80074453029899,0.4839615762687191,4,39,4,2,0,9,3,False,0,68632143
1779856745000,1779856746021,10,190,False,60.045,60.072,60.045,60.047,730.37,688.44,41.93,39,31,8,60.046,60.047,0.0009999999999976694,60.046499999999995,60.046748352700604,60.04859895735638,53.25,67.33,976.8199999999999,397.7,1198.61,1516.26,976.8199999999999,1516.26,-0.2163749257945127,0.8851814833565383,-0.42587689074539076,-1.3044148947239058e-05,1.0981468159062434e-05,-2.4025617106301492e-05,0.3918125371025431,-0.4967061923550941,0.6442298814183292,688.44,41.93,646.5100000000001,13275.629999999997,13.390506718494104,18.727435896955708,79.21,646.51,2.9125111406891873,64.40677551278394,3.330779735832013e-05,0.00016453192377306248,0.0002699893069543289,2.819326659274703e-07,0.054999999999999716,1.6653482641367645e-05,4.560400531001345e-08,1,0.0740740713304145,0.0010000000000047748,0.0009999999999976694,-0.025000000000005684,3.12739388861766e-05,1.198702326909935e-05,-0.13636363622390837,False,296.9085997030914,0.9947368421052631,-0.02600000000001046,-0.00012058,59.993,60.02928571,-0.03628571000000136,6633622.87,-0.0003761189424389119,0.9948,-0.00012058,1,2,False,1.7557119451875525,0.4884598401046879,5,39,4,2,0,9,39,False,0,4139229095
1779856746000,1779856747011,10,191,False,60.046,60.05,60.046,60.05,20.6,16.46,4.14,3,1,2,60.05,60.051,0.0010000000000047748,60.0505,60.050338273583776,60.04842735062841,281.06,298.58,1087.53,98.23,789.77,1235.72,1087.53,1235.72,-0.06378564510919456,0.5980582523981525,-0.18772524074938457,-1.5217581853173161e-05,1.422862714899177e-05,-2.9446209002164932e-05,0.4681071774451875,0.3234501347636242,0.880078011199236,16.46,4.14,12.32,13287.949999999997,13.049834367068067,6.866666664377778,16.46,12.32,0.22988797523290927,3.4843205453507995,4.9959615987497223e-05,0.00016338564216821966,4.0005409313533026e-05,2.6690946931428515e-07,0.05299999999999727,1.6651818629177094e-05,2.4252240769452424e-06,1,0.9999997500000624,0.0010000000000047748,0.0010000000000047748,-0.027000000000015234,2.868718270595766e-05,3.3638589468703577e-06,-0.09764705904598338,False,297.1175997028824,0.9947643979057592,-0.02800000000002001,-0.00012058,59.993,60.02928571,-0.03628571000000136,6633602.6,-0.0003791734386722079,0.9948,-0.00012058,1,2,False,1.727269531776113,0.48692251150060895,6,39,4,2,0,9,3,False,0,1311317492
1779856747000,1779856747997,10,192,False,60.051,60.053,60.047,60.053,156.21,122.46000000000001,33.75,11,7,4,60.055,60.056,0.0009999999999976694,60.055499999999995,60.05500087875596,60.05137091019627,425.15000000000003,882.71,1808.55,4.01,49.07,1622.99,1808.55,1622.99,0.05407484686174309,0.567889379677563,0.21372399524881422,-1.0589487603217451e-05,9.31106564316501e-06,-1.990055324638246e-05,0.5270374234307258,0.9982407271514697,1.11433218935353,122.46000000000001,33.75,88.71000000000001,13376.659999999996,12.982626682901902,14.200909089618099,66.37,88.71000000000001,0.8472861669541569,11.273957031860688,4.995712014897447e-05,0.00015946546906760078,6.000611539314974e-05,2.63844192544907e-07,0.03599999999999426,-2.495838522751379e-09,3.1980743965594176e-07,1,0.3333332777769975,0.0049999999999954525,0.0009999999999976694,-0.03300000000001546,3.122514353381676e-05,3.465112847365288e-06,-0.05764705846418069,False,296.9903997030096,0.9947916666666666,-0.038000000000010914,-0.00012058,59.993,60.02928571,-0.03628571000000136,6633602.6,-0.0003791734386722079,0.9948,-0.00012058,1,1,False,1.731476774547571,0.4853779389122139,7,39,4,2,0,9,11,False,0,657443832
1779856748000,1779856748999,10,193,False,60.056,60.062,60.056,60.062,8.38,8.38,0.0,5,5,0,60.061,60.062,0.0009999999999976694,60.061499999999995,60.06123567519583,60.0599006306398,122.01,346.8,1303.14,74.33,150.16,1624.9499999999998,1303.14,1624.9499999999998,-0.1099044086759252,0.9999999998806682,0.03242238541072381,-1.8969258411766436e-05,8.811164200115875e-06,-2.7780422611882313e-05,0.4450477956618666,0.5286481088437317,0.8019569832913003,8.38,0.0,8.38,13385.039999999995,12.720901217888725,1.6759999996648,4.54,8.38,0.39305391292369385,4.504504484213944,0.000149856387909065,0.00016277738505539283,5.999712331806454e-05,2.685502371126004e-07,0.027999999999998693,9.989926776009052e-05,1.788262385336305e-05,1,0.9999998333333611,0.0010000000000047748,0.0009999999999976694,-0.021000000000015007,6.194415016258762e-05,3.5087387476019347e-06,-0.08690476235121466,False,297.11939970288057,1.0,-0.02200000000001978,-0.00012058,59.993,60.02928571,-0.03628571000000136,6633602.6,-0.0003791734386722079,0.9948,-0.00012058,1,2,False,1.7318936102292584,0.4803459617047668,8,39,4,2,0,9,5,False,0,1812456183
1779856749000,1779856750011,10,194,False,60.061,60.065,60.051,60.051,113.82,12.38,101.44,17,5,12,60.05,60.051,0.0010000000000047748,60.0505,60.0505347590146,60.048992193008225,365.72,497.03,1696.79,97.99,227.60999999999999,884.36,1696.79,884.36,0.3147550510430177,-0.7824635389142289,-0.02883606071565233,-1.2313183090528031e-05,2.1531842453318018e-05,-3.384502554384605e-05,0.6573775255213151,-0.06952430736698774,1.9186643448347747,12.38,101.44,-89.06,13295.979999999996,12.861199538613684,6.695294117253217,27.58,-89.06,1.3218051665895103,17.85714253826531,-0.0001831608573717473,0.00016681222901879404,0.00013999561922770976,2.640280456729322e-07,0.014000000000002899,-0.0003330172452808123,1.6092150533310322e-06,1,-0.7142856632653823,0.0010000000000047748,0.0010000000000047748,0.07699999999999818,4.898956597494758e-05,4.594552658612413e-06,-0.058333332955565614,False,298.70859970129135,1.0,0.0759999999999934,-0.00012058,59.993,60.02928571,-0.03628571000000136,6633602.6,-0.0003791734386722079,0.9948,-0.00012058,1,1,False,1.7302018668627572,0.4852299998507639,9,39,4,2,0,10,17,False,0,2021999183
1779856750000,1779856751045,10,195,False,60.051,60.061,60.051,60.06,105.81,70.34,35.47,11,9,2,60.059,60.06,0.0010000000000047748,60.0595,60.05911028942539,60.056896029807056,146.83,377.35,1066.42,48.42,205.99,950.65,1066.42,950.65,0.05739513254371077,0.32955297230574093,0.15428840636638239,-1.7290292963573958e-05,1.8470313262377133e-05,-3.5760606225951095e-05,0.5286975662716075,0.7794169300744848,1.1217798348486596,70.34,35.47,34.870000000000005,13330.849999999997,12.800176602921432,9.619090908216446,30.63,34.87,0.8593631432108574,9.225092165820183,0.0001498613785055726,0.00014695999783139442,0.00010000020077611174,2.850850192449566e-07,0.017000000000003013,0.00033302223587731994,1.416325285929083e-06,1,0.8999999100002222,0.0010000000000047748,0.0010000000000047748,-0.0589999999999975,1.2095231794738384e-05,3.99442841639697e-06,-0.06823529396934441,False,296.9805997030194,0.9794871794871794,-0.060000000000002274,-0.00012058,59.993,60.02928571,-0.03628571000000136,6633602.6,-0.00036183523911042815,0.9948,-0.00012058,1,2,False,1.72775186230079,0.48525352958316714,10,39,4,2,0,9,11,False,0,1626858966
1779856751000,1779856752021,10,196,False,60.061,60.063,60.061,60.063,49.300000000000004,45.31,3.99,6,5,1,60.063,60.064,0.0009999999999976694,60.063500000000005,60.063029940928566,60.061737917643505,145.07999999999998,651.08,1177.32,7.43,80.8,1565.54,1177.32,1565.54,-0.14153839423078776,0.8381338742223502,0.20821069665224812,-1.6008472326527025e-05,8.767046590160123e-06,-2.4775518916687146e-05,0.4292308028844239,0.9401165153645833,0.7520216666448943,45.31,3.99,41.32,13372.169999999996,12.577219992989582,8.216666665297224,30.42,41.32,0.4770529578768033,6.561679746970605,4.9948802487804754e-05,0.0001473366646301543,1.9998042171414815e-05,2.9229256840521906e-07,0.028000000000005798,-9.991257601776785e-05,1.013160293849728e-06,1,0.9999995000002501,0.0010000000000047748,0.0009999999999976694,-0.09499999999999886,4.163525599025353e-06,4.016176675923626e-06,-0.037296037362915646,False,282.16259971783734,0.9336734693877551,-0.09600000000000364,-0.00012058,59.993,60.02928571,-0.03628571000000136,6633369.71,-0.00039693015604000555,0.9948,-0.00012058,1,1,False,1.7349408419889605,0.48371165838527735,11,39,4,2,0,10,6,False,0,1766856437
1779856752000,1779856753033,10,197,False,60.064,60.069,60.064,60.069,7.64,7.64,0.0,7,7,0,60.069,60.07,0.0009999999999976694,60.069500000000005,60.069473001398215,60.068423268527674,121.3,269.91,977.52,58.42,1140.5,1540.29,977.52,1540.29,-0.22351567433594136,0.9999999998691099,0.17555057542299057,-1.6937460399138058e-05,9.172830777522634e-06,-2.611029117666069e-05,0.3882421628318307,0.05399608318517209,0.6346337378022096,7.64,0.0,7.64,13379.809999999996,12.394360321088284,1.091428571272653,3.23,7.64,0.5647729949826562,5.988023916239378,9.989012095005334e-05,0.00014897349494371912,4.99913599710805e-05,2.9394743220717066e-07,0.034000000000006025,4.9941318462248585e-05,1.3074623159290409e-05,1,0.99999980000004,0.0010000000000047748,0.0009999999999976694,-0.06299999999998818,-3.1565074313809237e-05,4.111789123267751e-06,-0.037296037362915646,False,280.4619997195379,0.9238578680203046,-0.06399999999999295,-0.00012058,59.993,60.02928571,-0.03628571000000136,6633369.71,-0.00039693015604000555,0.9948,-0.00012058,1,2,False,1.7347698169890504,0.4803308667684662,12,39,4,2,0,9,7,False,0,4137041370
1779856753000,1779856754077,10,198,False,60.069,60.072,60.069,60.072,53.1,50.730000000000004,2.37,5,2,3,60.072,60.073,0.0009999999999976694,60.072500000000005,60.07260034790877,60.07145305612053,299.69,485.65,1294.47,79.49,955.25,1538.08,1294.47,1538.08,-0.08600377751492962,0.910734463259685,0.16231038963114347,-1.4652074065293396e-05,1.0972726719715715e-05,-2.562480078500911e-05,0.4569981112423586,-0.20069686410975,0.8416142203260939,50.730000000000004,2.37,48.36000000000001,13428.169999999996,12.151922277773913,10.619999997876,50.63,48.36,0.41145753612443964,13.840830258258404,4.9941318960524884e-05,0.0001425372768410956,2.9992818663919025e-05,2.522484024713993e-07,0.028000000000005798,-4.9948801989528454e-05,9.40514481348105e-07,1,0.9999996666667778,0.0010000000000047748,0.0009999999999976694,-0.044999999999987494,-2.7349647657902364e-05,4.415461111844366e-06,-0.037296037362915646,False,278.52519972147473,0.9191919191919192,-0.04599999999999227,-0.00012058,59.993,60.02928571,-0.03628571000000136,6633369.71,-0.00039693015604000555,0.9948,-0.00012058,0,1,True,1.7415995044458772,0.47853023714991494,13,39,4,2,0,10,5,False,0,2163954792
1779856754000,1779856755025,10,199,False,60.073,60.09,60.073,60.09,965.55,946.0,19.55,28,24,4,60.089,60.09,0.0010000000000047748,60.0895,60.08910420721264,60.08806142409799,95.84,664.82,1601.76,40.26,158.64000000000001,638.44,1601.76,638.44,0.43001517721612803,0.9595049453669314,0.21600677479749883,-1.0219712668738423e-05,3.248265411475431e-05,-4.270236678349274e-05,0.7150075886078409,0.7915831663168019,2.5088653593093966,946.0,19.55,926.45,14354.619999999997,12.67153138342067,34.483928570197,479.5,926.45,2.209677674351602,46.632122177776694,0.0002995955482539131,0.00014859793960848928,0.0001699281899220607,2.5943022823172653e-07,0.045000000000001705,0.0002496542292933882,3.102848617405653e-07,1,0.9999999411764741,0.0010000000000047748,0.0010000000000047748,-0.012999999999991019,1.4410289291634418e-06,4.562161239005211e-06,-0.006993006749378704,False,295.1015997048983,0.9698492462311558,-0.013999999999995794,-0.00012058,59.993,60.02928571,-0.03628571000000136,6633369.71,-0.00039693015604000555,0.9948,-0.00012058,1,2,False,0.4717998857315901,0.47016109992706834,14,39,4,2,0,9,28,False,0,2163939437
1779856755000,1779856756087,10,200,False,60.089,60.09,60.089,60.089,3.9,0.23,3.67,3,1,2,60.089,60.09,0.0010000000000047748,60.0895,60.089219959814976,60.09107751841955,97.67999999999999,285.15,1157.43,170.76999999999998,230.72,679.31,1157.43,679.31,0.2603090257737839,-0.882051281825115,0.06213002318939802,-1.3960073411136616e-05,3.452797684324332e-05,-4.8488050254379936e-05,0.6301545128866197,0.5600787918508197,1.7038318293537507,0.23,3.67,-3.44,14351.179999999997,12.35443199380032,1.2999999995666667,1.94,-3.44,0.24282783710838562,2.684563751182379,-1.664184258522572e-05,0.00014845749115932765,9.994445026294817e-06,2.616376936107816e-07,0.04200000000000159,-0.0003162373908391388,4.2671391233227135e-06,1,0.0,0.0010000000000047748,0.0010000000000047748,0.015000000000000568,1.7355784379772094e-06,4.562029278632386e-06,-0.012731481621630998,False,295.0871997049128,0.965,0.013999999999995794,-0.00012058,59.993,60.02928571,-0.03628571000000136,6633369.71,-0.00039456972682597587,0.9948,-0.00012058,1,1,False,1.750700642768636,0.4711394459591739,15,39,4,2,0,10,3,False,0,1250105740
1779856756000,1779856756998,10,201,False,60.09,60.111,60.089,60.11,280.04,273.90000000000003,6.14,28,26,2,60.11,60.111,0.0009999999999976694,60.1105,60.1109992191954,60.11189896126368,11.34,278.39,785.15,492.33,553.75,954.83,785.15,954.83,-0.0975183622799702,0.9561491215506495,-0.11706538807722255,-2.2766313238837926e-05,2.755743913893503e-05,-5.032375237777296e-05,0.45124081885972755,-0.998439328903641,0.8222929736174792,273.90000000000003,6.14,267.76000000000005,14618.939999999997,12.867401436626539,10.001428571071378,73.48,267.76,2.176041536881183,29.735681935172455,0.0003494205478193395,0.000166724553544027,0.00021983937843906846,2.3967561144269854e-07,0.060000000000002274,0.00036606239040456524,1.2477522775963852e-06,1,0.9090908677684795,0.0010000000000047748,0.0009999999999976694,0.05500000000000682,1.149173829402567e-05,8.833323229805507e-06,-0.01267281120978122,False,282.756999717243,0.925,0.054000000000002046,-0.00012058,59.993,60.02928571,-0.03628571000000136,6633425.42,-0.0003861745941927789,0.9948,-0.00012058,1,2,False,1.7657485913066133,0.45417296660700857,16,39,4,2,0,8,28,False,0,7049689
1779856757000,1779856758034,10,202,False,60.11,60.11,60.091,60.1,158.54,81.4,77.14,20,7,13,60.1,60.101,0.0009999999999976694,60.1005,60.10000727171158,60.101745491104396,55.5,159.57,1067.81,108.66,277.32,928.22,1067.81,928.22,0.06993381862994544,0.02687019048803542,0.07821645142667279,-1.3752173889847605e-05,1.892385108033693e-05,-3.2676024970184534e-05,0.5349669093147222,0.9854514334195356,1.1503846070962158,81.4,77.14,4.260000000000005,14623.199999999997,13.101257127228948,7.92699999960365,36.33,4.26,1.5265710614065047,21.46892609275752,-0.00016637550990878812,0.00015371030440545667,0.0001898597013086573,2.034173216995589e-07,0.04700000000000415,-0.0005157960577281276,1.0494229210782056e-06,1,-0.5263157617727956,0.000999999999990564,0.0009999999999976694,-0.006999999999990791,7.663952273667587e-05,8.42700789907015e-06,-0.00694444419712177,False,282.7493997172506,0.92,-0.007999999999981355,-0.00012058,59.993,60.02928571,-0.03628571000000136,6633425.42,-0.0003861745941927789,0.9948,-0.00012058,1,1,False,1.7717930828571982,0.46008470996637396,17,39,4,2,0,10,20,False,0,4262235817
1779856758000,1779856759045,10,203,False,60.101,60.101,60.094,60.094,54.95,0.41,54.54,6,1,5,60.094,60.095,0.0009999999999976694,60.0945,60.09472756892434,60.09772146431293,8.129999999999999,55.96,947.1,138.71,289.13,1193.42,947.1,1193.42,-0.1150748416272144,-0.9850773430211998,-0.502153576285338,-1.5341544395199558e-05,1.636887315391741e-05,-3.1710417549116966e-05,0.4424625791861592,-0.4551422319308847,0.7936015820073455,0.41,54.54,-54.13,14569.069999999998,12.868429024696852,9.158333331806945,19.93,-54.13,0.4662573798261352,35.46099165031944,-9.983859435551858e-05,0.00014182653353948064,6.99518022463706e-05,2.0587574368474806e-07,0.03200000000000358,6.653691555326954e-05,1.8168988963367004e-06,1,-0.9999998571428775,0.000999999999990564,0.0009999999999976694,0.05299999999999727,7.335772939971364e-05,8.45239520379688e-06,0.0011655012956751044,False,283.765999716234,0.925,0.05200000000000671,-0.00012058,59.993,60.02928571,-0.03628571000000136,6633425.42,-0.0003861745941927789,0.9948,-0.00012058,0,2,False,1.7791936524143033,0.48487639962242524,18,39,4,2,0,10,6,False,0,1514119924
1779856759000,1779856760023,10,204,False,60.095,60.099,60.094,60.097,74.03,73.94,0.09,7,6,1,60.096,60.097,0.0010000000000047748,60.0965,60.09656534824137,60.095224715148845,198.71,224.78,803.88,45.91,321.46000000000004,1933.08,803.88,1933.08,-0.41257453525063836,0.9975685532757318,-0.3510823623089605,-2.281329625213402e-05,7.681368378621505e-06,-3.0494664630755525e-05,0.2937127323744981,-0.1307017543802324,0.4158544912779524,73.94,0.09,73.85,14642.919999999998,12.676021515690397,10.57571428420347,24.52,73.85,0.5522237391900263,7.326007272336944,4.992054314588993e-05,0.00014182565505812595,4.996640442781902e-05,2.05866026263575e-07,0.045999999999999375,0.0001497591375014085,6.743285579523922e-07,1,0.39999992000086865,0.0010000000000047748,0.0010000000000047748,-0.03300000000000125,6.645553995590974e-05,8.493986427529926e-06,0.0011764707194260968,False,284.83819971516175,0.945,-0.034000000000006025,-0.00012058,59.993,60.02928571,-0.03628571000000136,6633425.42,-0.0003861745941927789,0.9948,-0.00012058,0,2,False,1.7533203335893002,0.4796635346592612,19,39,4,2,0,9,7,False,0,210115525
1779856760000,1779856761001,10,205,False,60.097,60.097,60.097,60.097,166.68,166.68,0.0,4,4,0,60.096,60.097,0.0010000000000047748,60.0965,60.096615020854664,60.09567394001987,270.87,280.83000000000004,521.55,157.61,430.70000000000005,2043.61,521.55,2043.61,-0.5933586988723536,0.9999999999940006,-0.42329524066480156,-5.100133921865749e-05,7.699547561544168e-06,-5.870088678020166e-05,0.20332065056362825,-0.23004225543991078,0.25521014283534765,166.68,0.0,166.68,14809.599999999999,12.391561793864483,41.6699999895825,131.27,166.68,0.3228003109065515,3.9370078585157167,0.0,0.00014005421247655612,0.0,1.925502311331945e-07,0.036999999999999034,-4.992054314588993e-05,0.0,1,0.0,0.0010000000000047748,0.0010000000000047748,-0.0049999999999954525,1.470314868563608e-05,8.444514458307022e-06,-0.006993006749378704,False,288.0707997119292,0.94,-0.006000000000000227,-0.00012058,59.993,60.02928571,-0.03628571000000136,6633425.42,-0.0003961676378117917,0.9948,-0.00012058,0,1,True,1.3846236786662602,0.48160061954250305,20,39,4,2,0,8,4,False,0,2254412489
1779856761000,1779856762026,10,206,False,60.097,60.1,60.084,60.084,880.84,106.62,774.22,18,5,13,60.082,60.083,0.0009999999999976694,60.082499999999996,60.08237391612331,60.084751736177566,59.75,212.22,992.13,624.12,853.74,1236.8700000000001,992.13,1236.8700000000001,-0.10979811574692254,-0.7579129013206054,-0.09804055081962557,-1.6743418310037795e-05,1.990919230512348e-05,-3.665261061516127e-05,0.44510094212631446,0.25216450215767955,0.8021295689920507,106.62,774.22,-667.6,14141.999999999998,12.57544501373778,48.93555555283692,433.53,-667.6,1.431360876605553,27.19999926016002,-0.00021634035414421708,0.00014514684086241515,0.0001599044685991625,1.925502311331945e-07,0.021000000000000796,-0.00021634035414421708,2.4560686860720616e-07,1,-0.8124999492187255,0.0030000000000143245,0.0009999999999976694,0.03499999999999659,3.0911000436344723e-06,8.483989400964777e-06,0.024305554689926196,False,300.36479969963517,0.995,0.031999999999982265,-0.00012058,59.993,60.02928571,-0.03628571000000136,6633102.69,-0.000444800451839535,0.9948,-0.00012058,1,1,False,0.4847420351293819,0.4869883367344816,21,39,4,2,0,10,18,False,0,2277045638
1779856762000,1779856763019,10,207,False,60.083,60.101,60.083,60.101,111.21000000000001,109.04,2.17,11,10,1,60.103,60.104,0.0009999999999976694,60.1035,60.103001454252336,60.10309159577272,508.34999999999997,602.31,1245.12,155.98,497.25,785.6,1245.12,785.6,0.2262842735580354,0.9609747324794444,0.15782383392635296,-1.9243529438795995e-05,2.3641862206540793e-05,-4.288539164533679e-05,0.6131421367787715,0.9970905749866237,1.5849287169022594,109.04,2.17,106.87,14248.869999999999,12.52379107886113,10.10999999908091,85.9,106.87,0.8783282897211963,11.09877901111233,0.0002828972020364905,0.00015833239326916969,0.00017989252745637086,2.5375231200817697e-07,0.031999999999996476,0.0004992375561807076,2.543810826669784e-06,1,0.9999999444444475,0.0049999999999954525,0.0009999999999976694,0.04099999999999682,4.391433880639625e-06,8.500047777175902e-06,0.024305554689926196,False,294.7287997052712,0.955,0.036000000000001364,-0.00012058,59.993,60.02928571,-0.03628571000000136,6633102.69,-0.000444800451839535,0.9948,-0.00012058,1,2,False,1.8242286358948927,0.5096640936949032,22,39,4,2,0,10,11,False,0,1184372704
1779856763000,1779856763995,10,208,False,60.102,60.133,60.101,60.126,2018.3999999999999,1565.48,452.91999999999996,38,34,4,60.12,60.121,0.0010000000000047748,60.1205,60.12077388170593,60.12149037894093,57.5,485.79,951.66,194.57,365.46,957.2,951.66,957.2,-0.00290225579665202,0.5512088783191879,-0.21441405922677684,-1.804604405762498e-05,1.961127608224868e-05,-3.765732013987366e-05,0.498548872101412,-0.5477654095273673,0.9942122858326429,1565.48,452.91999999999996,1112.56,15361.429999999998,13.359076617259126,53.11578947228643,434.69,1112.56,2.844507976551446,38.10504489198078,0.0004158799664022713,0.00018053651670901075,0.00031967594847298814,3.689070872057797e-07,0.05399999999999494,0.00013298276436578082,2.0604437495147904e-07,1,0.7499999765624452,0.01099999999999568,0.0010000000000047748,0.09099999999999397,7.871752176717937e-07,7.676910670800914e-06,0.05555555535769742,False,314.1665996858334,1.0,0.0799999999999983,-0.00012058,59.993,60.02928571,-0.03628571000000136,6633102.69,-0.000444800451839535,0.9948,-0.00012058,2,2,False,0.5434615267914958,0.5024524908381246,23,39,4,2,0,9,38,False,0,1420038975
1779856764000,1779856765045,10,209,False,60.125,60.125,60.113,60.117,88.36,19.25,69.11,8,1,7,60.113,60.114,0.0009999999999976694,60.1135,60.11388755575688,60.11248680103755,41.74,490.65999999999997,604.65,42.75,194.5,938.96,604.65,938.96,-0.21657672598634595,-0.5642824807541389,-0.3343942684023723,-2.1321582628049452e-05,2.092615178380507e-05,-4.224773441185452e-05,0.3917116370065031,-0.7751152073494589,0.6439571440736092,19.25,69.11,-49.86,15311.569999999998,13.183369187185056,11.044999998619375,22.2,-49.86,0.6068251511282567,13.282732271386857,-0.00014969686413024148,0.00018357566045641713,0.00011987449020513904,4.3060829549105594e-07,0.026999999999993918,-0.0005655768305325128,1.6941700331433602e-06,1,-0.6666666111113131,0.006999999999990791,0.0009999999999976694,-0.07500000000000284,1.2929460134327876e-05,7.660946976567408e-06,0.055299539018810254,False,239.92339976007656,0.86,-0.08199999999999363,-0.00012058,59.993,60.02928571,-0.03628571000000136,6633102.69,-0.000444800451839535,0.9948,-0.00012058,2,1,False,1.8087783857173796,0.48350570769342144,24,39,4,2,0,10,8,False,0,2458187471
1779856765000,1779856766001,10,210,False,60.114,60.114,60.1,60.1,402.71999999999997,10.59,392.13,15,4,11,60.099,60.1,0.0010000000000047748,60.0995,60.099999096779655,60.10150805972468,0.96,83.14,728.49,204.98000000000002,623.64,951.54,728.49,951.54,-0.13276548633052218,-0.9474076281263722,-0.2384296360658833,-2.230067158892972e-05,1.9226839907619876e-05,-4.1527511496549594e-05,0.4336172568344413,-0.998194764807961,0.7655905164251996,10.59,392.13,-381.54,14930.029999999997,13.242930853178988,26.84799999821013,325.82,-381.53999999999996,1.132679779511689,14.89361679945677,-0.0002828218989545451,0.0001940205246106178,0.00013988149299610974,4.712818021065003e-07,0.011000000000002785,-0.0001331250348243036,7.022792484948421e-07,1,-0.9999999285714337,0.0010000000000047748,0.0010000000000047748,-0.05900000000001171,2.5379462319304e-06,7.084088358752694e-06,0.09259259166925461,False,233.71799976628202,0.855,-0.060000000000016485,-0.00012058,59.993,60.02928571,-0.03628571000000136,6633102.69,-0.000420666743632933,0.9948,-0.00012058,2,1,False,0.7095387458435939,0.4446853297538997,25,39,4,2,0,9,15,False,0,1089998651
1779856766000,1779856767008,10,211,False,60.1,60.107,60.09,60.101,343.43,186.47,156.96,23,11,12,60.101,60.102,0.0009999999999976694,60.1015,60.101033906182344,60.100361209948005,121.09,329.65000000000003,965.42,23.23,67.51,491.48,965.42,491.48,0.32530715903608665,0.08592726319749021,0.2158207477813127,-1.8431012120176567e-05,4.013863570238152e-05,-5.8569647822558084e-05,0.6626535795177001,0.932185523525436,1.9643118743347352,186.47,156.96,29.50999999999999,14959.539999999997,13.562834759632135,14.931739129785576,148.8,29.509999999999987,1.6958106771867814,20.183485831159004,1.663879668262556e-05,0.00019373437559310616,0.00016988012251147405,4.7349177964211507e-07,-0.009000000000000341,0.0002994606956371706,4.844887366443558e-08,1,0.05882352595143437,0.0010000000000047748,0.0009999999999976694,0.06100000000000705,5.1136441240508855e-06,7.082734002882278e-06,0.09259259166925461,False,231.4611997685388,0.85,0.060000000000002274,-0.00012,60.115,60.14128571,-0.026285709999996243,6632871.86,-0.00045545180701563807,0.9948,-0.00012,2,2,False,1.3197855738547635,0.4488395004585364,26,39,4,2,0,9,23,False,0,1426380995
1779856767000,1779856767991,10,212,False,60.102,60.102,60.082,60.082,114.92999999999999,1.76,113.17,16,2,14,60.08,60.081,0.0010000000000047748,60.0805,60.08070708329934,60.08100767874935,40.22,125.08,680.29,80.87,247.47,1309.01,680.29,1309.01,-0.3160508721659297,-0.9693726616116821,-0.3107215547545469,-2.5266979270099237e-05,1.0454354805997228e-05,-3.5721334076096464e-05,0.3419745639167838,-0.4141689373216394,0.5196980924511503,1.76,113.17,-111.41,14848.129999999997,13.642741816693377,7.183124999551054,77.94,-111.41,1.1727847828395812,17.24137901307967,-0.0003161844879606988,0.00020592924540997144,0.00019988058641316625,4.712663154756287e-07,-0.018000000000000682,-0.00033282328464332437,2.751104915669953e-06,1,-0.9999999500000025,0.0030000000000001137,0.0010000000000047748,-0.009000000000000341,3.75886595636882e-05,7.007512180711099e-06,0.12384259233702583,False,232.92859976707143,0.85,-0.012000000000000455,-0.00012,60.115,60.14128571,-0.026285709999996243,6632871.86,-0.00045545180701563807,0.9948,-0.00012,2,1,False,1.8842915224208134,0.48221072911143004,27,39,4,2,0,10,16,False,0,3111888223
1779856768000,1779856769047,10,213,False,60.081,60.081,60.081,60.081,9.56,9.56,0.0,2,2,0,60.08,60.081,0.0010000000000047748,60.0805,60.08073265693544,60.08095901122547,42.74,110.21,718.63,87.3,255.75,1308.3799999999999,718.63,1308.3799999999999,-0.2909457772777189,0.9999999998953975,-0.2502083891290518,-2.307963883276226e-05,1.0692839904202383e-05,-3.377247873696464e-05,0.35452711136089393,-0.46531593405794447,0.5492517464341024,9.56,0.0,9.56,14857.689999999997,13.261012576801791,4.77999999761,9.5,9.56,0.1508180456255573,4.5248868573534535,-1.6644058487595662e-05,0.0002032187454429575,0.0,4.4908108409405963e-07,-0.012999999999998124,0.0002995404294731032,1.7410103018676412e-06,1,0.0,0.0010000000000047748,0.0010000000000047748,0.007000000000005002,3.6568549070224217e-05,6.966786811907792e-06,0.08755760365746351,False,232.62539976737463,0.85,0.006000000000000227,-0.00012,60.115,60.14128571,-0.026285709999996243,6632871.86,-0.00045545180701563807,0.9948,-0.00012,2,2,False,1.8182291889247644,0.48220395687311485,28,39,4,2,0,10,2,False,0,2040076927
1779856769000,1779856770001,10,214,False,60.081,60.081,60.079,60.079,53.49,4.9799999999999995,48.510000000000005,5,2,3,60.079,60.08,0.0009999999999976694,60.079499999999996,60.0794712500183,60.0802498123471,70.97,80.46000000000001,644.83,143.15,325.81,1396.58,644.83,1396.58,-0.3682503759654512,-0.8137969713813089,-0.45722657627159907,-2.5355500971873655e-05,1.1245154012459956e-05,-3.660065498433361e-05,0.3158748120170295,0.057499055534133044,0.4617207750358292,4.9799999999999995,48.510000000000005,-43.53000000000001,14814.159999999996,12.99015970543124,10.6979999978604,21.87,-43.53,0.38490673809996134,5.908419462874922,-3.328894807240201e-05,0.00019918802980837036,1.999205074731472e-05,4.221864087187745e-07,-0.018000000000000682,-1.6644889584806347e-05,6.223396536133796e-07,1,-0.9999995000002501,0.000999999999990564,0.0009999999999976694,-0.023000000000010346,3.996412553649946e-05,6.048046977919092e-06,0.12327188924740172,False,230.0551997699448,0.82,-0.02400000000000091,-0.00012,60.115,60.14128571,-0.026285709999996243,6632871.86,-0.00045545180701563807,0.9948,-0.00012,2,1,False,1.8169731172040635,0.4995466415065301,29,39,4,2,0,9,5,False,0,1541067011
1779856770000,1779856771016,10,215,False,60.079,60.079,60.07,60.071,106.88000000000001,31.740000000000002,75.14,12,3,9,60.07,60.071,0.0009999999999976694,60.070499999999996,60.070747162525734,60.07291969534105,22.04,87.17999999999999,594.8000000000001,107.22,936.33,1361.03,594.8000000000001,1361.03,-0.39176717812877815,-0.4060628742476977,-0.228978379396938,-2.6366750631017997e-05,1.247633729332531e-05,-3.884308792434331e-05,0.3041164109353553,-0.49432689358334353,0.4370219613083937,31.740000000000002,75.14,-43.4,14770.759999999997,12.957695452794152,8.906666665924446,71.18,-43.400000000000006,0.9260906032859625,17.405062988203017,-0.00013316687493673346,0.00019859410970515085,8.997246501671362e-05,4.1913399750798256e-07,-0.026000000000003354,-9.987792686433145e-05,1.2459475574053845e-06,-1,-0.888888790123731,0.0010000000000047748,0.0009999999999976694,-0.007000000000005002,-2.1845831084962524e-06,6.106692647165972e-06,0.12962962976153505,False,230.8197997691802,0.825,-0.008000000000009777,-0.00012,60.115,60.14128571,-0.026285709999996243,6632871.86,-0.00047214099518027756,0.9948,-0.00012,2,0,False,1.8214244039823895,0.48744105079397054,30,39,4,2,0,9,12,False,0,304118787
1779856771000,1779856772041,10,216,False,60.071,60.071,60.071,60.071,12.559999999999999,12.559999999999999,0.0,3,3,0,60.07,60.071,0.0009999999999976694,60.070499999999996,60.070368692695865,60.07099999837295,61.79,420.94,1319.97,48.97,802.65,1123.5,1319.97,1123.5,0.0804061437218053,0.9999999999203821,0.05486779392063955,-1.1902616228287689e-05,1.3772075338517183e-05,-2.5674691566804872e-05,0.5402030718606979,0.26261319533973165,1.1748731642179129,12.559999999999999,0.0,12.559999999999999,14783.319999999996,12.631213634669754,4.186666665271111,11.44,12.559999999999999,0.23750686881965075,2.0964360543051654,0.0,0.00019827979288390232,0.0,4.141446055861654e-07,-0.01300000000000523,0.00013316687493673346,0.0,-1,0.0,0.0010000000000047748,0.0009999999999976694,-0.05100000000000193,8.701680121596926e-07,6.083089583898166e-06,0.1386946388152586,False,225.79719977420282,0.81,-0.05200000000000671,-0.00012,60.115,60.14128571,-0.026285709999996243,6632752.12,-0.0004901849840230622,0.9948,-0.00012,2,1,False,1.7941200354984823,0.4909992944688078,31,39,4,2,0,10,3,False,0,1591633629
1779856772000,1779856773019,10,217,False,60.07,60.078,60.07,60.078,56.58,54.65,1.93,10,9,1,60.077,60.078,0.0010000000000047748,60.0775,60.077017748222914,60.077796990741156,188.86,566.11,1723.08,606.08,668.32,1087.2,1723.08,1087.2,0.22626926854255577,0.93177801341584,0.3221105128388697,-1.0276410782573516e-05,2.1890281326098297e-05,-3.216669210867181e-05,0.6131346342711,0.9645002730484846,1.5848785871950102,54.65,1.93,52.72,14836.039999999995,12.544944335172385,5.6579999994342,29.89,52.72,0.7971338677977045,14.80263135982947,0.00011652198533370157,0.0001987330951457702,7.997619006974343e-05,4.091559611947934e-07,-0.022999999999996135,0.00011652198533370157,2.059420030605199e-06,-1,0.9999998750000156,0.0010000000000047748,0.0010000000000047748,-0.014999999999986358,1.0529105502192749e-05,6.44564255134908e-06,0.14000000009696711,False,226.06659977393338,0.805,-0.015999999999991132,-0.00012,60.115,60.14128571,-0.026285709999996243,6632752.12,-0.0004901849840230622,0.9948,-0.00012,2,1,False,1.8003101822135537,0.5234055839388692,32,39,4,2,0,9,10,False,0,1373665862
1779856773000,1779856773991,10,218,False,60.078,60.078,60.078,60.078,0.26,0.26,0.0,2,2,0,60.077,60.078,0.0010000000000047748,60.0775,60.07771123531288,60.076178658507494,66.42,191.85,1094.42,50.449999999999996,829.55,1311.68,1094.42,1311.68,-0.09029549894015614,0.999999996153846,0.11323950291890732,-1.4810167862895788e-05,1.0919341966952515e-05,-2.5729509829848305e-05,0.45485225052971406,-0.42247267758841406,0.8343650890454727,0.26,0.0,0.26,14836.299999999996,12.199208455330668,0.129999999935,0.19,0.26,0.16394506308826276,1.6694490790159449,0.0,0.00019841909267820452,0.0,3.9419376436029135e-07,-0.047999999999994714,-0.00011652198533370157,0.0,-1,0.0,0.0010000000000047748,0.0010000000000047748,0.0030000000000143245,7.815445701881512e-06,6.118801458718267e-06,0.1305361307702048,False,226.06659977393338,0.8,0.0020000000000095497,-0.00012,60.115,60.14128571,-0.026285709999996243,6632752.12,-0.0004901849840230622,0.9948,-0.00012,2,0,False,1.7806177209202225,0.5743648701460106,33,39,4,2,0,9,2,False,0,3867578513
1779856774000,1779856775023,10,219,False,60.077,60.077,60.068,60.068,20.98,0.73,20.25,6,1,5,60.067,60.068,0.0009999999999976694,60.067499999999995,60.067473950567795,60.06772926822494,60.61,131.63,682.57,79.16,879.92,1159.86,682.57,1159.86,-0.25905461808575675,-0.9304099141596563,-0.1677043875501319,-2.769289971900235e-05,1.2080439564840445e-05,-3.9773339283842795e-05,0.37047269095685026,0.05209595347583975,0.5884934388628038,0.73,20.25,-19.52,14816.779999999995,11.995955719090318,3.4966666660838888,15.03,-19.52,0.5001685684744113,23.923444403745346,-0.00016646413568649417,0.00019044100697081066,8.997546047938125e-05,3.8920794240701535e-07,-0.04899999999999949,-0.00016646413568649417,7.934420194402275e-06,-1,-0.9999998888889013,0.0010000000000047748,0.0009999999999976694,0.03300000000001546,4.414604488474422e-05,3.784903008544284e-05,0.12962962976153505,False,225.63399977436598,0.79,0.03200000000001069,-0.00012,60.115,60.14128571,-0.026285709999996243,6632752.12,-0.0004901849840230622,0.9948,-0.00012,2,0,False,1.8195435191637364,0.5990031708812673,34,39,4,2,0,10,6,False,0,3639829975
1779856775000,1779856776025,10,220,False,60.067,60.068,60.067,60.068,4.25,4.24,0.01,3,2,1,60.067,60.068,0.0009999999999976694,60.067499999999995,60.06773298862272,60.06895510324631,51.339999999999996,60.37,534.73,171.62,1012.6,1255.69,534.73,1255.69,-0.4026764669740046,0.9952941174128721,-0.23778756604491563,-3.473597897996357e-05,1.1302702518068723e-05,-4.603868149803229e-05,0.2986617665127184,-0.4659798239865642,0.4258455510512739,4.24,0.01,4.23,14821.009999999995,11.70100635125129,1.4166666661944445,3.75,4.23,0.2563882036883772,3.021148027126441,0.0,0.00019040464697539494,9.99810553809635e-06,3.833929406541626e-07,-0.03200000000000358,0.00016646413568649417,0.0,-1,0.9999990000010001,0.0010000000000047748,0.0009999999999976694,-0.03300000000001546,4.088545796642457e-05,3.784816830497652e-05,0.10023310015666784,False,224.38599977561404,0.785,-0.034000000000020236,-0.00012,60.115,60.14128571,-0.026285709999996243,6632752.12,-0.0004501337318251521,0.9948,-0.00012,2,1,False,1.824356533072799,0.5922665818616486,35,39,4,2,0,9,3,False,0,2502190950
1779856776000,1779856777081,10,221,False,60.068,60.097,60.068,60.097,832.14,832.14,0.0,24,24,0,60.096,60.097,0.0010000000000047748,60.0965,60.09600018689199,60.09580888645229,525.1999999999999,635.2099999999999,1419.73,4.8,17.74,422.96,1419.73,422.96,0.540932007011195,0.9999999999987983,0.35245275606234094,-1.8442627489334477e-05,4.1572661375958205e-05,-6.001528886529268e-05,0.7704660035053262,0.9996259662517671,3.356653111397398,832.14,0.0,832.14,15653.149999999994,12.104252044652888,34.67249999855531,559.61,832.14,1.982774310174691,370.9676043184694,0.0004826696719179326,0.0002044448439980198,0.0002898726794911163,3.2525791883811184e-07,-0.003999999999997783,0.0004826696719179326,5.800342152971285e-07,1,0.9999999655172426,0.0010000000000047748,0.0010000000000047748,0.024999999999991473,4.763756593887129e-07,3.904688442016688e-05,0.10023310015666784,False,240.6605997593394,0.865,0.0239999999999867,-0.00012,60.115,60.14128571,-0.026285709999996243,6632792.12,-0.0004441057672747858,0.9948,-0.00012,2,2,False,0.18872311752844323,0.5338165629975563,36,39,4,2,0,10,24,False,0,2303776959
1779856777000,1779856778038,10,222,False,60.096,60.098,60.089,60.089,542.43,0.7799999999999999,541.65,9,2,7,60.085,60.086,0.0009999999999976694,60.085499999999996,60.085501312211335,60.08686494167564,31.36,527.51,803.24,78.89,235.92999999999998,666.87,803.24,666.87,0.09276176612628119,-0.9971240528713436,-0.26814274281017086,-1.5778014080573168e-05,2.7238666934622165e-05,-4.3016681015195336e-05,0.5463808830628004,-0.0026263952724453997,1.2044926297461207,0.7799999999999999,541.65,-540.87,15112.279999999993,12.0024732890905,60.26999999330333,222.73,-540.87,0.749845451223007,11.188811063621696,-0.00013312698670090621,0.00020322350615002032,8.994401806594881e-05,3.729035807879852e-07,0.006999999999997897,-0.0006157966586188388,2.454270351946994e-07,1,-0.7777776913577712,0.007000000000005002,0.0009999999999976694,-0.00899999999998613,2.4477863130271198e-06,3.902517782522608e-05,0.10023310015666784,False,246.48379975351622,0.865,-0.015999999999991132,-0.00012,60.115,60.14128571,-0.026285709999996243,6632792.12,-0.0004441057672747858,0.9948,-0.00012,2,1,False,0.9517188221734575,0.5398209865016126,37,39,4,2,0,9,9,False,0,3762890503
1779856778000,1779856779091,10,223,False,60.088,60.088,60.076,60.076,15.469999999999999,0.0,15.469999999999999,9,0,9,60.076,60.077,0.0009999999999976694,60.076499999999996,60.07655222132657,60.07788876380699,34.01,129.16,467.74,109.56,256.05,724.88,467.74,724.88,-0.21560933071706362,-0.9999999999353587,-0.26426604861911296,-4.156533683295867e-05,3.0211988507639905e-05,-7.177732534059858e-05,0.392195334641049,-0.10444485092181373,0.6452654232415775,0.0,15.469999999999999,-15.469999999999999,15096.809999999994,11.904031541907203,1.718888888697901,12.61,-15.469999999999999,0.7560463837448821,13.223140321016327,-0.00021636915991700518,0.0002077069735803846,0.00011994831191825666,3.967241582055929e-07,-0.005000000000002558,-8.324217321609896e-05,1.3986371034454998e-05,1,-0.9999999166666736,0.000999999999990564,0.0009999999999976694,0.0309999999999917,3.6701737859473277e-06,3.9013635378255706e-05,0.06993007005546684,False,239.20999976078997,0.845,0.030000000000001137,-0.00012,60.115,60.14128571,-0.026285709999996243,6632792.12,-0.0004441057672747858,0.9948,-0.00012,2,1,False,1.8926912309391708,0.5563142215023325,38,39,4,2,0,10,9,False,0,2281378046
1779856779000,1779856780059,10,224,False,60.076,60.086,60.076,60.084,107.42,102.78,4.640000000000001,12,10,2,60.084,60.085,0.0009999999999976694,60.084500000000006,60.08476735912994,60.08741743907828,15.96,124.89,782.4499999999999,124.06,313.81,725.84,782.4499999999999,725.84,0.03753256999646114,0.9136101284591919,-0.12888713218181955,-2.4680659801931225e-05,2.3470744239675442e-05,-4.815140404160667e-05,0.5187662849978991,-0.5347200978810841,1.0779923950167005,102.78,4.640000000000001,98.14,15194.949999999993,11.907178048729918,8.951666665920694,46.03,98.14,1.0077954616855829,15.873015621063244,0.00013315579247372687,0.00020953306921817582,9.995859019982304e-05,4.2553496516121635e-07,0.005000000000002558,0.00034952495239073207,1.2395810135215722e-06,1,0.7999999200004344,0.0010000000000047748,0.0009999999999976694,-0.0049999999999954525,2.225059539875206e-06,3.9398579556427044e-05,0.041176470331557635,False,231.2857997687142,0.82,-0.006000000000000227,-0.00012,60.115,60.14128571,-0.026285709999996243,6632792.12,-0.0004441057672747858,0.9948,-0.00012,2,2,False,1.890844395697059,0.5339551848829532,39,39,4,2,0,9,12,False,0,370088840
1779856780000,1779856781042,10,225,False,60.085,60.085,60.085,60.085,13.16,13.16,0.0,1,1,0,60.084,60.085,0.0009999999999976694,60.084500000000006,60.08408153297111,60.08091391280458,94.06,233.17,1124.61,5.26,218.56,531.77,1124.61,531.77,0.35791303927821033,0.9999999999240121,0.3120207217947105,-1.8213092970442905e-05,3.0342982042184177e-05,-4.855607501262708e-05,0.6789565196388033,0.8369304556104039,2.114842883197407,13.16,0.0,13.16,15208.109999999993,11.549565653689593,13.159999986839999,13.16,13.16,0.08658334260336097,1.0,1.664322745502685e-05,0.00020956611593240653,0.0,4.2775110730231087e-07,0.014000000000002899,-0.00011651256501870003,1.26468293721597e-06,1,0.0,0.000999999999990564,0.0009999999999976694,-0.03300000000000125,2.4080532967582396e-06,3.940632635751385e-05,0.041176470331557635,False,231.01399976898597,0.805,-0.033999999999991815,-0.00012,60.115,60.14128571,-0.026285709999996243,6632792.12,-0.00020312505690256888,0.9948,-0.00012,2,1,False,1.8927152742099513,0.5321902924475986,40,39,4,2,0,8,1,False,0,2700686907
1779856781000,1779856782001,10,226,False,60.085,60.085,60.085,60.085,8.52,8.52,0.0,2,2,0,60.084,60.085,0.0009999999999976694,60.084500000000006,60.08429929882365,60.08619552015883,76.67,278.46,1063.57,77.84,306.43,620.83,1063.57,620.83,0.26284730467806755,0.9999999998826291,0.10851582672302769,-1.8762087507465325e-05,2.8145589773425242e-05,-4.690767728089057e-05,0.6314236523387369,0.4014009260310887,1.7131420839815839,8.52,0.0,8.52,15216.629999999994,11.236465140453868,4.25999999787,8.42,8.52,0.1779919195959187,2.469135796372504,0.0,0.00020390634984088305,0.0,3.665490264273284e-07,0.014000000000002899,-1.664322745502685e-05,0.0,1,0.0,0.000999999999990564,0.0009999999999976694,-0.03699999999999193,2.428246446402916e-06,3.934142944302413e-05,0.011764706224589817,False,222.2775997777224,0.755,-0.03799999999998249,-0.00012,60.115,60.14128571,-0.026285709999996243,6632812.92,-0.0001999897596367426,0.9948,-0.00012,2,1,False,1.8954368773786772,0.5217159388839561,41,39,4,2,0,10,2,False,0,4131733366
1779856782000,1779856783069,10,227,False,60.085,60.085,60.084,60.085,62.349999999999994,62.21,0.14,3,2,1,60.084,60.085,0.0009999999999976694,60.084500000000006,60.08415267640978,60.084165775838606,61.919999999999995,221.08999999999997,1140.27,14.99,311.77,563.74,1140.27,563.74,0.3383372163306915,0.9955092221171532,0.09343885787270245,-1.7921946500808824e-05,2.8875948406214783e-05,-4.679789490702361e-05,0.6691686081650523,0.6946454413792381,2.0226877638591856,62.21,0.14,62.07,15278.699999999993,10.966417103061938,20.783333326405554,62.12,62.07,0.273562456318464,3.8314176098413113,0.0,0.00019384596503262288,9.995276725381311e-06,2.4889774754909614e-07,0.006999999999997897,0.0,0.0,1,0.0,0.000999999999990564,0.0009999999999976694,-0.05700000000000216,4.005179962822604e-05,3.932537106681301e-05,0.025000000034342523,False,221.4933997785066,0.75,-0.057999999999992724,-0.00012,60.115,60.14128571,-0.026285709999996243,6632812.92,-0.0001999897596367426,0.9948,-0.00012,2,2,False,1.9010853716686622,0.5207408996172415,42,39,4,2,0,10,3,False,0,2323942791
1779856783000,1779856784012,10,228,False,60.085,60.09,60.077,60.09,328.56,266.86,61.7,16,11,5,60.091,60.092,0.0009999999999976694,60.091499999999996,60.09191274975009,60.09058643820294,92.17,127.28999999999999,653.15,172.41,369.89,838.29,653.15,838.29,-0.12413506409904243,0.6244217190144132,-0.24185357473914748,-2.254710363582945e-05,2.8517452945674865e-05,-5.106455658150431e-05,0.4379324679501435,-0.825500205358062,0.779145641722102,266.86,61.7,205.16000000000003,15483.859999999993,11.131452607879579,20.53499999871656,80.77,205.16,1.4373685593591596,51.020405560183384,8.321198257345699e-05,0.00017109840016458773,0.00012994076056772972,1.8664182072408595e-07,0.012000000000000455,8.321198257345699e-05,2.5326266914172066e-07,1,0.3846153550296301,0.002999999999985903,0.0009999999999976694,-0.03699999999999193,9.353582781670708e-06,3.920512123118121e-05,0.04106280187594312,False,217.62759978237239,0.73,-0.03999999999997783,-0.00012,60.115,60.14128571,-0.026285709999996243,6632812.92,-0.0001999897596367426,0.9948,-0.00012,1,2,False,1.8530807102803637,0.5223976346805926,43,39,4,2,0,9,16,False,0,2750715416
1779856784000,1779856785007,10,229,False,60.091,60.091,60.086,60.086,2.36,0.0,2.36,2,0,2,60.086,60.087,0.0010000000000047748,60.0865,60.08618290887169,60.086835025938555,84.25,167.62,838.0500000000001,47.59,180.1,620.51,838.0500000000001,620.51,0.14914710399287717,-0.9999999995762712,0.1467657824005154,-2.2618385387157096e-05,3.315133950955167e-05,-5.576972489670877e-05,0.5745735519960958,0.6341809450983936,1.3505825852905666,0.0,2.36,-2.36,15481.499999999993,10.832060719096642,1.17999999941,2.35,-2.36,0.18463707430012968,1.8903591646685083,-6.65690321109791e-05,0.0001684511109615179,4.9973056802938774e-05,1.4984361048318123e-07,0.018000000000000682,-0.0001497810146844361,2.8207216984225373e-05,1,-0.99999980000004,0.0010000000000047748,0.0010000000000047748,0.0589999999999975,1.2585804885849472e-05,3.921154334845209e-05,0.08722358644613339,False,216.46999978352997,0.72,0.057999999999992724,-0.00012,60.115,60.14128571,-0.026285709999996243,6632812.92,-0.0001999897596367426,0.9948,-0.00012,1,1,False,1.8918507108758005,0.5222110334483415,44,39,4,2,0,9,2,False,0,2908760931
1779856785000,1779856786045,10,230,False,60.086,60.1,60.086,60.1,88.8,79.02,9.78,14,13,1,60.101,60.102,0.0009999999999976694,60.1015,60.101043749006706,60.09882806557647,246.17000000000002,463.06,996.15,6.66,25.31,549.8299999999999,996.15,549.8299999999999,0.2886971370908494,0.7797297297209489,0.357591974088577,-2.2805561895544266e-05,2.6174227363248363e-05,-4.897978925879263e-05,0.6443485685451013,0.9125010127123672,1.8117418111019559,79.02,9.78,69.24,15550.739999999993,10.935927580765604,6.342857142404082,29.31,69.24,1.2801840443185983,15.204678131390859,0.00023297222743618002,0.0001645909122509066,0.0001399140814992446,1.606465300982479e-07,0.03200000000000358,0.0002995412595471591,2.6235611197472574e-06,1,0.9999999285714337,0.0030000000000001137,0.0009999999999976694,-0.0309999999999917,-5.734821164082633e-07,4.3987356069047407e-05,0.13267813289789296,False,201.31919979868078,0.705,-0.033999999999991815,-0.00012,60.115,60.14128571,-0.026285709999996243,6632812.92,-0.00015786283924324135,0.9948,-0.00012,1,2,False,1.8874430014877328,0.5323709131764937,45,39,4,2,0,10,14,False,0,823815952
1779856786000,1779856787023,10,231,False,60.101,60.103,60.101,60.103,24.150000000000002,17.27,6.880000000000001,6,4,2,60.103,60.104,0.0009999999999976694,60.1035,60.103001903191924,60.10163502729444,779.77,934.34,1553.78,1.33,16.87,341.75,1553.78,341.75,0.6394148338456055,0.4302277432534066,0.40654147204390345,-1.4783178430433108e-05,5.1882364976157006e-05,-6.666554340659011e-05,0.819707416922539,0.9961929624136826,4.546539868311495,17.27,6.880000000000001,10.389999999999999,15561.129999999992,10.774093889592962,4.024999999329167,15.16,10.39,0.556891378609453,7.836990534192864,4.991555952224305e-05,0.00016492696587263792,1.998473276928252e-05,1.6701453977448993e-07,0.006000000000000227,-0.00018305666791393696,2.0668968745414556e-06,1,0.9999995000002501,0.000999999999990564,0.0009999999999976694,0.0010000000000047748,8.075351946173422e-06,4.4013395874755354e-05,0.10902255623436617,False,201.13119979886878,0.7,1.4210854715202004e-14,-0.00012,60.115,60.14128571,-0.026285709999996243,6632407.24,-0.0002190157713544455,0.9948,-0.00012,1,1,False,1.8857145685340797,0.5288275975253193,46,39,4,2,0,9,6,False,0,2728277857
1779856787000,1779856788092,10,232,False,60.103,60.114,60.099,60.114,559.08,63.16,495.92,15,12,3,60.113,60.114,0.0009999999999976694,60.1135,60.11320934157179,60.113883880477054,257.18,299.27,696.46,151.28,278.04,872.7,696.46,872.7,-0.11231486910186832,-0.7740573799800134,-0.16442992453430297,-4.004816121423968e-05,2.0936947992919622e-05,-6.09851092071593e-05,0.44384256544874723,0.5813163817247154,0.7980520224581207,63.16,495.92,-432.76,15128.369999999992,10.912648188294831,37.2719999975152,377.66,-432.76000000000005,1.3745517806314702,23.72881299626545,0.00018300240449684716,0.0001545210877297568,0.00014987427503939307,1.7088661407837754e-07,0.02499999999999858,0.0001330868449746041,3.2732776077935145e-07,1,0.7333332844441319,0.000999999999990564,0.0009999999999976694,-0.027000000000001023,7.509596010118476e-06,4.434624951675605e-05,0.0827067670596671,False,209.02199979097801,0.705,-0.027999999999991587,-0.00012,60.115,60.14128571,-0.026285709999996243,6632407.24,-0.0002190157713544455,0.9948,-0.00012,1,2,False,0.49876685673144155,0.529753168622385,47,39,4,2,0,10,15,False,0,2868245877
1779856788000,1779856788997,10,233,False,60.113,60.113,60.1,60.11,518.98,233.46,285.52,20,9,11,60.108,60.109,0.0010000000000047748,60.1085,60.10832559061684,60.11098927377605,55.33,209.56,1071.57,100.38,172.98,579.28,1071.57,579.28,0.2982039555378755,-0.10031215075706128,0.1890694097727068,-1.5639798858419005e-05,3.679668484075523e-05,-5.243648369917423e-05,0.6491019777686349,0.34881602913595594,1.8498308244685648,233.46,285.52,-52.059999999999974,15076.309999999992,11.210594149334344,25.94899999870255,199.97,-52.05999999999999,1.7840267635951768,21.372328002166217,-6.654245411023753e-05,0.00015519120538545644,0.0001298910381996378,1.8250997998296452e-07,0.03399999999999892,-0.0002495448586070847,1.2821776197562395e-07,1,-0.2307692130177949,0.0030000000000001137,0.0010000000000047748,-0.022999999999996135,9.129784757465943e-06,4.434495962934892e-05,0.08461538475844457,False,164.68399983531594,0.615,-0.02599999999999625,-0.00012,60.115,60.14128571,-0.026285709999996243,6632407.24,-0.0002190157713544455,0.9948,-0.00012,1,1,False,1.0315151156868307,0.5216029894623844,48,39,4,2,0,8,20,False,0,405654576
1779856789000,1779856789999,10,234,False,60.114,60.114,60.114,60.114,32.91,32.91,0.0,1,1,0,60.115,60.116,0.0009999999999976694,60.1155,60.11541049207098,60.1134393318372,121.71,187.7,1177.12,30.02,152.31,733.7900000000001,1177.12,733.7900000000001,0.2319994138916892,0.9999999999696142,0.2699024818660237,-1.595918129448892e-05,2.081611412631108e-05,-3.6775295420800005e-05,0.615999706945583,0.1790141251055201,1.604164679265724,32.91,0.0,32.91,15109.219999999992,10.875820570667644,32.909999967089995,32.91,32.91,0.0919470851335188,1.0,6.654245411030714e-05,0.00015572507002969589,0.0,1.8250489299724925e-07,0.02999999999999403,0.00013308490822054467,2.0219524189694684e-06,1,0.0,0.0030000000000001137,0.0009999999999976694,0.0309999999999917,1.0885725359453183e-05,4.4177265140518204e-05,0.0827067670596671,False,153.5635998464364,0.615,0.027999999999991587,-0.00012,60.115,60.14128571,-0.026285709999996243,6632407.24,-0.0002190157713544455,0.9948,-0.00012,1,2,False,1.906062381029223,0.5337417076278907,49,39,4,2,0,10,1,False,0,4172075427
1779856790000,1779856791021,10,235,False,60.115,60.115,60.115,60.115,5.32,0.0,5.32,1,0,1,60.115,60.116,0.0009999999999976694,60.1155,60.115037246817124,60.114719310221666,493.41999999999996,585.37,1332.63,18.89,172.38,753.6700000000001,1332.63,753.6700000000001,0.2775056319799274,-0.99999999981203,0.27508781241831703,-2.0366144529742843e-05,2.0432022276559632e-05,-4.079816680630248e-05,0.638752815989724,0.9255061076384673,1.7681876683405626,0.0,5.32,-5.32,15103.899999999992,10.552023174908049,5.31999999468,5.32,-5.32,0.0947685560701913,1.0,1.6634921691484054e-05,0.0001528969019886178,0.0,1.8361182151053336e-07,0.030000000000001137,-4.990753241882308e-05,3.126864979014509e-06,1,0.0,0.000999999999990564,0.0009999999999976694,-0.029000000000010573,1.0821417851107624e-05,4.4078060204379006e-05,0.058974358792282654,False,153.38519984661477,0.61,-0.030000000000001137,-0.00012,60.115,60.14128571,-0.026285709999996243,6632407.24,-0.0001882898277203044,0.9948,-0.00012,1,1,False,1.9107210976317506,0.5225719995706917,50,39,4,2,0,9,1,False,0,3647304118
1779856791000,1779856792005,10,236,False,60.115,60.115,60.103,60.103,453.63,8.87,444.76,8,1,7,60.102,60.103,0.0010000000000047748,60.1025,60.102979334679915,60.10364204483658,3.73,48.39,579.83,196.1,366.93,799.73,579.83,799.73,-0.15939864884444357,-0.9608932389811942,-0.45303210523112697,-2.6582482520514773e-05,3.013133643416715e-05,-5.6713818954681926e-05,0.4203006755774158,-0.9586701434096568,0.7250321983660423,8.87,444.76,-435.89,14668.009999999993,10.468350283927457,56.70374999291203,434.61,-435.89,0.76420828327827,16.509433689702746,-0.00019963732618839754,0.0001592803055562728,0.00011989443305754679,1.8693277279837463e-07,0.018000000000000682,-0.0002162722478798816,4.4008845576341393e-07,1,-0.9999999166666736,0.0010000000000047748,0.0010000000000047748,0.000999999999990564,1.8048685517914577e-06,4.59543508636917e-05,0.08461538475844457,False,160.75639983924358,0.615,-1.4210854715202004e-14,-0.00012,60.115,60.14128571,-0.026285709999996243,6632393.65,-0.00019033847169667943,0.9948,-0.00012,1,1,False,0.4987936148983472,0.5366818214007802,51,39,4,2,0,9,8,False,0,1136332249
1779856792000,1779856793016,10,237,False,60.102,60.11,60.097,60.104,840.55,836.91,3.64,19,14,5,60.1,60.101,0.0009999999999976694,60.1005,60.100999538063334,60.10215066656727,31.42,378.84999999999997,682.67,575.15,703.15,915.01,682.67,915.01,-0.14542336387753158,0.9913390042222457,-0.3088887715826626,-2.0911831838986592e-05,3.151751339047743e-05,-5.242934522946402e-05,0.4272883180609213,-0.9990766815890353,0.7460792778212849,836.91,3.64,833.27,15501.279999999993,10.748076504126557,44.23947368188213,215.68,833.27,1.767758165001662,25.8249634650655,1.6637966175458653e-05,0.0001571788413900454,0.0001298975215677798,1.902543318788562e-07,0.01899999999999835,0.0002162752923638562,1.9794142139597714e-08,1,0.15384614201204547,0.007000000000005002,0.0009999999999976694,-0.007000000000005002,2.1445854455609927e-06,4.5492323326838296e-05,0.10902255623436617,False,176.396999823603,0.615,-0.014000000000010004,-0.00012,60.115,60.14128571,-0.026285709999996243,6632393.65,-0.00019033847169667943,0.9948,-0.00012,1,2,False,1.0340621523822766,0.5341327205377151,52,39,4,2,0,9,19,False,0,3963283162
1779856793000,1779856793997,10,238,False,60.1,60.1,60.097,60.098,224.85999999999999,217.6,7.260000000000001,7,3,4,60.098,60.099,0.0009999999999976694,60.0985,60.098425922072295,60.09848534179678,142.13,487.91999999999996,1289.08,82.33,254.82,873.66,1289.08,873.66,0.19208041650859925,0.9354264875881197,-0.11045364527998738,-1.9482705125176795e-05,2.4457669435812576e-05,-4.394037456098937e-05,0.5960402082540684,0.1481539670047423,1.475493899226844,217.6,7.260000000000001,210.34,15711.619999999994,10.6251887498929,32.12285713826816,144.23,210.33999999999997,0.6588118257580833,10.204081528529779,-9.983194963453678e-05,0.0001587561308709326,2.9978844955478618e-05,1.919153324801057e-07,0.007999999999995566,-0.00011646991580999542,4.439738042964192e-07,1,-0.666666444445308,0.0010000000000047748,0.0009999999999976694,-0.019000000000005457,6.46636731314103e-06,4.549826181649592e-05,0.10902255623436617,False,180.45659981954338,0.62,-0.020000000000010232,-0.00012,60.115,60.14128571,-0.026285709999996243,6632393.65,-0.00019033847169667943,0.9948,-0.00012,1,1,False,1.4068239896817862,0.5285218105155287,53,39,4,2,0,9,7,False,0,386393088
1779856794000,1779856795089,10,239,False,60.099,60.099,60.099,60.099,3.42,3.42,0.0,1,1,0,60.098,60.099,0.0009999999999976694,60.0985,60.09836171806499,60.098389110399964,114.67999999999999,460.46999999999997,1279.08,70.1,194.03,677.3199999999999,1279.08,677.3199999999999,0.3075853608667412,0.9999999997076023,0.029537944727162334,-1.9282663831170036e-05,2.655591190011028e-05,-4.5838575731280315e-05,0.653792680433115,0.2765622952931146,1.8884426858768553,3.42,0.0,3.42,15715.039999999994,10.309608790880018,3.4199999965799996,3.42,3.42,0.09699689097685384,1.0,1.663935040003225e-05,0.0001543756362406415,0.0,1.9357647127119314e-07,0.012999999999998124,0.00011647130003456902,4.865307133089749e-06,1,0.0,0.000999999999990564,0.0009999999999976694,-0.007000000000005002,5.8322586846242e-06,1.3489628089360389e-05,0.0827067670596671,False,179.67839982032157,0.615,-0.007999999999995566,-0.00012,60.115,60.14128571,-0.026285709999996243,6632393.65,-0.00019033847169667943,0.9948,-0.00012,1,2,False,1.978620770244178,0.5259135665547386,54,39,4,2,0,10,1,False,0,3241328858
1779856795000,1779856796043,10,240,False,60.099,60.11,60.099,60.101,281.17,279.32,1.8499999999999999,18,16,2,60.1,60.101,0.0009999999999976694,60.1005,60.100041423420286,60.100756835369566,155.79,561.3000000000001,987.85,58.51,143.34,454.56,987.85,454.56,0.36972150775412693,0.9868407013515422,0.11965307127332736,-2.1726956995877622e-05,5.029414009470499e-05,-7.202109709058261e-05,0.6848607538767169,0.9171518136932696,2.1732004575805766,279.32,1.8499999999999999,277.46999999999997,15992.509999999993,10.561752764949526,15.620555554687748,65.82,277.46999999999997,1.704262578274976,23.0352298216817,3.327787021939264e-05,0.00015455487018214533,0.00010991145865563569,1.941301934143404e-07,0.0009999999999976694,1.663851981936039e-05,1.183549817522292e-07,1,0.18181816528943387,0.0010000000000047748,0.0009999999999976694,0.0010000000000047748,8.172773942930506e-06,1.397614665967709e-05,0.058974358792282654,False,185.18619981481382,0.62,0.0,-0.00012,60.115,60.14128571,-0.026285709999996243,6632393.65,-0.00019033847169667943,0.9948,-0.00012,1,2,False,1.9572510480555518,0.5213253677113702,55,39,4,2,0,8,18,False,0,1900297193
1779856796000,1779856797021,10,241,False,60.101,60.103,60.101,60.103,12.549999999999999,12.549999999999999,0.0,2,2,0,60.103,60.104,0.0009999999999976694,60.1035,60.10331900328871,60.104130075654346,80.62,174.52,723.67,80.89999999999999,100.37,427.54,723.67,427.54,0.25723369324427575,0.9999999999203187,0.12857554559753687,-2.1232941297441047e-05,4.4981898554235956e-05,-6.6214839851677e-05,0.6286168466217036,0.3619909502187991,1.6926369462466841,12.549999999999999,0.0,12.549999999999999,16005.059999999992,10.281039559541345,6.274999996862499,12.27,12.549999999999999,0.19453285713207494,999999999.9999999,3.3276762839641015e-05,0.00011087864733484914,1.998473276928252e-05,1.309812142150901e-07,0.0,-1.1073797516244891e-09,2.6515348874095205e-06,1,0.9999995000002501,0.000999999999990564,0.0009999999999976694,0.017000000000010118,7.870544001096053e-06,8.303597484731018e-06,0.03333333367147507,False,172.50699982749302,0.595,0.016000000000019554,-0.00012,60.11,60.1415,-0.031500000000001194,6631773.05,-0.000283891705821289,0.9948,-0.00012,0,1,True,1.9572159016971071,0.5169469551171376,56,39,4,2,0,9,2,False,0,3533752457
1779856797000,1779856798041,10,242,False,60.103,60.105,60.103,60.105,1.6900000000000002,1.6800000000000002,0.01,4,3,1,60.107,60.108,0.0009999999999976694,60.1075,60.107373051908745,60.10532979564368,157.3,223.98,908.49,23.66,169.51,1029.95,908.49,1029.95,-0.06265863271493437,0.9881656798886593,0.0747893417813423,-1.9217287771994723e-05,2.2492713961200437e-05,-4.171000173319516e-05,0.4686706836422749,0.25389334591189494,0.8820719452392037,1.6800000000000002,0.01,1.6700000000000002,16006.729999999992,10.075103836277695,0.42249999989437503,1.37,1.6700000000000002,0.3970182406656768,4.354136410649623,3.327565553338248e-05,0.00010706679302174645,1.9984067764102262e-05,1.0328394603785068e-07,-0.009000000000000341,-1.1073062585329938e-09,1.9689736990350733e-05,1,0.9999995000002501,0.005000000000009663,0.0009999999999976694,-0.0030000000000001137,-3.866386350568116e-07,8.428170743646941e-06,0.009210525603443797,False,172.293999827706,0.59,-0.008000000000009777,-0.00012,60.11,60.1415,-0.031500000000001194,6631773.05,-0.000283891705821289,0.9948,-0.00012,0,1,True,1.9588053227424442,0.5051698164542733,57,39,4,2,0,9,4,False,0,1241795260
1779856798000,1779856799013,10,243,False,60.107,60.108,60.107,60.107,116.86999999999999,0.01,116.86,4,1,3,60.107,60.108,0.0009999999999976694,60.1075,60.10714902872313,60.10743392147473,107.32,175.63,922.36,59.00000000000001,172.54,706.91,922.36,706.91,0.13223713687717065,-0.9998288696757095,0.19772114791389206,-1.7928118469375726e-05,3.177787220051137e-05,-4.970599066988709e-05,0.5661185684382785,0.7019396022415434,1.3047771286283902,0.01,116.86,-116.85,15889.879999999992,9.875920103940722,29.217499992695622,100.07,-116.85,0.40502555280888525,3.9682539525069283,3.3274548301061116e-05,9.580123839509566e-05,9.991452055149832e-06,7.558037148952232e-08,-0.0030000000000001137,-1.1072323213658412e-09,2.847141978332883e-07,1,0.0,0.0010000000000047748,0.0009999999999976694,-0.01099999999999568,-4.740155367136825e-06,9.392680403279926e-06,0.009210525603443797,False,172.8567998271432,0.6,-0.012000000000000455,-0.00012,60.11,60.1415,-0.031500000000001194,6631773.05,-0.000283891705821289,0.9948,-0.00012,0,1,True,1.6066710521630543,0.5009589153171196,58,39,4,2,0,9,4,False,0,686894398
1779856799000,1779856800063,10,244,False,60.108,60.115,60.103,60.103,666.89,66.92,599.97,20,7,13,60.102,60.103,0.0010000000000047748,60.1025,60.10299968472352,60.103006275271845,1.7,96.82,732.55,893.85,1002.11,1435.9,732.55,1435.9,-0.32435610689648176,-0.7993072320760557,0.13194628281633575,-2.387512499168076e-05,2.432751584967846e-05,-4.8202640841359223e-05,0.3378219465515286,-0.9993695823471808,0.5101678389856464,66.92,599.97,-533.0500000000001,15356.829999999993,10.207857149713156,33.34449999833277,121.88,-533.05,1.95927506671689,28.78787795913685,-6.65502038345442e-05,9.226483894794164e-05,0.00011989443305754679,7.557865732036573e-08,-0.01099999999999568,-9.982475213560533e-05,9.979187547338304e-08,1,-0.4166666319440526,0.0010000000000047748,0.0010000000000047748,-0.0030000000000001137,7.64099954931947e-06,8.990784512457117e-06,0.03421052664456441,False,183.3501998166498,0.615,-0.0040000000000048885,-0.00012,60.11,60.1415,-0.031500000000001194,6631773.05,-0.000283891705821289,0.9948,-0.00012,0,1,True,1.43177937445029,0.4956519675950158,59,39,4,2,0,10,20,False,0,3284914428
1779856800000,1779856801083,10,245,False,60.102,60.102,60.102,60.102,6.18,0.0,6.18,1,0,1,60.1,60.101,0.0009999999999976694,60.1005,60.10099215843126,60.102443300154775,11.43,81.95,789.2099999999999,1401.54,1474.1299999999999,1885.26,789.2099999999999,1885.26,-0.40981951564219843,-0.9999999998381877,0.11869241024988464,-2.0604086124726428e-05,1.1356166531716893e-05,-3.196025265644332e-05,0.2950902421787139,-0.9843174303212834,0.4186213042230681,0.0,6.18,-6.18,15350.649999999992,9.905960193984857,6.179999993819999,6.18,-6.18,0.1009493254885352,1.0,-1.6638243001982945e-05,9.226479399854136e-05,0.0,7.668593578359639e-08,-0.01300000000000523,4.9911960832561264e-05,2.6922723299823095e-06,1,0.0,0.0030000000000001137,0.0009999999999976694,-0.018999999999991246,5.836277825355242e-06,8.984285161699606e-06,0.058974358792282654,False,181.6925998183074,0.615,-0.02199999999999136,-0.00012,60.11,60.1415,-0.031500000000001194,6631773.05,-0.00027885516500583,0.9948,-0.00012,0,2,False,2.0454970950260325,0.49324058959412465,0,40,4,2,0,9,1,False,0,2444039114
1779856801000,1779856802043,10,246,False,60.101,60.101,60.091,60.095,290.02,233.85,56.17,15,7,8,60.094,60.095,0.0009999999999976694,60.0945,60.09402022795627,60.09189547762216,525.48,528.9,923.75,75.35,1214.49,1351.84,923.75,1351.84,-0.18812264072166418,0.6126474036252237,0.04331084368532343,-2.2247704788006292e-05,9.534810737587823e-06,-3.178251552559411e-05,0.40593867963894814,0.9595424107008991,0.6833279086277346,233.85,56.17,177.68,15528.329999999993,10.072977892542731,19.33466666537769,65.63,177.67999999999998,1.4891326237909972,20.437955786669516,-0.0001164754529299746,9.587032266742097e-05,9.993364047174918e-05,7.862388267321132e-08,-0.008000000000002672,-9.983720992799166e-05,4.0161179549539e-07,1,-0.5999999400001481,0.0010000000000047748,0.0009999999999976694,0.0049999999999954525,1.0632773738991403e-05,9.926643194961157e-06,0.058974358792282654,False,184.54879981545116,0.62,0.003999999999990678,-0.00012,60.11,60.1415,-0.031500000000001194,6631773.05,-0.00027885516500583,0.9948,-0.00012,0,1,True,2.00822188032194,0.4924201695173329,1,40,4,2,0,9,15,False,0,1105348802
1779856802000,1779856803010,10,247,False,60.096,60.104,60.095,60.104,1322.11,1313.95,8.16,14,12,2,60.106,60.107,0.0009999999999976694,60.1065,60.10699866463878,60.10524249680761,41.55,272.77,643.73,148.06,290.2,868.25,643.73,868.25,-0.14849402769868086,0.9876560951804406,-0.2404614632445022,-2.3424990485272632e-05,2.748545196337923e-05,-5.0910442448651866e-05,0.42575298615032886,-0.9973301690818946,0.7414108839611386,1313.95,8.16,1305.79,16834.11999999999,10.201732715738052,94.4364285646831,886.53,1305.79,1.3723158985561448,13.541666483289932,0.00014975166210732873,0.00010154997185401278,8.99350385550646e-05,9.606627534417896e-08,0.0,0.0002662271150373033,1.132671730092167e-07,1,0.888888790123731,0.0049999999999954525,0.0009999999999976694,0.022999999999996135,1.8581650174060677e-06,9.952460666533257e-06,0.03333333367147507,False,209.83819979016178,0.715,0.018000000000000682,-0.00012,60.11,60.1415,-0.031500000000001194,6631773.05,-0.00027885516500583,0.9948,-0.00012,0,2,False,0.023471183761538377,0.506827699657229,2,40,4,2,0,9,14,False,0,1291516611
1779856803000,1779856803993,10,248,False,60.105,60.106,60.096,60.102,98.14999999999999,53.0,45.15,10,5,5,60.101,60.102,0.0009999999999976694,60.1015,60.101782317345666,60.10243780332766,56.28,107.3,533.74,91.48,221.27,652.48,533.74,652.48,-0.1000994756452428,0.07997962302516579,-0.3139399195841245,-2.7119191147854583e-05,3.057421264319336e-05,-5.769340379104794e-05,0.4499502621769571,-0.5646371976529476,0.8180174104940872,53.0,45.15,7.850000000000001,16841.96999999999,10.195118528336804,9.814999999018498,47.04,7.85,0.9808615732347452,11.070110578559664,-3.3276209177370024e-05,0.00010010769394118179,9.992532666327487e-05,9.551010183717057e-08,0.003999999999997783,-0.00018302787128469876,3.3903422493154344e-07,1,-0.2999999699998609,0.000999999999990564,0.0009999999999976694,-0.023000000000010346,9.5334355946144e-07,9.886989379959948e-06,0.0618421051900968,False,209.84239979015757,0.71,-0.02400000000000091,-0.00012,60.11,60.1415,-0.031500000000001194,6631773.05,-0.00027885516500583,0.9948,-0.00012,0,1,True,1.7405616400857147,0.4908032489924629,3,40,4,2,0,9,10,False,0,3636602750
1779856804000,1779856805013,10,249,False,60.102,60.102,60.102,60.102,16.35,16.35,0.0,3,3,0,60.101,60.102,0.0009999999999976694,60.1015,60.10166794355885,60.09990873709294,52.71,194.41,620.1899999999999,30.02,165.96,543.04,620.1899999999999,543.04,0.06632394281434768,0.9999999999388379,-0.10370425581932455,-2.4665826944870926e-05,3.1673310090756065e-05,-5.633913703562699e-05,0.5331619714067439,-0.3358904109497017,1.1420705657020807,16.35,0.0,16.35,16858.31999999999,9.959213002817565,5.449999998183333,10.59,16.35,0.3012286210617285,5.291005263010554,0.0,9.899484120100247e-05,0.0,8.000136614800518e-08,0.0030000000000001137,3.3276209177370024e-05,0.0,1,0.0,0.000999999999990564,0.0009999999999976694,-0.023000000000010346,1.0543476243788416e-06,9.876858957493611e-06,0.039295392952618,False,209.20219979079778,0.7,-0.02400000000000091,-0.00012,60.11,60.1415,-0.031500000000001194,6631773.05,-0.00027885516500583,0.9948,-0.00012,0,2,False,1.7395278122065245,0.49007802587255406,4,40,4,2,0,9,3,False,0,716192064
1779856805000,1779856806102,10,250,False,60.101,60.101,60.092,60.092,72.56,4.44,68.12,13,1,12,60.092,60.093,0.0010000000000047748,60.0925,60.092665031570284,60.09085351775078,345.65,412.37,1156.14,74.88,195.44,723.78,1156.14,723.78,0.2299885101492458,-0.8776185225898895,-0.022827963882979047,-1.6332123119245734e-05,3.3649847509905885e-05,-4.998197062915162e-05,0.6149942550743569,-0.3300645778482412,1.597363839838629,4.44,68.12,-63.68000000000001,16794.63999999999,10.058910937151415,5.581538461109113,19.39,-63.68,1.2923864302937238,28.503562132915093,-0.00016639765750491565,9.203577928033802e-05,8.993952808632672e-05,6.8372427062385e-08,-0.009000000000000341,-0.00016639765750491565,2.2932422478310693e-06,-1,-0.9999998888889013,0.0010000000000047748,0.0010000000000047748,0.03100000000000591,1.5762169878987491e-06,5.44986802129922e-06,0.039295392952618,False,191.94679980805316,0.625,0.030000000000001137,-0.00012,60.11,60.1415,-0.031500000000001194,6631773.05,-0.00027580036223451396,0.9948,-0.00012,0,0,False,1.7526748317197904,0.47874550113067454,5,40,4,2,0,10,13,False,0,1001536442
1779856806000,1779856807083,10,251,False,60.092,60.092,60.092,60.092,18.48,0.0,18.48,1,0,1,60.092,60.093,0.0010000000000047748,60.0925,60.09262115017551,60.09083650092219,347.75,380.5,1173.93,69.44,161.39,535.05,1173.93,535.05,0.3738370255939954,-0.9999999999458874,0.08774909496639156,-1.6187525842902614e-05,3.9478246167638476e-05,-5.566577201054109e-05,0.6869185127967051,-0.24230186774050602,2.1940566302173745,0.0,18.48,-18.48,16776.15999999999,9.761897463802189,18.47999998152,18.48,-18.48,0.1024391009642984,1.0,0.0,9.135648041391573e-05,0.0,5.9237759648009014e-08,-0.011000000000002785,0.00016639765750491565,0.0,-1,0.0,0.0010000000000047748,0.0010000000000047748,0.016999999999995907,1.3850878054673208e-06,5.421762413460436e-06,-0.016260162631892408,False,192.24759980775238,0.625,0.015999999999991132,-0.00012,60.11,60.1415,-0.031500000000001194,6632893.11,-0.00010695394987925447,0.9948,-0.00012,0,1,True,1.7536732445327112,0.4766551240654075,6,40,4,2,0,8,1,False,0,3133036167
1779856807000,1779856808091,10,252,False,60.093,60.093,60.093,60.093,7.3,7.3,0.0,1,1,0,60.092,60.093,0.0010000000000047748,60.0925,60.09262113520869,60.090825052421025,347.88,384.69,1231.32,68.36,149.45,447.8,1231.32,447.8,0.46662537519625363,0.9999999998630137,0.2478560297142976,-1.532994755986828e-05,4.4254115755246554e-05,-5.958406331511483e-05,0.7333126875978291,-0.24227192761696065,2.7497096918205677,7.3,0.0,7.3,16783.45999999999,9.47462213712015,7.299999992699999,7.3,7.3,0.10554510622398383,1.0,1.6641011774069352e-05,8.176404267573871e-05,0.0,4.706033054471443e-08,-0.01199999999999335,1.6641011774069352e-05,2.2795906536698303e-06,-1,0.0,0.0010000000000047748,0.0010000000000047748,-0.014999999999986358,-2.154884579574069e-05,5.087899830147306e-06,-0.043421052248008206,False,187.0383998129616,0.595,-0.015999999999991132,-0.00012,60.11,60.1415,-0.031500000000001194,6632893.11,-0.00010695394987925447,0.9948,-0.00012,0,1,True,1.755627582170908,0.4753006091442489,7,40,4,2,0,8,1,False,0,3120161195
1779856808000,1779856809042,10,253,False,60.093,60.122,60.093,60.114,1175.24,1175.24,0.0,31,31,0,60.113,60.114,0.0009999999999976694,60.1135,60.11396998365927,60.11434125430321,12.83,130.89,1103.29,197.98,396.19,819.62,1103.29,819.62,0.14752120484050343,0.9999999999991491,-0.1572298864397979,-1.3732953285531383e-05,2.7623102060865387e-05,-4.135605534639677e-05,0.5737606024199917,-0.9399680303064357,1.346099411920956,1175.24,0.0,1175.24,17958.69999999999,10.180372230985062,37.91096774071255,167.54,1175.24,3.0450752972080015,76.1421261820716,0.00034939729322970044,0.00011210658852423184,0.00028975211521432674,4.844675681616014e-08,0.006999999999997897,0.00033275628145563107,2.9729867365763855e-07,1,0.7241379060640835,0.000999999999990564,0.0009999999999976694,0.045000000000001705,3.1801944418533494e-06,7.4750809079294206e-06,-0.04230769195654512,False,210.457999789542,0.715,0.04400000000001114,-0.00012,60.11,60.1415,-0.031500000000001194,6632893.11,-0.00010695394987925447,0.9948,-0.00012,0,2,False,1.2970382296550909,0.4863335819468328,8,40,4,2,0,9,31,False,0,2711409330
1779856809000,1779856809999,10,254,False,60.113,60.113,60.113,60.113,10.44,0.0,10.44,1,0,1,60.113,60.114,0.0009999999999976694,60.1135,60.11394531709556,60.11471394457368,18.2,135.89,721.6899999999999,262.9,370.96,824.89,721.6899999999999,824.89,-0.06672787699306426,-0.9999999999042145,-0.2219515163117637,-2.2842931906102585e-05,2.9310097836059826e-05,-5.2153029742162414e-05,0.4666360615031446,-0.8906348208627141,0.8748924098960166,0.0,10.44,-10.44,17948.25999999999,9.879376420133093,10.439999989559999,10.44,-10.44,0.10122096348721847,1.0,-1.6635198416707044e-05,0.0001111770154839051,0.0,5.315212160201245e-08,0.00999999999999801,-0.00036603249164640747,1.593409809876785e-06,1,0.0,0.0010000000000047748,0.0009999999999976694,-0.03700000000000614,4.692148205416122e-06,7.469377756055434e-06,-0.0157894737024758,False,209.58419979041577,0.7,-0.038000000000010914,-0.00012,60.11,60.1415,-0.031500000000001194,6632893.11,-0.00010695394987925447,0.9948,-0.00012,0,1,True,1.8158506308447664,0.5129401562209276,9,40,4,2,0,8,1,False,0,3826525933
1779859444000,1779859445076,9,1,True,60.906,60.906,60.906,60.906,29.56,0.0,29.56,1,0,1,60.906,60.907,0.0009999999999976694,60.906499999999994,60.90674781358858,60.908124421962526,19.31,84.88,333.68,210.23,476.15999999999997,2105.65,333.68,2105.65,-0.7264166799896995,-0.9999999999661705,-0.6348470627774182,-4.713551005360794e-05,7.237710629064186e-06,-5.4373220682672124e-05,0.1367916600049453,-0.4956289820640743,0.15846888134297796,0.0,29.56,-29.56,-29.56,0.03278688524590164,29.559999970439996,29.56,-29.56,30.49999906975003,1.0,0.0,0.0,0.0,0.0,0.0,0.0,0.0,0,0.0,0.000999999999990564,0.0009999999999976694,0.000999999999990564,0.0,0.0,0.0,False,1.0,0.0,0.0,-6.623e-05,60.90157387,60.90707143,-0.005497560000002011,6666394.93,0.0,1.0048,-6.623e-05,1,1,False,0.0,0.5,4,24,5,2,0,7,1,False,0,2059176894
1779859445000,1779859446066,9,2,True,60.907,60.907,60.907,60.907,1.1,1.1,0.0,2,2,0,60.906,60.907,0.0009999999999976694,60.906499999999994,60.906701167152434,60.907725088892285,28.39,95.60000000000001,345.48,152.35999999999999,331.59,2016.66,345.48,2016.66,-0.7074855851047323,0.999999999090909,-0.501915471558562,-4.682454306880285e-05,7.227356688330343e-06,-5.4051899757133194e-05,0.14625720744742213,-0.4023356995603121,0.1713129630179746,1.1,0.0,1.1,-28.459999999999997,0.097285675893577,0.549999999725,1.0,1.1,20.55801083840785,3.8314176098413113,1.641860885168453e-05,0.0,0.0,0.0,0.0,1.641860885168453e-05,1.4926008033416836e-05,0,0.0,0.0010000000000047748,0.0009999999999976694,0.0010000000000047748,0.0,0.0,0.0,False,1.0,0.0,0.0,-6.623e-05,60.90157387,60.90707143,-0.005497560000002011,6666394.93,0.0,1.0048,-6.623e-05,1,1,False,0.0,0.5,5,24,5,2,0,8,2,False,0,3765379695
1779859446000,1779859447020,9,3,True,60.906,60.907,60.906,60.907,12.64,9.98,2.66,4,2,2,60.906,60.907,0.0009999999999976694,60.906499999999994,60.90668700175497,60.90784319666257,23.529999999999998,114.28999999999999,347.39,184.63,261.24,1858.68,347.39,1858.68,-0.6850598575744717,0.579113924004817,-0.4580487344508282,-4.3921933482859555e-05,7.902231883471278e-06,-5.1824165366330835e-05,0.15747007121253745,-0.3740053050342763,0.186901456947841,9.98,2.66,7.32,-21.139999999999997,0.22524352258559088,3.15999999921,4.99,7.32,17.75855721099137,5.802707896696085,0.0,0.0,9.860379506428926e-06,0.0,0.0,-1.641860885168453e-05,0.0,0,0.9999990000010001,0.0010000000000047748,0.0009999999999976694,0.0010000000000047748,0.0,0.0,0.0,False,1.0,0.0,0.0,-6.623e-05,60.90157387,60.90707143,-0.005497560000002011,6666394.93,0.0,1.0048,-6.623e-05,1,1,False,0.9557000373766837,0.5,6,24,5,2,0,8,4,False,0,1687451456
1779859447000,1779859448093,9,4,True,60.906,60.906,60.906,60.906,8.57,0.0,8.57,1,0,1,60.906,60.907,0.0009999999999976694,60.906499999999994,60.906305791565245,60.90713267572863,106.64999999999999,197.41,430.71,132.88,178.78,1539.05,430.71,1539.05,-0.5626776866214347,-0.9999999998833139,-0.2328579419834805,-4.37353076789251e-05,8.877178785279677e-06,-5.261248646420477e-05,0.21866115668902877,0.38841602656986773,0.27985445567052414,0.0,8.57,-8.57,-29.709999999999997,0.2506453743040961,8.56999999143,8.57,-8.57,3.9897005830917385,1.0,-1.6418608851591042e-05,0.0,0.0,0.0,0.0,-1.6418608851591042e-05,1.915823669740399e-06,0,0.0,0.000999999999990564,0.0009999999999976694,0.000999999999990564,0.0,0.0,0.0,False,1.0,0.0,0.0,-6.623e-05,60.90157387,60.90707143,-0.005497560000002011,6666394.93,0.0,1.0048,-6.623e-05,1,1,False,0.0,0.5,7,24,5,2,0,10,1,False,0,1785236734
1779859448000,1779859449102,9,5,True,60.907,60.907,60.907,60.907,0.12,0.12,0.0,1,1,0,60.906,60.907,0.0009999999999976694,60.906499999999994,60.90634282362209,60.907458419594555,108.44,199.10999999999999,432.51,193.75,260.37,1788.6,432.51,1788.6,-0.6105460783119204,0.9999999916666668,-0.4074333637489992,-4.373639220429393e-05,8.18408054201598e-06,-5.1920472746309903e-05,0.19472696084381472,0.3143519711394334,0.2418148272390463,0.12,0.0,0.12,-29.589999999999996,0.2752143784252733,0.11999999987999999,0.12,0.12,3.6335310752595387,1.0,1.641860885168453e-05,0.0,0.0,0.0,0.0,3.283721770327557e-05,0.00013682173929052327,0,0.0,0.0010000000000047748,0.0009999999999976694,0.04899999999999238,0.0,0.0,0.0,False,1.0,0.0,0.04799999999998761,-6.623e-05,60.90157387,60.90707143,-0.005497560000002011,6666394.93,0.0,1.0048,-6.623e-05,1,1,False,1.2148897784438093,0.5,8,24,5,2,0,8,1,False,0,1708710747
1779859449000,1779859450042,9,6,True,60.906,60.906,60.906,60.906,0.18,0.0,0.18,1,0,1,60.906,60.907,0.0009999999999976694,60.906499999999994,60.90635037852063,60.907648244600544,105.91000000000001,196.67000000000002,439.04,195.54999999999998,311.56,2080.41,439.04,2080.41,-0.651479489570878,-0.9999999944444444,-0.4150482759768548,-4.3101443698145234e-05,7.0339915628444525e-06,-5.0135435260989686e-05,0.17426025521436259,0.2992421830204468,0.21103532476761264,0.0,0.18,-0.18,-29.769999999999996,0.2989778414277234,0.17999999981999998,0.18,-0.18,3.344729468511519,1.0,-1.6418608851591042e-05,0.0,0.0,0.0,0.0,-3.283721770327557e-05,9.121449311320306e-05,0,0.0,0.000999999999990564,0.0009999999999976694,-0.05100000000000193,0.0001152668842224233,0.0,0.0,False,1.0,0.0,-0.0519999999999925,-6.623e-05,60.90157387,60.90707143,-0.005497560000002011,6666131.89,0.0,1.0048,-6.623e-05,1,1,False,1.1935497289399826,0.5,9,24,5,2,0,6,1,False,0,1074035733
1779859450000,1779859450992,9,7,True,60.907,60.907,60.907,60.907,0.16,0.16,0.0,1,1,0,60.906,60.907,0.0009999999999976694,60.906499999999994,60.90628667053303,60.907564015818664,151.29000000000002,184.56,401.92,193.7,376.33,1729.9099999999999,401.92,1729.9099999999999,-0.6229342865047293,0.99999999375,-0.4231581380440851,-5.856094854537817e-05,8.30374254486423e-06,-6.68646910902424e-05,0.18853285674740083,0.426658296712562,0.232335786254642,0.16,0.0,0.16,-29.609999999999996,0.3219621744956669,0.15999999984,0.16,0.16,3.1059549105744515,1.0,1.641860885168453e-05,0.0,0.0,0.0,0.0,3.283721770327557e-05,0.00010261630468167641,0,0.0,0.0010000000000047748,0.0009999999999976694,0.05299999999999727,0.00011650443778057372,0.0,0.0,False,1.0,0.0,0.0519999999999925,-6.623e-05,60.90157387,60.90707143,-0.005497560000002011,6666131.89,0.0,1.0048,-6.623e-05,1,1,False,1.162225670234279,0.5,10,24,5,2,0,9,1,False,0,1253836647
1779859451000,1779859452048,9,8,True,60.906,60.906,60.906,60.906,2.3,0.0,2.3,1,0,1,60.906,60.907,0.0009999999999976694,60.906499999999994,60.90627304404133,60.907393532229925,161.01000000000002,218.53,403.76,193.7,262.61,1616.19,403.76,1616.19,-0.6002277284088219,-0.9999999995652173,-0.35157415616961635,-5.671404742754766e-05,8.652962123476614e-06,-6.536700955102428e-05,0.1998861357953415,0.453911310411291,0.24982211249899464,0.0,2.3,-2.3,-31.909999999999997,0.34419292287285813,2.2999999976999996,2.3,-2.3,2.9053473521419377,1.0,-1.6418608851591042e-05,0.0,0.0,0.0,0.0,-3.283721770327557e-05,7.138525584544573e-06,0,0.0,0.000999999999990564,0.0009999999999976694,-0.03699999999999193,0.00012934387112939396,0.0,0.0,False,1.0,0.0,-0.03799999999998249,-6.623e-05,60.90157387,60.90707143,-0.005497560000002011,6666131.89,0.0,1.0048,-6.623e-05,1,1,False,1.1269289206325546,0.5,11,24,5,2,0,9,1,False,0,2638006760
1779859452000,1779859453164,9,9,True,60.907,60.907,60.907,60.907,0.17,0.17,0.0,1,1,0,60.906,60.907,0.0009999999999976694,60.906499999999994,60.906268728527074,60.907599590049074,149.1,206.71,391.55,192.85,367.7,1730.33,391.55,1730.33,-0.6309404867378782,0.9999999941176471,-0.43586023658611817,-5.721689372625968e-05,8.30677733633441e-06,-6.552367106259409e-05,0.18452975663082524,0.46254233910907283,0.22628631532700338,0.17,0.0,0.17,-31.739999999999995,0.3656947942540759,0.16999999983,0.17,0.17,2.734520734169115,1.0,1.641860885168453e-05,0.0,0.0,0.0,0.0,3.283721770327557e-05,9.658005150061458e-05,0,0.0,0.0010000000000047748,0.0009999999999976694,0.03899999999998727,0.0001318116315670464,0.0,0.0,False,1.0,0.0,0.03799999999998249,-6.623e-05,60.90157387,60.90707143,-0.005497560000002011,6666131.89,0.0,1.0048,-6.623e-05,1,1,False,1.0905996001406706,0.5,12,24,5,2,0,9,1,False,0,734960681
1779859453000,1779859454034,9,10,True,60.906,60.906,60.87,60.88,484.62,324.53000000000003,160.08999999999997,41,9,32,60.882,60.883,0.0010000000000047748,60.8825,60.88200078310072,60.88019084711033,425.72,757.46,1078.1,2.58,53.52,464.71999999999997,1078.1,464.71999999999997,0.3975706822569077,0.3393174033256175,0.29751341627920513,-1.9454049816423068e-05,3.795058236592151e-05,-5.740463218234458e-05,0.6987853411281297,0.9984327383456818,2.3198915475935618,324.53000000000003,160.08999999999997,164.44000000000005,132.70000000000005,1.6979670960818112,11.819999999711708,148.78,164.44000000000003,24.146522079529166,54.42176574575425,-0.00044339708577015026,0.0,0.0003550815265402016,0.0,0.0,-0.0004598156946218348,9.149376537683862e-07,0,-0.7222222021603628,0.0049999999999954525,0.0010000000000047748,-0.015000000000000568,1.593392565324035e-05,0.0,0.0,False,1.0,1.0,-0.01999999999999602,-6.623e-05,60.90157387,60.90707143,-0.005497560000002011,6666131.89,0.0,1.0048,-6.623e-05,1,1,False,0.49657236405381316,0.5,13,24,5,2,0,8,41,False,0,1937621531
1779859454000,1779859455083,9,11,True,60.881,60.886,60.878,60.88,327.52,204.0,123.52,18,11,7,60.88,60.881,0.0009999999999976694,60.8805,60.88032796533286,60.88305824007336,93.67999999999999,574.6999999999999,997.48,164.73,274.06,684.23,997.48,684.23,0.18626873836738422,0.24572545188005093,-0.04190864831773539,-1.8215092349807754e-05,2.8949582033994945e-05,-4.71646743838027e-05,0.5931343691833948,0.34406720335414653,1.457813892987069,204.0,123.52,80.48,213.18000000000006,2.2324599781774896,18.19555555454469,67.41,80.48,8.062854504846166,16.815034336443535,0.0,0.0,7.891478010025984e-05,0.0,-0.02599999999999625,0.00044339708577015026,0.0,0,-0.12499998437466889,0.000999999999990564,0.0009999999999976694,-0.027000000000001023,3.972716862500723e-07,0.0,0.11111111065119873,False,1.0,1.0,-0.027999999999991587,-6.623e-05,60.90157387,60.90707143,-0.005497560000002011,6666126.77,0.0,1.0048,-6.623e-05,1,1,False,1.1883595365412418,0.5,14,24,5,2,0,10,18,False,0,162156270
1779859455000,1779859456056,9,12,True,60.879,60.881,60.879,60.881,20.89,0.09,20.8,2,1,1,60.88,60.881,0.0009999999999976694,60.8805,60.88018494209741,60.88172698368727,96.69,571.87,888.85,102.08999999999999,278.5,695.56,888.85,695.56,0.12199493817880352,-0.9913834370037634,-0.008276970454154306,-1.7647212160626546e-05,3.0094773330959847e-05,-4.7741985491586396e-05,0.5609974690890862,0.6301141107621748,1.2778911955815777,0.09,20.8,-20.71,192.47000000000006,2.2248383395487195,10.4449999947775,20.8,-20.71,0.8989417179437554,3.571428558673469,1.6425620683557495e-05,0.0,1.972934311588634e-05,0.0,-0.02599999999999625,1.6425620683557495e-05,7.86291081032609e-07,0,0.9999995000002501,0.0010000000000047748,0.0009999999999976694,0.025000000000005684,7.685700120865552e-08,0.0,0.09999999989755451,False,1.0,1.0,0.02400000000000091,-6.623e-05,60.90157387,60.90707143,-0.005497560000002011,6666126.77,0.0,1.0048,-6.623e-05,1,1,False,1.2437427855233443,0.5,15,24,5,2,0,9,2,False,0,2978697681
1779859456000,1779859457045,9,13,True,60.881,60.886,60.881,60.886,79.99,79.99,0.0,5,5,0,60.887,60.888,0.0009999999999976694,60.8875,60.88786706330552,60.88702262191423,99.01,217.86,876.49,206.88,232.37,547.85,876.49,547.85,0.2307314264850873,0.9999999999874984,0.20265472686766245,-2.0566056614099994e-05,4.7299509800085355e-05,-6.786556641418535e-05,0.6153657132421926,-0.7341271644742348,1.59987222779666,79.99,0.0,79.99,272.46000000000004,2.3158272464487615,15.997999996800399,49.62,79.99,2.1590556918735047,5.10204079029571,8.212405664601149e-05,0.0,4.932052236898609e-05,0.0,-0.02099999999999369,6.5698435962454e-05,1.026679042942678e-06,0,0.99999980000004,0.0030000000000001137,0.0009999999999976694,-0.015000000000000568,-2.4078566796225625e-07,0.0,0.0909090894312898,False,1.0,1.0,-0.018000000000000682,-6.623e-05,60.90157387,60.90707143,-0.005497560000002011,6666126.77,0.0,1.0048,-6.623e-05,1,1,False,1.1959656582186455,0.5,16,24,5,2,0,9,5,False,0,2222541620
1779859457000,1779859458042,9,14,True,60.886,60.887,60.886,60.887,1.27,0.09,1.18,3,1,2,60.887,60.888,0.0009999999999976694,60.8875,60.88781804497664,60.88681205213802,112.68,229.87,910.8100000000001,189.16,225.01999999999998,592.86,910.8100000000001,592.86,0.21144932066197275,-0.8582677158596316,0.18048500667666467,-2.0097562254330985e-05,4.110333957331272e-05,-6.12009018276437e-05,0.6057246603306539,-0.6360904913368853,1.536298620245022,0.09,1.18,-1.0899999999999999,271.37000000000006,2.3382591400078185,0.4233333331922222,1.0,-1.09,1.2830057829719261,3.816793878561855,1.6424002036948197e-05,0.0,9.863618444266388e-06,0.0,-0.01899999999999835,-6.57000546090633e-05,1.2932285058280245e-05,0,0.9999990000010001,0.0010000000000047748,0.0009999999999976694,0.03899999999998727,-4.344513499039037e-06,0.0,0.08333333123139003,False,1.0,1.0,0.03799999999998249,-6.623e-05,60.90157387,60.90707143,-0.005497560000002011,6666126.77,0.0,1.0048,-6.623e-05,1,1,False,1.3533471890959599,0.5,17,24,5,2,0,9,3,False,0,542119476
1779859458000,1779859458998,9,15,True,60.887,60.888,60.887,60.888,19.39,1.03,18.36,2,1,1,60.887,60.888,0.0009999999999976694,60.8875,60.88778113051598,60.88727903239461,108.77,214.16,832.3100000000001,207.25,228.32000000000002,1459.19,832.3100000000001,1459.19,-0.27356753218403945,-0.8937596698868612,0.25544973952560623,-2.0514648069856745e-05,9.509882232931554e-06,-3.0024530302788297e-05,0.3632162339077621,-0.5622615061110418,0.5703917927065218,1.03,18.36,-17.33,254.04000000000008,2.327168676401005,9.6949999951525,18.36,-17.33,0.8594134234539506,22.222221728395073,1.6423732293598795e-05,0.0,9.863456446875595e-06,0.0,-0.01899999999999835,-2.697433494017881e-10,8.470207474343359e-07,0,0.9999990000010001,0.000999999999990564,0.0009999999999976694,0.03900000000000148,-1.3601052911021206e-05,0.0,0.07692307414564156,False,1.0,1.0,0.038000000000010914,-6.623e-05,60.90157387,60.90707143,-0.005497560000002011,6666126.77,0.0,1.0048,-6.623e-05,1,1,False,1.3636125765979876,0.5,18,24,5,2,0,9,2,False,0,3778731469
1779859459000,1779859460069,9,16,True,60.888,60.892,60.888,60.892,205.31,205.31,0.0,3,3,0,60.893,60.894,0.0009999999999976694,60.8935,60.89300210156126,60.89162684513809,284.15,414.28,792.93,0.96,1042.27,1277.86,792.93,1277.86,-0.23417632884057088,0.9999999999951293,0.30306796200429437,-3.172385364739663e-05,9.37338337974587e-06,-4.10972370271425e-05,0.38291183557947306,0.995795529973492,0.6205139843170453,205.31,0.0,205.31,459.3500000000001,2.349228719797693,68.43666664385444,201.65,205.31,1.2770148659604903,12.903225639958377,6.569223191736116e-05,0.0,3.945220591956947e-05,0.0,-0.013999999999995794,4.926849962376237e-05,3.1996606067430326e-07,0,0.9999997500000624,0.0030000000000001137,0.0009999999999976694,-0.04899999999999238,-3.951639244424226e-06,0.0,0.07142856793611178,False,1.0,1.0,-0.0519999999999925,-6.623e-05,60.90157387,60.90707143,-0.005497560000002011,6666121.69,0.0,1.0048,-6.623e-05,1,1,False,0.1253869358706379,0.5,19,24,5,2,0,10,3,False,0,2587068154
1779859460000,1779859461006,9,17,True,60.893,60.903,60.893,60.894,16.5,10.48,6.02,14,9,5,60.893,60.894,0.0009999999999976694,60.8935,60.893457385238925,60.89567940169226,131.0,189.10999999999999,624.14,255.06,1444.19,1628.7,624.14,1628.7,-0.4459082757761555,0.27030303028664837,-0.04839942533273736,-3.3800911093694895e-05,9.054094682396145e-06,-4.285500577609104e-05,0.2770458621117003,0.08522835849335729,0.3832136059431551,10.48,6.02,4.460000000000001,463.81000000000006,2.7312212207879325,1.1785714284872448,4.7,4.460000000000001,5.1259121334870175,20.34428753603171,3.284449772833849e-05,0.0,9.861755816983306e-05,0.0,-0.012999999999998124,-3.2847734189022673e-05,1.9905756197786615e-06,0,0.09999998999978785,0.000999999999990564,0.0009999999999976694,-0.07100000000001216,-7.629301926502589e-07,0.0,0.06666666666666667,False,1.0,1.0,-0.07200000000000273,-6.623e-05,60.90157387,60.90707143,-0.005497560000002011,6666121.69,0.0,1.0048,-6.623e-05,1,1,False,1.2009480077448096,0.5,20,24,5,2,0,8,14,False,0,1409090669
1779859461000,1779859462013,9,18,True,60.894,60.895,60.894,60.895,101.93,101.93,0.0,2,2,0,60.893,60.894,0.0009999999999976694,60.8935,60.89345467180851,60.8939429946531,138.77,196.29,502.89,159.1,1283.15,1467.75,502.89,1467.75,-0.48961758616465234,0.9999999999901893,-0.01940321103145228,-4.7576559141240835e-05,9.688005200473257e-06,-5.726456434171409e-05,0.25519120691742014,0.09065524944070501,0.34262646908510125,101.93,0.0,101.93,565.74,2.7072467545325907,50.964999974517504,53.08,101.93,0.7387579266325668,999.9990000010001,1.64218443377266e-05,0.0,9.86232261382315e-06,0.0,-0.01099999999999568,-1.642265339061189e-05,1.6110903892441372e-07,0,0.9999990000010001,0.0030000000000001137,0.0009999999999976694,-0.05299999999998306,-1.3312850227667437e-06,0.0,0.06249999604187907,False,1.0,1.0,-0.055999999999983174,-6.623e-05,60.90157387,60.90707143,-0.005497560000002011,6666121.69,0.0,1.0048,-6.623e-05,1,1,False,1.2733919061003287,0.5,21,24,5,2,0,7,2,False,0,707977264
1779859462000,1779859463004,9,19,True,60.898,60.907,60.898,60.907,4.63,4.01,0.62,9,8,1,60.906,60.907,0.0009999999999976694,60.906499999999994,60.90652297027639,60.90566572290055,136.39000000000001,284.54,426.5,111.04,1075.8,1454.03,426.5,1454.03,-0.5464044710796709,0.7321814253278225,-0.018282082883942667,-4.6389230511735675e-05,1.0081761671302138e-05,-5.6470992183037816e-05,0.22679776445989866,-0.04594222833499396,0.29332269623027496,4.01,0.62,3.3899999999999997,569.13,2.9135665330725056,0.514444444387284,1.62,3.39,3.0889975892948085,9.523809433106576,0.00019704110012671084,0.0,8.874924427361486e-05,0.0,0.0,0.00018061925578898423,4.25574730203355e-05,0,0.9999998888889013,0.0010000000000047748,0.0009999999999976694,0.012999999999991019,-3.4014366518988204e-06,0.0,0.05882352569936469,False,1.0,1.0,0.011999999999986244,-6.623e-05,60.90157387,60.90707143,-0.005497560000002011,6666121.69,0.0,1.0048,-6.623e-05,1,1,False,1.2674278436024409,0.5,22,24,5,2,0,9,9,False,0,3665995426
1779859463000,1779859464079,9,20,True,60.906,60.908,60.906,60.907,83.52,81.96000000000001,1.56,5,3,2,60.907,60.908,0.0010000000000047748,60.9075,60.90709650716548,60.906076242958555,270.08,428.07,1040.27,18.6,1034.21,1183.3600000000001,1040.27,1183.3600000000001,-0.06434973444320134,0.9626436781493937,0.27242830689290404,-2.1961579591381723e-05,1.0145322733311916e-05,-3.2106902324693636e-05,0.4678251327781745,0.8069849839671167,0.8790815981604252,81.96000000000001,1.56,80.4,649.53,2.981974187725866,16.7039999966592,49.78,80.4,1.6767415421983893,9.661835655441202,0.0,0.00011192200893522511,1.9720597121801624e-05,1.860699008631542e-08,0.026999999999993918,-0.00019704110012671084,0.0,1,0.4999997499983487,0.0010000000000047748,0.0010000000000047748,0.028999999999996362,4.329600677750796e-06,0.0,0.11111111264031978,False,1.0,1.0,0.027999999999991587,-6.623e-05,60.90157387,60.90707143,-0.005497560000002011,6666121.69,0.0,1.0048,-6.623e-05,1,1,False,1.311173874356132,0.5,23,24,5,2,0,9,5,False,0,911049918
1779859464000,1779859465019,9,21,True,60.908,60.925,60.908,60.916,235.13,160.27,74.86,21,16,5,60.916,60.917,0.0010000000000047748,60.9165,60.91615403574865,60.921872881146456,85.66,174.41,423.43,382.25,1264.75,1430.82,423.43,1430.82,-0.5432870432786607,0.3632458639885883,-0.04614708001006952,-4.824865339790507e-05,1.0046127143867237e-05,-5.829478054177231e-05,0.22835647836039996,0.6919263455968143,0.2959351979981438,160.27,74.86,85.41000000000001,734.9399999999999,3.5727291323905916,11.196666666133492,61.07,85.41,5.877859534252063,27.972027189593643,0.00014775535024377123,0.00011669669344235758,0.0001675989352792691,1.860699008631542e-08,0.03599999999999426,0.00014775535024377123,6.283985465195545e-07,1,0.47058820761231085,0.0010000000000047748,0.0010000000000047748,0.08099999999998886,1.9610202505070825e-05,0.00014875717969461115,-0.3888888883139984,False,1.0,1.0,0.07999999999998408,-6.623e-05,60.90157387,60.90707143,-0.005497560000002011,6666048.71,0.0,1.0048,-6.623e-05,1,2,False,1.3443286231499343,0.5,24,24,5,2,0,9,21,False,0,1282382874
1779859465000,1779859465992,9,22,True,60.917,60.93,60.917,60.929,111.58,110.09,1.49,12,10,2,60.929,60.93,0.0009999999999976694,60.929500000000004,60.92997250082011,60.93104660593422,34.23,100.55,729.5600000000001,309.07,1442.65,1893.98,729.5600000000001,1893.98,-0.4438354284667115,0.9732927047770812,-0.29092801691761927,-2.4194858133784215e-05,8.272449952286054e-06,-3.246730808607027e-05,0.2780822857664537,-0.9450041981329764,0.38519942132420343,110.09,1.49,108.60000000000001,843.54,3.849033095263031,9.298333332558473,19.7,108.6,3.1176660994810934,15.235456831592764,0.0002133858598929577,0.00012602109341162376,0.00012814916553937383,5.013589255186767e-08,0.04800000000000182,6.563050964918647e-05,1.9124024008876616e-06,1,0.9230768520711796,0.0010000000000047748,0.0009999999999976694,0.1110000000000042,3.22658891300039e-05,0.00014877478417384837,-0.22222222234294922,False,1.0,1.0,0.10999999999999943,-6.623e-05,60.90157387,60.90707143,-0.005497560000002011,6666048.71,0.0,1.0048,-6.623e-05,1,2,False,1.2018877200169595,0.5,25,24,5,2,0,10,12,False,0,1324732501
1779859466000,1779859467071,9,23,True,60.929,60.929,60.923,60.923,13.89,0.0,13.89,4,0,4,60.921,60.922,0.0009999999999976694,60.921499999999995,60.92199878663193,60.92344515028808,4.79,79.46,351.51,475.07,832.3,2165.52,351.51,2165.52,-0.7206946281924648,-0.9999999999280057,-0.4212280019277679,-5.1219549960647307e-05,7.748681470163571e-06,-5.896823143081088e-05,0.13965268590356905,-0.997574400587764,0.16232129003649826,0.0,13.89,-13.89,829.65,3.853982829844571,3.472499999131875,11.8,-13.89,1.0378873429291926,7.281553345037233,-9.848012350798333e-05,0.00012793057774030642,5.914334158272213e-05,7.115015838898338e-08,0.036999999999999034,-0.000311865983400941,7.090001691928965e-06,1,-0.9999998333333611,0.0030000000000143245,0.0009999999999976694,-0.07099999999999795,3.8769130052136284e-05,0.00014881891400155364,-0.22807017624580003,False,1.0,1.0,-0.07400000000001228,-6.623e-05,60.90157387,60.90707143,-0.005497560000002011,6666048.71,0.0,1.0048,-6.623e-05,1,1,False,1.1661658995387756,0.5,26,24,5,2,0,10,4,False,0,1308296453
1779859467000,1779859468010,9,24,True,60.922,60.923,60.9,60.9,272.48,164.12,108.36,25,2,23,60.9,60.901,0.0010000000000047748,60.9005,60.90086921913247,60.90291555563278,17.95,57.28,362.33,493.75,750.37,1170.06,362.33,1170.06,-0.5271047187722923,0.20463887257705288,-0.4196980018866376,-5.7088237296528645e-05,2.0811511616265098e-05,-7.789974891279374e-05,0.2364476406135276,-0.7384391958974362,0.30966788027937914,164.12,108.36,55.760000000000005,885.41,4.547294868210323,10.899199999564033,107.06,55.76000000000001,5.497774109454544,24.51481043068902,-0.00037759700997813314,0.00015323749306993647,0.00022677011508775394,1.0806638785125206e-07,0.012999999999998124,-0.0002791168864701498,1.3857788093685678e-06,1,-0.9565216975423334,0.0010000000000047748,0.0010000000000047748,0.03499999999999659,1.6536394910799146e-05,0.00015011320746945736,-0.18333333316673006,False,1.0,1.0,0.033999999999991815,-6.623e-05,60.90157387,60.90707143,-0.005497560000002011,6666048.71,0.0,1.0048,-6.623e-05,1,1,False,0.9684554875749749,0.5,27,24,5,2,0,8,25,False,0,3440140908
1779859468000,1779859468998,9,25,True,60.899,60.899,60.892,60.893,29.68,12.93,16.75,8,2,6,60.892,60.893,0.0009999999999976694,60.8925,60.89268649988703,60.89551163026324,44.89,48.54,348.68,272.37,1725.0,2321.99,348.68,2321.99,-0.7388820033921305,-0.12870619945658,-0.3505270184558292,-5.0076561290827456e-05,7.311314637362502e-06,-5.738787592818996e-05,0.13055899830374756,-0.37300063979261394,0.15016429872645873,12.93,16.75,-3.8200000000000003,881.5899999999999,4.660498315154247,3.70999999953625,12.31,-3.82,1.7165546380030547,17.721518673289545,-0.00011494913513426046,0.00015533485098307245,6.903512468699508e-05,1.512012668608981e-07,0.005000000000002558,0.00026264787484387266,3.87294929684594e-06,1,-0.857142734694185,0.0010000000000047748,0.0009999999999976694,-0.03100000000000591,2.735628142397106e-05,0.00015003850941851788,-0.10000000067055226,False,1.0,1.0,-0.03200000000001069,-6.623e-05,60.90157387,60.90707143,-0.005497560000002011,6666048.71,0.0,1.0048,-6.623e-05,1,2,False,1.0959999470700037,0.5,28,24,5,2,0,10,8,False,0,2789617281
1779859469000,1779859470019,9,26,True,60.893,60.893,60.876,60.876,49.53,0.18,49.35,16,1,15,60.875,60.876,0.0009999999999976694,60.8755,60.87599610008937,60.877471042433235,8.33,183.32,409.5,737.25,1221.45,2979.78,409.5,2979.78,-0.758355756974709,-0.9927316777510049,-0.5741190316722073,-4.7590424779373734e-05,5.712277567304996e-06,-5.330270234667873e-05,0.12082212151249798,-0.9922005952143395,0.13742625294480215,0.18,49.35,-49.17,832.42,5.032285255640994,3.0956249998065233,45.5,-49.17,3.1794699990198607,15.030059894337777,-0.00027921720816377474,0.0001673724883630547,0.00016768702282217245,1.830274727373037e-07,-0.016000000000005343,-0.0001642680730295143,5.637335113227083e-06,-1,-0.9999999411764741,0.000999999999990564,0.0009999999999976694,0.0030000000000001137,1.270394110629448e-06,0.0001436678018478217,-0.10714285723195051,False,1.0,1.0,0.0020000000000095497,-6.623e-05,60.90157387,60.90707143,-0.005497560000002011,6666058.56,0.0,1.0048,-6.623e-05,1,0,False,1.139959610965115,0.5,29,24,5,2,0,9,16,False,0,195891732
1779859470000,1779859471014,9,27,True,60.875,60.875,60.868,60.873,140.22,127.16999999999999,13.05,9,3,6,60.873,60.874,0.0010000000000047748,60.8735,60.873029717298984,60.87542492898783,394.5,421.94,745.64,1009.24,1086.92,1472.8700000000001,745.64,1472.8700000000001,-0.32780109172357674,0.8138639281071611,-0.011931597493856838,-3.7955919445979325e-05,1.1764462469907892e-05,-4.972038191588722e-05,0.3360994541379862,0.9405643885712099,0.5062497029605422,127.16999999999999,13.05,114.11999999999999,946.54,5.162374263652764,15.579999998268889,61.55,114.11999999999999,1.7433838653705913,10.088272281581112,-4.9281718956339895e-05,0.0001676946800473236,6.906234338534378e-05,1.9651820600118163e-07,-0.021000000000000796,0.00022993548920743486,3.5145998399649434e-07,-1,-0.2857142448984,0.0010000000000047748,0.0010000000000047748,-0.027000000000001023,2.1741339249583724e-05,0.00013915682655510285,-0.06818181739385001,False,1.0,1.0,-0.028000000000005798,-6.623e-05,60.90157387,60.90707143,-0.005497560000002011,6666058.56,0.0,1.0048,-6.623e-05,1,1,False,1.1552360684592393,0.5,30,24,5,2,0,10,9,False,0,2395709726
1779859471000,1779859472003,9,28,True,60.873,60.891,60.873,60.891,451.51,450.81,0.7,20,18,2,60.887,60.888,0.0009999999999976694,60.8875,60.88753137469335,60.88902561038085,54.94,204.26,632.72,160.2,253.10999999999999,1817.76,632.72,1817.76,-0.4835950507653669,0.9968992934796641,-0.32329994106385035,-3.264661009016539e-05,7.964102609151863e-06,-4.061071269931725e-05,0.2582024746171125,-0.06275107355502493,0.34807675380669173,450.81,0.7,450.11,1396.65,5.648853795992018,22.575499998871223,98.08,450.10999999999996,3.5405412706290758,31.096562044460427,0.00029565389000219667,0.0001802181686568108,0.00017755825626326126,2.1081896719999543e-07,-0.0040000000000048885,0.0003449356089585366,6.548113884554979e-07,-1,0.9999999444444475,0.006999999999990791,0.0009999999999976694,0.009000000000000341,1.217003566369468e-05,0.00013413143632817992,-0.01818181831482028,False,1.0,1.0,0.0020000000000095497,-6.623e-05,60.90157387,60.90707143,-0.005497560000002011,6666058.56,0.0,1.0048,-6.623e-05,1,1,False,0.9642909586668871,0.5,31,24,5,2,0,9,20,False,0,170226737
1779859472000,1779859473001,9,29,True,60.887,60.888,60.887,60.887,84.31,64.13,20.18,3,1,2,60.882,60.883,0.0010000000000047748,60.8825,60.882998835418036,60.88507108473832,4.91,94.99,372.21999999999997,350.86,533.14,2005.63,372.21999999999997,2005.63,-0.6869272662276061,0.521290475619484,-0.4526346794388302,-4.492572741360295e-05,8.78519200802627e-06,-5.371091942162922e-05,0.15653636688598668,-0.9976722532472339,0.18558757098757717,64.13,20.18,43.949999999999996,1440.6000000000001,5.562006130549657,28.103333323965554,64.13,43.949999999999996,0.5393737311764084,2.237136460319605,-6.569331080218145e-05,0.00018077856712672293,9.863456446875595e-06,2.2296148676854682e-07,-0.01999999999999602,-0.0003613472008043781,7.791876503546704e-07,-1,0.0,0.009000000000000341,0.0010000000000047748,-0.0030000000000001137,1.3823511030216602e-05,0.00013378178489455785,0.017391305104996622,False,1.0,1.0,-0.012000000000000455,-6.623e-05,60.90157387,60.90707143,-0.005497560000002011,6666058.56,0.0,1.0048,-6.623e-05,1,0,False,1.3548695956664947,0.5,32,24,5,2,0,9,3,False,0,2763466486
1779859473000,1779859474052,9,30,True,60.883,60.883,60.882,60.882,6.8,3.0,3.8,3,2,1,60.877,60.878,0.0009999999999976694,60.8775,60.87796725598745,60.880385595756735,5.56,196.89,475.62,640.79,1694.48,2056.35,475.62,2056.35,-0.6243083448853564,-0.11764705880622835,-0.26335134123606496,-4.2123078850100626e-05,8.00362809012333e-06,-5.012670694022396e-05,0.18784582755712437,-0.9345129816360633,0.2312933109634881,3.0,3.8,-0.7999999999999998,1439.8000000000002,5.478005929548028,2.266666665911111,3.8,-0.7999999999999998,0.5476445330718864,4.405286324205787,-8.212270779607076e-05,0.00015227622436121116,9.864266487302154e-06,2.2835639933571076e-07,-0.02499999999999858,-1.6429396993889315e-05,1.2076868791763807e-05,-1,-0.9999990000010001,0.009000000000000341,0.0009999999999976694,0.027000000000001023,1.3660579177482542e-05,3.4195809097631796e-06,0.05072463666004961,False,1.0,1.0,0.018000000000000682,-6.623e-05,60.90157387,60.90707143,-0.005497560000002011,6666058.56,0.0,1.0048,-6.623e-05,1,0,False,1.381140096060281,0.5,33,24,5,2,0,10,3,False,0,413974919
1779859474000,1779859475040,9,31,True,60.877,60.878,60.877,60.877,16.63,5.96,10.67,7,2,5,60.877,60.878,0.0009999999999976694,60.8775,60.87774499947518,60.88032480883108,32.04,225.35999999999999,436.75,476.32,1527.8799999999999,1926.98,436.75,1926.98,-0.6304569472822064,-0.2832230907827286,-0.2538318968700402,-4.7441076379100136e-05,8.918041493010176e-06,-5.6359117872110313e-05,0.18477152635868532,-0.48999999999577587,0.2266499911777877,5.96,10.67,-4.71,1435.0900000000001,5.52790737448088,2.375714285374898,9.24,-4.71,1.2663019700815918,11.194029725439966,-8.212945248898823e-05,0.00015337962985355314,9.865076660543408e-06,2.3510109236391526e-07,-0.03899999999999437,-6.744692917465636e-09,4.9386321397504266e-06,-1,0.0,0.000999999999990564,0.0009999999999976694,0.04099999999999682,2.1779400141392442e-05,4.023473942681638e-06,0.041666665696538985,False,1.0,1.0,0.04000000000000625,-6.623e-05,60.89416429,60.90921429,-0.015050000000002228,6666058.56,0.0,1.0048,-6.623e-05,1,0,False,1.3750845242841718,0.5,34,24,5,2,0,9,7,False,0,3984637761
1779859475000,1779859476018,9,32,True,60.877,60.886,60.877,60.886,70.34,69.86,0.48,7,5,2,60.886,60.887,0.0009999999999976694,60.8865,60.88618312541712,60.88438569757606,385.82,574.19,951.91,52.58,151.43,1547.49,951.91,1547.49,-0.23828918940536198,0.986352004535309,0.1174996036146857,-2.873965810386343e-05,8.663351532197252e-06,-3.740300963606068e-05,0.3808554052971189,0.6337481816661246,0.6151316002038041,69.86,0.48,69.38,1504.4700000000003,5.576172706465114,10.048571427135919,49.34,69.38,1.2553413187200486,8.720930156503515,0.00014782815824823732,0.00015685814936376195,8.877985676079364e-05,2.458931994598361e-07,-0.04299999999999926,0.00022995761073722553,2.101622949191579e-06,-1,0.9999998888889013,0.000999999999990564,0.0009999999999976694,-0.03699999999999193,2.006625655106065e-05,4.4654286592272915e-06,0.03333333310236534,False,1.0,1.0,-0.03799999999998249,-6.623e-05,60.89416429,60.90921429,-0.015050000000002228,6666058.56,0.0,1.0048,-6.623e-05,1,1,False,1.387133305090954,0.5,35,24,5,2,0,9,7,False,0,3809471044
1779859476000,1779859477056,9,33,True,60.887,60.887,60.886,60.887,3.36,1.54,1.82,4,3,1,60.886,60.887,0.0009999999999976694,60.8865,60.886211889010816,60.88578195043781,293.02,509.31,888.38,102.89999999999999,184.74,1560.92,888.38,1560.92,-0.2745845751846346,-0.08333333330853175,0.09100339727049947,-3.0458745809050255e-05,8.858404676515676e-06,-3.931715048556593e-05,0.36270771240747857,0.5762208831677649,0.5691387130662884,1.54,1.82,-0.28,1504.1900000000003,5.524494912810519,0.83999999979,1.82,-0.28000000000000014,0.7240480917088945,3.8314176098413104,1.6424002036948197e-05,0.00015582281084606923,9.863618444266388e-06,2.4697232375838693e-07,-0.036000000000001364,-0.00013140415621128913,4.88809584287503e-06,-1,0.0,0.0010000000000047748,0.0009999999999976694,0.049000000000006594,1.823057684567198e-05,4.280540299098592e-06,0.02564102564102564,False,1.0,1.0,0.04800000000000182,-6.623e-05,60.89416429,60.90921429,-0.015050000000002228,6666058.56,0.0,1.0048,-6.623e-05,1,0,False,1.358887869133808,0.5,36,24,5,2,0,9,4,False,0,3625886529
1779859477000,1779859477992,9,34,True,60.887,60.889,60.887,60.889,9.24,9.24,0.0,3,3,0,60.888,60.889,0.0010000000000047748,60.8885,60.88808423907889,60.887240019693586,230.97,442.38,630.79,23.8,157.46,1459.47,630.79,1459.47,-0.39644828872944204,0.9999999998917749,0.138404955437723,-3.97143962633186e-05,8.44684777452513e-06,-4.816124403784373e-05,0.3017758556350397,0.8315208825781598,0.4322048414832561,9.24,0.0,9.24,1513.4300000000003,5.441724587800339,3.0799999989733333,6.58,9.24,0.5512958164355334,999999999.9999999,3.284719485264518e-05,0.00015595258221109636,1.972675090164353e-05,2.4724206274091046e-07,-0.01099999999999568,1.6423192815696984e-05,3.554891217434014e-06,-1,0.9999995000002501,0.0010000000000047748,0.0010000000000047748,-0.045000000000001705,1.672169366265597e-05,4.759071556844659e-06,0.055555555302603754,False,1.0,1.0,-0.04600000000000648,-6.623e-05,60.89416429,60.90921429,-0.015050000000002228,6666058.56,0.0,1.0048,-6.623e-05,1,1,False,1.3566167528681272,0.5,37,24,5,2,0,8,3,False,0,1784075256
1779859478000,1779859478994,9,35,True,60.889,60.895,60.889,60.895,12.45,12.27,0.18,6,5,1,60.895,60.896,0.0009999999999976694,60.8955,60.89500319188184,60.89306829816711,339.15,439.08,624.44,1.12,1032.76,1276.8,624.44,1276.8,-0.34312343523156297,0.9710843372713989,0.22976993321542616,-4.20497444374123e-05,9.403005083880717e-06,-5.1452749521293014e-05,0.32843828238395556,0.9936151854961723,0.4890664160397173,12.27,0.18,12.09,1525.5200000000002,5.460028699675737,2.0749999996541666,11.28,12.09,1.098895322520454,35.211266365800476,9.853511142438741e-05,0.0001574585004321996,5.917636519205072e-05,2.493997531149147e-07,0.0020000000000024443,6.568791657174223e-05,7.914466780439594e-06,-1,0.9999998333333611,0.000999999999990564,0.0009999999999976694,-0.08100000000000307,1.344658270274174e-05,4.645666578583711e-06,0.07936507859918446,False,1.0,1.0,-0.08199999999999363,-6.623e-05,60.89416429,60.90921429,-0.015050000000002228,6666058.56,0.0,1.0048,-6.623e-05,1,1,False,1.3504778342741284,0.5,38,24,5,2,0,9,6,False,0,4156116959
1779859479000,1779859480098,9,36,True,60.896,60.896,60.896,60.896,2.0,2.0,0.0,3,3,0,60.897,60.898,0.0010000000000047748,60.8975,60.8970001150359,60.895628726617254,266.85,498.94,667.71,0.77,1059.17,1213.56,667.71,1213.56,-0.29014973927172055,0.9999999995,0.2020856012336179,-3.7118353440531616e-05,9.909200310985807e-06,-4.702755375151742e-05,0.35492513036387396,0.9997685185069469,0.550207653514824,2.0,0.0,2.0,1527.5200000000002,5.379372020997844,0.6666666664444444,1.66,2.0,0.5576859134731921,2.3041474601286924,1.6421574665207684e-05,0.00015681482486476535,0.0,2.488602264423355e-07,0.020000000000003126,-8.211353675917972e-05,8.210787328498448e-06,-1,0.0,0.0030000000000001137,0.0010000000000047748,-0.07900000000000773,3.394047446445568e-06,4.542219483427187e-06,0.10714285664393433,False,1.0,1.0,-0.08200000000000784,-6.623e-05,60.89416429,60.90921429,-0.015050000000002228,6665892.26,0.0,1.0048,-6.623e-05,1,0,False,1.3484796480395296,0.5,39,24,5,2,0,10,3,False,0,2006031787
1779859480000,1779859481046,9,37,True,60.898,60.901,60.898,60.901,1.63,1.63,0.0,4,4,0,60.901,60.908,0.006999999999997897,60.9045,60.902547976961884,60.90774467032864,357.39,499.29,699.08,994.51,1063.41,1530.89,699.08,1530.89,-0.3730139867350803,0.999999999386503,-0.02488419100750795,-3.378968838399704e-05,1.1682456769216239e-05,-4.5472145153213275e-05,0.3134930066322356,0.557720696776324,0.456649400021911,1.63,0.0,1.63,1529.1500000000003,5.3341467088339805,0.40749999989812496,1.25,1.63,0.7498856363709756,3.690036886752631,8.210382854766542e-05,0.00015771494278895995,2.9584538683253596e-05,2.4966913336408485e-07,0.028000000000005798,6.568225388245774e-05,5.0370446930855816e-05,1,0.9999996666667778,0.006999999999990791,0.006999999999997897,-0.06099999999999284,-3.0107667480808143e-06,6.586816438670046e-06,-105553116238.28813,True,1.0,1.0,-0.06799999999998363,-6.623e-05,60.89416429,60.90921429,-0.015050000000002228,6665892.26,0.0,1.0048,-6.623e-05,1,2,False,1.3443239251332928,0.5,40,24,5,2,0,8,4,False,0,867854746
1779859481000,1779859481994,9,38,True,60.902,60.911,60.902,60.91,118.38,117.83,0.55,11,10,1,60.911,60.912,0.0009999999999976694,60.911500000000004,60.91139112623831,60.91099817468193,144.22,238.47,610.9,75.02,1144.93,1374.72,610.9,1374.72,-0.3846758191394201,0.9907078898378889,0.18502267264462463,-3.553178001616165e-05,1.0124219785949765e-05,-4.565599980211142e-05,0.30766209043003817,0.2177467202833559,0.4443814013032149,117.83,0.55,117.28,1646.4300000000003,5.519912390511555,10.761818180839834,42.68,117.28,1.992785250888338,14.40922169439162,0.0001477699061064832,0.00016109722712662756,8.874341571707566e-05,2.585658301251409e-07,0.01899999999999835,6.566607755881778e-05,1.2482674953981664e-06,1,0.8888887901229415,0.0030000000000143245,0.0009999999999976694,-0.0630000000000166,3.940757915164065e-06,1.1069872476952757e-05,0.02777777777710158,False,1.0,1.0,-0.06600000000003092,-6.623e-05,60.89416429,60.90921429,-0.015050000000002228,6665892.26,0.0,1.0048,-6.623e-05,1,2,False,1.3602435977985554,0.5,41,24,5,2,0,9,11,False,0,3103619797
1779859482000,1779859482995,9,39,True,60.911,60.911,60.911,60.911,5.04,4.86,0.18,2,1,1,60.911,60.912,0.0009999999999976694,60.911500000000004,60.9113900467249,60.91159167673455,149.07,289.66,641.37,122.47999999999999,1167.2,1404.3,641.37,1404.3,-0.37294871606839175,0.9285714283871883,0.14561254503874319,-3.425312480597262e-05,9.667085597512005e-06,-4.3920210403484626e-05,0.31352564196555965,0.21990576389195182,0.45671864986081556,4.86,0.18,4.680000000000001,1651.1100000000004,5.4045054268882255,2.51999999874,4.86,4.680000000000001,0.370061613719479,2.0120724305592104,1.641753063965911e-05,0.00015499849546542771,0.0,2.609918470862636e-07,0.02400000000000091,-0.0001313523754668241,3.2574465548416e-06,1,0.0,0.0010000000000047748,0.0009999999999976694,-0.06100000000000705,1.258490585576106e-06,1.0980151620589351e-05,0.027027027026336723,False,1.0,1.0,-0.06200000000001182,-6.623e-05,60.89416429,60.90921429,-0.015050000000002228,6665892.26,0.0,1.0048,-6.623e-05,1,1,False,1.3241262726615055,0.5,42,24,5,2,0,8,2,False,0,3119631447
1779859483000,1779859484076,9,40,True,60.912,60.937,60.912,60.93,218.62,198.18,20.44,22,21,1,60.935,60.936,0.0009999999999976694,60.935500000000005,60.93520535739188,60.934860488875124,105.64,244.07,971.96,33.49,1155.5,1505.23,971.96,1505.23,-0.21527214303294648,0.8130088738413092,-0.007715896002845229,-2.4614914051974577e-05,9.211785504597958e-06,-3.382669955657254e-05,0.3923639284833249,0.589284145800709,0.6457219162515724,198.18,20.44,177.74,1828.8500000000004,5.948620003055825,9.937272726821034,60.33,177.74,3.698336754575043,40.85602945918946,0.00031188188137012897,0.0001699648463444567,0.0002464366604650193,2.661121774296123e-07,0.04800000000000182,0.00029546435073046984,1.4265935475651925e-06,1,0.7199999712000694,0.01100000000000989,0.0009999999999976694,-0.023000000000010346,-1.0091524347041154e-05,1.407421790340927e-05,0.02631578947298055,False,1.0,1.0,-0.034000000000020236,-6.623e-05,60.89416429,60.90921429,-0.015050000000002228,6665892.26,0.0,1.0048,-6.623e-05,1,2,False,1.348463821559877,0.5,43,24,5,2,0,10,22,False,0,1404379281
1779859484000,1779859485072,9,41,True,60.935500000000005,60.935500000000005,60.935500000000005,60.935500000000005,0.0,0.0,0.0,0,0,0,60.935,60.936,0.0009999999999976694,60.935500000000005,60.93563241057252,60.93563887087194,89.27000000000001,195.11,885.3199999999999,152.14000000000001,1449.18,1795.3500000000001,885.3199999999999,1795.3500000000001,-0.33947856319489556,0.0,-0.20249018652156608,-2.6530983766672456e-05,8.135604484607856e-06,-3.466658825128031e-05,0.3302607184023657,-0.2648217451237698,0.4931183334723072,0.0,0.0,0.0,1828.8500000000004,5.7535832816441586,0.0,0.0,0.0,0.0,0.0,9.026344623766666e-05,0.00016793999316108956,0.0,2.62734808395615e-07,0.05850000000000222,-0.00022161843513246232,90263.44623766666,1,0.0,0.0,0.0009999999999976694,-0.012000000000000455,-1.0091524347041154e-05,1.4006406745859583e-05,0.02564102564030934,False,1.0,1.0,-0.012000000000000455,-6.623e-05,60.89416429,60.90921429,-0.015050000000002228,6666010.47,0.0,1.0048,-6.623e-05,1,1,False,1.286632846824316,0.5,44,24,5,2,0,9,0,False,0,2953955908
1779859485000,1779859486014,9,42,True,60.936,60.936,60.931,60.931,110.50999999999999,33.370000000000005,77.14,4,2,2,60.931,60.932,0.0010000000000047748,60.9315,60.93174085565908,60.932493721551126,44.44,157.68,469.84000000000003,144.33,513.99,1685.13,469.84000000000003,1685.13,-0.5639475259513756,-0.3960727535933755,-0.26830579971407587,-4.48675140061696e-05,8.528247051101761e-06,-5.339576105727136e-05,0.21802623702408014,-0.48171231752926263,0.2788152842805725,33.370000000000005,77.14,-43.769999999999996,1785.0800000000004,5.6960887478197595,27.62749999309312,76.96,-43.769999999999996,0.7022362495368085,6.085192660739192,-7.385130453497621e-05,0.00016186372602257075,4.92800515914958e-05,2.4838661581497367e-07,0.0449999999999946,-0.00016411475077264287,6.682771200281235e-07,1,-0.99999980000004,0.0010000000000047748,0.0010000000000047748,0.021000000000015007,1.7786368760744073e-05,3692.565240709841,0.024999999999301324,False,1.0,1.0,0.020000000000010232,-6.623e-05,60.89416429,60.90921429,-0.015050000000002228,6666010.47,0.0,1.0048,-6.623e-05,1,1,False,1.2018129769886208,0.5,45,24,5,2,0,8,4,False,0,2080571384
1779859486000,1779859487071,9,43,True,60.932,60.941,60.932,60.941,94.75,94.75,0.0,6,6,0,60.941,60.942,0.0009999999999976694,60.941500000000005,60.9415178722689,60.94160589467675,158.54999999999998,261.99,745.92,151.19,585.07,1556.68,745.92,1556.68,-0.3521063146007331,0.9999999999894459,-0.022681071304197692,-3.4010659242339464e-05,8.59572091246706e-06,-4.2606380154806524e-05,0.3239468426994163,-0.035746088283478646,0.4791736259215258,94.75,0.0,94.75,1879.8300000000004,5.706053051169931,15.791666664034722,57.65,94.75,1.0515149342535968,52.08333062065986,0.00016410660401821526,0.0001645037930861232,8.869972593379296e-05,2.2332030242563186e-07,0.054000000000002046,0.00023795790855319146,1.7319958207544408e-06,1,0.9999998888889013,0.0010000000000047748,0.0009999999999976694,-0.0010000000000047748,1.660284589937945e-05,3692.565240739961,0.024390243901758518,False,1.0,1.0,-0.0020000000000095497,-6.623e-05,60.89416429,60.90921429,-0.015050000000002228,6666010.47,0.0,1.0048,-6.623e-05,1,2,False,1.3410089841730402,0.5,46,24,5,2,0,9,6,False,0,4100973815
1779859487000,1779859488018,9,44,True,60.941,60.942,60.941,60.941,74.78999999999999,63.669999999999995,11.12,5,2,3,60.941,60.942,0.0009999999999976694,60.941500000000005,60.94101420155816,60.94174744981817,162.77,294.31,659.19,75.52,113.96,268.56,659.19,268.56,0.42105092966809915,0.7026340419748277,0.3137969132104936,-3.4418097330587696e-05,8.065702552769699e-05,-0.00011507512285828468,0.7105254648335106,0.9715947980668791,2.4545352993653022,63.669999999999995,11.12,52.55,1932.3800000000003,5.682903770803704,14.957999997008399,63.55,52.55,0.8798318959416488,7.299270019713357,0.0,0.00014118258689548333,9.854716480646176e-06,1.7991585269936273e-07,0.0519999999999996,-0.00016410660401821526,0.0,1,0.0,0.0010000000000047748,0.0009999999999976694,-0.0010000000000047748,1.790596427198494e-05,3692.5652393807204,0.023809523808830994,False,1.0,1.0,-0.0020000000000095497,-6.623e-05,60.89416429,60.90921429,-0.015050000000002228,6666010.47,0.0,1.0048,-6.623e-05,1,1,False,1.3412226133777598,0.5,47,24,5,2,0,9,5,False,0,3178605176
1779859488000,1779859489006,9,45,True,60.942,60.942,60.942,60.942,7.0,7.0,0.0,2,2,0,60.941,60.942,0.0009999999999976694,60.941500000000005,60.941362817913294,60.94181512361585,148.38,262.67,632.88,99.3,212.56,1664.51,632.88,1664.51,-0.4490443503277855,0.9999999998571428,-0.0674752361082226,-3.546861232494383e-05,8.24055556581722e-06,-4.370916789076105e-05,0.2754778248358897,0.2743623765255143,0.38022000468583533,7.0,0.0,7.0,1939.3800000000003,5.5621528274986645,3.49999999825,5.69,7.0,0.35957300377520185,1.0695187154336698,1.6409179295227463e-05,0.00013887159795059655,0.0,1.4782007610633405e-07,0.046999999999997044,1.6409179295227463e-05,2.344168470411899e-06,1,0.0,0.000999999999990564,0.0009999999999976694,0.000999999999990564,1.8000179826994814e-05,3692.5652393705977,0.02325581395278384,False,1.0,1.0,0.0,-6.623e-05,60.89416429,60.90921429,-0.015050000000002228,6666010.47,0.0,1.0048,-6.623e-05,1,2,False,1.343148050263329,0.5,48,24,5,2,0,9,2,False,0,4244856992
1779859489000,1779859489998,9,46,True,60.941,60.942,60.941,60.942,0.9099999999999999,0.73,0.18,2,1,1,60.941,60.942,0.0009999999999976694,60.941500000000005,60.94172271503922,60.94127828363471,139.6,219.29,634.32,115.93,433.04,1779.11,634.32,1779.11,-0.47434149737076514,0.6043956037314335,-0.26030976106234843,-3.4814460902592604e-05,8.264949713648914e-06,-4.3079410616241514e-05,0.2628292513144103,-0.44543106231477697,0.3565378194713332,0.73,0.18,0.55,1939.9300000000003,5.4453609315151015,0.45499999977249994,0.73,0.55,0.3672851120038136,8.771929747614651,0.0,0.00012404518632584457,9.854716480646176e-06,1.3405977212583306e-07,0.045999999999999375,-1.6409179295227463e-05,0.0,1,0.9999990000010001,0.000999999999990564,0.0009999999999976694,-0.006999999999990791,1.8723461295197983e-05,3692.565238900217,0.022727272726557054,False,1.0,1.0,-0.007999999999981355,-6.623e-05,60.89416429,60.90921429,-0.015050000000002228,6666071.06,0.0,1.0048,-6.623e-05,1,1,False,1.342099999267435,0.5,49,24,5,2,0,9,2,False,0,3238193631
1779859490000,1779859491042,9,47,True,60.942,60.942,60.942,60.942,0.91,0.91,0.0,1,1,0,60.941,60.942,0.0009999999999976694,60.941500000000005,60.941878272366225,60.94168008551379,137.75,214.79999999999998,573.49,313.84000000000003,630.95,1986.39,573.49,1986.39,-0.5519399346842228,0.9999999989010989,-0.3710087232325271,-4.072973871853752e-05,8.213072790008325e-06,-4.894281150854585e-05,0.2240300326576933,-0.7565451889555543,0.2887096692994383,0.91,0.0,0.91,1940.8400000000004,5.299611392776901,0.90999999909,0.91,0.91,0.18869308062365775,1.0,0.0,0.00012355474033580788,0.0,1.1948944021039615e-07,0.04099999999999682,0.0,0.0,1,0.0,0.000999999999990564,0.0009999999999976694,0.0309999999999917,1.85493053229841e-05,3692.5652388504686,0.02222222222149588,False,1.0,1.0,0.030000000000001137,-6.623e-05,60.89416429,60.90921429,-0.015050000000002228,6666071.06,0.0,1.0048,-6.623e-05,1,2,False,1.3415497825364406,0.5,50,24,5,2,0,9,1,False,0,2796798163
1779859491000,1779859492031,9,48,True,60.942,60.942,60.942,60.942,97.23,97.23,0.0,1,1,0,60.941,60.942,0.0009999999999976694,60.941500000000005,60.94182173432659,60.94161274072741,139.78,198.24,573.58,238.51999999999998,479.33,1887.73,573.58,1887.73,-0.5339229922274993,0.9999999999897151,-0.36404479582244065,-4.008556706020689e-05,8.153855310762953e-06,-4.823942237096984e-05,0.23303850388604727,-0.6434692823921349,0.3038464187143798,97.23,0.0,97.23,2038.0700000000004,5.158640527439954,97.22999990276999,97.23,97.23,0.19384952188215646,1.0,0.0,0.00010438013568575854,0.0,1.000669573246079e-07,0.03200000000000358,0.0,0.0,1,0.0,0.000999999999990564,0.0009999999999976694,0.0309999999999917,1.0861662999982431e-05,3692.5652387450436,0.02173913043404612,False,1.0,1.0,0.030000000000001137,-6.623e-05,60.89416429,60.90921429,-0.015050000000002228,6666071.06,0.0,1.0048,-6.623e-05,1,2,False,1.0155441080296854,0.5,51,24,5,2,0,9,1,False,0,758217478
1779859492000,1779859493035,9,49,True,60.942,60.942,60.941,60.941,50.43,50.25,0.18,3,2,1,60.941,60.942,0.0009999999999976694,60.941500000000005,60.941770657171766,60.94147058767635,140.85999999999999,223.5,598.95,186.22,427.03,1827.84,598.95,1827.84,-0.5063849776863649,0.9928613920088666,-0.24058854199776034,-3.799947235639665e-05,8.229776142941814e-06,-4.6229248499338464e-05,0.2468075111566115,-0.5413151284823772,0.3276818539914174,50.25,0.18,50.07,2088.1400000000003,5.087865428179628,16.809999994396666,42.04,50.07,0.5896382366551158,4.454342964568629,-1.6409179295223696e-05,0.00010340645642234774,9.854716480646176e-06,9.467204475744388e-08,0.030000000000001137,-1.6409179295223696e-05,3.253852725540018e-07,1,-0.9999990000010001,0.0010000000000047748,0.0009999999999976694,0.028999999999996362,1.078715791418825e-05,3692.565238746208,0.021276595743934604,False,1.0,1.0,0.027999999999991587,-6.623e-05,60.89416429,60.90921429,-0.015050000000002228,6666071.06,0.0,1.0048,-6.623e-05,1,1,False,1.0330047972521679,0.5,52,24,5,2,0,8,3,False,0,2221813034
1779859493000,1779859494054,9,50,True,60.942,60.942,60.94,60.94,101.11,6.08,95.03,3,1,2,60.941,60.942,0.0009999999999976694,60.941500000000005,60.9417721925352,60.94163773586995,100.85,161.31,604.11,179.25,446.46999999999997,1823.52,604.11,1823.52,-0.5023047169459504,-0.8797349421335205,-0.25170146965748363,-3.428152954235866e-05,8.240780232004255e-06,-4.252230977436291e-05,0.24884764152681882,-0.5443858937944577,0.33128783890479335,6.08,95.03,-88.95,1999.1900000000003,5.019410823977017,33.703333322098885,57.0,-88.95,0.5976797087562038,71.42856632653098,-1.6409448560922064e-05,0.00010182903207407325,1.970959467181393e-05,8.819661731281136e-08,0.00999999999999801,-2.6926569836809933e-10,1.6229303294194214e-07,1,-0.9999995000002501,0.0030000000000143245,0.0009999999999976694,-0.043000000000006366,1.2888727111096407e-05,3692.5652387137734,0.02083333333257775,False,1.0,1.0,-0.04600000000002069,-6.623e-05,60.89416429,60.90921429,-0.015050000000002228,6666071.06,0.0,1.0048,-6.623e-05,1,1,False,1.0367769027624798,0.5,53,24,5,2,0,9,3,False,0,1974138257
1779859494000,1779859495020,9,51,True,60.941,60.945,60.941,60.945,212.43,126.88999999999999,85.54,7,4,3,60.945,60.946,0.0009999999999976694,60.945499999999996,60.945688499186495,60.94684626884343,124.98,139.76,429.49,254.70999999999998,621.08,1672.33,429.49,1672.33,-0.5913160974771431,0.1946523560693185,-0.22579636197883995,-4.9088935961377787e-05,8.745503526729183e-06,-5.783443948810697e-05,0.20434195126119065,-0.37699952673566495,0.25682132115057626,126.88999999999999,85.54,41.34999999999998,2040.5400000000002,5.084348174010557,30.34714285280755,65.96,41.34999999999999,1.3767743197456113,11.406843976347787,8.204455023671645e-05,0.0001018256099221254,3.941789571300754e-05,7.740187744024151e-08,0.009499999999995623,9.845399879763851e-05,3.8621922626903087e-07,1,0.9999997500000624,0.000999999999990564,0.0009999999999976694,0.03900000000000148,7.865519036390714e-06,3692.5652381504538,0.020408163264541628,False,1.0,1.0,0.038000000000010914,-6.623e-05,60.89416429,60.90921429,-0.015050000000002228,6666114.4,0.0,1.0048,-6.623e-05,1,2,False,1.0978644761589127,0.5,54,24,5,2,0,9,7,False,0,2891122282
1779859495000,1779859496060,9,52,True,60.946,60.946,60.923,60.927,304.36,115.69,188.67,25,5,20,60.926,60.927,0.0009999999999976694,60.926500000000004,60.92606040006263,60.925853668029134,331.5,346.57,728.0699999999999,60.35,105.22,440.61,728.0699999999999,440.61,0.2459698120954872,-0.2397818372971488,0.17060540398264967,-3.912446118336248e-05,5.1716391146369916e-05,-9.084085232973239e-05,0.6229849060473158,0.879199185607515,1.6524136991860092,115.69,188.67,-72.97999999999999,1967.5600000000002,5.737320365026605,12.174399999513025,100.07,-72.98,4.357434900800879,23.575637951065513,-0.000295391888717383,0.00011678448104718661,0.00022668451968982167,9.920924212144603e-08,-0.003999999999997783,-0.00037743643895409945,9.705345272585505e-07,1,-0.8260869206049837,0.000999999999990564,0.0009999999999976694,-0.0350000000000108,9.805235328523453e-06,3692.5652377755177,0.01999999999922696,False,1.0,1.0,-0.036000000000001364,-6.623e-05,60.89416429,60.90921429,-0.015050000000002228,6666114.4,0.0,1.0048,-6.623e-05,1,1,False,1.1479234371116296,0.5,55,24,5,2,0,9,25,False,0,4038627694
1779859496000,1779859496994,9,53,True,60.926,60.927,60.926,60.927,0.27,0.09,0.18,2,1,1,60.926,60.927,0.0009999999999976694,60.926500000000004,60.926222979528035,60.92631435740802,220.85999999999999,235.37,579.48,151.2,1150.71,1338.98,579.48,1338.98,-0.39589045380128024,-0.33333333209876537,-0.020449958184856506,-4.164491582054387e-05,1.1090824829406283e-05,-5.273574064995015e-05,0.3020547730990992,0.5540397732678062,0.43277718860592934,0.09,0.18,-0.09,1967.4700000000003,5.614785271091306,0.1349999999325,0.18,-0.09,0.3562024018872358,2.4038461480676774,0.0,0.00011672672196765917,9.857142694960122e-06,9.866975972627815e-08,-0.014000000000002899,0.000295391888717383,0.0,1,0.9999990000010001,0.000999999999990564,0.0009999999999976694,-0.029000000000010573,6.8210853747365946e-06,3692.5652377638426,0.01960784313647359,False,1.0,1.0,-0.030000000000001137,-6.623e-05,60.89416429,60.90921429,-0.015050000000002228,6666114.4,0.0,1.0048,-6.623e-05,1,2,False,1.0713316017691594,0.5,56,24,5,2,0,9,2,False,0,408669371
1779859497000,1779859498018,9,54,True,60.927,60.937,60.92,60.92,578.75,358.77,219.98,22,10,12,60.926,60.927,0.0009999999999976694,60.926500000000004,60.926169245333405,60.926157474508756,195.6,210.11,547.32,134.23,1210.78,1338.58,547.32,1338.58,-0.41956625483831606,0.23980993520476923,0.09298026981056244,-4.397203840315945e-05,1.0115428472815917e-05,-5.4087466875975366e-05,0.2902168725805768,0.6615081320782502,0.4088810530559184,358.77,219.98,138.79,2106.26,6.152005426137493,26.306818180622418,118.65,138.79,3.5760696671291012,22.035676324502415,-0.00011489819212121496,0.00011929484665511333,0.00016756592630568713,9.54331577214942e-08,-0.021000000000000796,-0.00011489819212121496,1.9852819372961804e-07,1,-0.4117646816608765,0.01300000000000523,0.0009999999999976694,0.01500000000001478,1.0254386809849583e-05,3692.5652585524886,0.01923076922998002,False,1.0,1.0,0.0020000000000095497,-6.623e-05,60.89416429,60.90921429,-0.015050000000002228,6666114.4,0.0,1.0048,-6.623e-05,1,1,False,0.9203204578790616,0.5,57,24,5,2,0,7,22,False,0,1193562608
1779859498000,1779859499016,9,55,True,60.918,60.919,60.918,60.919,1.93,1.84,0.09,4,3,1,60.918,60.919,0.0009999999999976694,60.918499999999995,60.918179500328215,60.91854205879157,76.21000000000001,165.26,591.53,28.52,140.46,1594.67,591.53,1594.67,-0.4588509742930845,0.9067357508255255,-0.08718635935844907,-3.197641948931319e-05,8.305236965256986e-06,-4.0281656454570176e-05,0.2705745128532291,0.6409976829679569,0.37094195037194466,1.84,0.09,1.75,2108.01,6.081447871182165,0.482499999879375,1.23,1.75,0.6577381051471065,3.95256915433767,-1.641510518022875e-05,0.00011729993526511461,9.858437164452744e-06,9.570112194078194e-08,-0.02300000000000324,9.848308694098622e-05,8.50523584027125e-06,-1,0.9999990000010001,0.0010000000000047748,0.0009999999999976694,-0.0010000000000047748,1.1976692983841673e-05,3692.5652580207084,0.018867924527505107,False,1.0,1.0,-0.0020000000000095497,-6.623e-05,60.89416429,60.90921429,-0.015050000000002228,6666114.4,0.0,1.0048,-6.623e-05,1,1,False,1.1416956303985477,0.5,58,24,5,2,0,10,4,False,0,300916543
1779859499000,1779859500045,9,56,True,60.918,60.926,60.918,60.925,109.39,74.7,34.69,8,5,3,60.925,60.926,0.0010000000000047748,60.9255,60.925982079158956,60.92627309973195,36.83,68.41,388.84999999999997,309.27000000000004,1395.75,1790.22,388.84999999999997,1790.22,-0.6431046272030531,0.36575555352074457,-0.24048672588142916,-5.140443195860562e-05,9.064699904421495e-06,-6.0469131863027116e-05,0.17844768639824396,-0.96415911775657,0.21720794092334056,74.7,34.69,40.010000000000005,2148.0200000000004,6.144351219667996,13.67374999829078,34.95,40.010000000000005,1.302008904225736,7.121057935048418,9.848658948902517e-05,0.00011929279870526476,7.88629664497271e-05,9.59695155152914e-08,-0.017000000000003013,0.00011490169466925391,9.003253449869718e-07,-1,0.8749998906244586,0.0010000000000047748,0.0010000000000047748,0.028999999999996362,1.4717398531002402e-05,3692.5652605062232,0.01851851851773632,False,1.0,1.0,0.027999999999991587,-6.623e-05,60.89416429,60.90921429,-0.015050000000002228,6666115.22,0.0,1.0048,-6.623e-05,1,1,False,1.154693493461115,0.5,59,24,5,2,0,9,8,False,0,3242659770
1779859500000,1779859501002,9,57,True,60.92,60.92,60.91,60.912,119.85,75.45,44.4,13,4,9,60.909,60.91,0.0009999999999976694,60.909499999999994,60.90999153509545,60.910746786316764,30.63,68.42,439.07,181.8,425.22,1634.21,439.07,1634.21,-0.5764489118688375,0.259073842300717,-0.3828540350353485,-3.754667952438884e-05,8.36451728454039e-06,-4.5911196808929235e-05,0.21177554406534002,-0.983072100298071,0.26867416060342997,75.45,44.4,31.050000000000004,2179.0700000000006,6.369126589514947,9.219230768521598,62.82,31.05,2.041096187248014,18.897637438154884,-0.00021339987112830235,0.00012716404814138468,9.85900362377453e-05,1.048540659846441e-07,-0.030000000000001137,-0.0003118864606173275,1.7805579568337238e-06,-1,-0.799999919999866,0.005000000000009663,0.0009999999999976694,0.0030000000000001137,2.3397099852177894e-05,3692.5652585511684,0.018181818181050878,False,1.0,1.0,-0.0020000000000095497,-6.623e-05,60.89416429,60.90921429,-0.015050000000002228,6666115.22,0.0,1.0048,-6.623e-05,1,0,False,1.1477777982941106,0.5,0,25,5,2,0,10,13,False,0,1313020717
1779859501000,1779859501992,9,58,True,60.909,60.91,60.909,60.91,1.59,1.1,0.49,2,1,1,60.912,60.913,0.0009999999999976694,60.912499999999994,60.912119091187094,60.911904773893355,263.43,297.19,682.52,78.81,1068.05,1221.75,682.52,1221.75,-0.2831688783626885,0.38364779850085046,0.34471698059584427,-3.797217757762299e-05,1.001310013101024e-05,-4.798527770863323e-05,0.35841556081839315,0.7618164967491955,0.5586412932264714,1.1,0.49,0.6100000000000001,2179.6800000000007,6.225876537399703,0.7949999996025,1.1,0.6100000000000001,0.32123990696964244,17.241379013079673,-3.283479174827877e-05,0.00012301546268508727,9.859893849093595e-06,1.094349893511287e-07,-0.03200000000000358,0.0001805650793800236,2.0650812407313182e-05,-1,0.9999990000010001,0.0049999999999954525,0.0009999999999976694,0.03299999999998704,2.4771896422169317e-05,3692.565254032048,0.017857142856367945,False,1.0,1.0,0.027999999999991587,-6.623e-05,60.89416429,60.90921429,-0.015050000000002228,6666115.22,0.0,1.0048,-6.623e-05,1,1,False,1.1321195919751068,0.5,1,25,5,2,0,9,2,False,0,1681133148
1779859502000,1779859503083,9,59,True,60.913,60.913,60.912,60.913,4.87,3.75,1.12,3,2,1,60.912,60.913,0.0009999999999976694,60.912499999999994,60.91240117708653,60.912281609815004,83.14,155.06,513.49,85.71,1104.84,1279.31,513.49,1279.31,-0.42716421240493796,0.5400410676509155,0.23969399067258218,-4.047534892188774e-05,9.829304510078623e-06,-5.0304653431966364e-05,0.28641789379725213,0.19764415833176766,0.40138043163861664,3.75,1.12,2.63,2182.310000000001,6.120110093550532,1.6233333327922221,3.66,2.63,0.49018726030292487,8.96860978503489,4.9251783334943236e-05,0.00012345288251837012,9.859408239763578e-06,1.0593183105681428e-07,-0.028000000000005798,8.208657508322201e-05,1.0113302530765899e-05,-1,0.0,0.0010000000000047748,0.0009999999999976694,0.01300000000000523,2.539879786806815e-05,3692.565255573912,0.017543859648340574,False,1.0,1.0,0.012000000000000455,-6.623e-05,60.89416429,60.90921429,-0.015050000000002228,6666115.22,0.0,1.0048,-6.623e-05,1,1,False,1.1318470508377867,0.5,2,25,5,2,0,10,3,False,0,1684983021
1779859503000,1779859504062,9,60,True,60.913,60.92,60.913,60.919,70.39,70.21,0.18,9,8,1,60.919,60.92,0.0010000000000047748,60.9195,60.9191893131643,60.92088278717506,217.54000000000002,453.65000000000003,696.39,961.9399999999999,989.9799999999999,1271.94,696.39,1271.94,-0.2924052369265863,0.9948856371502358,0.2234574192159537,-2.9089517883572034e-05,1.359304457465205e-05,-4.268256245822408e-05,0.35379738153645285,0.6213721918564495,0.5475022406712993,70.21,0.18,70.02999999999999,2252.340000000001,6.214532713434121,7.821111110242099,52.87,70.03,1.4482182995185209,21.97802149498854,9.849629005269924e-05,0.0001042217576298405,6.901132591957019e-05,8.263141556223056e-08,-0.021000000000000796,4.9244506717756e-05,1.3992937924605759e-06,-1,0.8571427346933149,0.0010000000000047748,0.0010000000000047748,0.025000000000005684,2.0862181028588575e-05,3692.565253491101,0.017241379309576033,False,1.0,1.0,0.02400000000000091,-6.623e-05,60.89416429,60.90921429,-0.015050000000002228,6666115.22,-4.1958210237622796e-05,1.0048,-6.623e-05,1,1,False,1.1391932322393834,0.5151481856814807,3,25,5,2,0,9,9,False,0,4268250214
1779859504000,1779859505004,9,61,True,60.919,60.92,60.911,60.911,1928.27,206.77,1721.5,19,8,11,60.91,60.911,0.0010000000000047748,60.9105,60.91009309203269,60.90999497896153,160.02,210.12,474.13,41.17,1101.33,1165.98,474.13,1165.98,-0.4218314625235979,-0.7855383322870835,0.1601304227535433,-5.1590748793691114e-05,1.0503376667419503e-05,-6.209412546111062e-05,0.28908426873789617,0.8138148667530345,0.40663647746924764,206.77,1721.5,-1514.73,737.610000000001,6.6337283621739855,101.48789473150063,1619.86,-1514.7299999999998,2.864151041437763,21.003500142283546,-0.0001313305427480054,0.00010638226285449324,8.87303042636541e-05,8.890091353704214e-08,-0.03399999999999892,-0.00022982683280070462,6.81079634843343e-08,-1,-0.8888887901229415,0.0010000000000047748,0.0010000000000047748,-0.009000000000014552,1.3541776428225554e-07,3692.5652535637455,0.01724137930961751,False,1.0,1.0,-0.010000000000019327,-6.623e-05,60.94772619,60.964,-0.016273810000001276,6666635.04,3.6017968110439455e-05,1.0048,-6.623e-05,1,0,False,0.015826256517425683,0.5245016107697295,4,25,5,2,0,9,19,False,0,1643680351
1779859505000,1779859506037,9,62,True,60.911,60.911,60.91,60.911,5.0,1.68,3.32,3,2,1,60.91,60.911,0.0010000000000047748,60.9105,60.91020091458161,60.909354990545054,84.25,151.43,534.26,14.4,1043.38,1151.18,534.26,1151.18,-0.366029048794163,-0.3279999999344,0.3012563597990371,-3.6820124626791664e-05,1.0485682664010223e-05,-4.7305807290801884e-05,0.31698547560262186,0.5981686916605358,0.46409770843789494,1.68,3.32,-1.64,735.970000000001,6.514589727348609,1.6666666661111111,3.32,-1.64,0.46050482457019953,4.098360638941145,0.0,0.00010509274518712794,9.859731974116348e-06,7.678142674749218e-08,-0.015999999999998238,0.0001313305427480054,0.0,-1,0.0,0.0010000000000047748,0.0010000000000047748,-0.009000000000014552,7.364445761956965e-08,2.681493428496825e-05,0.01724137930965906,False,1.0,1.0,-0.010000000000019327,-6.623e-05,60.94772619,60.964,-0.016273810000001276,6666635.04,3.6017968110439455e-05,1.0048,-6.623e-05,1,1,False,1.2196792694313625,0.5259196834779118,5,25,5,2,0,9,3,False,0,888628076
1779859506000,1779859507032,9,63,True,60.91,60.91,60.89,60.89,221.55,70.65,150.9,21,1,20,60.893,60.894,0.0009999999999976694,60.8935,60.8930304615635,60.89137669222347,446.78000000000003,460.25,1129.5,5.180000000000001,983.62,1377.27,1129.5,1377.27,-0.09884034035827026,-0.3622207176693197,0.325160129695936,-1.9810711047790636e-05,1.2407645044514674e-05,-3.221835609230531e-05,0.4505798298206654,0.9390760540586439,0.8201006338620459,70.65,150.9,-80.25,655.720000000001,6.989521211697835,10.54999999949762,70.65,-80.25,3.0044976416767124,33.33333222222226,-0.00034482475855018635,0.00012507254663716874,0.00019722864032535928,7.678142674749218e-08,-0.036999999999999034,-0.00034482475855018635,1.556419582706522e-06,-1,-0.9999999500000025,0.007000000000005002,0.0009999999999976694,0.03299999999998704,-5.771404242099822e-07,3.0188932207298912e-05,0.0172413793096802,False,1.0,1.0,0.025999999999982037,-6.623e-05,60.94772619,60.964,-0.016273810000001276,6666635.04,3.6017968110439455e-05,1.0048,-6.623e-05,1,0,False,1.2392336656578113,0.5406257874995928,6,25,5,2,0,10,21,False,0,3938389461
1779859507000,1779859508003,9,64,True,60.893,60.905,60.893,60.905,96.95,96.77,0.18,11,10,1,60.906,60.907,0.0009999999999976694,60.906499999999994,60.906983657354694,60.9089658628307,34.76,191.53,615.46,322.92,1392.38,1566.41,615.46,1566.41,-0.43584173209199645,0.996286745734953,-0.07183221198735094,-3.0428173036864877e-05,9.34350669823016e-06,-3.9771679735095036e-05,0.28207913395377265,-0.9673156618893789,0.39291117906525563,96.77,0.18,96.58999999999999,752.3100000000011,7.121012319511021,8.813636362835124,22.58,96.59,1.544724191575421,37.73584763260952,0.0002463155314395448,0.00013666275635199234,0.00011833912668579061,1.6171712040329407e-07,-0.015000000000000568,0.0005911402899897312,2.5406449864569796e-06,-1,0.9999999166666736,0.002999999999985903,0.0009999999999976694,0.027000000000001023,2.3822885185312294e-05,3.024452135905663e-05,0.017241379309680196,False,1.0,1.0,0.02400000000001512,-6.623e-05,60.94772619,60.964,-0.016273810000001276,6666635.04,3.6017968110439455e-05,1.0048,-6.623e-05,1,1,False,1.2080279315700848,0.5137104547971442,7,25,5,2,0,9,11,False,0,4234991676
1779859508000,1779859508993,9,65,True,60.907,60.907,60.907,60.907,1.98,1.98,0.0,2,2,0,60.906,60.907,0.0009999999999976694,60.906499999999994,60.90663041407661,60.906349504732425,62.150000000000006,271.6,591.1,94.7,1126.8500000000001,1333.8600000000001,591.1,1333.8600000000001,-0.3858573684645989,0.9999999994949494,0.03995469124925835,-3.4749066390094325e-05,1.0540887965955205e-05,-4.528995435604953e-05,0.30707131576744084,-0.2608291817929508,0.4431499557671396,1.98,0.0,1.98,754.2900000000011,6.953110276248364,0.989999999505,1.54,1.98,0.28764105849785016,2.364066188264619,3.283748727831386e-05,0.00013681067554838162,0.0,1.6980550353339123e-07,-0.012000000000000455,-0.00021347804416123095,1.6584589526125893e-05,-1,0.0,0.0010000000000047748,0.0009999999999976694,0.0309999999999917,2.1832255545022724e-05,3.025048645907344e-05,0.017241379309680196,False,1.0,1.0,0.029999999999986926,-6.623e-05,60.94772619,60.964,-0.016273810000001276,6666635.04,7.5478554625533e-05,1.0048,-6.623e-05,1,0,False,1.2005322731891208,0.5122773015263076,8,25,5,2,0,8,2,False,0,2494558659
1779859509000,1779859510012,9,66,True,60.906,60.906,60.906,60.906,2.2,0.0,2.2,1,0,1,60.906,60.907,0.0009999999999976694,60.906499999999994,60.90657859335524,60.90626109867853,83.47,309.58,682.0600000000001,105.5,1063.16,1270.27,682.0600000000001,1270.27,-0.30128615551658716,-0.9999999995454545,0.15743528852376876,-2.977325320946556e-05,1.1084014591281899e-05,-4.085726780074746e-05,0.3493569222414503,-0.157187520786555,0.5369409653061658,0.0,2.2,-2.2,752.090000000001,6.757926332764812,2.1999999978,2.2,-2.2,0.147974386018929,1.0,-1.6418608851591042e-05,0.0001368599264936074,0.0,1.7034464939268297e-07,-0.01899999999999835,-4.92560961299049e-05,7.463004020058198e-06,-1,0.0,0.000999999999990564,0.0009999999999976694,0.000999999999990564,2.2028929115787992e-05,3.066509779350018e-05,0.017241379309680192,False,1.0,1.0,0.0,-6.623e-05,60.94772619,60.964,-0.016273810000001276,6666846.83,0.00010724960318785558,1.0048,-6.623e-05,2,0,False,1.2005322731891208,0.5122773015263076,9,25,5,2,0,9,1,False,0,1425272601
1779859510000,1779859511146,9,67,True,60.907,60.907,60.906,60.906,5.1499999999999995,4.97,0.18,2,1,1,60.906,60.907,0.0009999999999976694,60.906499999999994,60.906657778024844,60.904134703384244,140.36,277.58,581.08,102.32000000000001,1239.0,1449.75,581.08,1449.75,-0.4277413668301001,0.9300970871980395,0.04138901803338741,-3.648497924632353e-05,9.7946184377855e-06,-4.627959768410903e-05,0.28612931658470375,-0.31555712519587187,0.400813933436523,4.97,0.18,4.79,756.880000000001,6.601928748083998,2.5749999987125,4.97,4.79,0.302941772929236,3.1847133656537787,0.0,0.00013685992649360742,9.860379506428926e-06,1.7034464939268297e-07,-0.006000000000000227,1.6418608851591042e-05,0.0,-1,-0.9999990000010001,0.000999999999990564,0.0009999999999976694,-0.000999999999990564,2.061370388338426e-05,3.066509779350018e-05,0.017241379309680192,False,1.0,1.0,-0.001999999999981128,-6.623e-05,60.94772619,60.964,-0.016273810000001276,6666846.83,0.00010724960318785558,1.0048,-6.623e-05,1,1,False,1.1999596969356785,0.513657423393656,10,25,5,2,0,8,2,False,0,1299838036
1779859511000,1779859512036,9,68,True,60.906,60.906,60.906,60.906,38.88,0.0,38.88,2,0,2,60.906,60.907,0.0009999999999976694,60.906499999999994,60.906757805626036,60.90838040269046,73.78,229.28,564.59,351.90000000000003,1423.66,1644.8100000000002,564.59,1644.8100000000002,-0.4889200687967373,-0.9999999999742799,-0.11195177724707547,-3.637079761835888e-05,9.637876017936598e-06,-4.600867363629548e-05,0.25553996560140513,-0.5156120298798569,0.34325545199728646,0.0,38.88,-38.88,718.000000000001,6.451045838310752,19.43999999028,38.24,-38.88,0.3100272498162384,3.4965034842779597,0.0,0.00013685992649360742,0.0,1.7034464939268297e-07,-0.003999999999997783,0.0,0.0,-1,0.0,0.000999999999990564,0.0009999999999976694,-0.01099999999999568,1.4207629173424499e-05,3.066509779350017e-05,0.01724137930968019,False,1.0,1.0,-0.011999999999986244,-6.623e-05,60.94772619,60.964,-0.016273810000001276,6666846.83,0.00010724960318785558,1.0048,-6.623e-05,1,0,False,1.2077168705716501,0.5123302973245083,11,25,5,2,0,7,2,False,0,3606555211
1779859512000,1779859513078,9,69,True,60.906,60.906,60.891,60.891,143.85,90.92,52.93,11,1,10,60.891,60.892,0.0010000000000047748,60.8915,60.89139701249977,60.89775424198573,80.85000000000001,174.3,607.83,1088.96,1350.47,1603.44,607.83,1603.44,-0.45024352521381367,0.26409454292482387,-0.06775052958968003,-3.399385285072873e-05,1.0730713598469116e-05,-4.4724566449197844e-05,0.2748782373928671,0.20597336203140085,0.3790787307286964,90.92,52.93,37.99,755.990000000001,6.600191876398924,13.077272726083883,90.92,37.99,1.666618214186676,36.101081729202825,-0.00024631148674985443,0.00014748099486654092,0.00014792512313841828,1.7007538380911102e-07,-0.021999999999998465,-0.00024631148674985443,1.7122800608143356e-06,-1,-0.9999999333333378,0.0010000000000047748,0.0010000000000047748,-0.0030000000000001137,-1.1034788670493624e-05,3.097341806127929e-05,0.017241379309680196,False,1.0,1.0,-0.0040000000000048885,-6.623e-05,60.94772619,60.964,-0.016273810000001276,6666846.83,0.00010724960318785558,1.0048,-6.623e-05,2,0,False,1.2142420988820768,0.5274418520362565,12,25,5,2,0,10,11,False,0,267295378
1779859513000,1779859514017,9,70,True,60.892,60.892,60.891,60.892,12.66,11.45,1.21,3,2,1,60.891,60.892,0.0010000000000047748,60.8915,60.89152848413589,60.895701115635646,24.81,171.88,565.36,266.34,1349.1,1569.53,565.36,1569.53,-0.47036147061419076,0.8088467613895064,-0.05234817453786138,-3.7148358507885004e-05,9.82828797400524e-06,-4.697664648189024e-05,0.2648192646926705,-0.05697063970334492,0.36020974431813335,11.45,1.21,10.239999999999998,766.230000000001,6.482152798484205,4.219999998593333,9.62,10.239999999999998,0.4628092074964223,2.277904322829375,1.6422653408572755e-05,0.00014748106835784007,9.862808510384954e-06,1.7277416615974075e-07,-0.026999999999993918,0.00026273414015842716,1.2972080100533606e-06,-1,0.0,0.0010000000000047748,0.0010000000000047748,-0.000999999999990564,-1.0657699141402007e-05,3.096285678699342e-05,0.01724137930970064,False,1.0,1.0,-0.001999999999995339,-6.623e-05,60.94772619,60.964,-0.016273810000001276,6666846.83,0.00010801774776337197,1.0048,-6.623e-05,2,1,False,1.1902129274764934,0.5096983874554579,13,25,5,2,0,7,3,False,0,2867645622
1779859514000,1779859515016,9,71,True,60.893,60.907,60.893,60.906,195.46,192.60000000000002,2.86,12,10,2,60.906,60.907,0.0009999999999976694,60.906499999999994,60.90629706820803,60.908268884501744,149.5,400.63,1681.17,226.46,1072.92,1241.6200000000001,1681.17,1241.6200000000001,0.1503871301050878,0.9707357003940923,0.34279664806593,-1.0299219638790937e-05,1.1462189070766338e-05,-2.1761408709557277e-05,0.5751935650523728,0.40586202482521616,1.3540133051969572,192.60000000000002,2.86,189.74,955.970000000001,6.663065821484723,16.288333331975974,120.04,189.74,1.800972753339105,31.7002871795298,0.00022988883334134483,0.00015510172113018241,0.00013806004759485952,1.5231425613881493e-07,-0.005000000000002558,0.00021346617993277207,1.1761426038072685e-06,-1,0.9285713622450478,0.000999999999990564,0.0009999999999976694,0.027000000000001023,-1.3266985161508304e-06,3.183021864115944e-05,0.017241379309721697,False,1.0,1.0,0.02600000000001046,-6.623e-05,60.94772619,60.964,-0.016273810000001276,6666995.13,0.00013026454940945193,1.0048,-6.623e-05,2,1,False,1.0737088586227912,0.483771291845782,14,25,5,2,0,10,12,False,0,1459295648
1779859515000,1779859516051,9,72,True,60.906,60.906,60.906,60.906,54.64,0.0,54.64,1,0,1,60.906,60.907,0.0009999999999976694,60.906499999999994,60.90631261717314,60.90915741900261,107.89,432.02,1628.76,227.71,1067.78,1173.02,1628.76,1173.02,0.16266087986916797,-0.9999999999816984,0.44034749397216794,-1.1559116906777994e-05,1.1489713503768939e-05,-2.3048830410546933e-05,0.5813304399344056,0.3747641212684014,1.3885185248321525,0.0,54.64,-54.64,901.3300000000011,6.477391532255716,54.639999945359996,54.64,-54.64,0.1543831332205068,1.0,0.0,0.00014033433472085058,0.0,1.5231425613881493e-07,-0.005000000000002558,-0.00022988883334134483,0.0,-1,0.0,0.000999999999990564,0.0009999999999976694,-0.016999999999995907,-1.3951994212214654e-06,3.176069176437275e-05,0.017241379309721697,False,1.0,1.0,-0.01799999999998647,-6.623e-05,60.94772619,60.964,-0.016273810000001276,6666995.13,0.00013026454940945193,1.0048,-6.623e-05,2,0,False,1.2317520030512337,0.48457813607967526,15,25,5,2,0,8,1,False,0,3238446784
1779859516000,1779859517043,9,73,True,60.905,60.905,60.901,60.901,40.06,39.68,0.38,3,1,2,60.9,60.901,0.0010000000000047748,60.9005,60.90021053363365,60.9041731149328,168.76,268.9,1290.37,570.17,718.1,1625.51,1290.37,1625.51,-0.11493614277675526,0.9810284572895399,0.10447984194802633,-1.0002963761198231e-05,9.959907083736375e-06,-1.9962870844934606e-05,0.44253192861145085,0.5789308176009602,0.7938247073221365,39.68,0.38,39.3,940.630000000001,6.363378695132577,13.353333328882222,39.68,39.3,0.47144766063086696,5.970149218088661,-8.209708806228406e-05,0.0001415299335651616,3.9443784681162794e-05,1.5231425613881493e-07,0.011000000000002785,-8.209708806228406e-05,2.0493531717482455e-06,-1,-0.9999997500000624,0.0010000000000047748,0.0010000000000047748,0.009000000000000341,-1.336550469277024e-06,3.183581721098766e-05,0.0172413793097421,False,1.0,1.0,0.007999999999995566,-6.623e-05,60.94772619,60.964,-0.016273810000001276,6666995.13,0.00013026454940945193,1.0048,-6.623e-05,2,0,False,1.239330066028574,0.499663113011018,16,25,5,2,0,10,3,False,0,894193753
1779859517000,1779859517992,9,74,True,60.9,60.9,60.894,60.894,65.57,0.0,65.57,8,0,8,60.892,60.893,0.0009999999999976694,60.8925,60.89274197884988,60.890497065615925,947.82,1068.63,1179.28,423.91,1513.34,2429.44,1179.28,2429.44,-0.3464275421755231,-0.9999999999847491,-0.2800004577565386,-1.5043002212428598e-05,7.607251025121556e-06,-2.2650253237550153e-05,0.3267862289120999,-0.48395921411982146,0.48541227607988446,0.0,65.57,-65.57,875.0600000000011,6.417038410046263,8.196249998975468,35.47,-65.57,1.2466810212993011,16.706443634975884,-0.00011494724755059124,0.00014153192520875184,5.917150646617436e-05,1.598650245348051e-07,-0.011000000000002785,-3.2850159488307176e-05,1.7530463252834863e-06,-1,-0.9999998333333611,0.0030000000000001137,0.0009999999999976694,-0.0309999999999917,9.563956050594526e-06,1.0701843160533256e-05,0.017241379309763244,False,1.0,1.0,-0.033999999999991815,-6.623e-05,60.94772619,60.964,-0.016273810000001276,6666995.13,0.00013026454940945193,1.0048,-6.623e-05,2,0,False,1.2363418504895396,0.5097893515831482,17,25,5,2,0,8,8,False,0,2554032451
1779859518000,1779859519078,9,75,True,60.892,60.892,60.892,60.892,3.48,0.0,3.48,2,0,2,60.892,60.893,0.0009999999999976694,60.8925,60.89253349331687,60.89320305937249,957.03,1100.85,1203.21,1136.15,1373.28,2202.38,1203.21,2202.38,-0.29339115982831365,-0.9999999997126436,-0.2409532735081409,-1.240296676556734e-05,8.943368218646655e-06,-2.1346334984213994e-05,0.35330442008569635,-0.06698836219036357,0.5463226146257475,0.0,3.48,-3.48,871.5800000000011,6.2722174785693365,1.73999999913,3.3,-3.48,0.3188664944279522,2.6178010402675365,-3.2844497728400175e-05,0.00014167480764392575,0.0,1.6202374142056203e-07,-0.014999999999993463,8.210274982219107e-05,9.438074057173017e-06,-1,0.0,0.000999999999990564,0.0009999999999976694,0.02899999999998215,9.183232871714982e-06,1.0725470378524093e-05,0.017241379309763244,False,1.0,1.0,0.027999999999991587,-6.623e-05,60.94772619,60.964,-0.016273810000001276,6666995.13,0.00013102671097495045,1.0048,-6.623e-05,2,1,False,1.2279183925408736,0.5138899214327676,18,25,5,2,0,10,2,False,0,462114348
1779859519000,1779859520080,9,76,True,60.892,60.892,60.892,60.892,0.49,0.0,0.49,1,0,1,60.892,60.893,0.0009999999999976694,60.8925,60.89200481432565,60.892613701906036,2720.92,2771.02,2910.39,1087.1499999999999,1154.43,1905.81,2910.39,1905.81,0.20858353058423473,-0.9999999979591836,0.008256269907939495,-1.3210123892519288e-05,9.166623681850764e-06,-2.2376747574370054e-05,0.6042917652920134,0.990371278899924,1.5271144552701859,0.0,0.49,-0.49,871.090000000001,6.099357889108047,0.48999999950999995,0.49,-0.49,0.16395168442596267,1.0,0.0,0.00013995274454430817,0.0,1.4100671591573802e-07,-0.013999999999995794,3.2844497728400175e-05,0.0,-1,0.0,0.000999999999990564,0.0009999999999976694,0.05100000000000193,9.265363969993557e-06,8.17400433090762e-06,0.017241379309763244,False,1.0,1.0,0.05000000000001137,-6.623e-05,60.94772619,60.964,-0.016273810000001276,6667021.51,0.00013498403447227897,1.0048,-6.623e-05,1,1,False,1.2288172121540966,0.5198232221885497,19,25,5,2,0,8,1,False,0,1155105719
1779859520000,1779859521100,9,77,True,60.893,60.897,60.893,60.897,45.02,45.02,0.0,4,4,0,60.897,60.898,0.0010000000000047748,60.8975,60.89716540441864,60.89265385248531,2214.42,3217.93,3338.67,65.1,701.1,1702.47,3338.67,1702.47,0.32456944262600823,0.9999999999777878,0.3202249971543454,-4.646347415685524e-06,8.388103767915984e-06,-1.3034451183601508e-05,0.6622847213129048,0.669189486711584,1.9610742039495785,45.02,0.0,45.02,916.110000000001,6.030526482907783,11.25499999718625,34.17,45.02,0.6632920045494931,2999.9910000269997,8.210922173282022e-05,0.00013284160368756486,3.944896655606406e-05,1.339997755881307e-07,-0.009000000000000341,8.210922173282022e-05,1.8238387767880139e-06,-1,0.9999997500000624,0.0010000000000047748,0.0010000000000047748,-0.04100000000001103,9.046716694430839e-06,1.645495547759195e-05,0.01724137930978366,False,1.0,1.0,-0.0420000000000158,-6.623e-05,60.94772619,60.964,-0.016273810000001276,6667021.51,0.00013498403447227897,1.0048,-6.623e-05,1,1,False,1.2022390567174985,0.515130960456569,20,25,5,2,0,8,4,False,0,86519641
1779859521000,1779859522048,9,78,True,60.898,60.903,60.896,60.896,49.14,16.23,32.910000000000004,8,4,4,60.896,60.897,0.0009999999999976694,60.8965,60.89699815184852,60.89326708290876,2014.9399999999998,3003.42,3105.5,427.11,1369.04,2421.14,3105.5,2421.14,0.12382930677588486,-0.3394383394314319,-0.23014355188930913,-4.600848525530368e-06,7.0353966353397095e-06,-1.1636245160870078e-05,0.561914653387852,-0.9963047685993639,1.2826602344344886,16.23,32.910000000000004,-16.680000000000003,899.4300000000011,6.095099385107528,6.142499999232188,31.57,-16.68,1.3125298691985703,18.567638912537213,-1.642130500142237e-05,0.00013268936828444053,6.903059032308173e-05,1.3373094411260051e-07,-0.00999999999999801,-9.853052673424259e-05,3.3417389094603576e-07,-1,-0.2857142448984,0.0010000000000047748,0.0009999999999976694,0.03700000000000614,4.74390157768008e-06,1.645949498026773e-05,0.0172413793098048,False,1.0,1.0,0.036000000000001364,-6.623e-05,60.94772619,60.964,-0.016273810000001276,6667021.51,0.00013498403447227897,1.0048,-6.623e-05,1,0,False,1.2087041877378257,0.5178721275638654,21,25,5,2,0,9,8,False,0,11568380
1779859522000,1779859523032,9,79,True,60.896,60.896,60.878,60.878,2601.82,7.0,2594.82,17,1,16,60.878,60.879,0.0009999999999976694,60.8785,60.87819365510658,60.88050825138699,69.59,197.46,858.88,133.99,1485.11,1609.69,858.88,1609.69,-0.304147745455748,-0.9946191512091557,0.02552926971228206,-2.093534283051128e-05,7.875034356685687e-06,-2.8810377187196966e-05,0.3479261272719234,0.6126870672188366,0.5335685753154126,7.0,2594.82,-2587.82,-1688.389999999999,6.45263711018597,153.04823528511483,1726.97,-2587.82,2.6345817542613155,60.377354845140836,-0.0002956296111008211,0.00014783445097683225,0.00017754367529703122,1.3373445018696774e-07,-0.012999999999998124,-0.00027920830609939873,1.1362415966542937e-07,-1,-0.9999999444444475,0.0010000000000047748,0.0009999999999976694,0.05699999999998795,4.0846421365974113e-07,1.521150019325424e-05,0.017241379309784425,False,1.0,1.0,0.055999999999983174,-6.623e-05,60.94772619,60.964,-0.016273810000001276,6667021.51,0.00013498403447227897,1.0048,-6.623e-05,2,0,False,0.03111231507041244,0.5511524737212896,22,25,5,2,0,9,17,False,0,179059006
1779859523000,1779859524070,9,80,True,60.878,60.906,60.878,60.906,659.42,658.77,0.65,19,18,1,60.906,60.907,0.0009999999999976694,60.906499999999994,60.90601065903558,60.904632801062476,525.2,1113.83,1462.9,3.07,12.72,1134.66,1462.9,1134.66,0.12636474229656816,0.9980285705604957,0.5933640074727672,-1.5008725329807793e-05,1.0470904281985956e-05,-2.547962961179375e-05,0.5631823711480916,0.9786813691661904,1.2892848959148209,658.77,0.65,658.12,-1030.269999999999,6.864026057392987,34.706315787647036,523.93,658.12,2.7680547594611404,32.14285610969391,0.0004598305277108008,0.00017872368239451038,0.00027615637553877066,2.5673839903511113e-07,0.013999999999995794,0.0007554601388116218,6.973257221650898e-07,-1,0.9999999642857156,0.000999999999990564,0.0009999999999976694,-0.012999999999991019,1.7258394816844291e-06,1.4209081357840304e-05,0.01724137930974278,False,1.0,1.0,-0.013999999999981583,-6.623e-05,60.94772619,60.964,-0.016273810000001276,6667021.51,0.0001459335270893653,1.0048,-6.623e-05,2,1,False,0.35260387072505683,0.4961515167199974,23,25,5,2,0,10,19,False,0,1954814078
1779859524000,1779859525030,9,81,True,60.907,60.916,60.907,60.916,7.41,7.41,0.0,9,9,0,60.917,60.918,0.0009999999999976694,60.917500000000004,60.917001380594996,60.91578473251275,486.43,1136.69,1508.27,1.9400000000000002,5.2299999999999995,1158.64,1508.27,1158.64,0.13109928718999472,0.9999999998650472,0.5868092168710446,-1.4208443711614672e-05,9.810129301910802e-06,-2.4018573013525473e-05,0.56554964359481,0.9972382842798083,1.3017589587781349,7.41,0.0,7.41,-1022.8599999999991,6.93405798993748,0.8233333332418519,4.23,7.41,1.2979412649508584,106.66665528889011,0.00016417395909540898,0.00018007616032663122,8.873613109794203e-05,3.322305972823245e-07,0.00999999999999801,-0.0002956565686153918,2.21557299693999e-05,1,0.9999998888889013,0.0030000000000143245,0.0009999999999976694,0.007000000000005002,-4.944529893663793e-07,1.4128241934146185e-05,0.01724137930972169,False,1.0,1.0,0.003999999999990678,-6.623e-05,60.94772619,60.964,-0.016273810000001276,6668047.8,0.00029989129797400636,1.0048,-6.623e-05,2,1,False,0.9810283493204556,0.4943625365366785,24,25,5,2,0,9,9,False,0,2310301353
1779859525000,1779859526026,9,82,True,60.918,60.918,60.917,60.917,4.34,0.09,4.25,2,1,1,60.917,60.918,0.0009999999999976694,60.917500000000004,60.917011565117015,60.91577305664988,435.64,1046.87,1401.43,4.03,7.32,1301.98,1401.43,1301.98,0.036786872875354926,-0.9585253454012614,0.49164176619974126,-1.5272163873266172e-05,9.091458842836435e-06,-2.4363622716102608e-05,0.5183934364374926,0.9768691812987002,1.0763836618065743,0.09,4.25,-4.16,-1027.019999999999,6.7722855968247755,2.169999998915,4.25,-4.16,0.2953212724286746,9.259259173525377,1.641591358706877e-05,0.00018011356869744016,9.858598997025298e-06,3.3492566280808164e-07,0.011000000000002785,-0.0001477580455083402,3.7824685675774886e-06,1,-0.9999990000010001,0.0010000000000047748,0.0009999999999976694,-0.009000000000014552,-6.929504559892517e-07,1.4239010581817258e-05,0.01724137930972169,False,1.0,1.0,-0.010000000000019327,-6.623e-05,60.94772619,60.964,-0.016273810000001276,6668047.8,0.00029989129797400636,1.0048,-6.623e-05,2,1,False,1.0059961098866532,0.5140816408056423,25,25,5,2,0,9,2,False,0,3795549574
1779859526000,1779859527026,9,83,True,60.917,60.917,60.917,60.917,122.42,0.0,122.42,2,0,2,60.914,60.915,0.0009999999999976694,60.914500000000004,60.91457378233648,60.915872477874494,45.75,174.28,947.16,226.91,1177.09,1274.6000000000001,947.16,1274.6000000000001,-0.14737865476012385,-0.9999999999918314,0.22250081593527166,-2.2254198448409758e-05,1.0398248650172898e-05,-3.2652447098582656e-05,0.426310672619713,-0.14756582685975025,0.7431037188131624,0.0,122.42,-122.42,-1149.4399999999991,6.6158172166010125,61.209999969395,113.79,-122.42,0.30230581260303135,4.807692284578403,0.0,0.00016277497327128572,0.0,2.499899691522798e-07,0.015999999999998238,-1.641591358706877e-05,0.0,1,0.0,0.0049999999999954525,0.0009999999999976694,-0.009000000000014552,1.1532711746162581e-07,1.0790762997005046e-05,0.017241379309701297,False,1.0,1.0,-0.014000000000010004,-6.623e-05,60.94772619,60.964,-0.016273810000001276,6668047.8,0.00029989129797400636,1.0048,-6.623e-05,2,1,False,1.034742991634424,0.5071398016286891,26,25,5,2,0,9,2,False,0,1824336395
1779859527000,1779859528040,9,84,True,60.915,60.915,60.906,60.906,164.74,32.83,131.91,10,1,9,60.906,60.907,0.0009999999999976694,60.906499999999994,60.906009457499515,60.905369212417796,124.74000000000001,221.38000000000002,782.76,19.35,235.02,1332.76,782.76,1332.76,-0.25998336106476894,-0.6014325603945524,0.25776360163564327,-2.4284038569768185e-05,9.517556835335583e-06,-3.380159540510377e-05,0.37000831946737917,0.9810831426242396,0.5873225486954986,32.83,131.91,-99.08,-1248.519999999999,6.726774029171471,16.4739999983526,45.67,-99.08000000000001,1.4865966888655975,13.996889384180397,-0.00018058987268245081,0.00015840694422222687,8.873758792607034e-05,2.419015860221826e-07,0.012000000000000455,-0.00018058987268245081,1.09621144033844e-06,1,-0.9999998888889013,0.000999999999990564,0.0009999999999976694,0.029000000000010573,2.0014408610334043e-06,1.0808932166061323e-05,0.017241379309680224,False,1.0,1.0,0.02800000000002001,-6.623e-05,60.94772619,60.964,-0.016273810000001276,6668047.8,0.00029989129797400636,1.0048,-6.623e-05,2,1,False,1.0562382883250239,0.5016562431252308,27,25,5,2,0,9,10,False,0,1561834801
1779859528000,1779859529024,9,85,True,60.907,60.912,60.907,60.912,0.9,0.72,0.18,3,2,1,60.912,60.913,0.0009999999999976694,60.912499999999994,60.91200769924579,60.91016655901416,259.79,451.03000000000003,1239.1,5.1,847.8100000000001,973.57,1239.1,973.57,0.12000433864963138,0.5999999993333334,0.6229447980629835,-1.563685418146281e-05,1.2049437873409533e-05,-2.7686292054872344e-05,0.5600021693245897,0.9845997384718204,1.2727384779715143,0.72,0.18,0.54,-1247.979999999999,6.60458471673962,0.2999999999,0.62,0.54,0.4542299218211455,3.3726812702439077,9.850760979254804e-05,0.00015976242489596252,4.929946927246754e-05,2.591519168735797e-07,0.01999999999999602,0.0002790974824749988,0.00010945289964788349,1,0.99999980000004,0.000999999999990564,0.0009999999999976694,-0.021000000000000796,1.785167751743715e-06,1.0821894799399742e-05,0.017241379309680224,False,1.0,1.0,-0.02199999999999136,-6.623e-05,60.94772619,60.964,-0.016273810000001276,6668047.8,0.0002984132200603145,1.0048,-6.623e-05,2,2,False,1.0907413703231654,0.5224922009345587,28,25,5,2,0,9,3,False,0,151127554
1779859529000,1779859530092,9,86,True,60.913,60.913,60.913,60.913,0.13,0.13,0.0,1,1,0,60.912,60.913,0.0009999999999976694,60.912499999999994,60.91202064895358,60.91049427172695,328.42,519.57,1307.6399999999999,3.3000000000000003,895.32,1022.8000000000001,1307.6399999999999,1022.8000000000001,0.12222584576297935,0.9999999923076923,0.5428597564453975,-1.553720612933629e-05,1.1749021892613262e-05,-2.728622802194955e-05,0.5611129228812751,0.9587012039331725,1.2784904184578816,0.13,0.0,0.13,-1247.849999999999,6.420827840780944,0.12999999987,0.13,0.13,0.1557431572129849,1.0,1.6416991586602735e-05,0.00015976241658614433,0.0,2.607691154747603e-07,0.02099999999999369,-8.20906182059453e-05,0.00012628454969475526,1,0.0,0.0010000000000047748,0.0009999999999976694,-0.028999999999996362,1.7566793355589957e-06,1.1319338552104206e-05,0.017241379309659785,False,1.0,1.0,-0.030000000000001137,-6.623e-05,60.94772619,60.964,-0.016273810000001276,6668047.8,0.0002984132200603145,1.0048,-6.623e-05,2,1,False,1.1010117553003147,0.5590305389788603,29,25,5,2,0,9,1,False,0,1512230081
1779859530000,1779859531040,9,87,True,60.912,60.912,60.912,60.912,2.59,0.0,2.59,1,0,1,60.912,60.913,0.0009999999999976694,60.912499999999994,60.91205887602676,60.9105004374499,210.15,391.12,1129.86,6.6000000000000005,849.22,976.7,1129.86,976.7,0.07270621297277417,-0.9999999996138996,0.5287899306875116,-1.6689878906199433e-05,1.2534149818508579e-05,-2.9224028724708013e-05,0.5363531064861498,0.8822461026050819,1.1568137606213198,0.0,2.59,-2.59,-1250.439999999999,6.24309578042747,2.5899999974099996,2.59,-2.59,0.16017694346046896,1.0,-1.641699158658506e-05,0.00015980458577300724,0.0,2.6103863308751463e-07,0.015000000000000568,-3.283398317318779e-05,6.338606787739943e-06,1,0.0,0.000999999999990564,0.0009999999999976694,0.021000000000000796,1.8396832087999998e-06,1.763356603683517e-05,0.01724137930963863,False,1.0,1.0,0.020000000000010232,-6.623e-05,60.94772619,60.964,-0.016273810000001276,6668047.8,0.0002984132200603145,1.0048,-6.623e-05,2,1,False,1.1236078558348674,0.5627422191273542,30,25,5,2,0,7,1,False,0,3377087768
1779859531000,1779859531994,9,88,True,60.912499999999994,60.912499999999994,60.912499999999994,60.912499999999994,0.0,0.0,0.0,0,0,0,60.912,60.913,0.0009999999999976694,60.912499999999994,60.91207069688636,60.9112656691368,208.83,308.86,1047.7,66.7,960.37,1089.8500000000001,1047.7,1089.8500000000001,-0.019718836986260143,0.0,0.3685101754361756,-1.7554067501403228e-05,1.2250204299324428e-05,-2.9804271800727658e-05,0.49014058150663603,0.8586043670658329,0.961324952974298,0.0,0.0,0.0,-1250.439999999999,6.038404115495421,0.0,0.0,0.0,0.0,0.0,8.20852948289194e-06,0.0001598151264176705,0.0,2.611733924469735e-07,0.01649999999999352,2.4625521069476997e-05,8208.52948289194,1,0.0,0.0,0.0009999999999976694,-0.020000000000010232,1.8396832087999998e-06,1.7792031856907034e-05,0.01724137930961816,False,1.0,1.0,-0.020000000000010232,-6.623e-05,60.94772619,60.964,-0.016273810000001276,6668047.8,0.0002984132200603145,1.0048,-6.623e-05,2,2,False,1.116073541125533,0.5435252357373908,31,25,5,2,0,7,0,False,0,321302105
1779859532000,1779859533032,9,89,True,60.912,60.935,60.912,60.925,293.18,266.31,26.87,27,20,7,60.92,60.921,0.0009999999999976694,60.920500000000004,60.920742374990745,60.92160949280496,62.0,127.02,641.34,287.93,693.64,1999.98,641.34,1999.98,-0.5143791740491441,0.8166996384445846,-0.25667920131323,-2.9796686370381277e-05,7.339039632182157e-06,-3.7135726002563435e-05,0.2428104129752386,-0.48475120384746434,0.320673206731907,266.31,26.87,239.44,-1010.9999999999989,6.7256695543316365,10.858518518116352,76.15,239.44,4.014470199267566,68.42104795013883,0.00020519134164532896,0.00015688397477422707,0.00022672544855596643,2.588126234470602e-07,0.046999999999997044,0.00019698281216243703,6.998817847214308e-07,1,0.5652173667295185,0.00899999999998613,0.0009999999999976694,0.0049999999999954525,2.5715962292549762e-05,10259.56709974172,0.017241379309597092,False,1.0,1.0,-0.003999999999990678,-6.623e-05,60.94772619,60.964,-0.016273810000001276,6668047.8,0.0002984132200603145,1.0048,-6.623e-05,2,2,False,1.0863730743086257,0.566209935475634,32,25,5,2,0,9,27,False,0,2005892258
1779859533000,1779859534005,9,90,True,60.92,60.926,60.914,60.926,62.120000000000005,9.040000000000001,53.08,12,7,5,60.922,60.923,0.0010000000000047748,60.9225,60.92253345124236,60.92044311829595,163.13,242.06,780.01,167.12,1343.37,1569.75,780.01,1569.75,-0.3360938989512392,-0.7089504185333395,0.040175201629698794,-2.6314325497266177e-05,8.592591843668876e-06,-3.490691734093505e-05,0.33195305052416757,-0.06690490371119905,0.4969007803787247,9.040000000000001,53.08,-44.04,-1055.0399999999988,6.89859842140273,5.1766666662352785,25.68,-44.04,1.7394837712296478,14.211886102931848,1.641348860535752e-05,0.0001568839268189107,0.00011829833348684966,2.5840514456260776e-07,0.020000000000003126,-0.00018877785303997145,2.642222891998277e-07,1,0.4999999583333368,0.007000000000005002,0.0010000000000047748,-0.007000000000005002,8.931197397821497e-05,10259.567099738812,0.017241379309617482,False,1.0,1.0,-0.014000000000010004,-6.623e-05,60.94772619,60.964,-0.016273810000001276,6668047.8,0.0002984132200603145,1.0048,-6.623e-05,2,1,False,1.0259512230310504,0.5771898091521003,33,25,5,2,0,9,12,False,0,2414829018
1779859534000,1779859535086,9,91,True,60.927,60.927,60.923,60.924,127.45,127.45,0.0,4,4,0,60.927,60.928,0.0009999999999976694,60.927499999999995,60.927809190884,60.930439793978714,41.68,62.940000000000005,420.63,1104.72,1153.17,1459.3,420.63,1459.3,-0.5525046145332261,0.9999999999921537,-0.13072091949936152,-4.4815515932111e-05,1.144155219444424e-05,-5.6257068126555246e-05,0.22374769273312106,-0.6183827806813065,0.28824093743555934,127.45,0.0,127.45,-927.5899999999988,6.803562407586247,31.862499992034376,61.87,127.45,0.5879272886439479,5.870841452813064,-3.282724661762787e-05,0.00014840486553814136,3.94295415418425e-05,2.5894395420091146e-07,0.008000000000002672,-4.9240735222985394e-05,2.5756960861020243e-07,1,-0.7499998125004909,0.006999999999990791,0.0009999999999976694,0.0030000000000001137,3.749361521185491e-05,10259.5670988573,0.017241379309638625,False,1.0,1.0,-0.003999999999990678,-6.623e-05,60.925,60.94371429,-0.018714290000005462,6668328.1,0.000340462055586868,1.0048,-6.623e-05,1,1,False,1.0475973035132737,0.5828133469168217,34,25,5,2,0,10,4,False,0,373696358
1779859535000,1779859536021,9,92,True,60.927,60.927,60.922,60.922,6.1,0.0,6.1,3,0,3,60.922,60.923,0.0010000000000047748,60.9225,60.92273418564796,60.92506964505333,35.78,202.15,574.82,393.25,606.31,1923.17,574.82,1923.17,-0.5397739782783197,-0.9999999998360656,-0.32262099066312905,-3.589824690225273e-05,8.148527290430639e-06,-4.404677419268337e-05,0.2301130108606399,-0.4683727667736796,0.2988919336302569,0.0,6.1,-6.1,-933.6899999999988,6.678855443403092,2.0333333326555554,5.42,-6.1,0.4491787589914096,117.64704498270059,-3.282832428121349e-05,0.00014858630172108546,4.9287331429088334e-05,2.6002161769813425e-07,0.0049999999999954525,-1.0776635856206331e-09,5.381692504234722e-06,1,-0.99999980000004,0.0010000000000047748,0.0010000000000047748,0.0010000000000047748,3.6997840537376787e-05,10259.567098870179,0.017241379309659008,False,1.0,1.0,0.0,-6.623e-05,60.925,60.94371429,-0.018714290000005462,6668328.1,0.000340462055586868,1.0048,-6.623e-05,1,1,False,1.0476657845152604,0.5662934713623438,35,25,5,2,0,8,3,False,0,4115129624
1779859536000,1779859537042,9,93,True,60.922,60.923,60.922,60.923,2.61,1.79,0.82,2,1,1,60.922,60.923,0.0010000000000047748,60.9225,60.92206452613146,60.922508404321306,97.85000000000001,258.13,730.33,18.14,376.46,1489.9,730.33,1489.9,-0.34211320448766924,0.37164750943615044,0.11626350279810671,-2.7265519191107655e-05,8.922464246652941e-06,-3.61879834377606e-05,0.32894339775594017,0.8709463931075343,0.49018726088966363,1.79,0.82,0.9700000000000001,-932.7199999999988,6.525450346898072,1.3049999993474999,1.79,0.9700000000000001,0.306492256223239,11.90476176303855,1.6414296853104593e-05,0.00014749360637937228,9.857789887368416e-06,2.5112363725339806e-07,0.006000000000000227,4.9242621134318086e-05,6.2890026233009925e-06,1,0.9999990000010001,0.0010000000000047748,0.0010000000000047748,0.0010000000000047748,3.64973374382109e-05,10259.567098929596,0.017241379309680244,False,1.0,1.0,0.0,-6.623e-05,60.925,60.94371429,-0.018714290000005462,6668328.1,0.000340462055586868,1.0048,-6.623e-05,1,2,False,1.0557670798907535,0.5662924615405045,36,25,5,2,0,10,2,False,0,495220309
1779859537000,1779859538080,9,94,True,60.923,60.923,60.922,60.922,22.9,2.9,20.0,2,1,1,60.922,60.923,0.0010000000000047748,60.9225,60.922031131060024,60.92376098415617,151.14,240.28,684.54,112.86,449.04999999999995,1569.01,684.54,1569.01,-0.39247853386861065,-0.7467248907970864,-0.02134507184010382,-3.092319707322261e-05,8.779118597455885e-06,-3.9702315670678494e-05,0.30376073306547274,0.9377370830546913,0.4362878503002299,2.9,20.0,-17.1,-949.8199999999988,6.3770749256883,11.449999994274998,20.0,-17.1,0.313623412456693,1.499250372564842,-1.6414296852989095e-05,0.00014528314387388263,9.857789887368416e-06,2.4761768178351675e-07,0.015999999999998238,-3.282859370609369e-05,7.167815219332888e-07,1,-0.9999990000010001,0.0010000000000047748,0.0010000000000047748,0.0030000000000143245,3.456339524705323e-05,10259.567099100575,0.017241379309700655,False,1.0,1.0,0.0020000000000095497,-6.623e-05,60.925,60.94371429,-0.018714290000005462,6668328.1,0.000340462055586868,1.0048,-6.623e-05,1,1,False,1.062524858677526,0.5610256654673808,37,25,5,2,0,9,2,False,0,3294948285
1779859538000,1779859539016,9,95,True,60.922,60.923,60.922,60.923,2.47,0.96,1.51,4,2,2,60.922,60.923,0.0010000000000047748,60.9225,60.922072203136786,60.92256989745806,151.8,243.66000000000003,686.96,70.38,408.61,1528.57,686.96,1528.57,-0.379868473909006,-0.2226720646871773,0.036371822151489167,-3.163728206424184e-05,8.790353199291932e-06,-4.042763526353377e-05,0.31006576304527134,0.855592966698743,0.4494135041244762,0.96,1.51,-0.55,-950.3699999999988,6.299138042878847,0.6174999998456251,1.0,-0.55,0.6350075156531897,3.5842293778343026,1.6414296853104593e-05,0.00014514380902879332,9.857789887368416e-06,2.4788711092469674e-07,0.011000000000002785,3.282859370609369e-05,6.645464310307339e-06,1,0.9999990000010001,0.0010000000000047748,0.0010000000000047748,0.0010000000000047748,3.3574696117505e-05,10259.56709911137,0.017241379309721663,False,1.0,1.0,0.0,-6.623e-05,60.925,60.94371429,-0.018714290000005462,6668328.1,0.0003654184473722428,1.0048,-6.623e-05,1,2,False,1.0574026084737689,0.5537137697558412,38,25,5,2,0,8,4,False,0,1321214251
1779859539000,1779859540042,9,96,True,60.922,60.922,60.922,60.922,1.01,0.0,1.01,2,0,2,60.922,60.923,0.0010000000000047748,60.9225,60.92211291049349,60.92335379112123,153.06,244.72,694.55,127.02,283.11,1513.41,694.55,1513.41,-0.37086722585537296,-0.9999999990099009,0.009910895585224639,-3.1315419445499954e-05,8.826880045716876e-06,-4.014229949121683e-05,0.31456638707208706,0.7741782927360241,0.4589304947103171,0.0,1.01,-1.01,-951.3799999999987,6.158182697210688,0.5049999997475,0.83,-1.01,0.32477113752749115,1.8315018281474325,-1.6414296852989095e-05,0.00014519020888629415,0.0,2.481565400658766e-07,0.009000000000000341,-3.282859370609369e-05,1.625177904627457e-05,1,0.0,0.0010000000000047748,0.0010000000000047748,0.0030000000000143245,2.356134868844196e-05,10259.567099443642,3.0626842058150557e-13,False,1.0,1.0,0.0020000000000095497,-6.623e-05,60.925,60.94371429,-0.018714290000005462,6668273.63,0.000357246998168571,1.0048,-6.623e-05,1,1,False,1.0639962820304434,0.5507957604679068,39,25,5,2,0,8,2,False,0,2641364047
1779859540000,1779859541080,9,97,True,60.9225,60.9225,60.9225,60.9225,0.0,0.0,0.0,0,0,0,60.922,60.923,0.0010000000000047748,60.9225,60.92211824443163,60.92335328115264,158.33,232.41000000000003,675.98,130.07999999999998,304.03,1541.85,675.98,1541.85,-0.39041315159394974,0.0,-0.10572285032422288,-3.1616009608816926e-05,8.710046288667216e-06,-4.0326055897484144e-05,0.3047934242027997,0.7635104450456204,0.43842137691705524,0.0,0.0,0.0,-951.3799999999987,5.9562750677939444,0.0,0.0,0.0,0.0,0.0,8.207182105083923e-06,0.00014403634414158307,0.0,2.4694291461577193e-07,0.010500000000000398,2.4621478958073018e-05,8207.182105083923,1,0.0,0.0,0.0010000000000047748,-0.038000000000010914,2.356134868844196e-05,10259.567091471446,-0.3515151512971758,False,1.0,1.0,-0.038000000000010914,-6.623e-05,60.925,60.94371429,-0.018714290000005462,6668273.63,0.000357246998168571,1.0048,-6.623e-05,1,2,False,1.0689962316935517,0.544863923113853,40,25,5,2,0,9,0,False,0,1664402075
1779859541000,1779859542004,9,98,True,60.9225,60.9225,60.9225,60.9225,0.0,0.0,0.0,0,0,0,60.922,60.923,0.0010000000000047748,60.9225,60.92212443868956,60.923507734239095,161.03,235.11,614.95,131.79999999999998,328.16,1565.98,614.95,1565.98,-0.4360662653086361,0.0,-0.08481827381228974,-3.84528290948513e-05,8.743313833579544e-06,-4.719614292843085e-05,0.2819668673454526,0.7511219458100109,0.3926933932742483,0.0,0.0,0.0,-951.3799999999987,5.760987360653159,0.0,0.0,0.0,0.0,0.0,0.0,0.00014398953250418958,0.0,2.420882906044335e-07,0.010000000000005116,-8.207182105083923e-06,0.0,1,0.0,0.0,0.0010000000000047748,0.0,2.356134868844196e-05,10259.56709145321,-0.3764534878552836,False,1.0,1.0,0.0,-6.623e-05,60.925,60.94371429,-0.018714290000005462,6668273.63,0.000357246998168571,1.0048,-6.623e-05,1,1,False,1.074043660924023,0.5334852744016698,41,25,5,2,0,8,0,False,0,2216066628
1779859542000,1779859542994,9,99,True,60.923,60.923,60.923,60.923,22.46,22.46,0.0,1,1,0,60.923,60.924,0.0009999999999976694,60.923500000000004,60.92320193152072,60.92375317423395,336.96999999999997,410.64,898.58,115.05,460.08,1457.68,898.58,1457.68,-0.2372828125927371,0.9999999999554764,0.10473272729048888,-3.0225772915796188e-05,9.103351390976042e-06,-3.932912430677223e-05,0.38135859370341924,0.5961365367285323,0.6164453103557596,22.46,0.0,22.46,-928.9199999999987,5.604889414402236,22.45999997754,22.46,22.46,0.17841565210046786,1.0,8.207114747961742e-06,0.0001279316612860876,0.0,1.0614877052500416e-07,-0.001999999999995339,8.207114747961742e-06,3.6541027371310473e-07,1,0.0,0.0010000000000047748,0.0009999999999976694,-0.07499999999998863,8.671585367185729e-06,10669.922828550494,-0.3389355746470329,False,1.0,1.0,-0.0759999999999934,-6.623e-05,60.925,60.94371429,-0.018714290000005462,6668273.63,0.000357246998168571,1.0048,-6.623e-05,1,2,False,1.0929417254623564,0.5327181970758275,42,25,5,2,0,9,1,False,0,3331151989
1779859543000,1779859544050,9,100,True,60.923,60.923,60.923,60.923,0.18,0.0,0.18,1,0,1,60.923,60.924,0.0009999999999976694,60.923500000000004,60.923608921713125,60.92395298241928,185.51999999999998,259.19,608.24,203.7,495.5,1640.09,608.24,1640.09,-0.45894063593847034,-0.9999999944444444,-0.22301069251121372,-3.934950148732121e-05,8.763587227402129e-06,-4.8113088714723344e-05,0.27052968203054245,-0.2178440082140811,0.37085769683348424,0.0,0.18,-0.18,-929.0999999999987,5.4539094336021625,0.17999999981999998,0.18,-0.18,0.18335471316328256,1.0,0.0,7.612032743412606e-05,0.0,3.0656572277790825e-08,-0.0030000000000001137,-8.207114747961742e-06,0.0,1,0.0,0.0010000000000047748,0.0009999999999976694,0.08699999999998909,8.169817937654831e-06,10669.922828541658,-0.3389355746470329,False,1.0,1.0,0.08599999999998431,-6.623e-05,60.925,60.94371429,-0.018714290000005462,6668273.63,0.0003395074175453776,1.0048,-6.623e-05,0,1,True,1.0946824557911072,0.5125103951224859,43,25,5,2,0,8,1,False,0,1466604728
1779859544000,1779859545027,9,101,True,60.924,60.924,60.924,60.924,134.42000000000002,134.42000000000002,0.0,2,2,0,60.923,60.924,0.0009999999999976694,60.923500000000004,60.92344130864706,60.92307889525954,276.17,441.59000000000003,868.3100000000001,136.4,246.07000000000002,1302.78,868.3100000000001,1302.78,-0.20011607072935703,0.9999999999925607,0.3367483579707728,-2.8422334456040645e-05,9.810585630352806e-06,-3.823292008639345e-05,0.3999419646350912,0.1173823055944105,0.6665054729112617,134.42000000000002,0.0,134.42000000000002,-794.6799999999987,5.340666501352911,67.209999966395,134.33,134.42000000000002,0.3744850945324652,2.6737967842946606,1.6414027428159308e-05,6.678413599984755e-05,0.0,2.7961506752033623e-08,0.0,1.6414027428159308e-05,1.2211000913582203e-07,1,0.0,0.000999999999990564,0.0009999999999976694,-0.07100000000001216,-1.4268065909136625e-06,10669.922833088662,-0.36274509740846167,False,1.0,1.0,-0.07200000000000273,-6.623e-05,60.925,60.94371429,-0.018714290000005462,6668254.4,0.00033662263359760864,1.0048,-6.623e-05,0,2,False,1.148367498471964,0.5053719047886911,44,25,5,2,0,8,2,False,0,1384438675
1779859545000,1779859546096,9,102,True,60.925,60.941,60.925,60.941,85.87,85.87,0.0,13,13,0,60.941,60.942,0.0009999999999976694,60.941500000000005,60.941002857754306,60.939584596840525,621.64,667.2,1268.46,2.14,13.74,340.8,1268.46,340.8,0.5764512881693596,0.9999999999883544,0.42697158092992005,-1.9485392046391855e-05,5.239030269756126e-05,-7.187569474395312e-05,0.7882256440843691,0.9942839554984202,3.7220070422425997,85.87,0.0,85.87,-708.8099999999987,5.591792189833143,6.605384614876509,47.57,85.87,2.324836037596576,14.42307671505178,0.00027899725286618823,9.131604495183317e-05,0.00015769745992336192,3.254097531296033e-08,0.019000000000005457,0.0002625832254380289,3.249065481110273e-06,1,0.9999999375000039,0.0010000000000047748,0.0009999999999976694,-0.0010000000000047748,1.3459319639280816e-06,10669.922833081673,-0.3997093024848497,False,1.0,1.0,-0.0020000000000095497,-6.623e-05,60.925,60.94371429,-0.018714290000005462,6668254.4,0.00033662263359760864,1.0048,-6.623e-05,0,2,False,1.150895065537257,0.5333326782779769,45,25,5,2,0,11,13,False,0,221562391
1779859546000,1779859547044,9,103,True,60.941,60.967,60.941,60.96,414.0,366.32,47.68,33,28,5,60.96,60.961,0.0009999999999976694,60.960499999999996,60.960267696106754,60.96050390241226,174.98,252.25,735.09,96.6,236.10999999999999,1088.95,735.09,1088.95,-0.19399793864159012,0.7696618357469331,-0.29061294501461227,-2.6895630308227225e-05,1.704851521416941e-05,-4.3944145522396635e-05,0.40300103067893084,0.4646072293539981,0.6750447678950594,366.32,47.68,318.64,-390.1699999999987,6.490421954100909,12.545454545074382,146.75,318.64,5.084415193385826,49.7667160302723,0.0003117283722669379,0.00011487971522185693,0.0002561700881151495,1.1951233481588446e-07,0.036999999999999034,3.2731119400749686e-05,7.529670827685627e-07,1,0.730769202662765,0.000999999999990564,0.0009999999999976694,0.029000000000010573,-3.5316552379543187e-06,10669.922833263185,-0.3997093024848497,False,1.0,1.0,0.02800000000002001,-6.623e-05,60.925,60.94371429,-0.018714290000005462,6668254.4,0.00033662263359760864,1.0048,-6.623e-05,0,2,False,1.1134997647578642,0.5393487665493958,46,25,5,2,0,9,33,False,0,3608623580
1779859547000,1779859548004,9,104,True,60.961,60.961,60.961,60.961,6.53,6.53,0.0,2,2,0,60.96,60.961,0.0009999999999976694,60.960499999999996,60.960349173642406,60.96014247761794,209.53,259.92,707.59,156.07,327.66,1054.43,707.59,1054.43,-0.1968422605871688,0.9999999998468606,-0.28761864241207347,-3.149072925459889e-05,1.8304301323836586e-05,-4.9795030578435475e-05,0.4015788697061319,0.30165221658636654,0.6710639871772701,6.53,0.0,6.53,-383.63999999999874,6.343195004786125,3.2649999983675,6.3,6.53,0.31529852041055706,1.4224751046621977,1.6404064927608697e-05,0.00010761119147648732,0.0,1.0683647056364032e-07,0.03900000000000148,-0.00029532430733932925,2.5121079517758942e-06,1,0.0,0.0010000000000047748,0.0009999999999976694,-0.01099999999999568,-3.2572488799366057e-06,10669.922833191407,-0.3997093024848497,False,1.0,1.0,-0.012000000000000455,-6.623e-05,60.925,60.94371429,-0.018714290000005462,6668254.4,0.00033662263359760864,1.0048,-6.623e-05,0,1,True,1.0584091972224117,0.5408350228547366,47,25,5,2,0,9,2,False,0,2592158867
1779859548000,1779859549022,9,105,True,60.96,60.987,60.96,60.966,1993.45,1670.99,322.46,56,35,21,60.966,60.967,0.0009999999999976694,60.966499999999996,60.96699780149257,60.96942723881534,6.75,57.67,512.73,384.67,693.36,1184.03,512.73,1184.03,-0.3956363893535941,0.6764804735505398,-0.4310850673890959,-3.149825343771658e-05,1.812148692380639e-05,-4.961974036152297e-05,0.3021818053229083,-0.995604395592879,0.43303801423913835,1670.99,322.46,1348.53,964.8900000000012,7.971286971842318,35.59732142793577,201.39,1348.53,7.025214396469296,55.05505202399613,8.201628848094301e-05,0.00010691732624063621,0.00026593770709539666,1.0656467248382258e-07,0.04299999999999926,6.561222355333431e-05,4.114288719601789e-08,1,0.22222221399176986,0.000999999999990564,0.0009999999999976694,-0.005000000000009663,-1.137304656697939e-05,10669.922833789504,-0.3997093024848497,False,1.0,1.0,-0.006000000000000227,-6.623e-05,60.925,60.94371429,-0.018714290000005462,6668254.4,0.00032753026188124404,1.0048,-6.623e-05,0,2,False,0.9849439894729572,0.5461060933605483,48,25,5,2,0,9,56,False,0,2799957622
1779859549000,1779859550098,9,106,True,60.965,60.967,60.956,60.959,148.79,71.74,77.05,22,5,17,60.959,60.96,0.0009999999999976694,60.959500000000006,60.95904796135488,60.9589791623393,113.42999999999999,208.67,760.39,73.26,203.05,697.78,760.39,697.78,0.04293738041514849,-0.03568788224991139,0.10224194586017858,-2.3946033478905772e-05,2.870392868279088e-05,-5.2649962161696653e-05,0.5214686902072313,0.9040747028670614,1.0897274212486892,71.74,77.05,-5.310000000000002,959.5800000000013,8.43124477604421,6.7631818178744005,56.14,-5.3100000000000005,2.609341868462828,33.762056737936994,-0.00011482468743386673,0.00010989574246540749,0.00010836631753226716,1.157126495603784e-07,0.03700000000000614,-0.00019684097591480973,7.717231496276297e-07,1,-0.545454495868008,0.0010000000000047748,0.0009999999999976694,0.03299999999998704,1.7764173146698552e-05,10669.922832880331,-0.3997093024848497,False,1.0,1.0,0.031999999999982265,-6.623e-05,60.925,60.94371429,-0.018714290000005462,6668385.76,0.00034723602241350633,1.0048,-6.623e-05,0,1,True,1.1826802254995668,0.5520022829463843,49,25,5,2,0,11,22,False,0,1382963198
1779859550000,1779859551028,9,107,True,60.959,60.96,60.942,60.942,26.19,2.69,23.5,16,2,14,60.941,60.942,0.0009999999999976694,60.941500000000005,60.94199801917542,60.94397340645807,0.8700000000000001,46.89,397.77,1220.1100000000001,1466.58,1811.5700000000002,397.77,1811.5700000000002,-0.6399196140020822,-0.794578083207538,-0.38412805514875936,-4.360886355330366e-05,1.030927414283278e-05,-5.391813769613644e-05,0.1800401929987326,-0.9960402071124576,0.21957197348144447,2.69,23.5,-20.81,938.7700000000013,8.679400685026367,1.6368749998976955,18.43,-20.81,1.843445253744262,22.255192383044676,-0.0002789148589463368,0.00012630626769261378,0.00017735725021148492,1.4760420170009369e-07,0.01950000000000074,-0.00016409017151247006,1.0649670062454643e-05,1,-0.9444443919754432,0.000999999999990564,0.0009999999999976694,0.08100000000000307,4.353432772564887e-05,10669.92282665983,-0.3997093024848497,False,1.0,1.0,0.0800000000000125,-6.623e-05,60.925,60.94371429,-0.018714290000005462,6668385.76,0.00034723602241350633,1.0048,-6.623e-05,1,1,False,1.1500060289823513,0.5650498590079823,50,25,5,2,0,8,16,False,0,2005723492
1779859551000,1779859552029,9,108,True,60.942,60.944,60.942,60.944,85.26,85.26,0.0,3,3,0,60.945,60.946,0.0009999999999976694,60.945499999999996,60.94507511410759,60.94390428000408,370.75,377.26,889.1999999999999,14.02,303.12,1325.6000000000001,889.1999999999999,1325.6000000000001,-0.19703810727822066,0.9999999999882712,0.11009495135466592,-3.0342250898228814e-05,9.395039614487203e-06,-3.973729051271602e-05,0.4014809463606639,0.8497710959088354,0.6707905853947865,85.26,0.0,85.26,1024.0300000000013,8.493190826500912,28.41999999052667,44.31,85.26,0.35322413695051025,399.999840000064,3.28175508292651e-05,0.00012650594390283093,1.9708947851259325e-05,1.5507318508307256e-07,0.021500000000003183,0.0003117324097756019,3.849114570593501e-07,1,0.9999995000002501,0.002999999999985903,0.0009999999999976694,-0.06499999999999773,3.565151438266534e-05,10669.922826564018,-0.3997093024848497,False,1.0,1.0,-0.06799999999998363,-6.623e-05,60.925,60.94371429,-0.018714290000005462,6668385.76,0.00034723602241350633,1.0048,-6.623e-05,1,2,False,1.149128946659986,0.5625260546482326,51,25,5,2,0,10,3,False,0,1021596178
1779859552000,1779859553086,9,109,True,60.946,60.966,60.946,60.966,549.96,528.3,21.66,24,23,1,60.966,60.967,0.0009999999999976694,60.966499999999996,60.9663317871106,60.9674473177092,78.14,521.63,739.81,117.47,139.1,1356.56,739.81,1356.56,-0.29419902021098654,0.9212306349535943,-0.0030063763345068383,-2.017006938585629e-05,9.73226108464168e-06,-2.990233047049797e-05,0.35290048989426825,0.3364236049146653,0.545357374535188,528.3,21.66,506.63999999999993,1530.6700000000012,9.001610799402522,22.91499999904521,154.03,506.64,2.6661894778795365,79.86110473331455,0.0003609219955510305,0.0001428699193394558,0.0001970474472671888,1.6354985526945466e-07,0.04299999999999926,0.0003281044447217654,6.562695387853193e-07,1,0.9999999500000025,0.000999999999990564,0.0009999999999976694,-0.022999999999996135,-3.715293479923296e-06,410.35574450922905,-0.3997093024848497,False,1.0,1.0,-0.0239999999999867,-6.623e-05,60.925,60.94371429,-0.018714290000005462,6668385.76,0.00034723602241350633,1.0048,-6.623e-05,1,2,False,1.168364076719532,0.5253250481239399,52,25,5,2,0,10,24,False,0,402312076
1779859553000,1779859554010,9,110,True,60.967,60.969,60.967,60.968,62.029999999999994,61.849999999999994,0.18,5,4,1,60.968,60.969,0.0009999999999976694,60.968500000000006,60.96854676805919,60.96783587698766,74.36,196.22,811.38,47.44,134.95,1502.55,811.38,1502.55,-0.2986996149406859,0.9941963565856168,-0.06419295684922148,-1.9584920075696086e-05,9.065866276454455e-06,-2.865078635215054e-05,0.350650192529441,-0.09353762510696233,0.5400019966054108,61.849999999999994,0.18,61.669999999999995,1592.3400000000013,8.870410445323751,12.405999997518798,53.23,61.669999999999995,0.563671774858197,5.563282305628471,3.2804632017027045e-05,0.0001430110167635393,1.9700866174034964e-05,1.7485095888205362e-07,0.045000000000001705,-0.00032811736353400347,5.288510723278768e-07,1,0.4999997500019014,0.0010000000000047748,0.0009999999999976694,-0.028999999999996362,-4.729530277678559e-06,410.3557445094123,-0.3997093024848497,False,1.0,1.0,-0.030000000000001137,-6.623e-05,60.925,60.94371429,-0.018714290000005462,6668385.76,0.0003407322262575337,1.0048,-6.623e-05,1,1,False,1.185280730271163,0.529622039056911,53,25,5,2,0,8,5,False,0,433513688
1779859554000,1779859554994,9,111,True,60.969,60.978,60.969,60.978,72.0,72.0,0.0,9,9,0,60.975,60.976,0.0009999999999976694,60.9755,60.97500847129126,60.972926849049216,468.0,610.39,1377.77,3.63,76.48,552.58,1377.77,552.58,0.4274820628381239,0.9999999999861111,0.29901741191834763,-1.588276410348881e-05,2.8910260371020533e-05,-4.479302447450934e-05,0.713741031418803,0.983056590979444,2.4933403308073157,72.0,0.0,72.0,1664.3400000000013,8.87465928318199,7.999999999111111,33.0,72.0,1.014123439763081,13.628619916475369,0.00016400701986804615,0.00014745570398603264,8.86459010775365e-05,1.7915348531981124e-07,0.054000000000002046,0.00013120238785101912,2.277875275913448e-06,1,0.9999998888889013,0.005000000000009663,0.0009999999999976694,-0.009000000000000341,-2.325857218854513e-06,410.35574461518956,-0.3997093024848497,False,1.0,1.0,-0.014000000000010004,-6.623e-05,60.925,60.94371429,-0.018714290000005462,6668272.05,0.0003236743131800199,1.0048,-6.623e-05,1,2,False,1.1661260253310095,0.5349178112525959,54,25,5,2,0,8,9,False,0,4231224647
1779859555000,1779859556002,9,112,True,60.982,60.983,60.982,60.982,8.03,0.28,7.75,3,2,1,60.982,60.983,0.0009999999999976694,60.9825,60.98278743331925,60.9827094697075,96.17,244.54999999999998,605.48,156.29999999999998,1354.34,5050.55,605.48,5050.55,-0.78589929685649,-0.9302615191867669,-0.13732857905483747,-3.305417666620134e-05,2.922021996499402e-06,-3.597619866270074e-05,0.1070503515716665,-0.5748676796945974,0.11988397303261626,0.28,7.75,-7.47,1656.8700000000013,8.682047503405531,2.676666665774444,7.75,-7.47,0.3455406110687266,142.8571224489825,6.559527716357654e-05,0.00014800147537632582,9.848090917964348e-06,1.8937271738488612e-07,0.04099999999999682,-9.841174270446961e-05,8.168776731682162e-06,1,0.0,0.0010000000000047748,0.0009999999999976694,0.0010000000000047748,-2.897488455023301e-06,410.35574464786305,-0.3997093024848497,False,1.0,1.0,0.0,-6.623e-05,60.925,60.94371429,-0.018714290000005462,6668272.05,0.0003236743131800199,1.0048,-6.623e-05,2,1,False,1.1468642645121578,0.5164080711197937,55,25,5,2,0,10,3,False,0,4293636090
1779859556000,1779859557004,9,113,True,60.982,60.982,60.971,60.971,166.23000000000002,0.0,166.23000000000002,12,0,12,60.976,60.977,0.0009999999999976694,60.9765,60.97672735230189,60.979788037313774,54.59,114.31,767.84,318.91999999999996,1375.94,1843.15,767.84,1843.15,-0.41183995342746926,-0.9999999999939843,-0.2637905815568833,-2.1225858733075907e-05,8.47004871693493e-06,-2.9695907450010838e-05,0.2940800232860738,-0.4547064030620432,0.4165911618693994,0.0,166.23000000000002,-166.23000000000002,1490.6400000000012,8.790832831162726,13.852499998845627,43.38,-166.23000000000002,1.365058377187654,14.531043381979554,-0.00018039736668776829,0.00015335620545613453,0.00010833965980731742,2.0093650351116966e-07,0.01099999999999568,-0.00024599264385134485,1.0852274961600376e-06,1,-0.9999999090909174,0.01100000000000989,0.0009999999999976694,-0.009000000000000341,2.4623638851392812e-05,410.3557456365908,-0.3997093024848497,False,1.0,1.0,-0.020000000000010232,-6.623e-05,60.925,60.94371429,-0.018714290000005462,6668272.05,0.0003236743131800199,1.0048,-6.623e-05,2,1,False,1.1778879276481795,0.5320726260505353,56,25,5,2,0,9,12,False,0,2147494193
1779859557000,1779859557994,9,114,True,60.977,60.978,60.976,60.978,123.48,119.19,4.29,4,3,1,60.977,60.978,0.0010000000000047748,60.9775,60.97730587192799,60.97892591663804,104.74000000000001,234.65,979.97,114.34,1328.1399999999999,4918.25,979.97,4918.25,-0.6677065284101528,0.9305150631605885,-0.008963522197774788,-2.0459135982629974e-05,4.525602159522899e-06,-2.4984738142152873e-05,0.16614673579483874,0.3882544861284903,0.19925176638027767,119.19,4.29,114.89999999999999,1605.5400000000013,8.633756344895096,30.8699999922825,46.14,114.9,0.46329776284476604,12.987012818350482,0.00011480208952411183,0.00015544655120909034,1.9697958392389844e-05,2.2137706901039296e-07,0.017000000000003013,0.0002951994562118801,9.297221373759483e-07,1,0.4999997500019014,0.0010000000000047748,0.0010000000000047748,0.01300000000000523,4.491116529788828e-05,410.35574535667183,-0.3764534878552836,False,1.0,1.0,0.012000000000000455,-6.623e-05,60.925,60.94371429,-0.018714290000005462,6668272.05,0.0003236743131800199,1.0048,-6.623e-05,2,2,False,1.1756836915822022,0.507907037095964,57,25,5,2,0,9,4,False,0,679668261
1779859558000,1779859559037,9,115,True,60.978,60.983,60.978,60.983,24.36,24.36,0.0,3,3,0,60.982,60.983,0.0009999999999976694,60.9825,60.982440498540065,60.98578075965539,328.77,379.65000000000003,696.72,919.45,1163.23,4888.89,696.72,4888.89,-0.7505303807461045,0.9999999999589491,-0.24100285539276567,-3.952863620196589e-05,3.0745678280855892e-06,-4.260320403005148e-05,0.12473480962685815,0.11900205542477141,0.14251087670204432,24.36,0.0,24.36,1629.9000000000012,8.449043022111649,8.119999997293332,22.93,24.36,0.3550697980580465,8.474576199367998,8.199342417327909e-05,0.0001564810049370984,4.9242069573829046e-05,2.3052065629154228e-07,0.016999999999995907,-3.280866535083274e-05,3.365904112065402e-06,1,0.99999980000004,0.000999999999990564,0.0009999999999976694,0.07299999999999329,4.813703724273514e-05,410.35574535403373,-0.36274509740846167,False,1.0,1.0,0.07200000000000273,-6.623e-05,60.925,60.94371429,-0.018714290000005462,6668272.05,0.00032355126318984843,1.0048,-6.623e-05,2,1,False,1.1308477835095445,0.5056928011965616,58,25,5,2,0,9,3,False,0,2897041665
1779859559000,1779859560057,9,116,True,60.982,60.983,60.982,60.982,65.84,62.62,3.2199999999999998,4,1,3,60.982,60.983,0.0009999999999976694,60.9825,60.98244781467319,60.982590125061726,204.35,279.48,627.0,112.42999999999999,1272.35,5010.93,627.0,5010.93,-0.7775779408398512,0.9021871202779131,-0.16378115990669873,-3.6337344907223036e-05,2.996622327032429e-06,-3.933396723425547e-05,0.11121102957998569,0.10436969506362494,0.1251264735288409,62.62,3.2199999999999998,59.4,1689.3000000000013,8.303172759091595,16.459999995885,62.62,59.4,0.4817435594289471,3.529411752249134,-1.6398147009692073e-05,0.0001564809202757093,9.848090917964348e-06,2.3173048139156437e-07,0.022999999999996135,-9.839157118297116e-05,2.4906055603649774e-07,1,0.0,0.0010000000000047748,0.0009999999999976694,0.0689999999999884,3.73109423435369e-05,410.35574505541854,-0.3997093024848497,False,1.0,1.0,0.06799999999998363,-6.623e-05,60.925,60.94371429,-0.018714290000005462,6667266.34,0.00017268228376048257,1.0048,-6.623e-05,2,1,False,1.137139031611027,0.5100028901241612,59,25,5,2,0,8,4,False,0,806923780
1779859560000,1779859561085,9,117,True,60.983,60.983,60.982,60.983,7.4399999999999995,4.33,3.11,8,4,4,60.982,60.983,0.0009999999999976694,60.9825,60.98247319194417,60.9821571727825,193.23,268.36,615.72,120.5,1313.6499999999999,5077.6,615.72,5077.6,-0.7837044114856034,0.16397849460161584,-0.2749278395051755,-3.687479099086887e-05,3.1055600370767994e-06,-3.998035102794567e-05,0.1081477942571104,0.05361527967221271,0.12126201354968463,4.33,3.11,1.2200000000000002,1690.5200000000013,8.293232668629575,0.9299999998837499,2.06,1.2199999999999998,0.9646419338138897,12.367491013122901,1.6398147009702925e-05,0.0001565131159989321,9.848090917964348e-06,2.31999380616916e-07,0.04099999999999682,3.2796294019395e-05,2.2040520171369454e-06,1,0.0,0.000999999999990564,0.0009999999999976694,0.07899999999999352,3.904014888137754e-05,410.3557446615754,-0.3997093024848497,False,1.0,1.0,0.07800000000000296,-6.623e-05,60.925,60.94371429,-0.018714290000005462,6667266.34,0.00017268228376048257,1.0048,-6.623e-05,2,2,False,1.1415311194970157,0.4878013657054722,0,26,5,2,0,9,8,False,0,3498270035
1779859561000,1779859562080,9,118,True,60.982,60.982,60.963,60.967,447.98,46.1,401.88,22,3,19,60.966,60.967,0.0009999999999976694,60.966499999999996,60.96697292576738,60.968394328889104,5.6,48.14,389.87,150.31,1145.93,1579.8,389.87,1579.8,-0.6041265795790136,-0.7941872405000352,-0.3489143171028063,-4.201401614078908e-05,9.667328640950258e-06,-5.1681344781739334e-05,0.19793671021023931,-0.9458538432232895,0.24678440308884242,46.1,401.88,-355.78,1334.7400000000014,8.74263487621549,20.362727271801695,102.4,-355.78000000000003,2.5164038426601834,29.61918106910747,-0.00026240262553187376,0.0001671499697098274,0.00018714441716853288,2.363022974461197e-07,0.022999999999996135,-0.00027880077254157666,5.857462956633957e-07,1,-0.7894736426593804,0.0010000000000047748,0.0009999999999976694,-0.05500000000000682,1.1284357415383216e-05,410.3557464250339,-0.3997093024848497,False,1.0,1.0,-0.056000000000011596,-6.623e-05,60.925,60.94371429,-0.018714290000005462,6667266.34,0.00017268228376048257,1.0048,-6.623e-05,2,1,False,1.1795075846423104,0.5078629467638288,1,26,5,2,0,10,22,False,0,43453341
1779859562000,1779859563036,9,119,True,60.966,60.972,60.966,60.972,104.71000000000001,104.21000000000001,0.5,9,7,2,60.971,60.972,0.0010000000000047748,60.9715,60.97165064210656,60.96999358598426,56.34,178.84,641.12,43.47,1219.01,1857.34,641.12,1857.34,-0.4867878613223798,0.9904498137619095,-0.24100630292861264,-2.265328944587652e-05,8.247995665375305e-06,-3.090128511125182e-05,0.25660606933860997,-0.30128617362859667,0.3451818191605494,104.21000000000001,0.5,103.71000000000001,1438.4500000000014,8.75107307699531,11.634444443151729,53.6,103.71000000000001,1.028445302625871,11.887072667018453,8.200821726929445e-05,0.0001681428319089348,5.9101629176536516e-05,2.578214689727709e-07,0.006000000000000227,0.00034441084280116823,7.831937471923527e-07,1,0.9999998333333611,0.0010000000000047748,0.0010000000000047748,0.06500000000001194,2.382618738554875e-05,9.03610000201042e-06,-0.3997093024848497,False,1.0,1.0,0.06400000000000716,-6.623e-05,60.925,60.94371429,-0.018714290000005462,6667266.34,0.00017268228376048257,1.0048,-6.623e-05,2,2,False,1.2011135023853605,0.5038413013753489,2,26,5,2,0,8,9,False,0,1219658391
1779859563000,1779859564012,9,120,True,60.968,60.968,60.938,60.947,1510.2,168.82,1341.3799999999999,48,6,42,60.946,60.947,0.0010000000000047748,60.9465,60.946103870504864,60.95114801282763,91.56,144.79,1257.76,156.12,269.28,1617.3,1257.76,1617.3,-0.1250547814653868,-0.7764269633156029,-0.09976160867800178,-1.1208377868558226e-05,9.005395146136375e-06,-2.02137730146946e-05,0.4374726092671327,0.7922564529393785,0.777691213750833,168.82,1341.3799999999999,-1172.56,265.89000000000146,10.037923140044644,31.462499999344534,330.02,-1172.56,4.781865663399038,56.152923967518014,-0.000410108356374168,0.00019152403274981544,0.0002955857217119085,2.9145372416625694e-07,-0.021000000000000796,-0.0004921165736434624,2.7155896992047176e-07,1,-0.6999999766666675,0.0010000000000047748,0.0010000000000047748,-0.021000000000015007,9.928932141690965e-06,9.231930560873113e-06,-0.3997093024848497,False,1.0,1.0,-0.02200000000001978,-6.623e-05,60.925,60.94371429,-0.018714290000005462,6667266.34,9.469544923518322e-05,1.0048,-6.623e-05,2,1,False,0.7987509011946592,0.5411197232416627,3,26,5,2,0,10,48,False,0,1733068335
1779859564000,1779859565062,9,121,False,60.946,60.948,60.946,60.948,50.92,50.7,0.22,6,4,2,60.947,60.948,0.0009999999999976694,60.947500000000005,60.94709623927647,60.94694525363208,185.85999999999999,274.71,1109.6200000000001,32.24,926.08,1145.13,1109.6200000000001,1145.13,-0.01574897438739738,0.9913589944817095,0.3044927519579329,-1.5284001583108832e-05,1.1298379888012655e-05,-2.6582381471121487e-05,0.49212551280607963,0.8075203786413574,0.968990420300779,50.7,0.22,50.480000000000004,316.3700000000015,9.905532217420228,8.486666665252223,35.5,50.48,0.6057221225167952,6.765899818904603,1.6407563887281023e-05,0.00019152400505828904,1.970765433736108e-05,2.936031346632472e-07,-0.030000000000001137,0.000426515920261449,3.2222238583972507e-07,-1,0.9999995000002501,0.000999999999990564,0.0009999999999976694,0.03900000000000148,1.0928393039044644e-05,4.673021747692963e-06,-0.3372093020655515,False,1.0,1.0,0.038000000000010914,-6.374e-05,60.98301667,61.00278571,-0.019769039999999904,6667442.7,0.00012114957473360487,1.0012,-6.374e-05,2,1,False,1.2312597604887787,0.5286988843789833,4,26,5,2,0,10,6,False,0,1485638701
1779859565000,1779859566035,9,122,False,60.948,60.948,60.946,60.946,11.54,2.61,8.93,4,1,3,60.943,60.944,0.0010000000000047748,60.9435,60.94399927685126,60.94575545925382,13.39,35.6,422.6,507.71,546.75,1602.99,422.6,1602.99,-0.5827388563329287,-0.547660311910948,-0.08880693315533383,-4.294438077780506e-05,9.843913727090964e-06,-5.2788294504896026e-05,0.20863057183328876,-0.998554681218897,0.26363233706993583,2.61,8.93,-6.32,310.0500000000015,9.711908210291696,2.8849999992787496,8.2,-6.319999999999999,0.4118655070637241,6.60792947175377,-3.281539698723682e-05,0.00018122724318433758,1.970765433736108e-05,2.0717019588287762e-07,-0.036000000000001364,-4.922296087451785e-05,2.843621922391092e-06,-1,-0.9999995000002501,0.0049999999999954525,0.0010000000000047748,-0.03299999999998704,9.223000510811706e-06,4.601466072949611e-06,-0.3515151512971758,False,1.0,1.0,-0.03799999999998249,-6.374e-05,60.98301667,61.00278571,-0.019769039999999904,6667442.7,0.00012114957473360487,1.0012,-6.374e-05,2,0,False,1.1131127769230333,0.5317452947286684,5,26,5,2,0,9,4,False,0,2429756509
1779859566000,1779859567036,9,123,False,60.945,60.945,60.939,60.94,41.11,1.73,39.379999999999995,7,2,5,60.939,60.94,0.0009999999999976694,60.939499999999995,60.93989123393304,60.94137158785763,21.02,141.73,512.35,232.54,1368.8799999999999,1432.04,512.35,1432.04,-0.4729966724780147,-0.9158355631010501,-0.004365582081514233,-3.4519049781332376e-05,9.561774660505509e-06,-4.408082444183788e-05,0.2635016637607355,-0.7824688711075908,0.3577763190969821,1.73,39.379999999999995,-37.65,272.4000000000015,9.622993187003443,5.872857142018163,38.33,-37.65,0.7274243952210824,35.08771806709762,-9.845265255802839e-05,0.00016872827566288614,5.912781381097376e-05,2.052873463025712e-07,-0.030999999999998806,-6.563725557079156e-05,2.394858977271553e-06,-1,-0.8333331944448623,0.0010000000000047748,0.0009999999999976694,0.03900000000001569,5.8590548723798995e-06,4.846525553783197e-06,-0.3139534885541139,False,1.0,1.0,0.038000000000010914,-6.374e-05,60.98301667,61.00278571,-0.019769039999999904,6667442.7,0.00012114957473360487,1.0012,-6.374e-05,2,0,False,1.1106010216862146,0.5166753744573193,6,26,5,2,0,9,7,False,0,2645126836
1779859567000,1779859568098,9,124,False,60.939499999999995,60.939499999999995,60.939499999999995,60.939499999999995,0.0,0.0,0.0,0,0,0,60.939,60.94,0.0009999999999976694,60.939499999999995,60.939911775548495,60.941332672042314,19.3,129.1,383.98,243.09,1401.6299999999999,1504.5,383.98,1504.5,-0.5933449123101153,0.0,-0.058092884275689996,-4.825030843268191e-05,9.394349441880465e-06,-5.7644657874562375e-05,0.20332754384467758,-0.8235520344525532,0.25522100365552997,0.0,0.0,0.0,272.4000000000015,9.307485213659067,0.0,0.0,0.0,0.0,0.0,-8.204825257840776e-06,0.00016869837669266122,0.0,2.0474973259161782e-07,-0.038500000000006196,9.024782730018762e-05,8204.825257840776,-1,0.0,0.0,0.0009999999999976694,0.040000000000020464,5.8590548723798995e-06,4.854523497756686e-06,-0.3139534885541139,False,1.0,1.0,0.040000000000020464,-6.374e-05,60.98301667,61.00278571,-0.019769039999999904,6667442.7,0.00012114957473360487,1.0012,-6.374e-05,2,1,False,1.130573235998193,0.5475403904226599,7,26,5,2,0,9,0,False,0,21019198
1779859568000,1779859569094,9,125,False,60.939,60.94,60.939,60.939,14.79,1.64,13.149999999999999,5,1,4,60.936,60.937,0.0009999999999976694,60.936499999999995,60.9369994430849,60.93819795782309,13.01,56.97,429.64,496.34,890.67,1800.3500000000001,429.64,1800.3500000000001,-0.6146709178065306,-0.7782285327398086,-0.1960622967712367,-4.174058747473467e-05,8.543424808585094e-06,-5.028401228331976e-05,0.19266454109651043,-0.9988868481048653,0.23864248618310957,1.64,13.149999999999999,-11.509999999999998,260.8900000000015,9.166256190260409,2.9579999994083996,11.29,-11.51,0.5454789715311757,4.179728300189223,-8.204892577432355e-06,0.00016770860065315647,9.855039906831503e-06,1.953995576121649e-07,-0.04399999999999693,-6.731959157875791e-11,5.547594710532519e-07,-1,0.0,0.005000000000009663,0.0009999999999976694,0.0309999999999917,3.3909804220725716e-05,410.2446330981451,-0.3139534885541139,False,1.0,1.0,0.025999999999982037,-6.374e-05,60.98301667,61.00278571,-0.019769039999999904,6667442.7,8.937808460196943e-05,1.0012,-6.374e-05,2,0,False,1.135760186116548,0.5514846624652983,8,26,5,2,0,8,5,False,0,2718296029
1779859569000,1779859570078,9,126,False,60.938,60.938,60.928,60.928,53.81,0.21,53.6,12,1,11,60.928,60.929,0.0010000000000047748,60.9285,60.92872106369586,60.930237572343046,74.80000000000001,154.31,534.76,340.82,1517.96,1596.6399999999999,534.76,1596.6399999999999,-0.49820775077390533,-0.9921947593199741,0.014074686655228142,-3.659918264614536e-05,9.393990193052173e-06,-4.5993172839197535e-05,0.2508961246128128,-0.4421282798801594,0.3349283495338117,0.21,53.6,-53.39,207.50000000000153,9.259165823366626,4.484166666292986,36.56,-53.39,1.296013078027022,15.068492923625449,-0.00018052467082762408,0.00017057666056555557,9.856091210695618e-05,1.6485443164470772e-07,-0.054000000000002046,-0.0001723197782501917,3.3548535741362056e-06,-1,-0.99999990000001,0.0010000000000047748,0.0010000000000047748,0.06100000000000705,6.772036129938259e-06,410.24463370555816,-0.2906976739245479,False,1.0,1.0,0.060000000000002274,-6.374e-05,60.98301667,61.00278571,-0.019769039999999904,6667583.96,0.0001105665119952798,1.0012,-6.374e-05,2,0,False,1.1269041769426984,0.5633281332602499,9,26,5,2,0,9,12,False,0,3216211570
1779859570000,1779859570992,9,127,False,60.929,60.929,60.929,60.929,61.03,61.03,0.0,3,3,0,60.929,60.93,0.0009999999999976694,60.929500000000004,60.92902599882078,60.92877022137193,216.63000000000002,731.0400000000001,1093.78,19.25,155.0,405.24,1093.78,405.24,0.45932676014965823,0.9999999999836147,0.32251192648977145,-1.6476545299109313e-05,4.206176114799201e-05,-5.8538306447101325e-05,0.7296633800744956,0.9480016432833617,2.6990918961536394,61.03,0.0,61.03,268.53000000000156,9.053947271780835,20.343333326552223,59.19,61.03,0.331347191408878,2.232142852160395,1.64126804373225e-05,0.0001588086616233538,0.0,1.5866402281754566e-07,-0.05399999999999494,0.00019693735126494657,2.6892807532448913e-07,-1,0.0,0.0010000000000047748,0.0009999999999976694,-0.0589999999999975,9.117202806905851e-06,410.24463362708104,-0.256302521477912,False,1.0,1.0,-0.060000000000002274,-6.374e-05,60.98301667,61.00278571,-0.019769039999999904,6667583.96,0.0001105665119952798,1.0012,-6.374e-05,2,1,False,1.1318597093360043,0.5618557776483717,10,26,5,2,0,8,3,False,0,3416275054
1779859571000,1779859571998,9,128,False,60.93,60.959,60.93,60.959,158.94,158.76000000000002,0.18,24,23,1,60.959,60.96,0.0009999999999976694,60.959500000000006,60.95979305215951,60.958324709684376,83.59,404.29,1111.67,152.99,266.34000000000003,913.42,1111.67,913.42,0.0978968835952487,0.9977349943312086,-0.05375103083665511,-1.508440036277126e-05,2.3420723761934004e-05,-3.850512412470526e-05,0.5489484417973775,-0.5861050392828847,1.2170414486203314,158.76000000000002,0.18,158.58,427.1100000000016,9.543981787460153,6.622499999724062,73.9,158.58,2.5146737003437023,97.87233084653784,0.0004922551950279901,0.0001930857329687555,0.00028577271543829894,1.548986740927562e-07,-0.007999999999995566,0.0004758425145906676,3.097113344814981e-06,-1,0.9999999655172426,0.0010000000000047748,0.0009999999999976694,0.009000000000014552,1.68731654909397e-05,410.24463396771773,-0.2801120442393408,False,1.0,1.0,0.008000000000009777,-6.374e-05,60.98301667,61.00278571,-0.019769039999999904,6667583.96,0.0001105665119952798,1.0012,-6.374e-05,2,1,False,1.1256742451304662,0.4935945436560337,11,26,5,2,0,10,24,False,0,4067260704
1779859572000,1779859572994,9,129,False,60.96,60.96,60.96,60.96,1.64,1.64,0.0,1,1,0,60.959,60.96,0.0009999999999976694,60.959500000000006,60.95983876777766,60.9604301405593,21.07,316.81,1207.31,165.45,203.63,843.01,1207.31,843.01,0.17767958172374182,0.9999999993902439,0.025211502419626608,-1.484046853109217e-05,2.5163667373164923e-05,-4.000413590425709e-05,0.5888397908616271,-0.6775365179575401,1.4321419674719966,1.64,0.0,1.64,428.7500000000016,9.263851237051623,1.6399999983599998,1.64,1.64,0.10794646570882548,1.0,1.6404334025268285e-05,0.00017544891290969934,0.0,1.5113387948676627e-07,-0.012000000000000455,-0.0004758508610027218,1.0002642692235148e-05,-1,0.0,0.000999999999990564,0.0009999999999976694,0.01100000000000989,1.5414733427374218e-05,410.2446337612185,-0.2514534881348158,False,1.0,1.0,0.010000000000019327,-6.374e-05,60.98301667,61.00278571,-0.019769039999999904,6667583.96,0.0001105665119952798,1.0012,-6.374e-05,2,0,False,1.1045092710776545,0.48355090433903025,12,26,5,2,0,9,1,False,0,311334465
1779859573000,1779859574003,9,130,False,60.959,60.96,60.959,60.96,25.07,7.94,17.13,3,1,2,60.954,60.955,0.0009999999999976694,60.954499999999996,60.95400216720592,60.95500738935013,258.59999999999997,488.60999999999996,1348.94,210.97,244.79,818.73,1348.94,818.73,0.24459903952158557,-0.3665735939223544,0.2522126494373357,-1.268029308554788e-05,2.791193664034633e-05,-4.059222972589421e-05,0.6222995197605621,0.9956626505784177,1.647600552072542,7.94,17.13,-9.189999999999998,419.5600000000016,9.058479065345013,8.35666666388111,16.41,-9.19,0.33118142439009507,2.139037428579599,0.0,0.0001752955043550936,9.851806599483881e-06,1.457536895517858e-07,0.012999999999998124,-1.6404334025268285e-05,0.0,1,0.9999990000010001,0.01100000000000989,0.0009999999999976694,-0.01100000000000989,1.7439208123173826e-05,410.2446337582361,-0.28484848493022574,False,1.0,1.0,-0.02200000000001978,-6.374e-05,60.98301667,61.00278571,-0.019769039999999904,6667583.96,8.832014851045413e-05,1.0012,-6.374e-05,2,1,False,1.1150754913850698,0.4826511177987782,13,26,5,2,0,9,3,False,0,2980070265
1779859574000,1779859575034,9,131,False,60.959,60.959,60.955,60.959,106.3,51.83,54.47,5,4,1,60.958,60.959,0.0010000000000047748,60.9585,60.95864104105085,60.95826086098229,107.0,412.36,1351.26,167.59,215.75,738.26,1351.26,738.26,0.2933688119758158,-0.024835371589606445,0.21603180457313326,-1.3049754372577124e-05,3.0507905920172037e-05,-4.3557660292749164e-05,0.6466844059876686,-0.28208318520901093,1.8303307777722886,51.83,54.47,-2.6400000000000006,416.9200000000016,8.925414177956652,21.259999995748,54.47,-2.640000000000001,0.5601980927438015,4.127966959224079,-1.640433402536915e-05,0.00017145569056624383,3.9408842601155576e-05,1.349956036267691e-07,0.011000000000002785,-1.640433402536915e-05,1.5432111030305576e-07,1,0.0,0.0010000000000047748,0.0010000000000047748,-0.009000000000014552,4.210356538541689e-05,410.24463365875334,-0.26212121191345406,False,1.0,1.0,-0.010000000000019327,-6.374e-05,60.98301667,61.00278571,-0.019769039999999904,6667598.91,9.056253802907168e-05,1.0012,-6.374e-05,2,1,False,1.1204634290584288,0.5027742222202778,14,26,5,2,0,10,5,False,0,2123684360
1779859575000,1779859576048,9,132,False,60.958,60.959,60.958,60.958,11.05,6.15,4.9,5,1,4,60.958,60.959,0.0010000000000047748,60.9585,60.95872188520537,60.957703064288005,117.98,422.51,1368.93,188.72,236.88,830.74,1368.93,830.74,0.2446685184594759,0.11312217193546405,0.1196374758773352,-1.3509150309470347e-05,2.66657323003125e-05,-4.017488260978285e-05,0.6223342592295107,-0.4437713575610146,1.6478440908086192,6.15,4.9,1.25,418.1700000000016,8.796712073761352,2.209999999558,6.15,1.2500000000000004,0.5683941860897666,5.763688727586809,-1.6404603132079667e-05,0.0001708665337578874,9.851968214565696e-06,1.2343149494863784e-07,0.012000000000000455,-2.691067105176808e-10,1.4845794688321345e-06,1,0.0,0.0010000000000047748,0.0010000000000047748,0.06100000000000705,4.145316977297203e-05,410.2446336209173,-0.3139534885541139,False,1.0,1.0,0.060000000000002274,-6.374e-05,60.98301667,61.00278571,-0.019769039999999904,6667598.91,9.056253802907168e-05,1.0012,-6.374e-05,2,1,False,1.0994120336000301,0.5044991765655237,15,26,5,2,0,9,5,False,0,1520563125
1779859576000,1779859577086,9,133,False,60.958,60.959,60.955,60.955,7.55,2.9699999999999998,4.58,4,2,2,60.954,60.955,0.0009999999999976694,60.954499999999996,60.95432473444293,60.955587280674685,137.09,325.40999999999997,1215.97,137.31,1151.72,1371.56,1215.97,1371.56,-0.060130703798580036,-0.21324503308433845,0.10943722083535752,-1.3087793445638878e-05,1.0070024969239138e-05,-2.3157818414878018e-05,0.46993464810051677,0.35052959501120834,0.8865598296823424,2.9699999999999998,4.58,-1.6100000000000003,416.5600000000016,8.639442825441307,1.887499999528125,3.98,-1.6099999999999999,0.46299282029598765,5.725190806916847,-4.921542412381481e-05,0.00016640108101098858,3.9408842601155576e-05,1.0352885980896282e-07,0.015000000000000568,-3.2810820991735146e-05,6.518599220833936e-06,1,-0.7499998124991586,0.0010000000000047748,0.0009999999999976694,-0.044999999999987494,4.148036067337372e-05,410.2446327203402,-0.3139534885541139,False,1.0,1.0,-0.04599999999999227,-6.374e-05,60.98301667,61.00278571,-0.019769039999999904,6667598.91,9.056253802907168e-05,1.0012,-6.374e-05,2,1,False,1.087239722358463,0.5013478266376613,16,26,5,2,0,8,4,False,0,92474353
1779859577000,1779859578031,9,134,False,60.954,60.955,60.954,60.954,3.98,2.86,1.1199999999999999,4,1,3,60.954,60.955,0.0009999999999976694,60.954499999999996,60.95451219753454,60.95515586554376,122.41,308.4,1199.95,154.43,284.93,1373.06,1199.95,1373.06,-0.06727917886053011,0.43718592953839547,0.07781201275564474,-1.3025446399663514e-05,9.784279619950095e-06,-2.2809726019613608e-05,0.4663604105695406,-0.024396676776679473,0.873923936316786,2.86,1.1199999999999999,1.74,418.3000000000016,8.487329945918642,0.99499999975125,2.86,1.74,0.4712907386677262,4.0540540376187,-1.6405679646631522e-05,0.0001644499957126903,9.852614727432106e-06,9.492325586848196e-08,0.014500000000005286,3.280974447718329e-05,4.122030060932033e-06,1,0.0,0.000999999999990564,0.0009999999999976694,0.05499999999999261,4.1880688625946487e-05,410.244632794456,-0.3139534885541139,False,1.0,1.0,0.054000000000002046,-6.374e-05,60.98301667,61.00278571,-0.019769039999999904,6667598.91,9.056253802907168e-05,1.0012,-6.374e-05,2,2,False,1.0862260319171426,0.49160388019611195,17,26,5,2,0,7,4,False,0,3823396180
1779859578000,1779859579005,9,135,False,60.954,60.955,60.954,60.955,2.65,1.64,1.01,3,1,2,60.954,60.955,0.0009999999999976694,60.954499999999996,60.95450787160603,60.95617403570526,119.56,308.08,1199.73,197.96,390.02,1384.08,1199.73,1384.08,-0.07134812544263261,0.2377358489668921,0.11541097181118325,-1.3091899605910619e-05,1.0056837656676492e-05,-2.314873726258711e-05,0.4643259372784902,-0.01574485264411596,0.8668068319744041,1.64,1.01,0.6299999999999999,418.9300000000016,8.307417488675409,0.8833333330388888,1.64,0.6299999999999999,0.36112305704251024,3.072196611145325,1.6405679646567686e-05,0.00016346593628568059,9.852614727432106e-06,9.384786196972734e-08,0.015999999999998238,3.2811359293199205e-05,6.19082250580259e-06,1,0.9999990000010001,0.0010000000000047748,0.0009999999999976694,0.03299999999998704,4.1394977795711495e-05,410.2446329673564,-0.3139534885541139,False,1.0,1.0,0.031999999999982265,-6.374e-05,60.98301667,61.00278571,-0.019769039999999904,6667598.91,8.660539029824917e-05,1.0012,-6.374e-05,2,2,False,1.0913065186561703,0.48606988779901306,18,26,5,2,0,8,3,False,0,1056612325
1779859579000,1779859580062,9,136,False,60.954,60.955,60.954,60.955,4.0200000000000005,0.1,3.9200000000000004,4,1,3,60.954,60.955,0.0009999999999976694,60.954499999999996,60.95466140433876,60.95560768585004,115.38,262.07,1187.15,175.0,390.93,1434.26,1187.15,1434.26,-0.09426606292030078,-0.9502487559825251,-0.028593773153526247,-1.3050973819241571e-05,9.637775664746733e-06,-2.2688749483988303e-05,0.4528669685396589,-0.3228099519096508,0.8277090625124959,0.1,3.9200000000000004,-3.8200000000000003,415.1100000000016,8.166190685768019,1.0049999997487502,2.68,-3.8200000000000003,0.48982446693062753,3.645200472739244,0.0,0.00016342480645387532,9.852614727432106e-06,9.357896274437568e-08,0.027000000000001023,-1.6405679646567686e-05,0.0,1,0.9999990000010001,0.0010000000000047748,0.0009999999999976694,-0.016999999999995907,4.004158525254266e-05,410.2446329336984,-0.3372093020655515,False,1.0,1.0,-0.018000000000000682,-6.374e-05,60.98301667,61.00278571,-0.019769039999999904,6667597.4,8.637890235344329e-05,1.0012,-6.374e-05,2,1,False,1.0892707274069882,0.48606988779901306,19,26,5,2,0,9,4,False,0,3528634826
1779859580000,1779859581052,9,137,False,60.954,60.954,60.928,60.928,248.39,0.0,248.39,22,0,22,60.927,60.928,0.0009999999999976694,60.927499999999995,60.92753762165703,60.927320391477984,108.69,204.66,675.0600000000001,143.22,1303.91,1437.37,675.0600000000001,1437.37,-0.36086876251503675,-0.9999999999959741,0.16866649287125166,-3.077123138033789e-05,8.60692018283683e-06,-3.937815156317472e-05,0.319565618742245,-0.0752448245930923,0.4696494291654414,0.0,248.39,-248.39,166.72000000000162,8.619758204267427,11.290454544941342,68.5,-248.39,2.5522757687745896,31.62650502386053,-0.00044304784820940843,0.00019107274058161296,0.0002562247345970907,8.9276045915172e-08,-0.0010000000000047748,-0.00044304784820940843,1.7836782809598808e-06,-1,-0.999999961538463,0.0010000000000047748,0.0009999999999976694,0.022999999999996135,1.6143697515170007e-05,410.2446384317909,-0.3742424243139475,False,1.0,1.0,0.02199999999999136,-6.374e-05,60.98301667,61.00278571,-0.019769039999999904,6667597.4,8.637890235344329e-05,1.0012,-6.374e-05,2,0,False,1.0945857981626435,0.5250683624212323,20,26,5,2,0,9,22,False,0,3496411889
1779859581000,1779859581994,9,138,False,60.928,60.938,60.928,60.932,363.49,361.51,1.98,16,10,6,60.932,60.933,0.0009999999999976694,60.932500000000005,60.93263076821183,60.93339166904198,140.28,264.56,819.62,203.76,252.09,729.71,819.62,729.71,0.058031536212389837,0.9891056150073203,-0.08098143584332564,-2.0856005335062156e-05,3.08135009953978e-05,-5.166950633045996e-05,0.5290157681058723,-0.261538461534088,1.123213331321863,361.51,1.98,359.53,526.2500000000016,8.861733345111118,22.718124998580116,224.97,359.53,1.8055158483211908,19.404915535480292,6.564910555448706e-05,0.0001824322492106934,9.856091210695618e-05,9.684256934130859e-08,-0.027000000000001023,0.0005086969537638954,1.80607734887635e-07,-1,0.39999996000028826,0.0010000000000047748,0.0009999999999976694,-0.020999999999986585,9.888268924014985e-06,410.2446366815474,-0.3742424243139475,False,1.0,1.0,-0.02199999999999136,-6.374e-05,60.98301667,61.00278571,-0.019769039999999904,6667597.4,8.637890235344329e-05,1.0012,-6.374e-05,2,1,False,0.7774505746849844,0.5170278573906817,21,26,5,2,0,9,16,False,0,2085382131
1779859582000,1779859583074,9,139,False,60.933,60.933,60.922,60.926,303.32,1.3,302.02,13,1,12,60.926,60.927,0.0009999999999976694,60.926500000000004,60.92620814294083,60.9242811695753,157.46,334.16,914.74,15.780000000000001,97.15,444.14,914.74,444.14,0.3463146120331844,-0.9914281946426499,0.1605836276757035,-1.843039482873436e-05,4.1999938352365884e-05,-6.0430333181100245e-05,0.6731573060162243,0.5837119888048986,2.059575809424822,1.3,302.02,-300.71999999999997,225.53000000000162,8.9974142190419,23.3323076905129,59.33,-300.71999999999997,1.444859565434063,21.201412978061914,-9.847527457941046e-05,0.0001828390744678573,0.0001084267903043473,6.96751278431934e-08,-0.03399999999999892,-0.00016412438013389753,3.2465803303140513e-07,-1,-0.6363635785120496,0.0010000000000047748,0.0009999999999976694,0.05500000000000682,9.72998350771526e-06,410.2446366859402,-0.3742424243139475,False,1.0,1.0,0.054000000000002046,-6.374e-05,60.98301667,61.00278571,-0.019769039999999904,6667597.4,8.637890235344329e-05,1.0012,-6.374e-05,2,0,False,1.1267295838544797,0.503376784564249,22,26,5,2,0,10,13,False,0,3412404201
1779859583000,1779859584034,9,140,False,60.926,60.953,60.926,60.938,444.81,438.42,6.39,38,29,9,60.938,60.939,0.0009999999999976694,60.938500000000005,60.938045570089066,60.93498126977474,632.8499999999999,672.3399999999999,964.7299999999999,15.31,150.47,614.17,964.7299999999999,614.17,0.22202799417301788,0.9712686315483662,-0.008431467922698587,-1.9021665000133572e-05,2.8872457463371628e-05,-4.78941224635052e-05,0.6110139970861923,0.9088584050115222,1.5707865900295181,438.42,6.39,432.03000000000003,657.5600000000017,9.948318670876592,11.705526315481436,60.1,432.03000000000003,3.8197409284268438,74.74746916029018,0.0001969408527338991,0.0001641949113938808,0.00026608608183317355,8.234005333415038e-08,-0.021999999999998465,0.0002954161273133096,4.427527545096926e-07,-1,0.4444444279835397,0.0010000000000047748,0.0009999999999976694,-0.04099999999999682,3.8577470648144054e-05,410.2446365225737,-0.3742424243139475,False,1.0,1.0,-0.04200000000000159,-6.374e-05,60.98301667,61.00278571,-0.019769039999999904,6667597.4,-6.754600649375086e-05,1.0012,-6.374e-05,2,1,False,1.7031404597819846,0.4934658159264747,23,26,5,2,0,9,38,False,0,3043595195
1779859584000,1779859585036,9,141,False,60.938,60.947,60.938,60.947,87.50999999999999,84.11,3.4,12,8,4,60.946,60.947,0.0010000000000047748,60.9465,60.94676867931771,60.948578567920876,45.67,683.65,977.76,149.0,306.58,1004.79,977.76,1004.79,-0.013633956268435268,0.9222945948929003,-0.21222770323667978,-1.7223295477600562e-05,1.918031316893902e-05,-3.640360864653958e-05,0.49318302186553015,-0.5373599003680224,0.9730988564765045,84.11,3.4,80.71,738.2700000000017,10.01558691117572,7.292499999392291,34.41,80.71,1.198132481423717,15.736766562082359,0.0001476801906118125,0.00016744246909003004,8.869099313885114e-05,1.1088589528259091e-07,-0.012000000000000455,-4.926066212208662e-05,1.6875807406025017e-06,-1,0.9999998888889013,0.0010000000000047748,0.0010000000000047748,-0.022999999999996135,4.6545797600584404e-05,410.24463653863097,-0.3515151512971758,False,1.0,1.0,-0.02400000000000091,-6.374e-05,60.98301667,61.00278571,-0.019769039999999904,6667670.28,-5.661627080710983e-05,1.0012,-6.374e-05,2,0,False,1.6402849175827343,0.49232085805051146,24,26,5,2,0,9,12,False,0,3109489131
1779859585000,1779859586020,9,142,False,60.946,60.946,60.941,60.941,3.02,0.0,3.02,4,0,4,60.939,60.94,0.0009999999999976694,60.939499999999995,60.9399917434444,60.93980038242378,111.63,114.13,378.89,463.17,621.32,1163.93,378.89,1163.93,-0.5088344719406613,-0.9999999996688741,-0.5566036099774688,-5.114541490362957e-05,2.4892004498805914e-05,-7.603741940243549e-05,0.2455827640293452,-0.9834873503977295,0.3255264491848087,0.0,3.02,-3.02,735.2500000000017,9.818354553432254,0.75499999981125,1.64,-3.02,0.4074002398084411,5.328596774447974,-9.845103709709887e-05,0.00016872394102873748,4.927196540486825e-05,1.2219440032888292e-07,-0.016999999999995907,-0.00024613122770891137,3.259968114718516e-05,-1,-0.99999980000004,0.0030000000000143245,0.0009999999999976694,0.07299999999999329,6.913831297181978e-05,410.2446365626598,-0.3139534885541139,False,1.0,1.0,0.06999999999997897,-6.374e-05,60.98301667,61.00278571,-0.019769039999999904,6667670.28,-5.661627080710983e-05,1.0012,-6.374e-05,2,0,False,1.6360551974328783,0.4800817438904749,25,26,5,2,0,9,4,False,0,2494079290
1779859586000,1779859587007,9,143,False,60.939,60.942,60.939,60.942,73.38,70.87,2.51,7,4,3,60.942,60.943,0.0009999999999976694,60.942499999999995,60.94268577461586,60.93858341765532,237.45,316.4,851.34,76.63,1069.31,1212.92,851.34,1212.92,-0.17516204354094195,0.9315889888125976,0.26027375216613924,-2.8290337797484658e-05,1.00738065821694e-05,-3.836414437965406e-05,0.4124189782292868,-0.3715514152566903,0.7018929525436947,70.87,2.51,68.36,803.6100000000017,9.725949486106606,10.482857141359592,58.89,68.36,0.7197240751948883,9.8522166517023,1.6409179295227463e-05,0.0001673218010145135,2.9564634578757187e-05,1.2300211423800074e-07,-0.012999999999998124,0.00011486021639232633,2.2361923269288423e-07,-1,0.9999996666667778,0.000999999999990564,0.0009999999999976694,-0.07699999999999818,3.0970644904510216e-05,410.24463640776355,-0.3139534885541139,False,1.0,1.0,-0.07799999999998875,-6.374e-05,60.98301667,61.00278571,-0.019769039999999904,6667670.28,-5.661627080710983e-05,1.0012,-6.374e-05,2,1,False,1.643326007645469,0.48171744659491367,26,26,5,2,0,9,7,False,0,1629855592
1779859587000,1779859588012,9,144,False,60.942,60.952,60.941,60.952,401.73,390.1,11.63,20,13,7,60.953,60.954,0.0009999999999976694,60.953500000000005,60.95320637857847,60.95098548409048,183.16,452.06,1125.32,12.5,78.97,363.15999999999997,1125.32,363.15999999999997,0.5120391271629366,0.9421004156997435,0.43288938069782124,-1.5102383588330376e-05,4.9353181576601865e-05,-6.445556516493223e-05,0.7560195635811324,0.5872407181351361,3.098689282952146,390.1,11.63,378.47,1182.0800000000017,10.062803601316226,20.086499998995677,146.34,378.47,1.9875176730465514,23.370233156169213,0.0001640769852894451,0.00017128713317686328,0.00010839298837930738,1.2562716319797844e-07,-0.0020000000000024443,0.00014766780599421764,4.084260206831371e-07,-1,0.9090908264464647,0.0030000000000143245,0.0009999999999976694,-0.05700000000000216,1.5309073132214716e-05,410.244636509584,-0.3139534885541139,False,1.0,1.0,-0.060000000000016485,-6.374e-05,60.98301667,61.00278571,-0.019769039999999904,6667670.28,-5.661627080710983e-05,1.0012,-6.374e-05,2,1,False,0.9498110686777113,0.5149344408199974,27,26,5,2,0,9,20,False,0,2173075546
1779859588000,1779859589079,9,145,False,60.953,60.959,60.953,60.958,58.36,57.050000000000004,1.31,9,7,2,60.958,60.959,0.0010000000000047748,60.9585,60.958813839025815,60.95714247120298,98.42,276.2,1004.62,109.34,236.96,701.33,1004.62,701.33,0.17778363961418692,0.9551062371323663,-0.05170802816966066,-1.9943390369870596e-05,2.5613989326326526e-05,-4.555737969619712e-05,0.5888918198068004,-0.6276791181818941,1.4324497739987845,57.050000000000004,1.31,55.74,1237.8200000000018,10.02795758160094,6.484444443723951,41.03,55.74,0.8974908325914238,11.713030609510621,9.843327052490972e-05,0.00017268575915850627,5.9114233697577834e-05,1.4029661194616904e-07,0.0030000000000001137,-6.564371476453537e-05,1.6866564517344597e-06,1,0.833333194443678,0.0010000000000047748,0.0010000000000047748,-0.045000000000001705,1.2254774452690715e-05,7.650217350786484e-06,-0.2906976739245479,False,1.0,1.0,-0.04600000000000648,-6.374e-05,60.98301667,61.00278571,-0.019769039999999904,6667670.28,-5.661627080710983e-05,1.0012,-6.374e-05,2,1,False,1.6482844892078057,0.5149290799463745,28,26,5,2,0,10,9,False,0,3418209277
1779859589000,1779859590006,9,146,False,60.958,60.959,60.958,60.959,75.49,55.17,20.32,5,1,4,60.958,60.959,0.0010000000000047748,60.9585,60.958529512803935,60.95719155093876,108.59,237.11,1060.81,71.57000000000001,190.99,610.9300000000001,1060.81,610.9300000000001,0.2691088327130599,0.4616505497355723,0.04299696447083767,-2.1072204275537536e-05,2.77465673182448e-05,-4.8818771593782336e-05,0.6345544163562309,-0.059026778001161066,1.7363855106121215,55.17,20.32,34.85,1272.6700000000017,9.86310651335173,15.097999996980398,55.17,34.85,0.5069396738973202,4.188481657849292,1.640460313203148e-05,0.0001679415646213721,9.851968214565696e-06,1.3894847695077147e-07,0.0040000000000048885,-8.202866739287823e-05,2.1730829423518578e-07,1,0.9999990000010001,0.0010000000000047748,0.0010000000000047748,-0.042999999999992156,1.326002085709065e-05,7.05397900941109e-06,-0.31512605019252754,False,1.0,1.0,-0.04399999999999693,-6.374e-05,60.98301667,61.00278571,-0.019769039999999904,6667571.97,-7.135971640756301e-05,1.0012,-6.374e-05,2,1,False,1.6471756761987688,0.5149280063807874,29,26,5,2,0,8,5,False,0,942573690
1779859590000,1779859591008,9,147,False,60.96,60.988,60.96,60.988,854.85,833.78,21.069999999999997,41,39,2,60.977,60.978,0.0010000000000047748,60.9775,60.97790221361196,60.97749413567142,65.62,191.84,973.41,152.68,505.11,1508.57,973.41,1508.57,-0.21561817581116058,0.9507048020109367,-0.1316692685918214,-1.6417656579989327e-05,1.604178353861407e-05,-3.2459440118603395e-05,0.39219091209421825,-0.8044293015195156,0.6452534519441291,833.78,21.069999999999997,812.7099999999999,2085.3800000000015,10.883988267012327,20.849999999491466,88.92,812.71,3.767001487910237,49.875309233151654,0.0004756164652950938,0.00019874972056963395,0.00027578499062734865,1.3867154909739083e-07,0.060000000000002274,0.0004592118621630623,5.563741771007047e-07,1,0.9999999642857156,0.021000000000000796,0.0010000000000047748,0.01300000000000523,1.4861361534253273e-05,7.353747939633156e-06,-0.33604336046346717,False,1.0,1.0,-0.007999999999995566,-6.374e-05,60.98301667,61.00278571,-0.019769039999999904,6667571.97,-7.135971640756301e-05,1.0012,-6.374e-05,2,2,False,1.5423112759845552,0.5372280519342854,30,26,5,2,0,10,41,False,0,2487830827
1779859591000,1779859592057,9,148,False,60.978,60.982,60.971,60.981,550.66,536.9,13.76,20,14,6,60.98,60.981,0.0010000000000047748,60.9805,60.9806421642168,60.98066406971376,36.11,236.85000000000002,1003.5300000000001,57.66,326.75,5278.29,1003.5300000000001,5278.29,-0.6804970534016128,0.9500236080322704,-0.10433412427228934,-1.891592080725337e-05,2.501120220500731e-06,-2.1417041027754102e-05,0.159751473299114,-0.28433030908374085,0.19012407427401865,536.9,13.76,523.14,2608.5200000000013,11.182873897602088,27.53299999862335,125.27,523.14,1.7884490320954165,16.873889590937917,-0.000114783264726025,0.00016746477978358192,0.00010833965980731742,1.8518924109650112e-07,0.04899999999999949,-0.0005903997300211188,2.084467089053437e-07,1,0.27272724793382785,0.0010000000000047748,0.0010000000000047748,0.0010000000000047748,2.592452244690652e-05,6.957172063428341e-06,-0.3539473678182986,False,1.0,1.0,0.0,-6.374e-05,60.98301667,61.00278571,-0.019769039999999904,6667571.97,-7.135971640756301e-05,1.0012,-6.374e-05,2,1,False,1.083236785970643,0.5265439148402563,31,26,5,2,0,9,20,False,0,2858244198
1779859592000,1779859592992,9,149,False,60.98,60.981,60.98,60.98,5.33,0.18,5.1499999999999995,5,1,4,60.98,60.981,0.0010000000000047748,60.9805,60.9807378390441,60.98450496147533,31.959999999999997,158.04,923.87,898.1700000000001,1167.26,6089.43,923.87,6089.43,-0.7365377211867827,-0.9324577859413774,-0.08033485493832168,-1.881233094813232e-05,2.6676347428044006e-06,-2.1479965690936724e-05,0.13173113940653733,-0.4756795421974765,0.15171699157389906,0.18,5.1499999999999995,-4.97,2603.5500000000015,10.980156720631527,1.0659999997868,2.59,-4.97,0.4553669065715354,6.968641066420619,-1.6398684825976564e-05,0.00016746475211943572,9.848413909568237e-06,1.8707153567803985e-07,0.05399999999999494,9.838457990004843e-05,3.0766763269981025e-06,1,0.0,0.0010000000000047748,0.0010000000000047748,0.0010000000000047748,2.5128927134226834e-05,6.953500523174594e-06,-0.39487179497583846,False,1.0,1.0,0.0,-6.374e-05,60.98301667,61.00278571,-0.019769039999999904,6667571.97,-7.135971640756301e-05,1.0012,-6.374e-05,2,2,False,1.6724335974397613,0.5114602762866708,32,26,5,2,0,9,5,False,0,2286427192
1779859593000,1779859594102,9,150,False,60.981,60.981,60.98,60.98,2.27,0.48,1.79,3,1,2,60.98,60.981,0.0010000000000047748,60.9805,60.980708845634055,60.98443624047574,33.39,129.53,1014.09,1014.77,1284.55,6177.68,1014.09,6177.68,-0.7179859756359396,-0.57709251075899,-0.16406976968887887,-1.7145280914943924e-05,2.6898096399265007e-06,-1.9835090554870425e-05,0.14100701218196063,-0.4176926584539707,0.16415385711138092,0.48,1.79,-1.31,2602.2400000000016,10.71851223798787,0.7566666664144445,1.14,-1.31,0.27988959037502437,3.076923067455621,0.0,0.0001674647521194357,9.848413909568237e-06,1.8707153567803985e-07,0.041999999999994486,1.6398684825976564e-05,0.0,1,-0.9999990000010001,0.0010000000000047748,0.0010000000000047748,0.0010000000000047748,2.3975203855735728e-05,6.9535005231745946e-06,-0.44487179463769677,False,1.0,1.0,0.0,-6.374e-05,60.98301667,61.00278571,-0.019769039999999904,6667571.97,-0.00011339124120180712,1.0012,-6.374e-05,2,2,False,1.688647598458734,0.510077671737775,33,26,5,2,0,9,3,False,0,1524595463
1779859594000,1779859595020,9,151,False,60.98,60.98,60.98,60.98,1.03,0.0,1.03,2,0,2,60.98,60.981,0.0010000000000047748,60.9805,60.980703141974,60.984444705931864,34.21,130.55,1030.46,1023.14,1299.48,6193.76,1030.46,6193.76,-0.7147207587807798,-0.9999999990291262,-0.17565121159981717,-1.690386615591162e-05,2.6734766224245715e-06,-1.957734277833619e-05,0.14263962060954086,-0.406285326696741,0.16637066983542043,0.0,1.03,-1.03,2601.2100000000014,10.432659377725972,0.5149999997425,0.58,-1.03,0.19170567420981383,2.0833333289930556,0.0,0.00016742457434224895,0.0,1.868024290887076e-07,0.032999999999994145,0.0,0.0,1,0.0,0.0010000000000047748,0.0010000000000047748,0.0010000000000047748,1.933857603119607e-05,6.92078346289395e-06,-0.48245614042396245,False,1.0,1.0,0.0,-6.374e-05,60.98,61.00021429,-0.02021429000000552,6667584.14,-0.00011156619603045067,1.0012,-6.374e-05,2,2,False,1.6934673215915808,0.51296173032418,34,26,5,2,0,8,2,False,0,980000498
1779859595000,1779859595992,9,152,False,60.981,60.981,60.98,60.98,75.13,73.56,1.57,5,2,3,60.981,60.982,0.0009999999999976694,60.9815,60.981159696196954,60.98309974421618,72.22,169.81,719.19,61.42,1212.64,6111.04,719.19,6111.04,-0.7894097270515358,0.9582057766410462,-0.13039432328736306,-2.5397976463447268e-05,2.3873607385738795e-06,-2.7785337202021147e-05,0.10529513647415896,0.6806045339878941,0.11768700581241201,73.56,1.57,71.99000000000001,2673.2000000000016,10.254539398128399,15.025999996994798,62.78,71.99,0.4875889404086724,7.920792016468974,0.0,0.00016738438560238286,9.848413909568237e-06,1.859950695879794e-07,0.03899999999999437,0.0,0.0,1,-0.9999990000010001,0.0030000000000001137,0.0009999999999976694,-0.0030000000000001137,1.7008816054598056e-05,6.9130672807999115e-06,-0.4348370925163705,False,1.0,1.0,-0.006000000000000227,-6.374e-05,60.98,61.00021429,-0.02021429000000552,6667584.14,-0.00011156619603045067,1.0012,-6.374e-05,2,2,False,1.6949774941803109,0.5158188609182429,35,26,5,2,0,8,5,False,0,3218783915
1779859596000,1779859597048,9,153,False,60.981,60.981,60.98,60.98,34.980000000000004,0.46,34.52,5,1,4,60.98,60.981,0.0010000000000047748,60.9805,60.98083975741016,60.98237388731994,30.21,110.91000000000001,820.74,281.14,1432.45,6382.04,820.74,6382.04,-0.7721046595896623,-0.9736992566902888,-0.3945655954400816,-2.1894308025889667e-05,2.4323230388020647e-06,-2.432663106469173e-05,0.11394767020509942,-0.6795156407623308,0.12860151299582442,0.46,34.52,-34.06,2639.1400000000017,10.082259417861895,6.995999998600801,22.71,-34.06,0.49592058607875117,6.220839774675958,0.0,0.00016702222799646414,9.848413909568237e-06,1.85187657106131e-07,0.0379999999999967,0.0,0.0,1,-0.9999990000010001,0.0010000000000047748,0.0010000000000047748,0.0030000000000001137,1.8990973138636164e-05,6.690373054015473e-06,-0.39487179497583846,False,1.0,1.0,0.001999999999995339,-6.374e-05,60.98,61.00021429,-0.02021429000000552,6667584.14,-0.00011156619603045067,1.0012,-6.374e-05,2,2,False,1.6978902434575855,0.5144565747698343,36,26,5,2,0,10,5,False,0,2314250993
1779859597000,1779859598119,9,154,False,60.98,60.981,60.98,60.981,5.07,0.1,4.970000000000001,3,1,2,60.98,60.981,0.0010000000000047748,60.9805,60.98082352134442,60.98234432860099,33.46,114.16000000000001,823.51,282.71999999999997,1434.96,6385.8099999999995,823.51,6385.8099999999995,-0.7715429471849256,-0.9605522680551181,-0.40031545877024,-2.15946746605197e-05,2.4337145909749835e-06,-2.4028389251494685e-05,0.11422852640746779,-0.6470434839256338,0.1289593645911593,0.1,4.970000000000001,-4.870000000000001,2634.270000000002,9.85005419104675,1.6899999994366668,4.23,-4.87,0.3045668522740003,2.0833333289930556,1.639868482600129e-05,0.0001670221936506361,9.848413909568237e-06,1.8491851078146417e-07,0.029000000000003467,1.639868482600129e-05,3.2344546001512493e-06,1,0.9999990000010001,0.0010000000000047748,0.0010000000000047748,0.009000000000000341,1.890928747287071e-05,6.605166255896133e-06,-0.39487179497583846,False,1.0,1.0,0.007999999999995566,-6.374e-05,60.98,61.00021429,-0.02021429000000552,6667584.14,-0.00011156619603045067,1.0012,-6.374e-05,2,2,False,1.6962936341085475,0.517215240244132,37,26,5,2,0,8,3,False,0,3796039433
1779859598000,1779859599064,9,155,False,60.98,60.981,60.98,60.98,2.64,1.8,0.8400000000000001,3,1,2,60.98,60.981,0.0010000000000047748,60.9805,60.98079192247752,60.98227309192824,41.0,121.7,858.26,282.59,1434.83,6383.12,858.26,6383.12,-0.7629567844802008,0.36363636349862255,-0.35893161983401967,-2.097382907387039e-05,2.436621191577525e-06,-2.3410450265447914e-05,0.1185216077598305,-0.5838456901712847,0.1344577573349499,1.8,0.8400000000000001,0.96,2635.230000000002,9.625462250356692,0.8799999997066666,1.8,0.96,0.31167334322849327,4.032258048257024,-1.6398684825976564e-05,0.00016702215930480116,9.848413909568237e-06,1.851874276454863e-07,0.021999999999998465,-3.2797369651977855e-05,6.21162303778975e-06,1,0.0,0.0010000000000047748,0.0010000000000047748,-0.01100000000000989,1.8970421985479606e-05,6.560787482857652e-06,-0.39487179497583846,False,1.0,1.0,-0.012000000000014666,-6.374e-05,60.98,61.00021429,-0.02021429000000552,6667584.14,-0.00010339857634189847,1.0012,-6.374e-05,2,1,False,1.6962935074015768,0.514456654590011,38,26,5,2,0,9,3,False,0,1683429528
1779859599000,1779859599997,9,156,False,60.98,60.981,60.98,60.981,10.44,4.09,6.3500000000000005,4,1,3,60.98,60.981,0.0010000000000047748,60.9805,60.980345784261644,60.98240826914407,82.8,163.5,906.78,164.12,1315.4299999999998,6213.58,906.78,6213.58,-0.7452993949743068,-0.21647509576470553,-0.2771630652571152,-2.103617250091094e-05,2.445475250328858e-06,-2.34816477512398e-05,0.1273503025127764,0.30843043179996205,0.14593519355988882,4.09,6.3500000000000005,-2.2600000000000007,2632.9700000000016,9.441020865099096,2.6099999993475,4.09,-2.2600000000000002,0.42368299538064114,4.172461735024499,1.639868482600129e-05,0.00016706240613028266,9.848413909568237e-06,1.8545634450950842e-07,0.021999999999998465,3.2797369651977855e-05,1.5707552513822353e-06,1,0.9999990000010001,0.0010000000000047748,0.0010000000000047748,0.07799999999998875,1.561059898733259e-05,6.871368634747608e-06,-0.39487179497583846,False,1.0,1.0,0.07699999999998397,-6.374e-05,60.98,61.00021429,-0.02021429000000552,6667003.65,-0.00019045109281148613,1.0012,-6.374e-05,2,2,False,1.6962935074015768,0.5172153201173697,39,26,5,2,0,7,4,False,0,2094270886
1779859600000,1779859601086,9,157,False,60.98,60.982,60.98,60.981,55.059999999999995,52.23,2.83,6,3,3,60.981,60.982,0.0009999999999976694,60.9815,60.981582612943384,60.98273117400188,116.13999999999999,193.9,991.1,124.76,1276.4099999999999,6227.099999999999,991.1,6227.099999999999,-0.7253886010361688,0.8972030512005594,-0.1777871628336109,-2.271893632012991e-05,2.2615998665622353e-06,-2.4980536186692148e-05,0.13730569948184626,-0.1652272727253952,0.15915915915913362,52.23,2.83,49.4,2682.3700000000017,9.328200508866338,9.17666666513722,40.29,49.4,0.6432108737000093,9.980039820558485,0.0,0.00013451868922900696,1.9696666320615748e-05,1.563706495567206e-07,-0.006999999999997897,-1.639868482600129e-05,0.0,1,0.4999997500019014,0.000999999999990564,0.0009999999999976694,-0.03699999999999193,1.9554935215885205e-05,1.3608232603794806e-06,-0.34487179446862587,False,1.0,1.0,-0.03799999999998249,-6.374e-05,60.98,61.00021429,-0.02021429000000552,6667003.65,-0.00019045109281148613,1.0012,-6.374e-05,1,1,False,1.6958847465610127,0.5165330633954351,40,26,5,2,0,9,6,False,0,1063667637
1779859601000,1779859602070,9,158,False,60.981,60.99,60.981,60.983,311.34,301.4,9.940000000000001,14,9,5,60.981,60.982,0.0009999999999976694,60.9815,60.981401639774745,60.98284624298981,92.49,189.12,1137.55,78.04,181.88,6022.71,1137.55,6022.71,-0.6822601413914183,0.9361469775777731,-0.14245631387555763,-1.8462542288192362e-05,2.003497214320205e-06,-2.0466039502512566e-05,0.15886992930422095,0.19671794871391357,0.188876768099379,301.4,9.940000000000001,291.46,2973.8300000000017,9.481374262673999,22.238571426982958,145.67,291.46,1.4765791973467621,21.207177364284988,3.279656292296573e-05,0.00013391627319285339,8.862845839341279e-05,1.4990583586134977e-07,0.001999999999995339,3.279656292296573e-05,1.0534002352046121e-07,1,0.22222219753034061,0.0030000000000001137,0.0009999999999976694,-0.025000000000005684,1.0121422600323801e-05,1.3773909022790823e-06,-0.3789473688594192,False,1.0,1.0,-0.028000000000005798,-6.374e-05,60.98,61.00021429,-0.02021429000000552,6667003.65,-0.00019045109281148613,1.0012,-6.374e-05,1,2,False,1.0324245523909947,0.519186764567872,41,26,5,2,0,8,14,False,0,2728217522
1779859602000,1779859603078,9,159,False,60.982,60.99,60.981,60.986,109.86,107.91,1.95,10,8,2,60.985,60.986,0.0009999999999976694,60.9855,60.985713510152344,60.98423472481421,78.89,155.59,813.98,70.22,1202.08,6039.150000000001,813.98,6039.150000000001,-0.7624501505150546,0.964500273066043,-0.0730709587433516,-2.3906444037375948e-05,1.921246857570328e-06,-2.5827690894946277e-05,0.11877492474239962,-0.4270221418824066,0.13478386859075617,107.91,1.95,105.96,3079.790000000002,9.498378385209277,10.9859999989014,42.11,105.96,1.0528112898217479,16.363636095867772,4.919282769556477e-05,0.00013255072974345598,8.862845839341279e-05,1.3212538698135204e-07,0.006000000000000227,1.639626477259904e-05,4.477774230394774e-07,1,0.44444439506147077,0.000999999999990564,0.0009999999999976694,-0.027000000000001023,1.3551543498358204e-05,1.3717452777305671e-06,-0.3789473688594192,False,1.0,1.0,-0.027999999999991587,-6.374e-05,60.98,61.00021429,-0.02021429000000552,6667003.65,-0.00019045109281148613,1.0012,-6.374e-05,0,2,False,1.699462356898259,0.5223883880348446,42,26,5,2,0,9,10,False,0,2621049711
1779859603000,1779859604002,9,160,False,60.985,60.985,60.985,60.985,1.74,0.0,1.74,2,0,2,60.985,60.986,0.0009999999999976694,60.9855,60.985611668421335,60.98428699601776,83.32,221.83,914.74,88.18,354.47,5918.33,914.74,5918.33,-0.732260901761473,-0.9999999994252873,0.021828114109665047,-2.256607942392044e-05,1.9755937310988056e-06,-2.4541673155019246e-05,0.13386954911919036,-0.22333924698948673,0.15456049257135804,0.0,1.74,-1.74,3078.050000000002,9.252529913563071,0.869999999565,1.31,-1.74,0.216157096325848,1.9685039331328664,-1.6397340351713815e-05,0.00012507539574302948,0.0,1.038477558489443e-07,0.005000000000002558,-6.559016804727858e-05,9.423758817408078e-06,1,0.0,0.0010000000000047748,0.0009999999999976694,0.03700000000000614,1.4158096925107296e-05,1.346743907486149e-06,-0.3789473688594192,False,1.0,1.0,0.036000000000001364,-6.374e-05,60.98,61.00021429,-0.02021429000000552,6667003.65,-0.00018756782884588204,1.0012,-6.374e-05,0,1,True,1.6845619564556695,0.5210179903242114,43,26,5,2,0,8,2,False,0,2439666841
1779859604000,1779859604998,9,161,False,60.985,61.044,60.985,61.019,8049.31,7457.4800000000005,591.83,114,78,36,61.019,61.021,0.0020000000000024443,61.019999999999996,61.02020427884733,61.023786255353414,49.870000000000005,77.82000000000001,877.15,121.41,178.54,699.12,877.15,699.12,0.11294384845228739,0.8529488863019498,-0.1729103766031914,-1.6393721254121488e-05,3.435287842579895e-05,-5.074659967992044e-05,0.5564719242258265,-0.20428076801371475,1.2546487012226017,7457.4800000000005,591.83,6865.650000000001,9943.700000000003,12.686873195085594,70.60798245552098,3296.94,6865.65,8.98566559608821,102.54082433111331,0.0005573587895507053,0.00017345265549938905,0.0005807326753508144,9.844768969479626e-08,0.03900000000000148,0.0005737561299024191,6.924305183309327e-08,1,0.576271176673376,0.001999999999995339,0.0020000000000024443,0.024999999999991473,3.3712301701254506e-05,1.734620070163739e-05,3518437206.0375843,False,1.0,1.0,0.022999999999996135,-6.374e-05,60.98,61.00021429,-0.02021429000000552,6666917.92,-0.00020042426695664862,1.0012,-6.374e-05,2,2,False,0.037823029013881945,0.5402589143754308,44,26,5,2,0,9,114,False,0,273906366
1779859605000,1779859606030,9,162,False,61.018,61.022,61.0,61.0,433.63,81.94,351.69,37,7,30,60.999,61.0,0.0009999999999976694,60.9995,60.999849617827095,61.00368921545563,60.86,132.74,589.81,477.52000000000004,696.58,951.9200000000001,589.81,951.9200000000001,-0.23487251334524545,-0.6220741184866775,-0.19996432927498595,-2.7841356198630196e-05,2.212688460630899e-05,-4.996824080493919e-05,0.38256374332705295,-0.6992364436346626,0.6196003865864572,81.94,351.69,-269.75,9673.950000000003,13.484024893607378,11.71972972941298,46.44,-269.75,2.7439878144097234,50.84745504165483,-0.00031142691144105903,0.00018560853811988524,0.00021655679532893692,2.704087153695723e-07,0.020000000000003126,-0.0008687857009917644,7.18185806886841e-07,1,-0.8181817809918254,0.0010000000000047748,0.0009999999999976694,0.021000000000000796,4.6390112467584163e-05,1.7291883889331052e-05,0.01724137931508036,False,1.0,1.0,0.01999999999999602,-6.374e-05,60.98,61.00021429,-0.02021429000000552,6666917.92,-0.00020042426695664862,1.0012,-6.374e-05,2,1,False,1.8571355342111153,0.4936414227041752,45,26,5,2,0,10,37,False,0,1494058020
1779859606000,1779859607020,9,163,False,61.0,61.006,60.989,60.99,568.64,421.13,147.51,23,8,15,60.995,60.996,0.0010000000000047748,60.9955,60.99508668844148,60.99512555969114,215.85,279.18,915.21,159.03,233.98,567.18,915.21,567.18,0.23477627345014832,0.4811831738877301,0.2480265183571559,-2.4096416140102474e-05,4.118202910413376e-05,-6.527844524423624e-05,0.6173881367247369,0.8266209138373377,1.6136147254811286,421.13,147.51,273.62,9947.570000000003,13.79602407742353,24.723478259794632,253.86,273.62,1.6671469888176802,21.978021494988536,-0.00016394786494631225,0.0001891586939206508,0.0001673763767493998,3.187741239173232e-07,0.010000000000005116,0.00014747904649474678,2.883157444886465e-07,1,-0.5882352595153517,0.01099999999999568,0.0010000000000047748,-0.05499999999999261,2.1604020336484543e-05,1.7039112854815534e-05,0.017241379315202872,False,1.0,1.0,-0.06599999999998829,-6.374e-05,60.98,61.00021429,-0.02021429000000552,6666917.92,-0.00020042426695664862,1.0012,-6.374e-05,2,2,False,0.842991762815886,0.49579190491152886,46,26,5,2,0,9,23,False,0,2081780989
1779859607000,1779859608016,9,164,False,60.994,61.0,60.994,60.999,103.64,98.87,4.7700000000000005,7,4,3,60.999,61.0,0.0009999999999976694,60.9995,60.99973195955001,60.999131589256486,175.32,286.96999999999997,935.41,189.82999999999998,289.81,565.13,935.41,565.13,0.24676449811384782,0.9079505982158631,0.21178749899841579,-2.0007089846880017e-05,4.1431253023963344e-05,-6.143834287084336e-05,0.6233822490565907,-0.46391976145045316,1.6552120750948363,98.87,4.7700000000000005,94.10000000000001,10041.670000000004,13.57320361586866,14.805714283599183,48.45,94.1,0.5157220209457744,8.862629168130319,0.00014755428794938226,0.0001884769535654035,5.907449922563852e-05,3.268147001103902e-07,0.018000000000000682,0.00031150215289569455,1.4237194900420545e-06,1,0.8333331944448623,0.000999999999990564,0.0009999999999976694,-0.022999999999996135,2.136673841299746e-05,1.6940287643034138e-05,0.0172413793153296,False,1.0,1.0,-0.0239999999999867,-6.374e-05,60.98,61.00021429,-0.02021429000000552,6666917.92,-0.00020042426695664862,1.0012,-6.374e-05,2,2,False,1.8709551563971554,0.48564048914116803,47,26,5,2,0,9,7,False,0,712834733
1779859608000,1779859609027,9,165,False,60.999,61.014,60.999,61.004,522.42,480.09000000000003,42.33,26,19,7,61.003,61.004,0.0009999999999976694,61.0035,61.00321177893791,61.00177573597935,223.82,280.28000000000003,841.42,45.64,194.81,481.95,841.42,481.95,0.27163227215346303,0.8379464798422,0.25892908266813136,-2.3675076292694106e-05,4.6353623258594374e-05,-7.002869955128848e-05,0.6358161360763537,0.576440838683211,1.7458657537052684,480.09000000000003,42.33,437.76000000000005,10479.430000000004,13.98063956288936,20.09307692230411,132.96,437.76,1.8597146347407085,26.399154530117354,8.196519762300992e-05,0.00018808248527987055,0.00014766325082217772,3.372942577443348e-07,0.02400000000000091,-6.558909032637234e-05,1.5689521385638573e-07,1,0.3333333111107968,0.000999999999990564,0.0009999999999976694,-0.027000000000001023,1.7029860530868262e-05,1.696757969594591e-05,0.0172413793153296,False,1.0,1.0,-0.027999999999991587,-6.374e-05,60.98,61.00021429,-0.02021429000000552,6666917.92,-0.00022011923917248765,1.0012,-6.374e-05,2,1,False,1.3237173679233574,0.4856444977772466,48,26,5,2,0,9,26,False,0,1944009395
1779859609000,1779859610032,9,166,False,61.005,61.007,61.005,61.006,18.3,10.99,7.31,6,3,3,61.006,61.007,0.0009999999999976694,61.0065,61.00630607265962,61.01019729918824,225.99999999999997,343.28,758.74,949.27,996.73,1196.7,758.74,1196.7,-0.22397005277573132,0.20109289616387474,0.2117595975045529,-3.0283064567451644e-05,1.514535720099516e-05,-4.54284217684468e-05,0.38801497361187864,0.3878534031372999,0.6340269073279569,10.99,7.31,3.6800000000000006,10483.110000000004,13.718979249352003,3.049999999491667,5.53,3.6800000000000006,0.43735032253555245,8.143322409256333,3.278419801942332e-05,0.0001881895477991421,1.9688594710258153e-05,3.3217912165768306e-07,0.02499999999999858,-4.9180999603586604e-05,1.7914862304716846e-06,1,0.49999975000012503,0.0010000000000047748,0.0009999999999976694,-0.019000000000005457,2.3919228989213126e-05,1.695666275678297e-05,0.017241379315329604,False,1.0,1.0,-0.020000000000010232,-6.374e-05,60.98,61.00021429,-0.02021429000000552,6666917.92,-0.00022011923917248765,1.0012,-6.374e-05,2,1,False,1.7354203338712724,0.4807094019749912,49,26,5,2,0,9,6,False,0,2512289350
1779859610000,1779859611095,9,167,False,61.006,61.028,61.006,61.011,348.31,343.51,4.8,25,22,3,61.01,61.011,0.0010000000000047748,61.0105,61.01053106211535,61.01041457364284,80.99,191.05,520.21,71.19,1001.0799999999999,1281.99,520.21,1281.99,-0.42269448451868674,0.972438345149515,-0.0274375623298106,-3.797706154744427e-05,1.080956360157463e-05,-4.87866251490189e-05,0.2886527577403792,-0.0621254494600267,0.4057831964364732,343.51,4.8,338.71,10821.820000000003,14.088848782160134,13.932399999442705,60.07,338.71,1.774453000722213,25.236592423051295,8.195579309108277e-05,0.00015633487262576784,0.00021653550059460983,2.8027316596319706e-07,0.030000000000001137,4.917159507165945e-05,2.35295550201968e-07,1,0.22727271694228135,0.0010000000000047748,0.0010000000000047748,0.03300000000000125,2.3884835533400677e-05,1.686556617269239e-05,0.01724137931545212,False,1.0,1.0,0.031999999999996476,-6.374e-05,60.98,61.00021429,-0.02021429000000552,6666917.92,-0.00022011923917248765,1.0012,-6.374e-05,1,2,False,1.7709194127514412,0.5157853713537215,50,26,5,2,0,9,25,False,0,3374154365
1779859611000,1779859611993,9,168,False,61.01,61.017,61.01,61.017,69.28,68.06,1.22,5,3,2,61.017,61.018,0.0009999999999976694,61.0175,61.01700778885507,61.01604311672017,449.49,647.12,1169.78,4.39,873.18,1026.3899999999999,1169.78,1026.3899999999999,0.0652909383153102,0.964780600447968,0.2976387346132332,-1.948506454947508e-05,1.190388104593634e-05,-3.138894559541142e-05,0.5326454691574274,0.9844216920541595,1.1397032317139297,68.06,1.22,66.84,10888.660000000003,13.790853740122097,13.8559999972288,62.59,66.84,0.3625591347612373,6.144393203413866,9.833808642012761e-05,0.00015577339781841905,6.890161087903588e-05,2.864502472452794e-07,0.034000000000006025,1.6382293329044844e-05,1.4194296538497138e-06,1,0.9999998571428775,0.000999999999990564,0.0009999999999976694,0.0730000000000075,1.3913650047214935e-05,1.6872968983635084e-05,0.01724137931557883,False,1.0,1.0,0.07200000000001694,-6.374e-05,60.98,61.00021429,-0.02021429000000552,6666917.92,-0.00022011923917248765,1.0012,-6.374e-05,1,2,False,1.7369958805288208,0.5203584502305342,51,26,5,2,0,8,5,False,0,471002034
1779859612000,1779859613080,9,169,False,61.017,61.017,61.01,61.01,84.98,1.32,83.66,8,1,7,61.01,61.011,0.0010000000000047748,61.0105,61.01013215496376,61.016174008960675,86.01,212.34,611.35,895.72,925.87,1101.39,611.35,1101.39,-0.28611464670627995,-0.9689338667807844,0.30735946418836785,-3.315190868672074e-05,1.4089741240232846e-05,-4.724164992695358e-05,0.3569426766465681,0.7356884992169199,0.5550713189691616,1.32,83.66,-82.34,10806.320000000003,13.600989683068914,10.622499998672188,33.46,-82.34,0.5881924908281156,10.835913195276483,-0.00011472870770706273,0.00015782914636815656,6.890161087903588e-05,2.9773244881864606e-07,0.02400000000000091,-0.00021306679412719034,1.3500671652825683e-06,1,-0.9999998571428775,0.0010000000000047748,0.0010000000000047748,-0.028999999999996362,2.2972566728524233e-05,1.695428072261297e-05,0.017241379315701355,False,1.0,1.0,-0.030000000000001137,-6.374e-05,60.98,61.00021429,-0.02021429000000552,6666917.92,-0.00022011923917248765,1.0012,-6.374e-05,1,1,False,1.7246224418340805,0.49220101250499293,52,26,5,2,0,11,8,False,0,2944099208
1779859613000,1779859614064,9,170,False,61.011,61.018,61.01,61.018,122.74,110.81,11.93,10,8,2,61.017,61.018,0.0009999999999976694,61.0175,61.017206835778445,61.01464812610584,151.47,263.72,880.92,16.46,112.14,461.89,880.92,461.89,0.3120545721283636,0.8056053446243636,-0.0114862505639092,-2.1172129814016544e-05,3.677624522388778e-05,-5.7948375037904325e-05,0.6560272860638094,0.586326099470207,1.9072073437357224,110.81,11.93,98.88,10905.200000000003,13.482924447558457,12.273999998772599,53.43,98.88,0.741678857443213,11.335012465975929,0.00013111744864224015,0.00016052921450696603,7.874405287355055e-05,3.127753842592174e-07,0.03300000000000125,0.0002458461563493029,1.0682536144791584e-06,1,0.8749998906244586,0.0010000000000047748,0.0009999999999976694,0.06700000000000728,1.739859102450403e-05,1.7031426785592906e-05,0.017241379315828084,False,1.0,1.0,0.0660000000000025,-6.374e-05,60.98,61.00021429,-0.02021429000000552,6666917.92,-0.00020307059907669604,1.0012,-6.374e-05,2,2,False,1.717659523350897,0.49636064197294577,53,26,5,2,0,9,10,False,0,2133550963
1779859614000,1779859615006,9,171,False,61.017,61.025,61.016,61.016,220.45,100.69,119.75999999999999,12,8,4,61.015,61.016,0.0009999999999976694,61.0155,61.01592280572187,61.0165850021076,67.63,113.9,438.37,486.06,580.07,931.68,438.37,931.68,-0.3600671508336483,-0.08650487638881148,-0.22287533347519922,-4.5559419820262466e-05,3.2398545167634496e-05,-7.795796498789696e-05,0.3199664245828109,-0.845611827616088,0.47051562768281974,100.69,119.75999999999999,-19.069999999999993,10886.130000000003,13.434303973868015,18.37083333180243,50.49,-19.069999999999993,0.8932357063267874,19.999999600000006,-3.2777750465914436e-05,0.0001606964459983599,8.857762308301418e-05,3.170731192725401e-07,-0.0030000000000001137,-0.00016389519910815458,1.4868564511574395e-07,1,-0.1111110987659598,0.000999999999990564,0.0009999999999976694,-0.07099999999999795,4.183323507078076e-05,1.7044779299225643e-05,0.017241379315828084,False,1.0,1.0,-0.07199999999998852,-6.374e-05,60.98,61.00021429,-0.02021429000000552,6663728.58,-0.0006813564242628251,1.0012,-6.374e-05,2,1,False,1.7281500540938683,0.49964858652424887,54,26,5,2,0,9,12,False,0,671613447
1779859615000,1779859616053,9,172,False,61.015,61.015,60.974,60.995,834.37,112.57000000000001,721.8,59,14,45,60.994,60.995,0.0009999999999976694,60.9945,60.99478360070864,60.99410295092368,58.15,242.35999999999999,469.04,73.95,212.79,780.66,469.04,780.66,-0.24935584540269712,-0.7301676714158823,-0.2616452215807206,-4.5367670354432806e-05,2.4912476090141175e-05,-7.028014644457398e-05,0.37532207729825134,-0.5672027893311529,0.6008249429961817,112.57000000000001,721.8,-609.2299999999999,10276.900000000003,14.92826122062644,14.14186440653997,69.45,-609.23,3.9522352351744234,71.78217306514104,-0.0003442312612365717,0.00017817998152747083,0.00040369230516302016,3.2835624565591944e-07,-0.005000000000002558,-0.00031145351077065727,4.1256428351469873e-07,1,-0.48780486615113045,0.000999999999990564,0.0009999999999976694,-0.03300000000000125,8.37833970385823e-06,1.7122853978571302e-05,0.017241379315828084,False,1.0,1.0,-0.033999999999991815,-6.374e-05,60.98,61.00021429,-0.02021429000000552,6663728.58,-0.0006813564242628251,1.0012,-6.374e-05,2,1,False,1.7566071756137083,0.5179022430345639,55,26,5,2,0,9,59,False,0,3939651928
1779859616000,1779859617022,9,173,False,60.993,60.993,60.98,60.981,158.18,11.34,146.84,12,1,11,60.98,60.981,0.0010000000000047748,60.9805,60.98062419342719,60.98093711613969,56.089999999999996,167.37,929.1800000000001,121.86,290.85,572.84,929.1800000000001,572.84,0.23724051610482072,-0.8566190415927638,0.030351427473093044,-2.0419155420297013e-05,4.221068121098064e-05,-6.262983663127766e-05,0.6186202580520775,-0.24838802809885108,1.6220585154639655,11.34,146.84,-135.5,10141.400000000003,14.832252656015738,13.181666665568194,68.85,-135.5,0.8090477068784244,14.175257531020833,-0.00022955335576621338,0.0001854261118998787,0.00012801678546359806,4.073756868324105e-07,-0.009000000000000341,0.00011467790547035835,1.4512160561686824e-06,1,-0.923076852070675,0.0010000000000047748,0.0010000000000047748,-0.01100000000000989,8.471273931825222e-06,1.7136610067342828e-05,0.017241379315828084,False,1.0,1.0,-0.012000000000014666,-6.374e-05,60.98,61.00021429,-0.02021429000000552,6663728.58,-0.0006813564242628251,1.0012,-6.374e-05,2,2,False,1.7022842650815215,0.5195285313164698,56,26,5,2,0,10,12,False,0,2937254655
1779859617000,1779859618011,9,174,False,60.98,60.998,60.98,60.998,175.42,171.41,4.01,17,14,3,60.995,60.996,0.0010000000000047748,60.9955,60.99563902415951,60.993071583948236,90.73,644.28,848.53,87.38,194.79999999999998,586.6,848.53,586.6,0.1825130824383975,0.9542811537968632,-0.09601819787019776,-1.8672149536845553e-05,3.31250988720478e-05,-5.1797248408893355e-05,0.5912565412188503,-0.2780506233419333,1.4465223320807252,171.41,4.01,167.4,10308.800000000003,14.903326339425059,10.318823528804774,65.31,167.4,1.1406849458759918,26.016259485755853,0.000278736505629134,0.00019558655145388248,0.00017724674543841235,4.7109167021010413e-07,-0.0010000000000047748,0.0005082898613953474,1.588966512527335e-06,1,0.9999999444444475,0.0049999999999954525,0.0010000000000047748,-0.15099999999999625,2.2255785740416697e-05,1.7201277359849325e-05,0.0172413793159506,False,1.0,1.0,-0.1559999999999917,-6.374e-05,60.98,61.00021429,-0.02021429000000552,6663728.58,-0.0006813564242628251,1.0012,-6.374e-05,2,2,False,1.7049445019937963,0.5050822415639,57,26,5,2,0,9,17,False,0,301094591
1779859618000,1779859619086,9,175,False,60.996,60.996,60.984,60.985,8.78,6.26,2.52,8,3,5,60.984,60.985,0.0009999999999976694,60.9845,60.984559467339096,60.983887066927394,82.16,210.82999999999998,655.11,75.28,231.61,1304.48,655.11,1304.48,-0.3313805438891138,0.425968109290892,0.0289952900284617,-3.203532139779679e-05,1.1968683345437035e-05,-4.400400474323383e-05,0.3343097280551879,-0.11893600784782589,0.5022001103884289,6.26,2.52,3.7399999999999998,10312.540000000003,14.676987770919318,1.0974999998628123,5.77,3.7399999999999998,0.545070972621914,8.353221887264256,-0.00021314445536204247,0.00020127638015673925,0.00011816255904198837,5.302338940279227e-07,-0.01899999999999835,-0.0004918809609911765,2.4276133865349242e-05,-1,-0.9166665902779816,0.0010000000000047748,0.0009999999999976694,-0.13700000000000045,2.263089217244506e-05,1.7100307239396453e-05,0.01724137931607733,False,1.0,1.0,-0.13800000000000523,-6.374e-05,60.98,61.00021429,-0.02021429000000552,6663728.58,-0.0005306162705358155,1.0012,-6.374e-05,2,0,False,1.682569561712288,0.5205780810132878,58,26,5,2,0,10,8,False,0,3703861272
1779859619000,1779859620032,9,176,False,60.985,60.985,60.98,60.98,92.39,9.06,83.33,4,1,3,60.98,60.981,0.0010000000000047748,60.9805,60.98099802098325,60.98184665510236,2.54,96.82,797.6,191.99,216.89000000000001,421.76,797.6,421.76,0.30822726676263923,-0.8038748782248741,0.16532401448940506,-2.1135343990039558e-05,5.934731873859237e-05,-8.048266272863192e-05,0.6541136333809096,-0.996043822261168,1.8911229135008274,9.06,83.33,-74.27,10238.270000000002,14.326922598102291,23.097499994225625,58.68,-74.27,0.27919464018397333,3.500583418317677,-8.199073509295097e-05,0.00020207637021149507,4.9240454616531536e-05,5.477097646040432e-07,-0.026000000000003354,0.0001311537202690915,8.874416613493183e-07,-1,-0.99999980000004,0.0010000000000047748,0.0010000000000047748,0.08900000000001285,1.912007634609467e-05,1.7256643713267388e-05,0.01724137931619983,False,1.0,1.0,0.08800000000000807,-6.374e-05,60.98,61.00021429,-0.02021429000000552,6663457.58,-0.0005712626143565424,1.0012,-6.374e-05,2,1,False,1.6916299535095227,0.5240157992052975,59,26,5,2,0,8,4,False,0,1247545587
1779859620000,1779859621060,9,177,False,60.98,60.984,60.955,60.984,1495.96,1257.45,238.51,56,29,27,60.978,60.979,0.0009999999999976694,60.9785,60.97899806344397,60.980812722705394,24.14,144.49,666.89,238.84,248.51999999999998,520.72,666.89,520.72,0.1230791253019736,0.6811278376422625,-0.1266044783325104,-1.8312173888266366e-05,5.077697975496857e-05,-6.908915364323494e-05,0.5615395626505657,-0.9961281996021064,1.2807074819456123,1257.45,238.51,1018.94,11257.210000000003,15.693253004721887,26.713571428094404,820.62,1018.94,3.5684124878112873,75.13660637634788,6.559312586411269e-05,0.00020260795222765683,0.00028565553687926034,5.530877932106863e-07,-0.027000000000001023,0.00014758386095706366,4.384684474455791e-08,-1,0.1379310297266683,0.01100000000000989,0.0009999999999976694,-0.028999999999996362,8.380378400842468e-08,1.7292141670764627e-05,0.017241379316326567,False,1.0,1.0,-0.04000000000000625,-6.374e-05,60.98,61.00021429,-0.02021429000000552,6663457.58,-0.0005712626143565424,1.0012,-6.374e-05,2,1,False,0.008875517343018991,0.5208744274416863,0,27,5,2,0,11,56,False,0,4142562313
1779859621000,1779859621999,9,178,False,60.983,60.983,60.971,60.975,106.64,103.29,3.35,15,7,8,60.975,60.976,0.0009999999999976694,60.9755,60.975999625601695,60.97624003664794,27.54,475.52,744.22,251.25,356.87,600.4300000000001,744.22,600.4300000000001,0.10693489012002605,0.937171792939449,-0.25683681942925174,-2.3468251856865404e-05,4.551388868007559e-05,-6.8982140536941e-05,0.5534674450596412,-0.9992519635893327,1.2394783738300226,103.29,3.35,99.94000000000001,11357.150000000003,15.670523398009694,7.109333332859378,34.34,99.94,0.9572111676211104,15.801354152123071,-0.0001475905839886836,0.00020514714378468084,0.00011818775072531313,5.611553652937378e-07,-0.04200000000000159,-0.0002131837098527963,1.3840077268126367e-06,-1,-0.666666611110721,0.000999999999990564,0.0009999999999976694,-0.046999999999997044,4.032658611138536e-05,1.7267292075907313e-05,0.017241379316204033,False,1.0,1.0,-0.04799999999998761,-6.374e-05,60.98,61.00021429,-0.02021429000000552,6663457.58,-0.0005712626143565424,1.0012,-6.374e-05,2,0,False,1.7065839066043735,0.5170720832970717,1,27,5,2,0,8,15,False,0,4149703041
1779859622000,1779859623020,9,179,False,60.975,61.09,60.971,61.074,10803.82,8462.53,2341.29,302,210,92,61.073,61.074,0.0009999999999976694,61.073499999999996,61.073985873549645,61.07373357836734,26.18,151.89000000000001,975.84,79.18,151.55,489.15999999999997,975.84,489.15999999999997,0.33220477815676985,0.5665810796551066,0.18516576829699882,-1.7450491423982586e-05,3.801464551184835e-05,-5.546513693583094e-05,0.6661023890780436,-0.9717514123950654,1.9949300842219422,8462.53,2341.29,6121.240000000001,17478.390000000003,25.058375089878226,35.77423841047757,2831.85,6121.24,12.051858865738438,356.6349439015188,0.0016222995962736956,0.00041660191177149923,0.001171001482295655,7.997848785737909e-07,0.06400000000000006,0.0017698901802623791,1.501598134987019e-07,1,0.8319327661181358,0.0010000000000047748,0.0009999999999976694,0.07699999999999818,6.500761365859777e-06,1.8020034994536007e-05,0.017241379315954836,False,1.0,1.0,0.0759999999999934,-6.374e-05,60.98,61.00021429,-0.02021429000000552,6663457.58,-0.0005712626143565424,1.0012,-6.374e-05,2,2,False,0.02487747273190351,0.4297269100274755,2,27,5,2,0,10,302,False,0,30085726
1779859623000,1779859624012,9,180,False,61.076,61.077,61.056,61.058,492.2,3.74,488.46,19,2,17,61.053,61.054,0.0010000000000047748,61.0535,61.05399913925976,61.05485547201586,3.5,31.42,465.8,251.4,398.65,663.1,465.8,663.1,-0.17477190185120492,-0.9848029256379829,-0.22451871914716043,-3.608025920842344e-05,3.930785137134505e-05,-7.538811057976849e-05,0.4126140490739546,-0.9982795698838859,0.7024581511073708,3.74,488.46,-484.71999999999997,16993.670000000002,24.85973984102976,25.9052631565313,324.01,-484.71999999999997,0.7642879660340274,23.968042035386475,-0.0002620115955119826,0.0004206854086633791,0.00020652543401942028,1.2157069824216248e-06,0.03999999999999915,-0.0018843111917856781,5.323275000232634e-07,1,-0.8571428163265326,0.009000000000000341,0.0010000000000047748,-0.08499999999999375,3.668795676634541e-06,1.8013784747608457e-05,0.0172413793159506,False,1.0,1.0,-0.09399999999999409,-6.374e-05,60.98,61.00021429,-0.02021429000000552,6663457.58,-0.0005976984249148645,1.0012,-6.374e-05,2,1,False,0.8674273299190984,0.4323569783168482,3,27,5,2,0,10,19,False,0,658125566
1779859624000,1779859625019,9,181,False,61.054,61.059,61.026,61.026,486.97,148.72,338.25,28,8,20,61.024,61.025,0.0009999999999976694,61.0245,61.02499907590483,61.02600087436849,50.46,229.09,755.9,383.93,551.6800000000001,645.59,755.9,645.59,0.07870908818466149,-0.38920262028381786,-0.05775332055331196,-2.2063079050322452e-05,3.765434111991787e-05,-5.971742017024033e-05,0.539354544091974,-0.9981529368212214,1.1708669589039933,148.72,338.25,-189.53,16804.140000000003,24.962699190504196,17.39178571366458,196.85,-189.53,1.1216735732460181,27.27272652892564,-0.0005242292312315833,0.0004185505780568051,0.0003246675714075428,1.1794845933163285e-06,0.010000000000005116,-0.00026221763571960074,1.0765123749522698e-06,1,-0.8484848227732982,0.0030000000000001137,0.0009999999999976694,0.010999999999981469,3.4795169402217604e-06,2.050981266355275e-06,0.01724137931595484,False,1.0,1.0,0.007999999999981355,-6.22e-05,61.05837143,61.09078571,-0.032414279999997575,6662487.89,-0.0007431349953709419,1.0012,-6.22e-05,2,1,False,0.9570752666643795,0.42550151910692746,4,27,5,2,0,9,28,False,0,687556738
1779859625000,1779859625992,9,182,False,61.024,61.024,60.99,61.0,533.42,348.78000000000003,184.64000000000001,50,17,33,60.998,60.999,0.0010000000000047748,60.9985,60.99843788126773,60.99752056647307,225.82999999999998,419.28,1143.71,133.97,169.32,641.14,1143.71,641.14,0.28157548253338854,0.3077124967187063,0.1615120949719374,-1.583384790521082e-05,3.42711165409741e-05,-5.010496444618492e-05,0.6407877412664141,0.12423564503916126,1.783869357703803,348.78000000000003,184.64000000000001,164.14000000000001,16968.280000000002,25.783594299012254,10.668399999786631,68.01,164.14000000000001,1.93921760551345,58.0568686673145,-0.0004261386982029547,0.0004235740311191248,0.00033470063235168887,1.3518211782557051e-06,0.005000000000002558,9.809053302862862e-05,7.988802410898652e-07,1,-0.7058823321799806,0.0030000000000001137,0.0010000000000047748,-0.03300000000000125,2.4556533716139253e-05,2.0928008736097652e-06,0.017241379315950604,False,1.0,1.0,-0.036000000000001364,-6.22e-05,61.05837143,61.09078571,-0.032414279999997575,6662487.89,-0.0007431349953709419,1.0012,-6.22e-05,2,2,False,1.7749516643019796,0.4539083083184838,5,27,5,2,0,10,50,False,0,159432652
1779859626000,1779859627078,9,183,False,61.001,61.001,60.998,60.999,67.17,63.17,4.0,4,2,2,60.998,60.999,0.0010000000000047748,60.9985,60.99869875901561,60.99858026415221,125.0,230.59,1018.37,193.82,260.15,530.82,1018.37,530.82,0.3147128499407337,0.8808992109441581,0.2382166622580601,-1.600123749011853e-05,4.72999525973251e-05,-6.330119008744362e-05,0.6573564249700441,-0.3975190075998598,1.918484608714972,63.17,4.0,59.17,17027.45,25.069378092487263,16.792499995801876,54.61,59.17,0.15955720900149312,2.7752081329087654,-1.639357699689082e-05,0.00042200053576484976,2.9536039041943753e-05,1.3346159053430755e-06,0.018000000000000682,0.0004097451212060639,2.440609944416668e-07,1,-0.6666664444429395,0.0010000000000047748,0.0010000000000047748,-0.04199999999998738,2.2042359121880376e-05,2.075433402458881e-06,0.017241379316199814,False,1.0,1.0,-0.042999999999992156,-6.22e-05,61.05837143,61.09078571,-0.032414279999997575,6662487.89,-0.0007431349953709419,1.0012,-6.22e-05,2,2,False,1.7333933227477167,0.4468219686055586,6,27,5,2,0,9,4,False,0,1921672514
1779859627000,1779859628032,9,184,False,60.999,61.049,60.998,61.035,950.07,890.44,59.63,57,53,4,61.035,61.036,0.0010000000000047748,61.0355,61.03518735267705,61.03358770198337,172.41,616.98,1004.08,40.809999999999995,179.64,329.23,1004.08,329.23,0.5061463575608778,0.8744724072953841,0.43876334067255857,-1.8445014633111523e-05,5.555632593089188e-05,-7.40013405640034e-05,0.753073178780064,0.6252927400370758,3.0497828265861258,890.44,59.63,830.8100000000001,17858.260000000002,26.116283728799157,16.667894736549687,84.66,830.8100000000001,2.18254636033694,70.61790169659207,0.0005899995254485732,0.0004409090731575898,0.0005019152163807918,1.3321937916197522e-06,0.036999999999999034,0.000606393102445464,6.210063736860991e-07,1,0.7058823391002069,0.0010000000000047748,0.0010000000000047748,-0.021000000000015007,2.1595027889536403e-05,2.501642893948815e-06,0.017241379316449038,False,1.0,1.0,-0.02200000000001978,-6.22e-05,61.05837143,61.09078571,-0.032414279999997575,6662487.89,-0.0007431349953709419,1.0012,-6.22e-05,2,2,False,1.7311960969159357,0.412139319679312,7,27,5,2,0,10,57,False,0,204187624
1779859628000,1779859629076,9,185,False,61.035,61.036,61.012,61.012,108.26,0.09,108.17,26,1,25,61.015,61.016,0.0009999999999976694,61.0155,61.015635759124834,61.01413658511433,251.68,401.66,1003.36,88.17999999999999,244.25,504.66999999999996,1003.36,504.66999999999996,0.33068970776421514,-0.9983373360336381,0.2109990124471139,-1.6990093164222764e-05,5.6017662341030054e-05,-7.300775550525281e-05,0.665344853881776,-0.271519407798505,1.9881506727128855,0.09,108.17,-108.08,17750.18,26.112471147527053,4.1638461536860065,54.62,-108.08,0.9956928186579003,32.93807533142044,-0.00037690398407620496,0.00044851725359482185,0.00023619344997418302,1.551879800094816e-06,0.027000000000001023,-0.0009669035095247781,3.481470386779267e-06,1,-0.9583332934025821,0.007000000000005002,0.0009999999999976694,0.06700000000000728,7.842743814235351e-07,2.4819352587661537e-06,0.01724137931645329,False,1.0,1.0,0.060000000000002274,-6.22e-05,61.05837143,61.09078571,-0.032414279999997575,6662487.89,-0.0007643053361716194,1.0012,-6.22e-05,2,1,False,1.721660053776433,0.41325496694202474,8,27,5,2,0,10,26,False,0,142070423
1779859629000,1779859630010,9,186,False,61.015,61.05,61.015,61.032,1020.09,1000.23,19.86,37,34,3,61.031,61.032,0.0009999999999976694,61.031499999999994,61.03171636056813,61.031293505542365,89.16,258.85,646.63,103.34,241.15,406.42,646.63,406.42,0.22810882674115368,0.9610622592114803,0.09055225846160375,-2.699070867338861e-05,5.2806701481276626e-05,-7.979741015466523e-05,0.614054413370102,-0.4327226784531557,1.5910388268254736,1000.23,19.86,980.37,18730.55,26.469439306624526,27.56999999925487,107.51,980.37,1.3978384494658391,47.55614040684141,0.00032775065024145283,0.00045440621807688514,0.0003444008148086016,1.6727234710048493e-06,0.0519999999999996,0.0007046546343176577,3.2129581727213434e-07,1,0.4857142718366655,0.0010000000000047748,0.0009999999999976694,-0.05299999999999727,3.519512142773188e-05,2.630169532597412e-06,0.017241379316326563,False,1.0,1.0,-0.054000000000002046,-6.22e-05,61.05837143,61.09078571,-0.032414279999997575,6660399.2,-0.0010775657334204422,1.0012,-6.22e-05,2,2,False,1.5495565649932834,0.406915126657715,9,27,5,2,0,8,37,False,0,4014789375
1779859630000,1779859631091,9,187,False,61.031,61.052,61.016,61.019,2150.34,547.89,1602.45,61,28,33,61.016,61.017,0.0010000000000047748,61.0165,61.016991141831994,61.01791644264662,46.62,592.83,3016.27,233.19,1227.71,1434.81,3016.27,1434.81,0.355298040026161,-0.4904154691813897,0.05544320512377193,-4.182668120437239e-06,1.2769223765171402e-05,-1.6951891885608642e-05,0.6776490200129681,-0.9822852081363749,2.102208654803004,547.89,1602.45,-1054.56,17675.989999999998,27.60158883755487,35.25147540925818,344.0,-1054.56,2.210017704299437,80.21389730904568,-0.0002130257031758733,0.00045652839006633203,0.00035423213266328076,1.7344834078752636e-06,0.03499999999999659,-0.0005407763534173262,9.906605614729495e-08,1,-0.33333332407407434,0.0049999999999954525,0.0010000000000047748,0.10299999999999443,3.989277197371745e-06,2.416688115786821e-06,0.017241379316449035,False,1.0,1.0,0.09799999999999898,-6.22e-05,61.05837143,61.09078571,-0.032414279999997575,6660399.2,-0.0010775657334204422,1.0012,-6.22e-05,2,1,False,0.8391950738155839,0.40620081664152774,10,27,5,2,0,11,61,False,0,2270306844
1779859631000,1779859632070,9,188,False,61.019,61.019,61.015,61.015,19.4,12.639999999999999,6.76,5,2,3,61.019,61.021,0.0020000000000024443,61.019999999999996,61.019005914298354,61.023531427870985,350.90999999999997,484.15999999999997,3521.71,971.0,976.11,1205.83,3521.71,1205.83,0.4898699958116716,0.3030927834895313,0.49033853791862814,-4.142946654821245e-06,1.4311974296626264e-05,-1.8454920951447508e-05,0.74493499790573,0.9940852819739059,2.920569234466782,12.639999999999999,6.76,5.879999999999999,17681.87,26.86055313796291,3.8799999992239997,12.35,5.879999999999999,0.1861465761383442,6.163328159239888,-6.555550094935854e-05,0.00045623407167785535,3.937009060472634e-05,1.7371662129886807e-06,0.03999999999999915,0.00014747020222651477,3.379149533297907e-06,1,-0.9999997500000624,0.009999999999990905,0.0020000000000024443,-0.11099999999999,5.491638629300628e-07,2.404095960870241e-06,0.03448275862286101,False,1.0,1.0,-0.1209999999999809,-6.22e-05,61.05837143,61.09078571,-0.032414279999997575,6660399.2,-0.0010775657334204422,1.0012,-6.22e-05,2,2,False,1.841433920931707,0.4421916616626343,11,27,5,2,0,9,5,False,0,3815934219
1779859632000,1779859633012,9,189,False,61.016,61.051,61.016,61.043,477.0,279.65999999999997,197.34,41,30,11,61.045,61.046,0.0009999999999976694,61.045500000000004,61.04599678733865,61.04987902221259,91.97,281.78,1158.64,1018.07,1023.47,1111.83,1158.64,1111.83,0.020616876681911478,0.17257861635183938,0.5340900787473286,-1.6060029883565724e-05,1.3126751656906345e-05,-2.918678154047207e-05,0.5103084383407355,-0.9935767410244495,1.0421017601602387,279.65999999999997,197.34,82.31999999999996,17764.19,27.324141559669044,11.634146341179656,89.08,82.32,1.5005045962364754,52.63157617728547,0.0004587982842772673,0.00046692203591599315,0.000344395171992367,1.7522000289086118e-06,-0.030999999999998806,0.0005243537852266259,9.618412668266362e-07,1,0.7714285493877036,0.005000000000009663,0.0009999999999976694,-0.07500000000000284,3.7228483178458334e-05,3.5037650239433585e-06,0.03508771930101978,False,1.0,1.0,-0.0800000000000125,-6.22e-05,61.05837143,61.09078571,-0.032414279999997575,6660399.2,-0.0010775657334204422,1.0012,-6.22e-05,2,2,False,1.7016028880565306,0.40699981129458696,12,27,5,2,0,9,41,False,0,3641098101
1779859633000,1779859634002,9,190,False,61.045,61.046,61.045,61.046,47.839999999999996,42.08,5.76,5,2,3,61.045,61.046,0.0009999999999976694,61.045500000000004,61.045313787478726,61.04491073412803,215.62,528.95,1487.72,162.13,1041.45,1129.21,1487.72,1129.21,0.13699640418347567,0.7591973243988464,0.4878595133700621,-1.2401141534414922e-05,1.2060075330311824e-05,-2.4461216864726747e-05,0.5684982020915468,0.3724235962997818,1.317487446975038,42.08,5.76,36.32,17800.51,26.592202492138913,9.5679999980864,39.08,36.32,0.1880250423517968,7.054673671571968,4.914447658021706e-05,0.00046613019354675,9.83792751970833e-06,1.7704496954319967e-06,-0.012000000000000455,-0.00040965380769705025,1.0272674870231981e-06,1,0.9999990000010001,0.000999999999990564,0.0009999999999976694,-0.06699999999999307,3.163025740833188e-05,3.4317703736028493e-06,0.03508771930089514,False,1.0,1.0,-0.06799999999998363,-6.22e-05,61.05837143,61.09078571,-0.032414279999997575,6660399.2,-0.0010798055037776653,1.0012,-6.22e-05,2,1,False,1.8232214770123725,0.4068714091017861,13,27,5,2,0,9,5,False,0,3924753822
1779859634000,1779859635024,9,191,False,61.046,61.061,61.046,61.058,877.3199999999999,165.9,711.42,29,17,12,61.058,61.059,0.0009999999999976694,61.058499999999995,61.058998536905115,61.061445197490755,23.270000000000003,135.67000000000002,690.75,1028.51,1056.62,1145.1,690.75,1145.1,-0.24748753983155075,-0.6218027629592147,0.2645658936249221,-2.703461576174159e-05,1.3022700251455872e-05,-4.005731601319746e-05,0.37625623008395226,-0.997075595832767,0.6032224259884699,165.9,711.42,-545.52,17254.989999999998,26.67114667272452,30.25241379206026,139.26,-545.52,1.0873173304007129,32.97997535519516,0.00019655375808536873,0.00046814026453673526,0.00014754957719400198,1.7688261006095977e-06,0.031999999999996476,0.00014740928150515167,2.2403884339254172e-07,1,0.7999999466666703,0.000999999999990564,0.0009999999999976694,0.018999999999991246,1.5156928778752272e-05,3.6238461188343035e-06,0.03508771930063706,False,1.0,1.0,0.018000000000000682,-6.22e-05,61.05837143,61.09078571,-0.032414279999997575,6659782.07,-0.0011723620609926356,1.0012,-6.22e-05,2,2,False,1.3242764773344893,0.40570469864050884,14,27,5,2,0,9,29,False,0,318026171
1779859635000,1779859635994,9,192,False,61.058,61.071,61.058,61.071,149.37,148.60999999999999,0.76,17,15,2,61.07,61.071,0.0009999999999976694,61.070499999999996,61.070596608006205,61.06672494035947,268.42,470.99,1100.74,36.46,143.64000000000001,308.53000000000003,1100.74,308.53000000000003,0.562142101938903,0.9898239271541152,0.5540064301780973,-1.941947816373436e-05,6.166516905230299e-05,-8.108464721603734e-05,0.7810710509690968,-0.19321806278003661,3.567691958631032,148.60999999999999,0.76,147.85,17402.839999999997,26.35405989656962,8.786470587718442,63.13,147.85,0.6450619018881317,20.512820092044716,0.00021288965027311594,0.00046421616665037513,0.00012785326477087494,1.7316509202517673e-06,0.07099999999999795,1.633589218774721e-05,1.4252503867690345e-06,1,0.9999999230769291,0.0010000000000047748,0.0009999999999976694,0.01300000000000523,1.68123544415711e-05,3.5579043927025724e-06,0.03508771930050367,False,1.0,1.0,0.012000000000000455,-6.22e-05,61.05837143,61.09078571,-0.032414279999997575,6659782.07,-0.0011723620609926356,1.0012,-6.22e-05,2,2,False,1.849143479347772,0.40440459718539207,15,27,5,2,0,10,17,False,0,3858888911
1779859636000,1779859637056,9,193,False,61.07,61.071,61.07,61.07,9.22,6.92,2.3,5,2,3,61.07,61.071,0.0009999999999976694,61.070499999999996,61.07093375446153,61.06943012424882,54.18,236.98,698.8,69.89999999999999,1188.91,1312.44,698.8,1312.44,-0.3051053081679437,0.501084598644134,0.18558368010410442,-2.9242847045487542e-05,9.374268710940892e-06,-3.8617115756428436e-05,0.3474473459157796,-0.8675108091280495,0.5324433878878024,6.92,2.3,4.62,17407.459999999995,25.653926785206682,1.8439999996312002,5.36,4.62,0.1949019361312103,5.839416024295381,-1.6374517975463058e-05,0.00046138413330362683,9.833900236645968e-06,1.6711519854152388e-06,0.07099999999999795,-0.000229264168248579,1.7759780882523946e-06,1,0.0,0.000999999999990564,0.0009999999999976694,0.0030000000000001137,8.382852887916733e-06,3.5496294976029206e-06,0.03508771930050367,False,1.0,1.0,0.0020000000000095497,-6.22e-05,61.05837143,61.09078571,-0.032414279999997575,6659782.07,-0.0011723620609926356,1.0012,-6.22e-05,2,1,False,1.8379407161946728,0.40441474720287895,16,27,5,2,0,10,5,False,0,2398375874
1779859637000,1779859638010,9,194,False,61.07,61.1,61.07,61.08,4460.57,4233.61,226.96,93,65,28,61.08,61.081,0.0010000000000047748,61.0805,61.08072189346944,61.084713530340316,53.32,357.54,1391.0,192.78,250.15,764.42,1391.0,764.42,0.2906997244155243,0.8982372208034178,0.2551352958136373,-1.296427018984311e-05,2.3974217265439415e-05,-3.693848745528252e-05,0.6453498622075301,-0.44378832613622765,1.8196802804717045,4233.61,226.96,4006.6499999999996,21414.109999999993,27.8619947594622,47.96311827905416,823.65,4006.65,3.3378801769057986,132.18389057339377,0.00016373311538816837,0.0004586186249374938,0.0002949469836119118,1.6144218955745002e-06,0.045000000000001705,0.00018010763336363141,3.670676962543613e-08,1,0.3333333222221436,0.0010000000000047748,0.0010000000000047748,0.01300000000000523,3.2056948651796633e-06,4.349445737298515e-06,0.035087719300628345,False,1.0,1.0,0.012000000000000455,-6.22e-05,61.05837143,61.09078571,-0.032414279999997575,6659782.07,-0.0011723620609926356,1.0012,-6.22e-05,2,2,False,0.05091638669452583,0.4036245036181465,17,27,5,2,0,9,93,False,0,3351240984
1779859638000,1779859639011,9,195,False,61.08,61.08,61.079,61.079,12.59,5.48,7.11,6,2,4,61.079,61.08,0.0009999999999976694,61.079499999999996,61.07943557008887,61.08020581192572,60.01,372.75,1448.97,76.23,209.07999999999998,816.36,1448.97,816.36,0.2792573267469732,-0.1294678316021074,0.11360443759143513,-1.1007335384196965e-05,2.612467913780901e-05,-3.7132014522005976e-05,0.639628663373266,0.12885813148610578,1.7749154784632089,5.48,7.11,-1.63,21412.479999999992,27.145208046037208,2.098333332983611,5.0,-1.6300000000000001,0.22103348736923298,11.467889776744386,-1.6372105207496915e-05,0.0004561501041197128,9.832451221787553e-06,1.599626680789466e-06,0.06700000000000017,-0.00018010522059566528,1.3004054969179117e-06,1,-0.9999990000010001,0.000999999999990564,0.0009999999999976694,0.015000000000000568,3.696641893913626e-06,4.288876648070029e-06,0.035087719300761745,False,1.0,1.0,0.014000000000010004,-6.22e-05,61.05837143,61.09078571,-0.032414279999997575,6659782.07,-0.0011721358581128598,1.0012,-6.22e-05,2,1,False,1.9466979372991584,0.4036584768412044,18,27,5,2,0,9,6,False,0,3041715956
1779859639000,1779859640062,9,196,False,61.08,61.09,61.064,61.067,831.6999999999999,640.23,191.47,42,25,17,61.067,61.068,0.0009999999999976694,61.067499999999995,61.067817382512345,61.06797724069543,54.769999999999996,213.11,1154.8600000000001,142.51999999999998,291.81,577.26,1154.8600000000001,577.26,0.3334641941664935,0.5395695563297589,0.28245419959497253,-1.7720386666518238e-05,4.845514490241185e-05,-6.617553156893009e-05,0.6667320970829581,-0.6347661785485614,2.0005889893600797,640.23,191.47,448.76,21861.23999999999,27.63225040518353,19.802380951909466,132.17,448.76,1.5199630642678768,52.97157342140245,-0.00019648617291775545,0.00045789423916857045,0.00025565419961725883,1.5974655444776507e-06,0.035000000000003695,-0.00018011406771025853,2.3624645054408947e-07,1,-0.49999998076909485,0.000999999999990564,0.0009999999999976694,-0.0350000000000108,4.914115499000165e-05,4.6022853642557165e-06,0.035087719300761745,False,1.0,1.0,-0.036000000000001364,-6.22e-05,61.05837143,61.09078571,-0.032414279999997575,6658768.29,-0.0013241816310025458,1.0012,-6.22e-05,2,1,False,1.4549339657418898,0.4030202143271839,19,27,5,2,0,10,42,False,0,3198945334
1779859640000,1779859641022,9,197,False,61.067,61.067,61.063,61.065,98.21,16.25,81.96,6,3,3,61.064,61.065,0.0009999999999976694,61.064499999999995,61.06429709422954,61.063696184293235,214.59,388.11,1220.29,52.25,99.60000000000001,247.94,1220.29,247.94,0.6622600001357674,-0.6690764687845527,0.6353433349341829,-1.71958176373191e-05,9.018662940991363e-05,-0.00010738244704723272,0.8311300000675431,0.4058103046826014,4.921714931011851,16.25,81.96,-65.71,21795.52999999999,26.92299629353817,16.368333330605278,56.66,-65.71,0.22285781026598483,7.874015686031372,-3.2751449254615035e-05,0.0004577178653134992,3.933914383744981e-05,1.5942198236472727e-06,0.045999999999999375,0.0001637347236631404,3.3348385352083854e-07,1,-0.49999987500091936,0.0010000000000047748,0.0009999999999976694,0.019000000000005457,3.3175445698177157e-05,4.568756352848086e-06,0.03508771930076176,False,1.0,1.0,0.018000000000000682,-6.22e-05,61.05837143,61.09078571,-0.032414279999997575,6658768.29,-0.0013241816310025458,1.0012,-6.22e-05,2,2,False,1.956648609615382,0.4070149507907438,20,27,5,2,0,9,6,False,0,3879190509
1779859641000,1779859642006,9,198,False,61.065,61.079,61.065,61.071,362.65999999999997,361.21999999999997,1.44,16,15,1,61.068,61.069,0.0010000000000047748,61.0685,61.06820831965328,61.06860150168008,190.04,376.96999999999997,1073.56,78.87,93.17,379.52,1073.56,379.52,0.4776337159685099,0.9920586775464841,0.21200543038217376,-1.673458068378203e-05,6.244892867298852e-05,-7.918350935677055e-05,0.7388168579839108,0.5833588253199242,2.8287310286603375,361.21999999999997,1.44,359.78,22155.30999999999,26.564865267520524,22.666249998583357,137.73,359.78,0.6022993091916813,17.381227971357564,9.825112996714195e-05,0.0004570548757316036,0.00013767122246407254,1.3580015457259597e-06,0.055999999999997385,0.000131002579221757,2.7091802229876754e-07,1,0.42857139795911336,0.0049999999999954525,0.0010000000000047748,-0.01300000000000523,1.689614436756862e-05,4.6138443203820724e-06,0.03508771930088639,False,1.0,1.0,-0.018000000000000682,-6.22e-05,61.05837143,61.09078571,-0.032414279999997575,6658768.29,-0.0013241816310025458,1.0012,-6.22e-05,2,2,False,1.4333151685828593,0.4068646059180321,21,27,5,2,0,9,16,False,0,1606195807
1779859642000,1779859643020,9,199,False,61.07,61.07,61.068,61.069,53.64,40.6,13.040000000000001,3,1,2,61.073,61.074,0.0009999999999976694,61.073499999999996,61.07398603979236,61.073451086579595,48.14,490.03,757.15,149.56,814.63,1022.68,757.15,1022.68,-0.14918840563416214,0.5137956748599218,-0.07407576961202957,-2.3959048581340294e-05,1.464491010709994e-05,-3.8603958688440234e-05,0.425405797182638,-0.9720823798404559,0.7403586654664799,40.6,13.040000000000001,27.560000000000002,22182.86999999999,25.792246734159196,17.87999999404,40.6,27.560000000000002,0.11631402377639682,5.797101415668978,-3.2749304080155533e-05,0.0002781366323813325,1.9668283562740416e-05,9.361578962393562e-07,0.026000000000003354,-0.0001310004340472975,6.105388530862229e-07,1,-0.4999997499983487,0.00899999999998613,0.0009999999999976694,-0.03499999999999659,1.633307187924264e-05,3.857716376357238e-06,0.03508771930101976,False,1.0,1.0,-0.04399999999998272,-6.22e-05,61.05837143,61.09078571,-0.032414279999997575,6658768.29,-0.0013241816310025458,1.0012,-6.22e-05,2,1,False,1.9583024691971813,0.4070119872977973,22,27,5,2,0,10,3,False,0,4252106427
1779859643000,1779859644004,9,200,False,61.073,61.111,61.069,61.087,2556.5099999999998,2533.27,23.24,47,45,2,61.086,61.087,0.0010000000000047748,61.0865,61.08698235683148,61.08894632286786,6.8,201.95999999999998,943.4,136.84,143.1,274.86,943.4,274.86,0.5487662732088808,0.9818189641343154,0.41296346973325815,-1.8309154464920483e-05,9.926107395739878e-05,-0.00011757022842231927,0.77438313660403,-0.9647163912245487,3.4322928035966225,2533.27,23.24,2510.03,24692.89999999999,26.487582906809713,54.39382978607673,524.65,2510.03,1.774416343068522,82.14285039540871,0.0002947051332768393,0.00027976782917676175,0.000412891988509565,8.084551469740149e-07,0.04100000000000392,0.00032745443735699483,1.1527634676833811e-07,1,0.3333333253969384,0.0010000000000047748,0.0010000000000047748,-0.01300000000000523,-2.8167675734583302e-05,4.131210288674631e-06,0.03508771930101976,False,1.0,1.0,-0.014000000000010004,-6.22e-05,61.05837143,61.09078571,-0.032414279999997575,6658768.29,-0.0013350975117504193,1.0012,-6.22e-05,2,2,False,0.3070595916158179,0.4058323935676975,23,27,5,2,0,9,47,False,0,1902640918
1779859644000,1779859645009,9,201,False,61.087,61.087,61.085,61.085,3.13,1.16,1.97,4,2,2,61.084,61.085,0.0009999999999976694,61.084500000000006,61.08499136119137,61.085583216146794,17.99,203.57,1028.0,204.02,228.91,440.19,1028.0,440.19,0.4003637131431215,-0.25878594240933356,0.29947432618452374,-1.7165240524218665e-05,7.552174433053869e-05,-9.268698485475736e-05,0.7001818565712202,-0.9827236856032555,2.3353551875273513,1.16,1.97,-0.81,24692.08999999999,25.750285106586443,0.782499999804375,1.23,-0.8099999999999999,0.15533808590032025,3.5169988152977765,-3.274072619231902e-05,0.00025413150465059404,1.966280995472501e-05,5.947096448931402e-07,0.027000000000001023,-0.0003274458594691583,1.0460295904747197e-05,1,-0.9999995000002501,0.000999999999990564,0.0009999999999976694,0.005000000000009663,-2.4365079885054414e-05,4.078596948407494e-06,0.03508771930101976,False,1.0,1.0,0.004000000000019099,-6.22e-05,61.05837143,61.09078571,-0.032414279999997575,6656261.13,-0.0017111149053399759,1.0012,-6.22e-05,2,1,False,2.0393101315912876,0.406447793837778,24,27,5,2,0,9,4,False,0,3926627176
1779859645000,1779859645996,9,202,False,61.084,61.084,61.068,61.075,132.79,97.30000000000001,35.49,19,4,15,61.074,61.075,0.0010000000000047748,61.0745,61.07435527802827,61.071434924830115,261.59000000000003,407.05,1160.6100000000001,42.830000000000005,58.13,313.6,1160.6100000000001,313.6,0.5745517938417359,0.46547179757161344,0.5799131208182544,-1.6440364230635634e-05,7.19875361016251e-05,-8.842790033226073e-05,0.7872758969205288,0.28944211157334365,3.700924744886158,97.30000000000001,35.49,61.81000000000001,24753.89999999999,25.528964283419675,6.988947368053213,45.13,61.81,0.744252676619384,31.523641738309014,-0.00016371971221897327,0.0002384183704313127,0.00015732823572674515,5.930840096028419e-07,0.0040000000000048885,-0.00013097898602665425,1.2329219987780735e-06,1,-0.5624999648435857,0.0010000000000047748,0.0010000000000047748,-0.026999999999986812,-6.306685454706897e-05,6.650173711978918e-06,0.03508771930114439,False,1.0,1.0,-0.027999999999991587,-6.22e-05,61.05837143,61.09078571,-0.032414279999997575,6656261.13,-0.0017111149053399759,1.0012,-6.22e-05,2,1,False,2.0472977161884036,0.4061115527840822,25,27,5,2,0,10,19,False,0,3351034020
1779859646000,1779859647032,9,203,False,61.075,61.078,61.074,61.077,44.35,37.62,6.73,7,4,3,61.077,61.078,0.0010000000000047748,61.0775,61.07741259868099,61.07555373292313,147.45,392.81,781.03,29.439999999999998,88.13,331.73,781.03,331.73,0.4037708041263131,0.6965050732650168,0.3847987300984336,-2.4450098572812362e-05,6.917041736102935e-05,-9.362051593384171e-05,0.7018854020627072,0.1748008689330225,2.35441473486765,37.62,6.73,30.889999999999997,24784.78999999999,24.921457257733785,6.335714284809184,23.78,30.89,0.2808824511073418,6.18556697204804,3.274608684538853e-05,0.00023850261466275223,3.93320587208693e-05,5.887729868688963e-07,0.006999999999997897,0.0001964657990643618,7.383559604205225e-07,1,0.4999998749982549,0.0010000000000047748,0.0010000000000047748,-0.03499999999999659,8.101000604590499e-05,6.660967091269484e-06,0.03508771930140246,False,1.0,1.0,-0.036000000000001364,-6.22e-05,61.05837143,61.09078571,-0.032414279999997575,6656261.13,-0.0017111149053399759,1.0012,-6.22e-05,2,2,False,2.0487155151437597,0.40607871180545263,26,27,5,2,0,9,7,False,0,2531209807
1779859647000,1779859648042,9,204,False,61.078,61.087,61.078,61.087,145.14000000000001,145.14000000000001,0.0,9,9,0,61.086,61.087,0.0010000000000047748,61.0865,61.08611581821032,61.08510457883964,117.11,205.44,1135.82,10.83,23.7,183.67000000000002,1135.82,183.67000000000002,0.7216045593367727,0.9999999999931102,0.6409183604804428,-2.0670251497349107e-05,9.404802513364654e-05,-0.00011471827663099565,0.8608022796680075,0.7683622135185203,6.18402569822952,145.14000000000001,0.0,145.14000000000001,24929.92999999999,24.39944226567694,16.126666664874815,44.92,145.14000000000001,0.3688608904102523,22.59886954578826,0.00016371435156579798,0.00020203624586920702,8.848771496451943e-05,3.7176081949846877e-07,0.007000000000005002,0.00013096826472040946,1.1279754138395343e-06,1,0.9999998888889013,0.0010000000000047748,0.0010000000000047748,-0.024999999999991473,5.247243847461725e-05,6.406354143509381e-06,0.03508771930153589,False,1.0,1.0,-0.02599999999999625,-6.22e-05,61.05837143,61.09078571,-0.032414279999997575,6656261.13,-0.0017111149053399759,1.0012,-6.22e-05,2,2,False,2.052540552375502,0.40608175226638044,27,27,5,2,0,10,9,False,0,1887886425
1779859648000,1779859649068,9,205,False,61.086,61.115,61.079,61.094,1406.74,1226.28,180.46,48,39,9,61.093,61.094,0.0009999999999976694,61.093500000000006,61.09375913898968,61.093141419681835,48.629999999999995,240.73999999999998,824.34,45.91,142.55,446.92,824.34,446.92,0.29688655349787074,0.7434351763646847,0.32094777415427733,-2.3125954723661534e-05,4.996100513779424e-05,-7.308695986145578e-05,0.6484432767485421,-0.5182804338987891,1.8444911841004106,1226.28,180.46,1045.82,25975.74999999999,25.173231043851466,29.307083332722772,215.32,1045.82,1.9067874089932193,72.41910107288483,0.00011458410076297658,0.00018539765314501655,0.0003538668671731588,2.669893553950593e-07,0.015000000000000568,-4.913025080282141e-05,8.145364513904142e-08,1,0.2222222160494487,0.000999999999990564,0.0009999999999976694,-0.01099999999999568,1.6435573469166845e-05,6.42599219968306e-06,0.035087719301411184,False,1.0,1.0,-0.011999999999986244,-6.22e-05,61.05837143,61.09078571,-0.032414279999997575,6656261.13,-0.001696395637106239,1.0012,-6.22e-05,2,1,False,1.159535624807998,0.40598888663243804,28,27,5,2,0,10,48,False,0,1915846894
1779859649000,1779859650004,9,206,False,61.094,61.094,61.087,61.088,192.01999999999998,176.94,15.08,10,4,6,61.087,61.088,0.0009999999999976694,61.087500000000006,61.08747068031644,61.08900665817101,60.419999999999995,124.74,688.58,157.32999999999998,187.64,399.9,688.58,399.9,0.2652138762308309,0.8429330278052134,0.2208459052537286,-2.362448855118172e-05,7.134391482256807e-05,-9.496840337374978e-05,0.6326069381149562,0.05863808322763094,1.7218804701132238,176.94,15.08,161.85999999999999,26137.60999999999,24.675748058807155,19.2019999980798,102.21,161.85999999999999,0.4052562044223656,16.4233573945069,-9.821413964121922e-05,0.0001717077931145478,6.881476555852785e-05,2.0842382153402256e-07,0.021000000000000796,-0.00021279824040419578,5.114786982642837e-07,1,-0.857142734694185,0.000999999999990564,0.0009999999999976694,-0.022999999999996135,1.9088865308360315e-05,6.2781110435389616e-06,0.03508771930115313,False,1.0,1.0,-0.0239999999999867,-6.22e-05,61.05837143,61.09078571,-0.032414279999997575,6655527.45,-0.0018064326945689574,1.0012,-6.22e-05,2,1,False,1.7252741092912784,0.40587922953979294,29,27,5,2,0,9,10,False,0,2097274017
1779859650000,1779859651027,9,207,False,61.087,61.089,61.087,61.089,146.12,114.04,32.08,8,5,3,61.088,61.089,0.0009999999999976694,61.088499999999996,61.08825858833242,61.089723277463484,122.36000000000001,342.25,854.1,75.42,110.82,288.24,854.1,288.24,0.4953516466196619,0.5609088420437934,0.5281389190816917,-2.350088383955369e-05,7.672513991780051e-05,-0.00010022602375735421,0.7476758233093932,0.4828220858846337,2.9631557035700697,114.04,32.08,81.96000000000001,26219.56999999999,24.12900222081348,18.264999997716874,53.76,81.96000000000001,0.33155121485992134,6.9444443962191365,1.636969315033008e-05,0.00016500899081044458,1.966216620110124e-05,1.9606655017618927e-07,0.02400000000000091,0.0001145838327915493,1.1202910724211642e-07,1,0.9999995000002501,0.0010000000000047748,0.0009999999999976694,-0.019000000000005457,2.3452218223736334e-05,6.271932025333388e-06,0.035087719300895104,False,1.0,1.0,-0.020000000000010232,-6.22e-05,61.05837143,61.09078571,-0.032414279999997575,6655527.45,-0.0018064326945689574,1.0012,-6.22e-05,1,2,False,2.0690364873620406,0.4116354598252117,30,27,5,2,0,9,8,False,0,1366451374
1779859651000,1779859652008,9,208,False,61.089,61.096,61.089,61.095,153.33,107.14,46.19,13,8,5,61.094,61.095,0.0009999999999976694,61.0945,61.09455656298272,61.093368459612165,97.34,491.88,735.36,61.7,106.35000000000001,386.26,735.36,386.26,0.3112462331268066,0.39750864148961385,0.10230025136971846,-2.312781635751341e-05,5.464356126893969e-05,-7.77713776264531e-05,0.6556231165629576,-0.11312736878243797,1.9037953709887026,107.14,46.19,60.95,26280.51999999999,23.764116902098284,11.794615383708107,62.47,60.949999999999996,0.5470432607704057,21.27659529198733,9.821253199797851e-05,0.00016581729685143833,6.881251275277488e-05,1.6759750782801068e-07,0.02400000000000091,8.184283884764843e-05,6.405304376008477e-07,1,0.857142734694185,0.0010000000000047748,0.0009999999999976694,-0.007000000000005002,1.6388602881545572e-05,6.304014526585911e-06,0.035087719300637095,False,1.0,1.0,-0.008000000000009777,-6.22e-05,61.05837143,61.09078571,-0.032414279999997575,6655527.45,-0.0018064326945689574,1.0012,-6.22e-05,1,2,False,2.0767731223830883,0.4114715068011794,31,27,5,2,0,9,13,False,0,4030235187
1779859652000,1779859653040,9,209,False,61.095,61.098,61.095,61.098,60.4,60.4,0.0,2,2,0,61.099,61.1,0.0010000000000047748,61.0995,61.09971256610233,61.098529038850565,190.59,336.52,1354.7,114.34,170.18,367.93,1354.7,367.93,0.5728275950142672,0.9999999999834438,0.25860699371804285,-1.1779740091123973e-05,6.504443818633502e-05,-7.682417827745899e-05,0.7864137975068434,-0.4251336898344053,3.6819503709844756,60.4,0.0,60.4,26340.91999999999,23.0505392987508,30.1999999849,60.21,60.4,0.08676586582169998,199.99996000000797,4.910264909781513e-05,0.00013073307217284757,2.9489146081081752e-05,1.4987260178700742e-07,0.028999999999996362,-4.910988290016338e-05,8.129577665066585e-07,1,0.9999996666667778,0.0030000000000001137,0.0010000000000047748,0.0010000000000047748,1.2072158950917372e-05,5.137556803298629e-06,0.03508771930050365,False,1.0,1.0,-0.001999999999995339,-6.22e-05,61.05837143,61.09078571,-0.032414279999997575,6655527.45,-0.0018064326945689574,1.0012,-6.22e-05,0,1,True,2.070541781349857,0.41135157654455284,32,27,5,2,0,10,2,False,0,3895425172
1779859653000,1779859654018,9,210,False,61.1,61.1,61.099,61.099,32.870000000000005,16.0,16.87,2,1,1,61.099,61.1,0.0010000000000047748,61.0995,61.099910143576906,61.09993751196397,32.16,121.79,1068.5,161.48,182.02,422.25,1068.5,422.25,0.4335066241821677,-0.026467903862900308,0.08298461976242026,-1.2591746747454737e-05,6.821137474268908e-05,-8.080312149014382e-05,0.7167533120907484,-0.8202882685566477,2.5304914150324915,16.0,16.87,-0.870000000000001,26340.049999999992,22.360357682398313,16.4349999917825,16.87,-0.870000000000001,0.08944400748494831,12.820512656147274,1.6367013920493225e-05,0.00013032179839945227,9.829232717278868e-06,1.410167339673444e-07,0.01199999999999335,-3.2735635177321903e-05,4.97931667782029e-07,1,-0.9999990000010001,0.0010000000000047748,0.0010000000000047748,-0.0030000000000001137,1.1869470909690243e-05,5.14595424324217e-06,0.03508771930050365,False,1.0,1.0,-0.0040000000000048885,-6.22e-05,61.05837143,61.09078571,-0.032414279999997575,6655527.45,-0.0018082546461872587,1.0012,-6.22e-05,0,1,True,2.0650257246728354,0.41132848097099795,33,27,5,2,0,9,2,False,0,4229198263
1779859654000,1779859655032,9,211,False,61.099,61.1,61.099,61.1,22.5,10.0,12.5,3,1,2,61.099,61.1,0.0010000000000047748,61.0995,61.0997483597357,61.09982723704368,61.440000000000005,151.8,1302.52,178.08,208.63,457.82,1302.52,457.82,0.479850483429065,-0.11111111110617283,0.15421675581225977,-1.0803822277815046e-05,6.412298782462007e-05,-7.492681010243512e-05,0.7399252417142484,-0.49672025723153246,2.84504827224052,10.0,12.5,-2.5,26337.549999999992,21.725591856745908,7.4999999975,12.32,-2.5000000000000004,0.13808599644342479,3.436426105029463,1.6366746045825258e-05,0.00012274158083550913,9.829232717278868e-06,9.944034790904883e-08,0.015000000000000568,-2.678746679667468e-10,7.27410935337682e-07,1,0.9999990000010001,0.0010000000000047748,0.0010000000000047748,-0.07899999999999352,2.8750126617641726e-05,4.965422160291161e-06,0.03508771930062832,False,1.0,1.0,-0.0799999999999983,-6.22e-05,61.099,61.127,-0.028000000000005798,6655183.26,-0.0018598760419992072,1.0012,-6.22e-05,0,1,True,2.063775093029558,0.4113055938754109,34,27,5,2,0,9,3,False,0,798231305
1779859655000,1779859656046,9,212,False,61.099,61.099,61.094,61.095,119.56,62.54,57.02,7,2,5,61.098,61.099,0.0009999999999976694,61.0985,61.09862957359455,61.09861563570258,163.65,236.09,1252.78,295.16,306.65000000000003,531.45,1252.78,531.45,0.40428083823251243,0.04616928738669979,0.1552118019714281,-1.154132642689475e-05,6.295048198096871e-05,-7.449180840786347e-05,0.702140419115976,-0.25914786967274217,2.3572866685438756,62.54,57.02,5.519999999999996,26343.069999999992,21.242785566360794,17.07999999756,43.61,5.519999999999998,0.3295236388750913,206.89650891796367,-8.183640906411574e-05,0.00011460477912702771,4.914857681927257e-05,9.72937782283163e-08,0.01999999999999602,-9.8203155109941e-05,6.844798349233127e-07,1,-0.7999998400003162,0.007000000000005002,0.0009999999999976694,0.044999999999987494,2.984868513722394e-05,5.135147893878296e-06,0.035087719300637095,False,1.0,1.0,0.03799999999998249,-6.22e-05,61.099,61.127,-0.028000000000005798,6655183.26,-0.0018598760419992072,1.0012,-6.22e-05,0,1,True,2.0658347157533243,0.41123133652166416,35,27,5,2,0,9,7,False,0,3838255765
1779859656000,1779859657078,9,213,False,61.098,61.099,61.098,61.099,1.21,0.72,0.49,3,2,1,61.098,61.099,0.0009999999999976694,61.0985,61.098534770231105,61.09865208926973,182.87,378.17,1448.97,302.14,313.63,538.52,1448.97,538.52,0.45809035517136787,0.19008264447100606,0.3405499509711417,-1.0572881953570596e-05,5.6310491567608024e-05,-6.688337352117862e-05,0.7290451775854324,-0.06954132318699685,2.690652157760732,0.72,0.49,0.22999999999999998,26343.299999999992,20.64466144943093,0.40333333319888887,0.65,0.23000000000000004,0.1453160182453551,3.717472105139508,6.546966301826215e-05,0.0001154779762361404,9.829393592412089e-06,9.997052951126648e-08,0.021999999999998465,0.0001473060720823779,5.4107159474508254e-05,1,0.9999990000010001,0.000999999999990564,0.0009999999999976694,0.05299999999998306,3.098368967959935e-05,5.157046117661138e-06,0.035087719300378996,False,1.0,1.0,0.0519999999999925,-6.22e-05,61.099,61.127,-0.028000000000005798,6655183.26,-0.0018598760419992072,1.0012,-6.22e-05,0,2,False,2.063281483523555,0.4110613140955883,36,27,5,2,0,9,3,False,0,1636830536
1779859657000,1779859658002,9,214,False,61.099,61.104,61.096,61.098,945.4100000000001,491.69,453.72,31,14,17,61.097,61.098,0.0009999999999976694,61.0975,61.09755317391046,61.098103100930096,110.04,371.31,1349.56,107.89999999999999,118.67,434.95,1349.56,434.95,0.5125272483760177,0.04016246919321755,0.18215579965707956,-1.1168428285711157e-05,5.105887911352284e-05,-6.2227307399234e-05,0.7562636241877286,-0.10634920634800062,3.1027934245244215,491.69,453.72,37.96999999999997,26381.269999999993,20.9841807461709,30.497096773209773,164.68,37.97000000000001,1.4773033254671826,47.846887662828344,-1.6367013920474607e-05,0.00010958161478593247,7.86332183634808e-05,9.836141660616885e-08,0.01099999999999568,-8.183667693873676e-05,1.7312080388886612e-08,1,-0.12499998437466889,0.0010000000000047748,0.0009999999999976694,0.12299999999999045,1.4315006112656569e-05,4.945445387232614e-06,0.035087719300121,False,1.0,1.0,0.12199999999998568,-6.22e-05,61.099,61.127,-0.028000000000005798,6655183.26,-0.0018598760419992072,1.0012,-6.22e-05,0,1,True,1.3936545103750169,0.4110951492530393,37,27,5,2,0,9,31,False,0,1295152763
1779859658000,1779859659016,9,215,False,61.097,61.098,61.097,61.098,37.41,36.84,0.57,4,2,2,61.097,61.098,0.0009999999999976694,61.0975,61.09710162524012,61.0968048513016,237.37,604.04,1769.81,97.76,114.91,324.03,1769.81,324.03,0.6904921101895605,0.9695268644488234,0.4902839339309141,-8.957700898573302e-06,6.998703232836177e-05,-7.894473322693507e-05,0.8452460550945414,0.7967479674695535,5.461870814413907,36.84,0.57,36.27,26417.539999999994,20.427322361050543,9.352499997661875,28.66,36.27,0.1958161686149878,3.0581039661831677,0.0,0.00010952044561471719,9.829554472879232e-06,9.51445243113409e-08,0.003999999999997783,1.6367013920474607e-05,0.0,1,0.9999990000010001,0.0010000000000047748,0.0009999999999976694,0.12899999999999068,1.3376799169086134e-05,4.945261866906652e-06,0.03508771929986292,False,1.0,1.0,0.1279999999999859,-6.22e-05,61.099,61.127,-0.028000000000005798,6655183.26,-0.001772968880855584,1.0012,-6.22e-05,0,2,False,2.065699646291674,0.41108449998892466,38,27,5,2,0,7,4,False,0,2269140281
1779859659000,1779859659999,9,216,False,61.097,61.097,61.054,61.06,744.46,54.41,690.0500000000001,45,5,40,61.06,61.061,0.0009999999999976694,61.060500000000005,61.06037003932313,61.058034275218574,138.6,407.93,838.05,36.74,96.5,432.49,838.05,432.49,0.3192028586267892,-0.8538269349584212,0.2384004837080375,-2.1400461010451153e-05,3.708306088382908e-05,-5.8483521894280236e-05,0.659601429313001,0.25991930060087554,1.9377326643345794,54.41,690.0500000000001,-635.6400000000001,25781.899999999994,21.232983922983312,16.543555555187922,354.6,-635.64,2.119344137456399,77.05778740710569,-0.0006221451108514825,0.00017151563820268136,0.0004228231100133723,8.870931738979153e-08,-0.027999999999998693,-0.0006221451108514825,8.356998506980183e-07,1,-0.8604650962682459,0.0010000000000047748,0.0009999999999976694,-0.04099999999999682,1.5620546152044054e-05,4.996457993330631e-06,0.03508771929972952,False,1.0,1.0,-0.04200000000000159,-6.22e-05,61.099,61.127,-0.028000000000005798,6655185.17,-0.0017726823953366883,1.0012,-6.22e-05,2,1,False,0.657062834332564,0.40311337233629607,39,27,5,2,0,9,45,False,0,314390020
1779859660000,1779859661036,9,217,False,61.061,61.073,61.061,61.073,62.46,62.46,0.0,15,15,0,61.072,61.073,0.0009999999999976694,61.072500000000005,61.07249760638411,61.07186691885906,74.09,367.1,995.87,97.01,154.15,372.92,995.87,372.92,0.45510998765299643,0.9999999999839898,0.35678631649990683,-1.8471533637427544e-05,6.003402206336422e-05,-7.850555570079176e-05,0.727554993826133,0.004785805999710643,2.67046551538488,62.46,0.0,62.46,25844.359999999993,21.028623794360907,4.1639999997224,31.44,62.46,0.7133134410492962,15.55555531358025,0.00021288267788545237,0.0001778480615689788,0.00011801356667112894,2.1793536772386928e-07,-0.015999999999998238,0.0008350277887369348,3.4083041607756017e-06,-1,0.9999999166666736,0.000999999999990564,0.0009999999999976694,0.0870000000000033,2.3932419786889197e-05,5.008786838786917e-06,0.03508771929972953,False,1.0,1.0,0.08600000000001273,-6.22e-05,61.099,61.127,-0.028000000000005798,6655185.17,-0.0017726823953366883,1.0012,-6.22e-05,2,1,False,2.0603845908495533,0.401798304578307,40,27,5,2,0,10,15,False,0,964075418
1779859661000,1779859662020,9,218,False,61.072,61.075,61.06,61.072,462.13,123.99000000000001,338.14,24,11,13,61.072,61.073,0.0009999999999976694,61.072500000000005,61.072446213024755,61.07042924331958,493.39000000000004,722.0500000000001,1395.64,80.41,164.81,343.88,1395.64,343.88,0.604626563649395,-0.46339774522220284,0.4211516807996973,-1.5425299413518026e-05,7.181241834500769e-05,-8.723771775852572e-05,0.8023132818244101,0.10757211538299921,4.058508782121501,123.99000000000001,338.14,-214.14999999999998,25630.209999999992,21.126045965037598,19.255416665864356,172.69,-214.15,1.136038425675235,27.644230005027293,-1.637398174328371e-05,0.00017652386280828642,0.00014751575078715066,2.1820344867351425e-07,-0.022999999999996135,-0.00022925665962873607,3.5431549008392185e-08,-1,0.0,0.0010000000000047748,0.0009999999999976694,-0.07699999999999818,1.40144245014841e-05,4.971873473223258e-06,0.03508771929972954,False,1.0,1.0,-0.07800000000000296,-6.22e-05,61.099,61.127,-0.028000000000005798,6655185.17,-0.0017726823953366883,1.0012,-6.22e-05,2,0,False,1.36735348089409,0.40188823911934474,41,27,5,2,0,9,24,False,0,2155693279
1779859662000,1779859663090,9,219,False,61.073,61.073,61.037,61.037,236.06,8.12,227.94,25,1,24,61.036,61.037,0.0009999999999976694,61.036500000000004,61.03678460704077,61.037394479494,46.730000000000004,172.81,718.5600000000001,68.51,416.79,606.15,718.5600000000001,606.15,0.08485630817304558,-0.9312039311999865,0.00880869347754502,-1.9530871425121303e-05,3.0266038379897738e-05,-4.979690980501904e-05,0.5424281540861453,-0.5692160306471464,1.1854491462489725,8.12,227.94,-219.82,25410.389999999992,21.253060851429808,9.442399999622305,52.88,-219.82,1.176301153682615,29.520294331504225,-0.0005732583340866149,0.00021803280527218848,0.00035411029374404106,2.1793858214636774e-07,-0.06099999999999994,-0.0005568843523433312,2.42844333679652e-06,-1,-0.999999972222223,0.000999999999990564,0.0009999999999976694,-0.006999999999990791,1.0570330669318863e-05,5.029381813477173e-06,0.03508771929972954,False,1.0,1.0,-0.007999999999981355,-6.22e-05,61.099,61.127,-0.028000000000005798,6655185.17,-0.0017726823953366883,1.0012,-6.22e-05,2,0,False,2.062634649176048,0.3960746823512325,42,27,5,2,0,11,25,False,0,3465842685
1779859663000,1779859664014,9,220,False,61.036,61.037,61.036,61.036,36.57,0.33,36.24,3,1,2,61.033,61.034,0.0009999999999976694,61.033500000000004,61.03386359036006,61.03596114345701,35.56,71.68,612.9399999999999,364.12,446.36,841.12,612.9399999999999,841.12,-0.15692612409380846,-0.9819524199895557,-0.3689261961431766,-2.1419031337957446e-05,2.9678167929270142e-05,-5.1097199267227585e-05,0.4215369379527519,-0.7271831263408794,0.7287188510548688,0.33,36.24,-35.910000000000004,25374.479999999992,20.65459983990752,12.189999995936667,29.21,-35.910000000000004,0.1452460964195657,2.8208744631287037,-1.6383639298121825e-05,0.0002078681543135134,9.839378149278882e-06,2.1768177984059719e-07,-0.06299999999999528,0.0005568746947884931,4.480076373441022e-07,-1,0.0,0.0049999999999954525,0.0009999999999976694,-0.0049999999999954525,-4.869828610024113e-07,4.758145541170149e-06,0.017543859649272586,False,1.0,1.0,-0.009999999999990905,-6.22e-05,61.099,61.127,-0.028000000000005798,6655185.17,-0.0017598461749173595,1.0012,-6.22e-05,2,1,False,2.052926109826693,0.3960746647071579,43,27,5,2,0,9,3,False,0,4126782075
1779859664000,1779859665017,9,221,False,61.034,61.049,61.034,61.04,257.99,230.47,27.520000000000003,16,12,4,61.039,61.04,0.0009999999999976694,61.039500000000004,61.03964955500466,61.03940102033145,232.9,399.04,1003.44,158.95,551.46,684.32,1003.44,684.32,0.1890790159737231,0.7866583976092614,-0.03717347895535456,-1.8768146684635355e-05,2.3777432845813994e-05,-4.254557953044935e-05,0.5945395079865653,-0.2991118470525498,1.466331540797483,230.47,27.520000000000003,202.95,25577.429999999993,20.50199000909088,16.124374998992227,89.65,202.95000000000002,0.7804120474219799,16.00853763059972,6.553294671237541e-05,0.00020825537250060793,0.00014757858360672747,2.1339514573162908e-07,-0.060000000000002274,8.191658601049724e-05,2.5401351491190124e-07,-1,0.39999997333333515,0.000999999999990564,0.0009999999999976694,0.04099999999999682,2.362968094401557e-05,4.847104526452348e-06,0.017241379308101705,False,1.0,1.0,0.04000000000000625,-6.22e-05,61.099,61.127,-0.028000000000005798,6654978.17,-0.0017908950047490608,1.0012,-6.22e-05,2,1,False,1.6864015496463896,0.43763991985191997,44,27,5,2,0,9,16,False,0,3337890265
1779859665000,1779859666027,9,222,False,61.041,61.054,61.031,61.031,690.05,321.27,368.78,27,14,13,61.029,61.03,0.0009999999999976694,61.0295,61.02987278575956,61.03087162411487,30.9,70.89,491.0,247.96999999999997,385.74,604.34,491.0,604.34,-0.10347472017811506,-0.06885008332719535,-0.05819775157073774,-3.816815382186554e-05,4.4693549872565253e-05,-8.286170369443079e-05,0.4482626399104859,-0.7455721884040931,0.8124565641843788,321.27,368.78,-47.50999999999999,25529.919999999995,20.71503951698954,25.557407406460836,325.82,-47.509999999999984,1.3034008444228369,29.21348229263984,-0.00014745516979962583,0.0002076469222549316,0.00022628345602589538,2.176971376019477e-07,-0.06400000000000006,-0.00021298811651200125,2.13687660023784e-07,-1,-0.4347825897919136,0.0030000000000001137,0.0009999999999976694,0.009000000000000341,5.654008476371076e-06,2.260351352126965e-06,0.01724137930797925,False,1.0,1.0,0.006000000000000227,-6.22e-05,61.099,61.127,-0.028000000000005798,6654978.17,-0.0017908950047490608,1.0012,-6.22e-05,2,0,False,0.6445515685122879,0.4271770707024492,45,27,5,2,0,10,27,False,0,2255183639
1779859666000,1779859667083,9,223,False,61.03,61.034,61.03,61.034,18.78,13.43,5.35,3,2,1,61.033,61.034,0.0009999999999976694,61.033500000000004,61.033154706565725,61.032571760211496,253.73,299.57,944.27,64.48,134.01999999999998,233.28,944.27,233.28,0.6037875249453495,0.43024494140414027,0.451992450782898,-2.3260868474793014e-05,9.794201278323253e-05,-0.00012120288125802553,0.8018937624722501,0.6905856486039317,4.047796639214472,13.43,5.35,8.08,25537.999999999996,20.13421854921939,6.259999997913334,13.25,8.08,0.14900007132222723,2.288329514214349,4.91541391980648e-05,0.00020780865112351906,3.9360414510958926e-05,2.1958416516954273e-07,-0.06499999999999773,0.00019660930899769065,2.617366304336924e-06,-1,0.9999997500000624,0.000999999999990564,0.0009999999999976694,-0.009000000000000341,5.487097843079498e-06,2.2515829607534775e-06,0.017241379307852436,False,1.0,1.0,-0.009999999999990905,-6.22e-05,61.099,61.127,-0.028000000000005798,6654978.17,-0.0017908950047490608,1.0012,-6.22e-05,2,1,False,2.0483191601738673,0.4110609969885974,46,27,5,2,0,10,3,False,0,1422154328
1779859667000,1779859668064,9,224,False,61.034,61.034,61.033,61.033,8.08,2.96,5.12,5,2,3,61.033,61.034,0.0009999999999976694,61.033500000000004,61.033765591426196,61.033117081571284,162.27,193.96,574.26,187.57,212.58,350.79,574.26,350.79,0.2415761310196837,-0.26732673264018236,0.2191898866440467,-3.6955401947857906e-05,0.0001009962224862447,-0.0001379516244341026,0.6207880655093013,-0.5311838462747829,1.6370478063752185,2.96,5.12,-2.16,25535.839999999997,19.638014662359737,1.6159999996768,3.27,-2.16,0.2546082221503232,4.38116098847246,-1.6384444608589265e-05,0.0002045916384840851,9.83986178745736e-06,2.0163046668435554e-07,-0.06499999999999773,-6.553858380665407e-05,2.0277777978417683e-06,-1,-0.9999990000010001,0.0010000000000047748,0.0009999999999976694,0.01099999999999568,4.325936854728349e-06,2.1106341591676724e-06,0.017241379307852436,False,1.0,1.0,0.009999999999990905,-6.22e-05,61.099,61.127,-0.028000000000005798,6654978.17,-0.0017908950047490608,1.0012,-6.22e-05,2,0,False,2.046200131356067,0.4244426803027029,47,27,5,2,0,8,5,False,0,3940027747
1779859668000,1779859669101,9,225,False,61.033,61.033,61.033,61.033,0.18,0.0,0.18,1,0,1,61.033,61.034,0.0009999999999976694,61.033500000000004,61.03353901401133,61.03151273690777,177.48,198.0,738.56,63.93,127.6,265.92,738.56,265.92,0.4705320165653168,-0.9999999944444444,0.32522232367295145,-2.6603798378396718e-05,0.00010246515834899268,-0.0001290689567273894,0.7352660082821606,-0.07802948579554078,2.7773766546225276,0.0,0.18,-0.18,25535.659999999996,19.026932214413517,0.17999999981999998,0.18,-0.18,0.05255708007357647,1.0,0.0,0.0002029809417906508,0.0,1.90376687811357e-07,-0.06499999999999773,1.6384444608589265e-05,0.0,-1,0.0,0.0010000000000047748,0.0009999999999976694,0.019000000000005457,4.063103037428321e-06,2.0711605127703363e-06,0.017241379307852436,False,1.0,1.0,0.018000000000000682,-6.22e-05,61.099,61.127,-0.028000000000005798,6654978.17,-0.0017908950047490608,1.0012,-6.22e-05,2,1,False,2.0453607169505985,0.4308019965966752,48,27,5,2,0,10,1,False,0,2342443009
1779859669000,1779859670068,9,226,False,61.033,61.033,61.019,61.019,289.92,113.66,176.26,16,2,14,61.019,61.02,0.0010000000000047748,61.0195,61.01946563323164,61.01811599155615,101.96,635.55,1680.8,52.36,157.49,346.25,1680.8,346.25,0.658370538466906,-0.2159216335533391,0.46047467314082857,-1.0293495788164024e-05,7.42147553638917e-05,-8.450825115205572e-05,0.8291852692332063,0.06873184898259255,4.854296028866846,113.66,176.26,-62.599999999999994,25473.059999999998,18.92768853525242,18.119999998867502,74.21,-62.599999999999994,0.8453224475537526,121.95120464009699,-0.00022941041623904962,0.00020820763392079319,0.00013777499587691672,1.887689524824066e-07,-0.04100000000000392,-0.00022941041623904962,7.912886873560235e-07,-1,-0.9999999285714337,0.0010000000000047748,0.0010000000000047748,0.0350000000000108,9.150728231130321e-06,6.579278493876627e-05,0.017241379307852436,False,1.0,1.0,0.034000000000006025,-6.22e-05,61.099,61.127,-0.028000000000005798,6655410.59,-0.001726034449213689,1.0012,-6.22e-05,2,0,False,1.781057661697628,0.4485627413642367,49,27,5,2,0,9,16,False,0,960869738
1779859670000,1779859671010,9,227,False,61.02,61.06,61.02,61.037,937.99,416.15,521.84,38,33,5,61.035,61.036,0.0010000000000047748,61.0355,61.03599891649379,61.03735348117002,18.68,201.9,853.56,426.52,594.65,777.55,853.56,777.55,0.04660016798373708,-0.11267710743172889,-0.04795724231069836,-1.8294140686934614e-05,3.6913267625089974e-05,-5.520740831202459e-05,0.523300083991562,-0.9978344561958873,1.0977557713316215,416.15,521.84,-105.69000000000005,25367.37,19.553010222621193,24.683947367771477,462.8,-105.69000000000001,1.9434347737461801,40.17372259888411,0.0002949465840350755,0.0002183728345099299,0.00039355257266360146,2.548250620818552e-07,-0.036000000000001364,0.0005243570002741252,3.144453395396124e-07,-1,0.424999989374907,0.0030000000000001137,0.0010000000000047748,-0.000999999999990564,2.0648702477216133e-06,6.5839389333414e-05,0.017241379307975008,False,1.0,1.0,-0.003999999999990678,-6.22e-05,61.099,61.127,-0.028000000000005798,6655410.59,-0.001726034449213689,1.0012,-6.22e-05,2,1,False,0.31608137549964743,0.431581490446067,50,27,5,2,0,9,38,False,0,420489186
1779859671000,1779859672054,9,228,False,61.036,61.039,61.036,61.039,33.79,18.29,15.5,3,2,1,61.038,61.039,0.0010000000000047748,61.0385,61.03835433779204,61.037787220408035,79.47,378.62,1080.1599999999999,27.59,74.37,660.21,1080.1599999999999,660.21,0.24129926394948117,0.08256880733700594,0.4379861456825679,-1.54512101670557e-05,2.5851974292746314e-05,-4.1303184459802014e-05,0.6206496319744533,0.29132231404457093,1.636085487948325,18.29,15.5,2.789999999999999,25370.16,19.010288575977874,11.263333329578888,18.13,2.789999999999999,0.15780928247628523,4.319654408986374,3.2766473347543844e-05,0.00021738926346213673,2.951765084644096e-05,2.5966692597088495e-07,-0.03300000000000125,-0.00026218011068753166,9.697091845686338e-07,-1,0.9999996666667778,0.0010000000000047748,0.0010000000000047748,0.009000000000014552,1.888183138876346e-06,6.580752915901942e-05,0.017241379308101712,False,1.0,1.0,0.008000000000009777,-6.22e-05,61.099,61.127,-0.028000000000005798,6655410.59,-0.001726034449213689,1.0012,-6.22e-05,2,0,False,2.0514992723372627,0.43655763268296804,51,27,5,2,0,10,3,False,0,755381411
1779859672000,1779859673038,9,229,False,61.038,61.039,61.038,61.038,20.54,0.01,20.53,4,1,3,61.038,61.039,0.0010000000000047748,61.0385,61.03879786840759,61.03893395128086,45.88,310.71999999999997,946.97,133.98999999999998,189.25,786.99,946.97,786.99,0.09226279729630889,-0.9990262901168926,0.11410173349349462,-1.726268621360547e-05,2.48218342111086e-05,-4.208452042471407e-05,0.5461313986478661,-0.5957380779911479,1.2032808549013287,0.01,20.53,-20.52,25349.64,18.51814796692942,5.13499999871625,20.0,-20.52,0.21600432218855709,3.3860045032076598,-1.638310246851679e-05,0.00021714271496763097,9.839055750273935e-06,2.594000787199526e-07,0.0009999999999976694,-4.914957581606063e-05,7.976193995968438e-07,-1,0.0,0.0010000000000047748,0.0010000000000047748,-0.022999999999996135,1.6025621769587667e-06,6.58157596085563e-05,0.017241379308224284,False,1.0,1.0,-0.02400000000000091,-6.22e-05,61.099,61.127,-0.028000000000005798,6655410.59,-0.001726034449213689,1.0012,-6.22e-05,2,0,False,2.050706575936153,0.4296165259405302,52,27,5,2,0,8,4,False,0,2594153372
1779859673000,1779859673998,9,230,False,61.039,61.039,61.039,61.039,96.61,96.61,0.0,1,1,0,61.042,61.043,0.0009999999999976694,61.042500000000004,61.04257939685828,61.0434891305919,102.14,252.79,1152.48,115.92,165.22,655.49,1152.48,655.49,0.27488841075887605,0.9999999999896491,0.2834339470301246,-1.8223550972316953e-05,2.4295250769111138e-05,-4.251880174142809e-05,0.6374442053791615,-0.15879639797586656,1.7581961585962285,96.61,0.0,96.61,25446.25,17.94378245981698,96.60999990338999,96.61,96.61,0.05572961008547972,1.0,1.6383102468656453e-05,0.00021714277563070127,0.0,2.594006100060836e-07,0.0030000000000001137,3.276620493717325e-05,1.695797791997399e-07,-1,0.0,0.007000000000005002,0.0009999999999976694,0.028999999999996362,1.993581495314439e-06,6.584209172595353e-05,0.017241379308350877,False,1.0,1.0,0.02199999999999136,-6.22e-05,61.099,61.127,-0.028000000000005798,6655410.59,-0.0012482486193938322,1.0012,-6.22e-05,2,1,False,1.5631969160562798,0.43838631551801377,53,27,5,2,0,8,1,False,0,2512952390
1779859674000,1779859675049,9,231,False,61.042,61.042,61.037,61.037,12.83,3.27,9.56,5,1,4,61.036,61.037,0.0009999999999976694,61.036500000000004,61.036989195636174,61.038773039687406,42.010000000000005,115.98,738.03,182.92,225.06,512.6899999999999,738.03,512.6899999999999,0.1801682231033484,-0.49025720962663627,-0.10700801434798277,-1.8966800668001813e-05,5.636472042705445e-05,-7.533152109505627e-05,0.5900841115512745,-0.9783963439560283,1.4395248590738274,3.27,9.56,-6.290000000000001,25439.96,17.519396149659045,2.5659999994868,3.73,-6.29,0.28539796446191495,33.33333222222226,-3.276647334747748e-05,0.00021723552559049864,4.919447281916859e-05,2.5859803077201717e-07,-0.0030000000000001137,-4.914957581613393e-05,2.5538950385754935e-06,-1,-0.99999980000004,0.000999999999990564,0.0009999999999976694,-0.024999999999991473,1.547625473686531e-06,6.583415366687457e-05,0.017241379308350877,False,1.0,1.0,-0.025999999999982037,-6.22e-05,61.099,61.127,-0.028000000000005798,6655413.86,-0.0012477579031287224,1.0012,-6.22e-05,2,0,False,1.567483584021585,0.4383855193350061,54,27,5,2,0,9,5,False,0,608145717
1779859675000,1779859676098,9,232,False,61.036,61.036,61.036,61.036,0.18,0.0,0.18,1,0,1,61.036,61.037,0.0009999999999976694,61.036500000000004,61.036974982006505,61.03721192929558,43.09,182.79,820.18,117.34,189.98,395.44,820.18,395.44,0.34940195126737844,-0.9999999944444444,0.0012143365181537704,-1.7533783800629872e-05,6.935182412923937e-05,-8.688560792986924e-05,0.6747009756332779,-0.9499679281286091,2.0740946793392827,0.0,0.18,-0.18,25439.78,16.977776603768586,0.17999999981999998,0.18,-0.18,0.05890052762969727,1.0,-1.6383639298121825e-05,0.0002164944222560648,0.0,2.537770627283615e-07,0.005000000000002558,1.6382834049355652e-05,9.102021781723115e-05,-1,0.0,0.0010000000000047748,0.0009999999999976694,-0.045000000000001705,1.4126260044062897e-06,6.571614392511189e-05,0.017241379308228447,False,1.0,1.0,-0.04600000000000648,-6.22e-05,61.099,61.127,-0.028000000000005798,6655413.86,-0.0012477579031287224,1.0012,-6.22e-05,2,1,False,1.5707130238317988,0.41617794997893587,55,27,5,2,0,10,1,False,0,92825484
1779859676000,1779859677005,9,233,False,61.037,61.037,61.033,61.035,19.4,15.65,3.75,10,5,5,61.034,61.035,0.0009999999999976694,61.034499999999994,61.03401114497931,61.03344770494713,177.04,620.3,1309.3899999999999,9.31,49.28,244.59,1309.3899999999999,244.59,0.6852083038387334,0.6134020618240515,0.4145029627089357,-1.3303161240956106e-05,8.739922966767249e-05,-0.0001007023909086286,0.8426041519190449,0.9777088582963973,5.353407743548986,15.65,3.75,11.9,25451.68,16.748997042989288,1.9399999998059998,7.1,11.9,0.5970506755560447,9.036144496661345,-1.6383907726247343e-05,0.0002160299577623903,3.935847986291988e-05,2.5297394787685337e-07,0.0009999999999976694,-2.6842812551848083e-10,8.445313260516914e-07,-1,-0.49999987500091936,0.0010000000000047748,0.0009999999999976694,0.042999999999992156,-7.466953030708255e-07,7.023984996188651e-05,0.01724137930797928,False,1.0,1.0,0.04199999999998738,-6.22e-05,61.099,61.127,-0.028000000000005798,6655413.86,-0.0012477579031287224,1.0012,-6.22e-05,2,0,False,1.586033742719681,0.40694489182086324,56,27,5,2,0,8,10,False,0,3571991433
1779859677000,1779859678029,9,234,False,61.036,61.038,61.021,61.026,1853.9,8.16,1845.74,24,4,20,61.026,61.027,0.0009999999999976694,61.0265,61.0261075179279,61.024574028523375,172.97,412.13,1303.4,9.93,181.75,334.28,1303.4,334.28,0.591763958770583,-0.9911969361880407,0.5161342886398417,-1.3341022533858566e-05,4.6972148978014865e-05,-6.031317151187343e-05,0.7958819793849862,0.7849625966681251,3.89912648078288,8.16,1845.74,-1837.58,23614.1,16.986734844858493,77.24583333011476,1449.4,-1837.5800000000002,1.4128671706352913,25.698323361942528,-0.00014746725024873583,0.0002185014374972912,0.00016728861518929287,2.55390037697572e-07,-0.006999999999997897,-0.00013108334252248847,7.954433909523506e-08,-1,-0.5882352595155975,0.000999999999990564,0.0009999999999976694,-0.025000000000005684,6.58433823778592e-07,6.994359730574988e-05,0.017241379307852436,False,1.0,1.0,-0.02599999999999625,-6.22e-05,61.099,61.127,-0.028000000000005798,6655413.86,-0.0012477579031287224,1.0012,-6.22e-05,2,0,False,0.005762251810088172,0.43499830898088165,57,27,5,2,0,9,24,False,0,2119582822
1779859678000,1779859678992,9,235,False,61.027,61.027,61.023,61.023,31.22,0.64,30.58,4,2,2,61.024,61.025,0.0009999999999976694,61.0245,61.024037871989115,61.02429209550623,185.95000000000002,651.21,1461.86,118.71,137.06,353.04,1461.86,353.04,0.610953771557325,-0.9590006405842728,0.5618561485561215,-1.2634745490098899e-05,6.098262697489148e-05,-7.361737246499038e-05,0.8054768857783869,0.9242541350916021,4.140777249025207,0.64,30.58,-29.939999999999998,23584.16,16.560940259781166,7.80499999804875,23.49,-29.939999999999998,0.24153217975627933,3.694581267138246,-4.916058305440391e-05,0.00021877777842983757,3.936492942938849e-05,2.626396137012296e-07,-0.00999999999999801,9.830666719433192e-05,1.574650321999656e-06,-1,-0.9999997500000624,0.0030000000000001137,0.0009999999999976694,0.000999999999990564,5.673451200855929e-07,6.994492317508087e-05,0.017241379307729985,False,1.0,1.0,-0.0020000000000095497,-6.22e-05,61.099,61.127,-0.028000000000005798,6655413.86,-0.0012071390720851168,1.0012,-6.22e-05,2,1,False,1.6502852542781836,0.4234553937103334,58,27,5,2,0,9,4,False,0,1449575635
1779859679000,1779859680025,9,236,False,61.024,61.024,61.024,61.024,1.09,0.0,1.09,2,0,2,61.024,61.025,0.0009999999999976694,61.0245,61.02436477392162,61.02593098344489,68.08,343.87,1430.34,131.44,170.4,310.02,1430.34,310.02,0.6437288836788689,-0.9999999990825688,0.4421556553609626,-1.3818040054940227e-05,8.018184635269008e-05,-9.39998864076303e-05,0.8218644418391472,0.27045022193610574,4.613702341769519,0.0,1.09,-1.09,23583.07,16.083532382411292,0.5449999997275,0.55,-1.09,0.12435079261958766,1.1235955043555106,1.6387129548843828e-05,0.00016889024923783335,0.0,1.3100129731303364e-07,0.005000000000002558,6.554771260324773e-05,1.503406379248602e-05,-1,0.0,0.0010000000000047748,0.0009999999999976694,-0.03499999999999659,4.970248547722484e-07,6.913964530880566e-05,0.017241379307603156,False,1.0,1.0,-0.036000000000001364,-6.22e-05,61.099,61.127,-0.028000000000005798,6656400.06,-0.0010591378297632207,1.0012,-6.22e-05,1,1,False,1.6490403387360284,0.4157780730889814,59,27,5,2,0,9,2,False,0,699177371
1779859680000,1779859681060,9,237,False,61.025,61.025,61.004,61.011,290.61,147.53,143.07999999999998,28,9,19,61.013,61.014,0.0010000000000047748,61.0135,61.01318778870044,61.01096066165263,505.42,628.63,1389.65,12.4,46.38,191.85,1389.65,191.85,0.7573822320576938,0.015312618285622326,0.49253891062140803,-1.2872238096120708e-05,7.832187557326054e-05,-9.119411366938125e-05,0.8786911160285308,0.6244206488632824,7.243419337986744,147.53,143.07999999999998,4.450000000000017,23587.52,16.474236238725677,10.378928571057896,107.16,4.450000000000001,1.6996235572051166,33.210331000394916,-0.0002130536329606357,0.00016890102748745987,0.00020670144665217572,1.3100689771605365e-07,-0.02599999999999625,-0.00022944076250947952,7.331256080654574e-07,-1,-0.6666666349204109,0.0049999999999954525,0.0010000000000047748,-0.021000000000000796,1.872588636089913e-05,7.889844993768057e-05,0.017241379307725756,False,1.0,1.0,-0.02599999999999625,-6.22e-05,61.099,61.127,-0.028000000000005798,6656400.06,-0.0010591378297632207,1.0012,-6.22e-05,1,0,False,1.6964043956243187,0.43639779013489005,0,28,5,2,0,10,28,False,0,3498194647
1779859681000,1779859682032,9,238,False,61.013,61.013,61.013,61.013,14.54,0.0,14.54,1,0,1,61.013,61.014,0.0010000000000047748,61.0135,61.01340186021974,61.011138573851454,381.14,835.3100000000001,1388.33,26.8,99.13,185.6,1388.33,185.6,0.7641572369795582,-0.9999999999312242,0.6414794507153062,-1.3765598219493322e-05,9.390981085457272e-05,-0.00010767540907406605,0.8820786184894615,0.19627749576656048,7.480226293063145,0.0,14.54,-14.54,23572.98,15.966884230898605,14.539999985459998,14.54,-14.54,0.06262962676225849,1.0,3.278043663829087e-05,0.00016902035254289066,0.0,1.2860436733535793e-07,-0.026000000000003354,0.00024583406959892656,2.2545004563986503e-06,-1,0.0,0.0010000000000047748,0.0010000000000047748,0.005000000000009663,1.661378015880554e-05,7.889098229954514e-05,0.01724137930797501,False,1.0,1.0,0.0040000000000048885,-6.22e-05,61.099,61.127,-0.028000000000005798,6656400.06,-0.0010591378297632207,1.0012,-6.22e-05,1,1,False,1.6318725733691328,0.42631698689613035,1,28,5,2,0,9,1,False,0,1778098164
1779859682000,1779859682992,9,239,False,61.014,61.014,61.013,61.013,36.18,35.410000000000004,0.77,5,4,1,61.013,61.014,0.0010000000000047748,61.0135,61.01328609040156,61.011261430210624,184.46,638.73,1206.94,17.62,90.24,184.35999999999999,1206.94,184.35999999999999,0.7349816718171962,0.9574350469608228,0.603164786857788,-1.464627915363885e-05,9.479355751793758e-05,-0.00010943983667157643,0.8674908359082388,0.42781597037472724,6.546647862841471,35.410000000000004,0.77,34.64,23607.62,15.607314256115044,7.2359999985528,15.87,34.64,0.3203626144530668,5.449591250955906,0.0,0.00011016634555859151,9.843087257937408e-06,1.1921230956504062e-07,-0.02499999999999858,-3.278043663829087e-05,0.0,-1,-0.9999990000010001,0.0010000000000047748,0.0010000000000047748,-0.005000000000009663,1.9120788981844362e-05,7.882895880679577e-05,0.017241379308101715,False,1.0,1.0,-0.006000000000014438,-6.22e-05,61.099,61.127,-0.028000000000005798,6656400.06,-0.0010591378297632207,1.0012,-6.22e-05,0,0,False,1.628237501006907,0.5630794326936611,2,28,5,2,0,9,5,False,0,2302440775
1779859683000,1779859684024,9,240,False,61.013,61.022,61.013,61.022,39.79,39.4,0.39,12,10,2,61.023,61.024,0.0009999999999976694,61.0235,61.02399813697853,61.02315774538952,25.38,394.23,1341.32,116.81,168.98,348.36,1341.32,348.36,0.5876615690541478,0.9803970846700076,0.32546904907457636,-1.4640110496177507e-05,9.870138611233651e-05,-0.00011334149660851402,0.793830784526778,-0.9962752198551857,3.8503846595365414,39.4,0.39,39.01,23646.629999999997,15.489041657553896,3.315833333057014,10.82,39.01,0.7747412825488105,20.912547091182475,0.00014749866868222984,0.000114939094197988,8.858197811019719e-05,1.1813864140396203e-07,-0.017000000000003013,0.00014749866868222984,3.7069280894325943e-06,-1,0.9999998888889013,0.0030000000000001137,0.0009999999999976694,0.012999999999991019,3.935170372503733e-06,7.902932864078053e-05,0.017241379308101715,False,1.0,1.0,0.009999999999990905,-6.22e-05,61.099,61.127,-0.028000000000005798,6656400.06,-0.0009137472518543031,1.0012,-6.22e-05,0,1,True,1.7008389924268945,0.5385724134482139,3,28,5,2,0,10,12,False,0,773980049
1779859684000,1779859685062,9,241,False,61.024,61.024,61.008,61.008,407.84,0.81,407.03,13,1,12,61.006,61.007,0.0009999999999976694,61.0065,61.006616377926356,61.00558114184111,66.83,357.89,608.15,45.81,128.86,339.63,608.15,339.63,0.28331469328295245,-0.9960278540579737,0.1372077078361696,-3.04164730893486e-05,5.3982780238544095e-05,-8.43992533278927e-05,0.6416573466409486,-0.23275862068437486,1.7906250920066231,0.81,407.03,-406.21999999999997,23240.409999999996,15.407433734355408,31.372307689894434,175.95,-406.21999999999997,0.8437485582150469,27.210883613309292,-0.00022945177516052765,0.00012501469064085818,0.00015748294423352163,1.4231930098197103e-07,-0.028999999999996362,-0.0003769504438427575,5.626024302666856e-07,-1,-0.9999999375000039,0.0030000000000001137,0.0009999999999976694,0.015000000000000568,9.369792033164953e-06,7.922805775849664e-05,0.017241379307979275,False,1.0,1.0,0.012000000000000455,-6.115e-05,61.022,61.057,-0.035000000000003695,6656281.36,-0.0009315634193219267,1.0012,-6.115e-05,0,0,False,1.1716449118946488,0.5299966955817476,4,28,5,2,0,10,13,False,0,109271886
1779859685000,1779859685992,9,242,False,61.007,61.018,61.007,61.018,120.64,120.64,0.0,10,10,0,61.021,61.022,0.0009999999999976694,61.0215,61.02101937555146,61.01885871769305,445.21000000000004,848.89,1720.42,10.049999999999999,29.64,77.12,1720.42,77.12,0.9141938426956207,0.9999999999917109,0.7734120934311026,-1.1414743381649307e-05,0.00027481825877131603,-0.00028623300215296536,0.9570969213475322,0.961246840758867,22.30835062211737,120.64,0.0,120.64,23361.049999999996,15.23014082503228,12.0639999987936,87.25,120.64,0.6565927468580851,18.98734141163276,0.00016389949719552098,0.00012603441506209675,0.0001082757347465775,1.726782996195962e-07,-0.018000000000000682,0.00039335127235604864,1.3585833653362267e-06,-1,0.9999999090909174,0.007000000000005002,0.0009999999999976694,0.0049999999999954525,8.306135574226672e-06,7.92195736700794e-05,0.017241379307729975,False,1.0,1.0,-0.0020000000000095497,-6.115e-05,61.022,61.057,-0.035000000000003695,6656281.36,-0.0009315634193219267,1.0012,-6.115e-05,0,1,True,1.7211527399683828,0.5183719896522869,5,28,5,2,0,9,10,False,0,1024964872
1779859686000,1779859687012,9,243,False,61.019,61.021,61.015,61.015,467.11,0.28,466.83,10,1,9,61.015,61.016,0.0009999999999976694,61.0155,61.015341055625505,61.013055096959555,383.12,632.45,1523.7,42.49,128.1,202.32999999999998,1523.7,202.32999999999998,0.7655544805126415,-0.9988011389158896,0.44658722794440253,-1.1367488093444801e-05,9.163403865599556e-05,-0.00010300152674944036,0.8827772402560311,0.31788660698055315,7.530766569428505,0.28,466.83,-466.55,22894.499999999996,15.058660797982041,46.7109999953289,139.62,-466.55,0.6640696761478282,23.684209965373974,-4.91670286005229e-05,0.0001260346664418166,5.905416810226491e-05,1.799313876148461e-07,-0.01999999999999602,-0.0002130665257960439,1.0525792340223426e-07,-1,-0.6666665555551793,0.0010000000000047748,0.0009999999999976694,-0.007000000000005002,7.26166556107022e-06,7.923638961550635e-05,0.017241379307480712,False,1.0,1.0,-0.008000000000009777,-6.115e-05,61.022,61.057,-0.035000000000003695,6656281.36,-0.0009315634193219267,1.0012,-6.115e-05,0,0,False,1.4319128581573324,0.515811419260507,6,28,5,2,0,9,10,False,0,3781724575
1779859687000,1779859688044,9,244,False,61.015,61.015,61.015,61.015,1.0,0.0,1.0,1,0,1,61.015,61.016,0.0009999999999976694,61.0155,61.0156270755462,61.01319198904778,312.58,917.0,1461.41,76.66,156.63,226.96,1461.41,226.96,0.7311489780079419,-0.9999999989999999,0.47095637918041405,-1.1794053893134695e-05,0.00010296059598817497,-0.00011475464988130966,0.8655744890036748,-0.2541526164574229,6.439064152245158,0.0,1.0,-1.0,22893.499999999996,14.597721099687547,0.9999999989999999,1.0,-1.0,0.06850384338093021,1.0,0.0,0.0001259814059448591,0.0,1.799313876148461e-07,-0.011000000000002785,4.91670286005229e-05,0.0,-1,0.0,0.0010000000000047748,0.0009999999999976694,-0.0030000000000001137,7.941354020289398e-06,7.919276755851028e-05,0.017241379307353907,False,1.0,1.0,-0.0040000000000048885,-6.115e-05,61.022,61.057,-0.035000000000003695,6656281.36,-0.0009315634193219267,1.0012,-6.115e-05,0,1,True,1.7472814944200392,0.5274316946757819,7,28,5,2,0,9,1,False,0,3148810313
1779859688000,1779859689064,9,245,False,61.015,61.015,61.015,61.015,4.58,0.0,4.58,1,0,1,61.015,61.016,0.0009999999999976694,61.0155,61.015546670182374,61.013480432413466,328.86,931.06,1428.2,87.91,166.63,233.45,1428.2,233.45,0.7190142328404182,-0.9999999997816593,0.435501489583715,-1.1889989430738615e-05,0.00010046349701988185,-0.00011235348645062047,0.8595071164199082,-0.09334163036617567,6.11779824370907,0.0,4.58,-4.58,22888.919999999995,14.151894178386316,4.57999999542,4.58,-4.58,0.07066191898584166,1.0,0.0,0.0001259814059448591,0.0,1.799313876148461e-07,-0.008000000000002672,0.0,0.0,-1,0.0,0.0010000000000047748,0.0009999999999976694,-0.0030000000000001137,8.03120550695961e-06,7.91927675585103e-05,0.017241379307353907,False,1.0,1.0,-0.0040000000000048885,-6.115e-05,61.022,61.057,-0.035000000000003695,6656281.36,-0.0006182572359926789,1.0012,-6.115e-05,0,0,False,1.774348762097201,0.52832306557027,8,28,5,2,0,9,1,False,0,2815731478
1779859689000,1779859690060,9,246,False,61.015,61.015,61.015,61.015,6.87,0.0,6.87,1,0,1,61.015,61.016,0.0009999999999976694,61.0155,61.015572496251906,61.01327070212041,379.74,981.9399999999999,1528.43,97.98,127.38,243.61,1528.43,243.61,0.7250513532421814,-0.9999999998544395,0.44347952901734544,-1.1601221754187896e-05,0.00010381065605066533,-0.00011541187780485323,0.8625256766208086,-0.14499361663190777,6.27408562864302,0.0,6.87,-6.87,22882.049999999996,13.720684533193323,6.8699999931299995,6.87,-6.87,0.0728826610296228,1.0,0.0,0.00011506458051848395,0.0,1.1226756900307363e-07,-0.009000000000000341,0.0,0.0,-1,0.0,0.0010000000000047748,0.0009999999999976694,-0.0030000000000001137,7.669459868243807e-06,1.546765229058049e-05,0.017241379307231398,False,1.0,1.0,-0.0040000000000048885,-6.115e-05,61.022,61.057,-0.035000000000003695,6655938.55,-0.0006697271238637426,1.0012,-6.115e-05,0,0,False,1.7781038078761955,0.5305606597443965,9,28,5,2,0,8,1,False,0,2342519938
1779859690000,1779859691158,9,247,False,61.015,61.015,61.015,61.015,0.67,0.0,0.67,1,0,1,61.015,61.016,0.0009999999999976694,61.0155,61.015444827852704,61.01344853840763,421.26,1023.46,1524.21,106.03,135.43,251.76,1524.21,251.76,0.7164816973255649,-0.9999999985074627,0.41032073449397766,-1.1641115807702125e-05,0.00010567833720372336,-0.00011731945301142548,0.8582408486625009,0.11034352822891204,6.054218303121806,0.0,0.67,-0.67,22881.379999999997,13.303612909154197,0.66999999933,0.67,-0.67,0.07516755085655971,1.0,0.0,9.428776865636753e-05,0.0,1.0260320961833923e-07,0.003999999999997783,0.0,0.0,-1,0.0,0.0010000000000047748,0.0009999999999976694,0.021000000000000796,7.928609207523498e-06,1.5416785399018323e-05,1.9601178915109406e-12,False,1.0,1.0,0.01999999999999602,-6.115e-05,61.022,61.057,-0.035000000000003695,6655938.55,-0.0006697271238637426,1.0012,-6.115e-05,0,0,False,1.7740513056650387,0.5296559232983783,10,28,5,2,0,7,1,False,0,98029489
1779859691000,1779859692058,9,248,False,61.015,61.016,61.011,61.011,430.31,68.47,361.84,6,1,5,61.011,61.012,0.0009999999999976694,61.0115,61.01161762913255,61.01160617173018,123.06,217.98,810.5500000000001,164.35,182.89000000000001,283.12,810.5500000000001,283.12,0.48225698793924837,-0.6817643094497414,0.34312976206141993,-2.1602836236794296e-05,9.285874665417524e-05,-0.00011446158289096954,0.741128493969167,-0.23525917124435425,2.8629203164634682,68.47,361.84,-293.37,22588.01,13.064150190821271,71.71833332138027,163.57,-293.37,0.4592721234754529,30.30302938475669,-6.555979875488461e-05,9.51388752826833e-05,4.9215436315653673e-05,1.020663931279545e-07,-0.001999999999995339,-6.555979875488461e-05,1.5235481107743778e-07,-1,-0.7999998400003162,0.000999999999990564,0.0009999999999976694,0.1629999999999967,1.2292103404269986e-05,2.0307561054517997e-05,-0.3997093024848497,False,1.0,1.0,0.16200000000000614,-6.115e-05,61.022,61.057,-0.035000000000003695,6655938.55,-0.0006697271238637426,1.0012,-6.115e-05,0,0,False,1.2763069370553592,0.5296555268747489,11,28,5,2,0,8,6,False,0,3836884261
1779859692000,1779859693048,9,249,False,61.012,61.019,61.012,61.014,161.79,161.79,0.0,8,8,0,61.013,61.014,0.0010000000000047748,61.0135,61.01331071377328,61.01168623446924,217.3,601.34,1603.74,17.43,48.93,216.62,1603.74,216.62,0.7620031202615075,0.9999999999938192,0.4934113014744305,-1.0201393201016744e-05,7.138703873039884e-05,-8.158843193141558e-05,0.881001560130479,0.37856998176263784,7.403471516907934,161.79,0.0,161.79,22749.8,12.898112479646803,20.22374999747203,84.48,161.79,0.6202457927083315,39.10614372210611,4.917025200746841e-05,9.570199042785458e-05,6.889935238362492e-05,1.0502157890779487e-07,0.0010000000000047748,0.00011473005076235301,3.03914036758542e-07,-1,0.2857142448984,0.0010000000000047748,0.0010000000000047748,-0.09900000000000375,1.011869438350968e-05,2.0289031875726307e-05,-0.3764534878552836,False,1.0,1.0,-0.10000000000000853,-6.115e-05,61.022,61.057,-0.035000000000003695,6655938.55,-0.0006697271238637426,1.0012,-6.115e-05,0,1,True,1.7939026656979893,0.5096142603619673,12,28,5,2,0,9,8,False,0,2808517567
1779859693000,1779859694098,9,250,False,61.014,61.014,61.013,61.013,13.51,5.0,8.51,2,1,1,61.013,61.014,0.0010000000000047748,61.0135,61.01351068717371,61.01218577319933,103.0,487.05,1564.04,32.11,60.949999999999996,179.34,1564.04,179.34,0.7942617214830995,-0.2598075499437596,0.557164226825266,-9.88756737648053e-06,0.00010146310737836713,-0.00011135067475484767,0.8971308607412629,-0.021376740536941035,8.721088435325521,5.0,8.51,-3.51,22746.29,12.540797316379695,6.7549999966225,8.51,-3.51,0.15947949316015936,6.060606023875115,-1.638981536917323e-05,9.570204789825567e-05,9.843087257937408e-06,1.0529065376946478e-07,-0.009000000000000341,-6.556006737664164e-05,1.2131617592864595e-06,-1,-0.9999990000010001,0.0010000000000047748,0.0010000000000047748,0.13500000000000512,9.19992308021878e-06,2.0254216056672966e-05,-0.3977591033616484,False,1.0,1.0,0.13400000000000034,-6.115e-05,61.022,61.057,-0.035000000000003695,6655938.55,-0.0005771239898846245,1.0012,-6.115e-05,0,0,False,1.8142683482488937,0.5041518850805939,13,28,5,2,0,9,2,False,0,518776711
1779859694000,1779859695034,9,251,False,61.013,61.013,61.013,61.013,10.8,0.0,10.8,2,0,2,61.013,61.014,0.0010000000000047748,61.0135,61.01349757128191,61.01219734057574,128.59,592.5,1624.45,33.92,62.76,213.51,1624.45,213.51,0.7676663257085206,-0.9999999999074074,0.5984047220307231,-9.62817694078485e-06,8.431040597133225e-05,-9.39385829121171e-05,0.8838331628539883,0.004855241862886969,7.608308744285476,0.0,10.8,-10.8,22735.49,12.195197404367246,5.3999999973,10.71,-10.8,0.16399898529889947,1.6949152513645507,0.0,9.542117104258612e-05,0.0,1.0475381968906819e-07,0.0049999999999954525,1.638981536917323e-05,0.0,-1,0.0,0.0010000000000047748,0.0010000000000047748,0.08300000000001262,1.0287142302425131e-05,2.0237257939838714e-05,-0.4159891599213608,False,1.0,1.0,0.08200000000000784,-6.115e-05,61.022,61.057,-0.035000000000003695,6656101.62,-0.000552638203670257,1.0012,-6.115e-05,0,1,True,1.8149575664434954,0.4912527293397115,14,28,5,2,0,8,2,False,0,1741543703
1779859695000,1779859695994,9,252,False,61.014,61.05,61.014,61.026,624.21,624.21,0.0,38,38,0,61.025,61.026,0.0010000000000047748,61.0255,61.02500854750611,61.02604630280875,146.68,334.9,1659.25,66.91,67.74,237.69,1659.25,237.69,0.7493963963010166,0.999999999998398,0.7324492308148425,-9.908820165102965e-06,0.00010462958308800731,-0.00011453840325311027,0.8746981981502447,0.9829025035419723,6.9807312044807075,624.21,0.0,624.21,23359.7,13.041256505863402,16.426578946936147,85.65,624.21,2.9138296589750547,87.26414332836487,0.00021304664982803615,0.00010658903532471537,0.0003542437407426924,1.0448539165458765e-07,0.008000000000002672,0.00021304664982803615,3.4130605057223507e-07,-1,0.3333333240741401,0.0010000000000047748,0.0010000000000047748,-0.06300000000000239,3.156206486271423e-05,2.115973607724623e-05,-0.43157894671087127,False,1.0,1.0,-0.06400000000000716,-6.115e-05,61.022,61.057,-0.035000000000003695,6656101.62,-0.000552638203670257,1.0012,-6.115e-05,0,1,True,1.8187633080034167,0.49125270614487415,15,28,5,2,0,8,38,False,0,4146778541
1779859696000,1779859697068,9,253,False,61.031,61.102,61.025,61.092,15057.289999999999,3972.04,11085.25,129,95,34,61.092,61.093,0.0010000000000047748,61.0925,61.09279459583675,61.09438554054606,88.06,308.66,897.76,247.65,288.93,673.38,897.76,673.38,0.14281349847872069,-0.4724097098481551,0.17935937916020114,-2.1628587900818014e-05,2.9901611893655066e-05,-5.153019979447308e-05,0.5714067492390421,-0.5891923990463824,1.3332145296840814,3972.04,11085.25,-7113.21,16246.490000000002,16.843182522064602,116.72317829366881,9503.55,-7113.209999999999,7.658885120038975,172.73951132164987,0.00108092183668507,0.0002641351958391111,0.0007572972211845045,3.323560778655907e-07,0.07699999999999818,0.0008678751868570339,7.178727624193984e-08,1,0.7922077819193974,0.0010000000000047748,0.0010000000000047748,-0.03100000000000591,1.0577078625694977e-05,1.6695233811101294e-05,-0.47051282060385863,False,1.0,1.0,-0.03200000000001069,-6.115e-05,61.022,61.057,-0.035000000000003695,6656101.62,-0.000552638203670257,1.0012,-6.115e-05,2,2,False,0.01687937541490786,0.5092958079119128,16,28,5,2,0,11,129,False,0,1776709235
1779859697000,1779859698010,9,254,False,61.092,61.093,61.05,61.05,1667.44,1.95,1665.49,41,2,39,61.063,61.064,0.0009999999999976694,61.063500000000005,61.06313931809774,61.058336774105406,260.84000000000003,588.99,937.75,60.74,117.79,397.43,937.75,397.43,0.4046795188660669,-0.9976610852558426,0.4191462653487756,-2.243620388443268e-05,4.312312657435342e-05,-6.55593304587861e-05,0.702339759432659,0.7213622290928617,2.3595350124490864,1.95,1665.49,-1663.54,14582.95,17.63520932461986,40.669268291691,326.1,-1663.54,2.3248944337982156,44.15010842604378,-0.0006877241514855904,0.0003038557184141812,0.00042285080366068553,1.068482554818419e-06,0.03499999999999659,-0.0017686459881706604,4.1244311728468665e-07,1,-0.9767441633314234,0.027000000000015234,0.0009999999999976694,0.05299999999999727,1.8699608118977344e-18,1.6317447270179657e-05,-0.47051282060385863,False,1.0,1.0,0.025999999999982037,-6.115e-05,61.022,61.057,-0.035000000000003695,6656101.62,-0.000552638203670257,1.0012,-6.115e-05,2,1,False,0.9708118134581591,0.4570551097438939,17,28,5,2,0,9,41,False,0,2350093432
1779859698000,1779859699090,9,255,False,61.07,61.081,61.063,61.081,68.11,46.24,21.87,16,13,3,61.08,61.081,0.0010000000000047748,61.0805,61.080178519825104,61.078968634152865,81.74000000000001,244.94,627.95,19.65,59.3,267.23,627.95,267.23,0.4029580642994672,0.3578035530706533,0.41330267342707777,-2.9295195704141074e-05,6.402597810731476e-05,-9.332117381145584e-05,0.7014790321491751,0.6429578883610124,2.349848445150807,46.24,21.87,24.37,14607.320000000002,17.58159590414052,4.256874999733945,12.98,24.37,0.9100425289220706,28.84615301405328,0.0005076516308842281,0.0003241804565109633,0.0001770058579600057,1.4168012410753416e-06,0.0660000000000025,0.0011953757823698185,7.453408176138228e-06,1,0.6111110771606273,0.0010000000000047748,0.0010000000000047748,nan,1.0278385466263032e-05,1.6331343886541825e-05,-0.44487179463769677,False,1.0,1.0,nan,-6.115e-05,61.022,61.057,-0.035000000000003695,6656101.62,-0.0004004749653182368,1.0012,-6.115e-05,2,2,False,1.7254940552148386,0.45496753101529414,18,28,5,2,0,10,16,False,0,985648803
1779859699000,1779859699995,9,256,False,61.081,61.081,61.055,61.055,70.81,8.19,62.62,14,1,13,61.054,61.055,0.0009999999999976694,61.054500000000004,61.054996557808174,61.052773551744544,172.29999999999998,230.45,492.48,163.23000000000002,250.72,348.76,492.48,348.76,0.1708430412246555,-0.7686767405625098,0.025853443551347534,-4.691602742608527e-05,7.614023964050533e-05,-0.0001230562670665906,0.5854215206117334,-0.9931179506596614,1.4120885422599723,8.19,62.62,-54.43,14552.890000000001,17.464166530234273,5.057857142495868,28.31,-54.43,0.80164146253194,16.666666388888892,-0.0004257549026126583,0.00033785041562479944,0.00025569187708934045,1.6294450742594357e-06,0.03999999999999915,-0.0009334065334968864,6.012638082285633e-06,1,-0.999999961538463,0.000999999999990564,0.0009999999999976694,nan,2.716732450224875e-05,1.6617648765144204e-05,-0.40852130334167136,False,1.0,1.0,nan,-6.115e-05,61.022,61.057,-0.035000000000003695,6656035.04,-0.0004104738115162736,1.0012,-6.115e-05,2,1,False,1.7234779167621928,0.431856850607844,19,28,5,2,0,8,14,False,0,1594881998
1779859700000,1779859701064,9,257,False,61.055,61.057,61.047,61.057,409.36,305.91,103.45,16,10,6,61.057,61.058,0.0009999999999976694,61.057500000000005,61.057180871770456,61.055469694883,72.48,296.34,541.5600000000001,15.3,44.04,319.2,541.5600000000001,319.2,0.2583298480409658,0.4945769005264448,0.19177049030632676,-3.703126078079693e-05,6.177584530889073e-05,-9.880710608968766e-05,0.6291649240199021,0.6382536382388947,1.6966165413480685,305.91,103.45,202.46000000000004,14755.350000000002,17.416161070226593,25.58499999840094,89.0,202.46,0.9186869560154536,14.52081295468326,3.275681342008601e-05,0.0003345548703176138,9.836880130648811e-05,1.6364074570511813e-06,0.04200000000000159,0.0004585117160327443,8.001957548369648e-08,1,0.19999998000014413,0.0010000000000047748,0.0009999999999976694,nan,2.4718074728826123e-05,6.867676420573998e-06,-0.4348370925163705,False,1.0,1.0,nan,-6.115e-05,61.022,61.057,-0.035000000000003695,6656035.04,-0.0004104738115162736,1.0012,-6.115e-05,2,2,False,1.7595055312324066,0.4363122326167664,20,28,5,2,0,10,16,False,0,1634881661
1779859701000,1779859702078,9,258,False,61.058,61.079,61.058,61.079,53.89,53.89,0.0,15,15,0,61.076,61.077,0.0009999999999976694,61.076499999999996,61.076423442964156,61.075909747269776,62.89,239.57,940.25,57.33,71.29,386.46,940.25,386.46,0.4174160140494777,0.9999999999814437,0.3003041416191809,-1.7312145485019742e-05,4.835871410830412e-05,-6.567085959332386e-05,0.708708007024362,0.15311222171508235,2.432981421098088,53.89,0.0,53.89,14809.240000000002,17.33694267448146,3.5926666664271556,18.58,53.89,0.8652044527558801,37.53351065557869,0.0003602541468188707,0.0003440383494858315,0.0002065186702888506,1.6482082349223394e-06,0.06799999999999784,0.0003274973333987847,6.68499066268669e-06,1,0.9999999523809546,0.005000000000009663,0.0009999999999976694,nan,1.0457567800529898e-05,6.906038603240463e-06,-0.47051282060385863,False,1.0,1.0,nan,-6.115e-05,61.022,61.057,-0.035000000000003695,6656035.04,-0.0004104738115162736,1.0012,-6.115e-05,2,2,False,1.7438029872945104,0.45336891155074743,21,28,5,2,0,9,15,False,0,4285220464
1779859702000,1779859703050,9,259,False,61.076,61.077,61.076,61.077,35.120000000000005,34.33,0.79,3,2,1,61.076,61.077,0.0009999999999976694,61.076499999999996,61.07628118293908,61.073799362835224,222.05,664.2,1251.02,29.349999999999998,46.3,236.01,1251.02,236.01,0.6825753347271524,0.9550113894944472,0.5695166054210687,-1.563957165412471e-05,7.422197773853215e-05,-8.986154939265686e-05,0.84128766736324,0.43763213529943684,5.300707597113255,34.33,0.79,33.54,14842.780000000002,16.866878980236166,11.706666662764446,24.62,33.54,0.17786337373603017,3.7313432696591664,-3.274501457449235e-05,0.00034411625610527224,9.832934179357333e-06,1.6600047622104444e-06,0.06299999999999528,-0.0003929991613933631,9.323751302266507e-07,1,0.9999990000010001,0.0010000000000047748,0.0009999999999976694,nan,-6.369751429997636e-07,6.936419949106008e-06,-0.49615384572466625,False,1.0,1.0,nan,-6.115e-05,61.022,61.057,-0.035000000000003695,6656035.04,-0.0004104738115162736,1.0012,-6.115e-05,2,1,False,1.748511157666725,0.4533692549772658,22,28,5,2,0,9,3,False,0,2761572506
