Timestamp,local_timestamp_ms,clock_skew_ms,sequence_id,is_warmup,open,high,low,close,volume,taker_buy_volume,taker_sell_volume,trade_count,buy_trade_count,sell_trade_count,best_bid,best_ask,spread,mid_price,microprice,weighted_mid_price,bid_depth_top5,bid_depth_top10,bid_depth_top20,ask_depth_top5,ask_depth_top10,ask_depth_top20,cumulative_bid_volume,cumulative_ask_volume,order_book_imbalance,volume_imbalance,depth_imbalance,slope_bid,slope_ask,slope_imbalance,liquidity_pressure,queue_imbalance,order_book_pressure_ratio,aggressive_buy_volume,aggressive_sell_volume,delta_volume,cumulative_delta,trade_intensity,avg_trade_size,max_trade_size,signed_trade_flow,trade_burst_metric,trade_arrival_rate,log_return,realized_volatility,parkinson_volatility,bipower_variance,momentum_10s,price_acceleration,price_impact,micro_trend,directional_pressure,effective_spread,quoted_spread,realized_spread,kyle_lambda,amihud_illiquidity,resiliency_metric,liquidity_vacuum,vpin,toxicity_score,adverse_selection_metric,funding_rate,mark_price,index_price,mark_index_spread,open_interest,oi_change_rate,long_short_ratio,predicted_funding_rate,volatility_regime,trend_regime,ranging_regime,entropy,hurst_exponent,second_of_minute,minute_of_hour,hour_of_day,day_of_week,session_marker,book_update_count,trade_msg_count,has_gap,recovery_source,row_checksum
1779856556000,1779856557034,10,1,True,5.584,5.584,5.584,5.584,101.30000000000001,0.0,101.30000000000001,2,0,2,5.584,5.585,0.001000000000000334,5.5845,5.584386992898955,5.585373793601778,3206.4,9114.2,21700.899999999998,6170.7,16292.3,36878.4,21700.899999999998,36878.4,-0.2590932291782207,-0.9999999999901283,-0.2418897248634318,-8.872060787237623e-07,5.290558421371496e-07,-1.4162619208609118e-06,0.37045338541088113,0.22601416612934316,0.5884447264523247,0.0,101.30000000000001,-101.30000000000001,-101.30000000000001,0.06557377049180328,50.649999974675005,78.9,-101.30000000000001,30.499999534875005,2.702702695398101,0.0,0.0,0.0,0.0,0.0,0.0,0.0,0,0.0,0.0010000000000012221,0.001000000000000334,0.0010000000000012221,0.0,0.0,0.0,False,101.29999989870001,0.0,0.0,-0.00013923,5.585,5.58577737,-0.0007773699999997774,4771329.2,0.0,1.9842,-0.00013923,1,1,False,0.0,0.5,56,35,4,2,0,7,2,False,0,2128337510
1779856557000,1779856558009,10,2,True,5.584,5.584,5.584,5.584,48.5,0.0,48.5,1,0,1,5.584,5.585,0.001000000000000334,5.5845,5.584756761072836,5.584479525956665,4871.0,10284.300000000001,23129.4,6343.2,16453.9,37167.4,23129.4,37167.4,-0.23281500842498717,-0.9999999999793815,-0.2744014075149602,-8.387868651312868e-07,5.3028483542691e-07,-1.3690717005581968e-06,0.38359249578749816,-0.5135221635453456,0.622303416434816,0.0,48.5,-48.5,-149.8,0.09621069604944908,48.499999951499994,48.5,-48.5,10.393854640571135,1.0,0.0,0.0,0.0,0.0,0.0,0.0,0.0,0,0.0,0.0010000000000012221,0.001000000000000334,0.0010000000000012221,0.0,0.0,0.0,False,74.8999999251,0.0,0.0,-0.00013923,5.585,5.58577737,-0.0007773699999997774,4771329.2,0.0,1.9842,-0.00013923,1,1,False,0.0,0.5,57,35,4,2,0,7,1,False,0,591360672
1779856558000,1779856559066,10,3,True,5.584,5.584,5.584,5.584,65.8,0.0,65.8,2,0,2,5.584,5.585,0.001000000000000334,5.5845,5.584766094038549,5.584482785076571,4949.8,10424.5,23206.6,6389.2,16557.1,37270.7,23206.6,37270.7,-0.23255171775194605,-0.9999999999848024,-0.27463221325226084,-8.372861967422264e-07,5.277702896613432e-07,-1.3650564864035695e-06,0.3837241411240187,-0.5321880964766056,0.6226499636443474,0.0,65.8,-65.8,-215.60000000000002,0.15863001749045075,32.899999983549996,48.6,-65.8,12.607954150370325,5.78034678739684,0.0,0.0,0.0,0.0,0.0,0.0,0.0,0,0.0,0.0010000000000012221,0.001000000000000334,0.0030000000000001137,0.0,0.0,0.0,False,71.8666665948,0.0,0.0019999999999988916,-0.00013923,5.585,5.58577737,-0.0007773699999997774,4771329.2,0.0,1.9842,-0.00013923,1,1,False,0.0,0.5,58,35,4,2,0,7,2,False,0,4072818890
1779856559000,1779856560074,10,4,True,5.585,5.585,5.585,5.585,62.300000000000004,62.300000000000004,0.0,2,2,0,5.584,5.585,0.001000000000000334,5.5845,5.584746616530856,5.584606950429578,4807.1,10281.800000000001,22929.1,6700.099999999999,16868.0,37453.0,22929.1,37453.0,-0.24053320437678985,0.9999999999839487,-0.2818694021217646,-8.397753425947986e-07,5.253170400571951e-07,-1.3650923826519938e-06,0.3797333978115968,-0.49323308270583976,0.6122099698288358,62.300000000000004,0.0,62.300000000000004,-153.3,0.21900280380223924,31.149999984425,60.2,62.300000000000004,9.132303131030724,1.8832391678281748,0.00017906706109264032,0.0,0.0,0.0,0.0,0.00017906706109264032,2.874270643495442e-06,0,0.0,0.0009999999999994458,0.001000000000000334,-0.0009999999999994458,0.0,0.0,0.0,False,69.474999930525,0.0,-0.0019999999999988916,-0.00013923,5.585,5.58577737,-0.0007773699999997774,4771329.2,0.0,1.9842,-0.00013923,1,1,False,1.5498261473395258,0.5,59,35,4,2,0,8,2,False,0,2246344735
1779856560000,1779856561028,10,5,True,5.585,5.585,5.585,5.585,1.1,1.1,0.0,1,1,0,5.584,5.585,0.001000000000000334,5.5845,5.5845305595248655,5.584231509489453,5048.5,10523.2,23380.4,5529.9,15394.5,36218.3,23380.4,36218.3,-0.21540570515799481,0.999999999090909,-0.2338525196556188,-8.322770593282019e-07,5.371065295458123e-07,-1.3693835888740143e-06,0.39229714742099425,-0.06111908177887774,0.6455410662565432,1.1,0.0,1.1,-152.20000000000002,0.24460926925134616,1.0999999989,1.1,1.1,4.088152501221473,1.0,0.0,0.0,0.0,0.0,0.0,-0.00017906706109264032,0.0,0,0.0,0.0009999999999994458,0.001000000000000334,-0.0009999999999994458,0.0,0.0,0.0,False,55.799999944199996,0.0,-0.0019999999999988916,-0.00013923,5.585,5.58577737,-0.0007773699999997774,4771329.2,0.0,1.9842,-0.00013923,1,1,False,0.9743148989424795,0.5,0,36,4,2,0,8,1,False,0,3102385171
1779856561000,1779856562084,10,6,True,5.585,5.585,5.585,5.585,1.5,1.5,0.0,1,1,0,5.584,5.585,0.001000000000000334,5.5845,5.584502432820849,5.583767748762314,5028.400000000001,10583.9,23469.9,3852.5,13759.199999999999,34482.8,23469.9,34482.8,-0.1900325610368423,0.9999999993333333,-0.18165479329573186,-8.30161088007732e-07,5.486221685830838e-07,-1.3787832565908157e-06,0.40498371948157025,-0.004865665326835511,0.6806262832484404,1.5,0.0,1.5,-150.70000000000002,0.26937617845622003,1.4999999984999999,1.5,1.5,3.7122807295680853,1.0,0.0,0.0,0.0,0.0,0.0,0.0,0.0,0,0.0,0.0009999999999994458,0.001000000000000334,-0.0009999999999994458,0.0,0.0,0.0,False,46.749999953250004,0.0,-0.0019999999999988916,-0.00013923,5.585,5.58577737,-0.0007773699999997774,4771329.2,0.0,1.9842,-0.00013923,1,1,False,1.0608570920259313,0.5,1,36,4,2,0,9,1,False,0,676466966
1779856562000,1779856563050,10,7,True,5.584,5.585,5.584,5.584,57.3,1.0,56.3,3,1,2,5.584,5.585,0.001000000000000334,5.5845,5.584521671812217,5.583761971253462,4996.3,10571.0,23481.9,3812.3,13758.199999999999,34473.2,23481.9,34473.2,-0.1896519892123352,-0.9650959860215516,-0.1823516945120505,-8.291138059965905e-07,5.479717201435465e-07,-1.377085526140137e-06,0.4051740053938238,-0.043343653250662126,0.6811639186382269,1.0,56.3,-55.3,-206.0,0.3589048283429014,19.099999993633332,33.9,-55.3,8.358761863117113,6.289308136545232,-0.00017906706109278237,0.0,0.00010754072987695125,0.0,0.0,-0.00017906706109278237,3.1250796001685397e-06,0,0.0,0.0010000000000012221,0.001000000000000334,-0.0030000000000001137,8.733014877276525e-06,0.0,0.0,False,47.97142852345714,0.0,-0.004000000000001336,-0.00013923,5.585,5.58577737,-0.0007773699999997774,4771329.2,0.0,1.9842,-0.00013923,1,1,False,1.2650014990956147,0.5,2,36,4,2,0,8,3,False,0,3686658300
1779856563000,1779856564064,10,8,True,5.585,5.585,5.585,5.585,70.8,70.8,0.0,3,3,0,5.585,5.586,0.001000000000000334,5.5855,5.585193670261761,5.586346178013828,2965.7999999999997,10645.0,21476.6,4513.3,12650.2,33474.2,21476.6,33474.2,-0.21833349105017183,0.9999999999858756,-0.1421313763666781,-8.340387382333041e-07,5.474768912454461e-07,-1.3815156294787503e-06,0.390833254474905,0.6126594237099071,0.6415866547968095,70.8,0.0,70.8,-135.2,0.44549811265952755,23.59999999213333,62.8,70.8,6.73403524732487,2.9027576113127496,0.00017906706109264032,0.0,0.0,0.0,0.0,0.00035813412218542267,2.529195778108914e-06,0,0.0,0.0009999999999994458,0.001000000000000334,0.005000000000000782,6.455635378370593e-06,0.0,0.0,False,50.824999949174995,0.0,0.004000000000001336,-0.00013923,5.585,5.58577737,-0.0007773699999997774,4771329.2,0.0,1.9842,-0.00013923,1,1,False,1.8413904359938689,0.5,3,36,4,2,0,9,3,False,0,2985882847
1779856564000,1779856565066,10,9,True,5.585,5.586,5.585,5.586,156.5,138.5,18.0,5,4,1,5.585,5.586,0.001000000000000334,5.5855,5.585241996538433,5.586743782253813,2491.1,10223.2,21178.4,5433.8,13397.1,34243.8,21178.4,34243.8,-0.23574307768366765,0.769968051113291,-0.1996430541302727,-8.468655866517248e-07,5.464986741436959e-07,-1.3933642607954207e-06,0.3821284611581572,0.5160068846798072,0.618459399949754,138.5,18.0,120.5,-14.699999999999989,0.5948260433920021,31.29999999374,126.1,120.5,8.405818889639779,5.115089487902355,0.00017903500182097688,0.0,0.00010752147632214908,0.0,0.0,-3.2059271663439654e-08,1.1439936218519674e-06,0,0.9999990000010001,0.0010000000000012221,0.001000000000000334,0.005000000000000782,3.991591128116892e-06,0.0,0.0,False,58.5666666081,0.0,0.0039999999999995595,-0.00013923,5.585,5.58577737,-0.0007773699999997774,4771329.2,0.0,1.9842,-0.00013923,1,1,False,1.4702536306041114,0.5,4,36,4,2,0,8,5,False,0,4219301221
1779856565000,1779856566002,10,10,True,5.586,5.586,5.585,5.585,50.6,3.0,47.6,2,1,1,5.585,5.586,0.001000000000000334,5.5855,5.58551444220326,5.5869231119658,2415.6,10157.1,21112.3,6144.9,13985.4,34762.5,21112.3,34762.5,-0.24429975588279074,-0.8814229248837664,-0.23181188650136436,-8.441939528723385e-07,5.419096511807943e-07,-1.3861036040531328e-06,0.3778501220585957,-0.02888446215125056,0.6073297375044774,3.0,47.6,-44.6,-59.29999999999999,0.6408973206578381,25.29999998735,47.6,-44.6,3.120624681074512,2.105263153462604,-0.00017903500182099975,0.0,0.00010752147632214908,0.0,0.0,-0.00035807000364197663,3.5382411426375793e-06,0,-0.9999990000010001,0.0009999999999994458,0.001000000000000334,-0.005000000000000782,5.051093158505826e-06,0.0,0.0,False,57.169999942829996,0.5,-0.006000000000000227,-0.00013923,5.585,5.58577737,-0.0007773699999997774,4771329.2,0.0,1.9842,-0.00013923,1,1,False,1.49069213571092,0.5,5,36,4,2,0,8,2,False,0,2625125215
1779856566000,1779856566998,10,11,True,5.586,5.586,5.585,5.585,7.4,3.6,3.8,2,1,1,5.585,5.586,0.001000000000000334,5.5855,5.585362792941478,5.587025718541021,2478.9,10201.2,21141.8,6782.900000000001,14528.0,35523.2,21141.8,35523.2,-0.2537968763787125,-0.02702702702337469,-0.22210535752334234,-8.456360084159925e-07,5.333839789279451e-07,-1.3790199873439375e-06,0.3731015618106349,0.2744140624986601,0.5951547157913535,3.6,3.8,-0.19999999999999973,-59.49999999999999,0.6854580642428271,3.69999999815,3.8,-0.19999999999999973,2.917756900696018,3.9682539525069283,0.0,0.0,0.00010752147632214908,0.0,0.001000000000000334,0.00017903500182099975,0.0,0,-0.9999990000010001,0.0009999999999994458,0.001000000000000334,-0.005000000000000782,5.232735930058759e-06,0.0,0.0,False,51.990909038918176,0.2727272727272727,-0.006000000000000227,-0.00013923,5.585,5.58577737,-0.0007773699999997774,4771103.6,0.0,1.9842,-0.00013923,1,1,False,1.5130930183882367,0.5,6,36,4,2,0,9,2,False,0,2892373829
1779856567000,1779856568023,10,12,True,5.586,5.586,5.583,5.583,411.6,2.5,409.1,5,1,4,5.582,5.583,0.001000000000000334,5.5825,5.582282848517641,5.582209550478176,5689.2,11215.2,23804.7,3916.6,13320.8,30389.0,23804.7,30389.0,-0.12149567200615345,-0.9878522837682511,-0.08178643370056118,-8.311325536643946e-07,5.981701845162134e-07,-1.4293027381806082e-06,0.43925216399691414,0.43430290872400046,0.7833327848892434,2.5,409.1,-406.6,-466.1,0.8269184555791278,82.31999998353601,168.2,-406.6,6.046545412330569,5.2631578670360115,-0.00035816619294061264,0.0,0.00032262219652752673,0.0,-0.0009999999999994458,-0.00035816619294061264,8.701802549556425e-07,0,-0.9999996666667778,0.0010000000000012221,0.001000000000000334,-0.0030000000000001137,6.110699768809618e-06,0.0,0.0,False,81.54166658512499,0.9166666666666666,-0.004000000000001336,-0.00013923,5.585,5.58577737,-0.0007773699999997774,4771103.6,0.0,1.9842,-0.00013923,1,1,False,1.182133227584048,0.5,7,36,4,2,0,9,5,False,0,940146065
1779856568000,1779856569070,10,13,True,5.5825,5.5825,5.5825,5.5825,0.0,0.0,0.0,0,0,0,5.582,5.583,0.001000000000000334,5.5825,5.582457988143659,5.582604192894396,4416.7,10365.199999999999,22954.7,4240.8,13992.9,30909.9,22954.7,30909.9,-0.1476888345963741,0.0,-0.125004168845355,-8.335935813529442e-07,5.923759110482426e-07,-1.4259694924011868e-06,0.42615558270180365,0.08402366863872185,0.7426326193225878,0.0,0.0,0.0,-466.1,0.7998063750683367,0.0,0.0,0.0,0.0,0.0,-8.956159604765715e-05,0.0,0.0,0.0,-0.0015000000000000568,0.0002686045968929555,89561.59604765713,0,0.0,0.0,0.001000000000000334,-0.006000000000000227,6.110699768809618e-06,0.0,0.0,False,81.54166658512499,0.9230769230769231,-0.006000000000000227,-0.00013923,5.585,5.58577737,-0.0007773699999997774,4771103.6,0.0,1.9842,-0.00013923,1,1,False,1.5952540201571361,0.5,8,36,4,2,0,9,0,False,0,3578251022
1779856569000,1779856570018,10,14,True,5.582,5.584,5.581,5.583,1133.3,1001.0,132.3,7,4,3,5.583,5.584,0.0009999999999994458,5.5835,5.583465402329147,5.584026526171953,4337.2,10331.7,23112.0,5732.1,15906.7,35128.3,23112.0,35128.3,-0.20632276962858703,0.7665225447800526,-0.18556764780875223,-8.353450262071571e-07,5.544667467542886e-07,-1.3898117729614457e-06,0.3968386151856979,0.06919528446914816,0.6579310698211795,1001.0,132.3,868.7,402.6,1.003091411951342,161.8999999768714,689.0,868.7,6.978426801007372,9.38967127333642,8.956159604769465e-05,0.0,0.00032273777994425195,0.0,-0.0019999999999997797,0.00017912319209535178,7.90272620203085e-08,0,0.33333322222245665,0.0009999999999994458,0.0009999999999994458,0.010999999999999233,2.5633527304143123e-06,0.0,0.0,False,142.09230755021537,1.0,0.009999999999999787,-0.00013923,5.585,5.58577737,-0.0007773699999997774,4771103.6,0.0,1.9842,-0.00013923,1,1,False,0.7211046036331168,0.5,9,36,4,2,0,7,7,False,0,211761052
1779856570000,1779856571027,10,15,True,5.583,5.583,5.582,5.582,82.3,0.0,82.3,4,0,4,5.582,5.583,0.001000000000000334,5.5825,5.582610310799222,5.5825195575949245,4530.3,10618.0,23077.0,4113.400000000001,13748.800000000001,30552.2,23077.0,30552.2,-0.13938675199331452,-0.9999999999878493,-0.11853806593109553,-8.321306795649956e-07,6.027558156663e-07,-1.4348864952312957e-06,0.43030662400333347,-0.22062168309157984,0.7553302217188694,0.0,82.3,-82.3,320.3,1.1013507099201505,20.57499999485625,32.4,-82.3,3.6319039524277437,3.7831021294460188,-0.0001791312140930471,0.0,0.0001075792576800635,0.0,-0.0030000000000001137,-0.00026869281014074177,2.1765639622219993e-06,0,-0.9999990000010001,0.0009999999999994458,0.001000000000000334,-0.008999999999998565,2.5629791288874618e-06,0.0,0.07692289916724256,False,137.8214284336071,0.9333333333333333,-0.00999999999999801,-0.00013923,5.585,5.58577737,-0.0007773699999997774,4771103.6,0.0,1.9842,-0.00013923,1,1,False,1.5790546845728566,0.5,10,36,4,2,0,8,4,False,0,1146769579
1779856571000,1779856571996,10,16,True,5.583,5.583,5.582,5.582,84.6,48.3,36.3,2,1,1,5.582,5.583,0.001000000000000334,5.5825,5.582990548151389,5.582987646593724,4039.8,10084.7,22606.7,5228.9,14943.8,31827.9,22606.7,31827.9,-0.16939960980699464,0.14184397162952903,-0.22073186082607962,-8.337880031333402e-07,5.829391993991056e-07,-1.4167272025324459e-06,0.41530019509649346,-0.9810964083083071,0.7102793461082663,48.3,36.3,12.0,332.3,1.1308146210703094,42.299999978849996,48.3,12.0,1.7686364864458288,2.252252247179612,0.0,0.0,0.0001075792576800635,0.0,-0.0030000000000001137,0.0001791312140930471,0.0,0,-0.9999990000010001,0.0009999999999994458,0.001000000000000334,0.008999999999998565,2.659596947922192e-06,0.0,0.07142856686699149,False,129.43333320389996,0.8125,0.007999999999999119,-0.00013923,5.585,5.58577737,-0.0007773699999997774,4770891.6,0.0,1.9842,-0.00013923,1,1,False,1.549721717961521,0.5,11,36,4,2,0,9,2,False,0,2174039116
1779856572000,1779856573063,10,17,True,5.582,5.582,5.581,5.582,74.9,3.0,71.9,5,2,3,5.581,5.582,0.0009999999999994458,5.5815,5.581501866636899,5.581998031710736,4858.9,10230.2,22589.2,5149.8,11448.2,30400.4,22589.2,30400.4,-0.1474100578226643,-0.9198931909089466,-0.11220824932586815,-8.372334557310747e-07,6.131785143086096e-07,-1.4504119700396843e-06,0.4262949710886584,-0.003733333333313362,0.7430560124208647,3.0,71.9,-68.9,263.4,1.2576731580843976,14.979999997004,44.8,-68.9,3.97559569740684,18.264839849044023,0.0,0.0,0.00010759853193570526,0.0,-0.0019999999999997797,0.0,0.0,0,0.0,0.0009999999999994458,0.0009999999999994458,-0.008999999999998565,2.7377793046750448e-06,0.0,0.13333333333333333,False,125.64999987434999,0.7647058823529411,-0.00999999999999801,-0.00013923,5.585,5.58577737,-0.0007773699999997774,4770891.6,0.0,1.9842,-0.00013923,1,1,False,1.5721263111380432,0.5,12,36,4,2,0,10,5,False,0,753807736
1779856573000,1779856574084,10,18,True,5.582,5.582,5.579,5.579,2121.2000000000003,0.0,2121.2000000000003,5,0,5,5.579,5.58,0.001000000000000334,5.5794999999999995,5.579124212170223,5.580689261358925,2389.1,7861.8,18766.5,4782.2,10723.1,28458.1,18766.5,28458.1,-0.2052235487436589,-0.9999999999995286,-0.1317951296477545,-9.622195168480125e-07,6.109272831720813e-07,-1.573146800020094e-06,0.39738822562816,0.7515756302501271,0.6594431813789164,0.0,2121.2000000000003,-2121.2000000000003,-1857.8000000000002,1.380372398802942,424.23999991515205,2007.7,-2121.2000000000003,3.622210934320177,5.494505464315904,-0.0005375862507392045,0.0,0.0003228534462091215,0.0,-0.006000000000000227,-0.0005375862507392045,2.534349664053135e-07,0,-0.9999996666667778,0.0009999999999994458,0.001000000000000334,-0.0009999999999994458,7.12745441454127e-07,0.0,0.13333332432640932,False,243.03529387461174,1.0,-0.0019999999999988916,-0.00013923,5.585,5.58577737,-0.0007773699999997774,4770891.6,0.0,1.9842,-0.00013923,1,1,False,0.09360014008528118,0.5,13,36,4,2,0,9,5,False,0,1497870603
1779856574000,1779856575098,10,19,True,5.579,5.579,5.578,5.578,450.6,0.0,450.6,2,0,2,5.577,5.578,0.001000000000000334,5.577500000000001,5.577460526283882,5.578101424322896,2813.9,8892.1,20562.3,3982.2999999999997,11565.1,28923.399999999998,20562.3,28923.399999999998,-0.1689599217551703,-0.9999999999977808,-0.16400361699456348,-9.006447600272986e-07,6.085244473251002e-07,-1.5091692073523988e-06,0.41552003912240476,0.07894736842060097,0.7109226439491654,0.0,450.6,-450.6,-2308.4,1.4006880578585832,225.29999988735,333.5,-450.6,1.4278696725877669,499.999750000125,-0.00017925965809396428,0.0,0.00010765639616402979,0.0,-0.008000000000000007,0.00035832659264524024,3.9782436327910884e-07,0,-0.9999990000010001,0.0009999999999994458,0.001000000000000334,0.0009999999999994458,6.86752879947844e-07,0.0,0.12499999161809688,False,254.5666664121,1.0,0.0,-0.00013923,5.585,5.58577737,-0.0007773699999997774,4770891.6,0.0,1.9842,-0.00013923,1,1,False,1.2129906845921434,0.5,14,36,4,2,0,9,2,False,0,1002923181
1779856575000,1779856576044,10,20,True,5.577,5.577,5.577,5.577,1.1,0.0,1.1,1,0,1,5.577,5.578,0.001000000000000334,5.577500000000001,5.577638542611911,5.578357509799674,2265.6,8463.4,20164.5,3982.9,11568.7,28931.5,20164.5,28931.5,-0.17856851882026686,-0.999999999090909,-0.20480279090569345,-9.015962817062478e-07,6.081907661230816e-07,-1.5097870478293296e-06,0.41071574058985644,-0.27708533077394926,0.6969738865941726,0.0,1.1,-1.1,-2309.5,1.3875507444861706,1.0999999989,1.1,-1.1,0.7206943625327515,1.0,-0.00017929179788066102,0.00018574097881882641,0.0,2.808276225577014e-07,-0.008000000000000007,-3.213978669674663e-08,0.0001629925433796986,-1,0.0,0.0010000000000012221,0.001000000000000334,0.0010000000000012221,6.609210334679947e-07,0.0,0.11764704118962961,False,241.22631554824736,0.85,0.0,-0.00013923,5.585,5.58577737,-0.0007773699999997774,4770891.6,0.0,1.9842,-0.00013923,1,0,False,1.1755902775632912,0.5,15,36,4,2,0,6,1,False,0,2686340549
1779856576000,1779856577002,10,21,True,5.577,5.578,5.576,5.578,253.29999999999998,54.0,199.3,6,2,4,5.577,5.578,0.001000000000000334,5.577500000000001,5.577548770772581,5.578498775262451,2108.4,8680.8,20403.9,4219.5,11724.5,28981.2,20403.9,28981.2,-0.17368194050431862,-0.5736281089594409,-0.1939318072935034,-8.882361557770795e-07,6.133825880162706e-07,-1.5016187437933502e-06,0.4131590297478306,-0.09754163362333436,0.7040391702206705,54.0,199.3,-145.3,-2454.8,1.538778588929247,42.216666659630555,83.5,-145.3,3.8991964401297525,24.154588788536504,0.00017929179788067704,0.0001900183902993076,0.00021537070497747873,3.1297317134498407e-07,-0.006999999999999673,0.00035858359576133804,7.07823915830909e-07,-1,0.49999975000012503,0.0009999999999994458,0.001000000000000334,-0.0009999999999994458,7.137651209639115e-07,4478.079819801034,0.11111099337355365,False,236.42999976357,0.8571428571428571,-0.0019999999999988916,-0.00013923,5.585,5.58577737,-0.0007773699999997774,4771282.3,0.0,1.9842,-0.00013923,1,1,False,1.1749463352694183,0.5,16,36,4,2,0,9,6,False,0,1235743829
1779856577000,1779856578044,10,22,True,5.577,5.577,5.576,5.577,132.6,2.8,129.8,4,1,3,5.577,5.578,0.001000000000000334,5.577500000000001,5.577459104895237,5.5783821093291435,2201.4,8688.9,20337.8,3956.0,11399.5,29145.2,20337.8,29145.2,-0.17798840005658154,-0.9577677224663821,-0.1816483065751744,-8.970635823395646e-07,6.04798490139283e-07,-1.5018620724788477e-06,0.41100579997169917,0.08179012345615899,0.6978095878566385,2.8,129.8,-127.00000000000001,-2581.8,1.6194743728987797,33.1499999917125,65.5,-127.0,2.4699371996669877,4.8701298464117055,-0.00017929179788066102,0.00019420161196886083,0.00010769500690447056,3.4511872013226676e-07,-0.006000000000000227,-0.00035858359576133804,1.3521251725438078e-06,-1,0.0,0.0010000000000012221,0.001000000000000334,0.0010000000000012221,4.969434561924969e-07,4478.0798198364255,0.10526315096012448,False,231.21904738782857,0.8181818181818182,0.0,-0.00013923,5.585,5.58577737,-0.0007773699999997774,4771282.3,0.0,1.9842,-0.00013923,1,0,False,1.0902384696101064,0.5,17,36,4,2,0,8,4,False,0,3205491348
1779856578000,1779856579016,10,23,True,5.578,5.578,5.578,5.578,4.1,4.1,0.0,1,1,0,5.578,5.579,0.0009999999999994458,5.5785,5.578408520555651,5.578918408638865,2874.5,9016.1,20864.9,3698.5,11163.2,28835.9,20864.9,28835.9,-0.16037971219778835,0.9999999997560975,-0.1284627420740533,-9.177333096515239e-07,5.943383197771788e-07,-1.5120716294287026e-06,0.4198101439010958,0.1829588561418647,0.7235737396786394,4.1,0.0,4.1,-2577.7000000000003,1.5991637377217705,4.099999995899999,4.1,4.1,0.6253268353866698,1.0,0.00017929179788067704,0.00019829660493984327,0.0,3.7726426891954945e-07,-0.004499999999999282,0.00035858359576133804,4.372970678949935e-05,-1,0.0,0.0009999999999994458,0.0009999999999994458,0.00300000000000189,5.245712252826679e-07,4478.079819904031,0.1500001049041648,False,220.8954543245591,0.782608695652174,0.0020000000000024443,-0.00013923,5.585,5.58577737,-0.0007773699999997774,4771282.3,0.0,1.9842,-0.00013923,1,1,False,1.0555852755077593,0.5,18,36,4,2,0,9,1,False,0,1948893060
1779856579000,1779856580072,10,24,True,5.578,5.579,5.578,5.578,271.1,32.1,239.0,5,1,4,5.578,5.579,0.0009999999999994458,5.5785,5.5784637741972265,5.5790260522211845,2767.6,8909.199999999999,20778.4,3942.0,12071.4,29384.7,20778.4,29384.7,-0.1715663505644553,-0.7631870158584906,-0.17351643060970506,-9.156321787145478e-07,5.90976939475345e-07,-1.5066091181898929e-06,0.4142168247177624,0.07245155855066367,0.7071162884085695,32.1,239.0,-206.9,-2784.6000000000004,1.710666565993188,54.219999989156,129.1,-206.9,2.9228372708472476,3.5874439333185864,0.0,0.00019421197932220993,0.00010765639616402979,3.7726426891954945e-07,-0.004999999999999893,-0.00017929179788067704,0.0,-1,0.0,0.0009999999999994458,0.0009999999999994458,-0.009000000000000341,5.487368941291189e-07,4478.079819767963,-0.18333337446053674,False,220.28695630145216,0.7083333333333334,-0.009999999999999787,-0.00013923,5.585,5.58577737,-0.0007773699999997774,4771282.3,0.0,1.9842,-0.00013923,1,0,False,1.1027468058513874,0.5,19,36,4,2,0,6,5,False,0,214143010
1779856580000,1779856581080,10,25,True,5.577,5.579,5.577,5.578,365.2,98.6,266.6,4,2,2,5.577,5.578,0.001000000000000334,5.577500000000001,5.577627333789562,5.5786951026828415,1831.2,7277.2,19434.4,4182.3,12358.300000000001,29523.5,19434.4,29523.5,-0.20607705804374357,-0.4600219058037788,-0.23861052391130375,-9.301794882677792e-07,5.995362833709265e-07,-1.5297157716387057e-06,0.396961470978118,-0.2546676624327508,0.6582688366893946,98.6,266.6,-168.00000000000003,-2952.6000000000004,1.7857266785835753,91.29999997717499,206.3,-168.0,2.2399844532382662,9.090909008264463,0.0,0.00019421197932220996,0.0002153320942370855,3.7726426891954945e-07,-0.0039999999999995595,0.0,0.0,-1,0.4999997500003471,0.0009999999999994458,0.001000000000000334,-0.015000000000000568,6.225355196064983e-07,4478.079819767963,-0.10000004291534219,False,218.108333115225,0.68,-0.016000000000000014,-0.00013923,5.585,5.58577737,-0.0007773699999997774,4771282.3,0.0,1.9842,-0.00013923,1,0,False,1.175560901389984,0.5,20,36,4,2,0,9,4,False,0,1457471862
1779856581000,1779856582178,10,26,True,5.578,5.579,5.577,5.578,393.5,93.80000000000001,299.7,6,3,3,5.577,5.578,0.001000000000000334,5.577500000000001,5.577102010022226,5.57799098644552,2765.7999999999997,8381.4,20266.8,3580.2,11821.9,28940.4,20266.8,28940.4,-0.1762668877725176,-0.5232528589567388,-0.13339158996666314,-9.173849946890107e-07,6.045726824402478e-07,-1.5219576771292586e-06,0.41186655611373113,0.7959798994934875,0.7002943981423649,93.80000000000001,299.7,-205.89999999999998,-3158.5000000000005,1.9238995743677203,65.58333332240278,132.7,-205.89999999999998,3.1186658996237906,62.49999609375025,0.0,0.00019421197932220996,0.0002153320942370855,3.772642689195494e-07,-0.0039999999999995595,0.0,0.0,-1,0.0,0.0009999999999994458,0.001000000000000334,-0.019000000000000128,4.647110156424196e-06,4478.079819767963,-0.10714290846062872,False,217.61999978238,0.6923076923076923,-0.019999999999999574,-0.00013923,5.585,5.58577737,-0.0007773699999997774,4773302.0,0.0,1.9842,-0.00013923,1,0,False,1.2740283968545034,0.5,21,36,4,2,0,8,6,False,0,2425179811
1779856582000,1779856583048,10,27,True,5.577,5.578,5.576,5.577,283.7,7.5,276.2,6,3,3,5.577,5.578,0.001000000000000334,5.577500000000001,5.577141089074399,5.578356735791,2525.6,8530.1,20442.3,4230.1,11595.3,28460.6,20442.3,28460.6,-0.16396369131482666,-0.9471272470886601,-0.12108589050250351,-9.08187521195638e-07,6.260473183181772e-07,-1.5342348395138152e-06,0.4180181543425765,0.7178217821737759,0.7182666563599953,7.5,276.2,-268.7,-3427.2000000000003,2.0575422112736965,47.28333332545277,148.6,-268.7,2.9161005612466497,6.313131273275686,-0.00017929179788066102,0.00019422234612215502,0.00021537070497747873,3.451992565511686e-07,-0.004999999999999893,-0.00017929179788066102,6.319767285161405e-07,-1,0.0,0.0010000000000012221,0.001000000000000334,-0.01699999999999946,8.632456279295735e-06,4478.079813821843,-0.11363637324207074,False,219.58461516503075,0.7407407407407407,-0.018000000000000682,-0.00013923,5.585,5.58577737,-0.0007773699999997774,4773302.0,0.0,1.9842,-0.00013923,1,0,False,1.2868852999195928,0.5,22,36,4,2,0,8,6,False,0,4174732321
1779856583000,1779856584036,10,28,True,5.577,5.578,5.575,5.575,476.7,16.4,460.3,10,3,7,5.576,5.577,0.001000000000000334,5.576499999999999,5.576456759980798,5.5776910020003125,2478.9,8191.099999999999,20336.3,4761.599999999999,11067.2,28473.0,20336.3,28473.0,-0.16670388634952424,-0.9311936228216254,-0.1447016766671419,-9.013710436161748e-07,6.314912959053508e-07,-1.5328623395215256e-06,0.41664805682522765,0.08647990255680295,0.7142310258841459,16.4,460.3,-443.90000000000003,-3871.1000000000004,2.3179506633630833,47.669999995233,112.1,-443.9,4.314155669377786,9.355509267983802,-0.00035868006123411067,0.0002062804848528374,0.00032308502763962564,3.7744837798498e-07,-0.0039999999999995595,-0.00017938826335344964,7.524230359415949e-07,-1,-0.6666664444444198,0.0029999999999983373,0.001000000000000334,-0.0129999999999999,8.032163840004752e-06,4478.079813728804,-0.11956523165163087,False,227.8925923647,0.7857142857142857,-0.015999999999998238,-0.00013923,5.585,5.58577737,-0.0007773699999997774,4773302.0,0.0,1.9842,-0.00013923,1,0,False,1.3126676665623915,0.5,23,36,4,2,0,7,10,False,0,4241814248
1779856584000,1779856585040,10,29,True,5.576,5.576,5.575,5.575,129.3,0.0,129.3,3,0,3,5.573,5.574,0.0009999999999994458,5.5735,5.5734795845072584,5.574440298785958,3047.4,9158.5,17982.2,4931.5,10900.6,29702.0,17982.2,29702.0,-0.24577952445463602,-0.9999999999922661,-0.19966696419820212,-1.0119827842877282e-06,6.400638390436e-07,-1.6520466233313282e-06,0.37711023777267155,0.040830945558593026,0.6054205104033195,0.0,129.3,-129.3,-4000.4000000000005,2.340312936695441,43.09999998563334,69.0,-129.3,1.2818798510570844,3.0674846531672246,0.0,0.00020235849830750824,0.00010771432266216911,3.4539484610793873e-07,-0.0030000000000001137,0.00035868006123411067,0.0,-1,-0.9999990000010001,0.0030000000000001137,0.0009999999999994458,-0.0129999999999999,7.86621793147981e-06,4478.079813602367,-0.08333336230781313,False,224.37142834705713,0.7586206896551724,-0.016000000000000014,-0.00013923,5.585,5.58577737,-0.0007773699999997774,4773302.0,0.0,1.9842,-0.00013923,1,1,False,1.263005244578519,0.5,24,36,4,2,0,8,3,False,0,4198823560
1779856585000,1779856586035,10,30,True,5.574,5.574,5.571,5.571,918.0,2.1,915.9,6,2,4,5.57,5.571,0.0009999999999994458,5.5705,5.570361499055935,5.571492478822914,2716.8,8634.5,19385.7,4556.0,10774.6,26331.5,19385.7,26331.5,-0.15192968948229219,-0.9954248366002229,-0.131401581352918,-9.68474880783701e-07,6.868775070024681e-07,-1.655352387786169e-06,0.42403515525884306,0.2770018621967481,0.7362170784041647,2.1,915.9,-913.8,-4914.200000000001,2.4603026764759184,152.99999997449999,286.6,-913.8,2.438724330518365,5.580357111716757,-0.0007177463075040738,0.00025515539057641753,0.00032331694153343393,3.4539484610793873e-07,-0.006000000000000227,-0.0007177463075040738,7.818587227704704e-07,-1,-0.9999996666667778,0.0009999999999994458,0.0009999999999994458,-0.006999999999999673,5.217461481991415e-06,4478.079813822717,-0.2333333679040267,False,248.14482733806204,0.9666666666666667,-0.007999999999999119,-0.00013923,5.585,5.58577737,-0.0007773699999997774,4773302.0,0.0,1.9842,-0.00013923,1,0,False,1.3683140187484053,0.5,25,36,4,2,0,8,6,False,0,2553175925
1779856586000,1779856587002,10,31,True,5.57,5.57,5.569,5.569,296.7,0.0,296.7,2,0,2,5.568,5.569,0.001000000000000334,5.5685,5.568706499972158,5.568751654069403,2888.6,8484.5,19181.5,3066.4,10411.6,26883.5,19181.5,26883.5,-0.16719852382502623,-0.9999999999966296,-0.1476512549086929,-9.425511907708345e-07,6.413995158356509e-07,-1.5839507066064854e-06,0.4164007380874761,-0.4129999999979351,0.7135045659977044,0.0,296.7,-296.7,-5210.900000000001,2.445210785443921,148.349999925825,274.3,-296.7,0.8179253956705334,1.65562913633174,-0.00035906643114679465,0.00026748964174156157,0.00010783036287046899,6.031134512122164e-07,-0.009000000000000341,0.0003586798763572791,1.2102003071977907e-06,-1,-0.9999990000010001,0.0009999999999994458,0.001000000000000334,-0.0030000000000001137,4.7999310939015755e-06,4478.079813842275,-0.1666666790843008,False,249.76333308357,0.9354838709677419,-0.0039999999999995595,-0.00013786,5.58031366,5.58361896,-0.0033053000000000665,4773569.5,0.0,1.9842,-0.00013786,1,1,False,1.3641114269793067,0.5,26,36,4,2,0,9,2,False,0,3628057496
1779856587000,1779856588035,10,32,True,5.569,5.569,5.569,5.569,46.8,1.8,45.0,2,1,1,5.568,5.569,0.001000000000000334,5.5685,5.56872163118099,5.568843885385206,2661.9,8613.0,19527.5,3431.7000000000003,10447.9,26747.3,19527.5,26747.3,-0.15602012326363038,-0.9230769230571993,-0.16146526903216954,-9.24060889897661e-07,6.547683823690845e-07,-1.5788292722667454e-06,0.421989938368174,-0.44326241134555294,0.7300736896808003,1.8,45.0,-43.2,-5254.1,2.4306137105113335,23.3999999883,45.0,-43.2,0.8228374548074191,1.1135857448623767,0.0,0.0002552186461658912,0.0,5.71035515322142e-07,-0.008000000000000007,0.00035906643114679465,0.0,-1,0.0,0.0009999999999994458,0.001000000000000334,0.0009999999999994458,4.529800482908018e-06,4478.0798114222325,-0.1733333494292362,False,243.09999975689996,0.875,0.0,-0.00013786,5.58031366,5.58361896,-0.0033053000000000665,4773569.5,0.0,1.9842,-0.00013786,1,1,False,1.334793146686256,0.5,27,36,4,2,0,9,2,False,0,1048776024
1779856588000,1779856589054,10,33,True,5.569,5.569,5.568,5.568,3.0,1.8,1.2,2,1,1,5.568,5.569,0.001000000000000334,5.5685,5.568583689298763,5.568982954638341,2392.2,8343.9,19261.7,3544.9,11298.6,27268.0,19261.7,27268.0,-0.17206859274828396,0.19999999993333337,-0.1962122422078356,-9.255670643365934e-07,6.403870714467227e-07,-1.565954135783316e-06,0.41396570362584734,-0.16737864077604905,0.7063847733606899,1.8,1.2,0.6000000000000001,-5253.5,2.4164952281994863,1.49999999925,1.8,0.6000000000000001,0.8276449197305227,1.3661202167129507,-0.0001795815754130532,0.00025758099791679486,0.00010784972721686258,5.630142358355349e-07,-0.010000000000000675,-0.0001795815754130532,5.986052511773089e-05,-1,-0.9999990000010001,0.0010000000000012221,0.001000000000000334,-0.0070000000000014495,4.135553093232348e-06,4478.079811603214,-0.1794871794871795,False,235.52187476447813,0.7575757575757576,-0.008000000000002672,-0.00013786,5.58031366,5.58361896,-0.0033053000000000665,4773569.5,0.0,1.9842,-0.00013786,1,0,False,1.3244951363442268,0.5,28,36,4,2,0,10,2,False,0,2419041745
1779856589000,1779856590025,10,34,True,5.569,5.569,5.568,5.568,220.39999999999998,23.5,196.89999999999998,4,1,3,5.568,5.569,0.001000000000000334,5.5685,5.568565252502753,5.569194415625617,2408.8,8380.6,19427.3,4435.3,12053.0,28009.2,19427.3,28009.2,-0.18091343164018892,-0.7867513611579549,-0.21477419819313354,-9.177429109930608e-07,6.443808878781471e-07,-1.5621237988712079e-06,0.40954328417989505,-0.13050505050452327,0.6936042443196987,23.5,196.89999999999998,-173.39999999999998,-5426.9,2.4684134174388475,55.099999986224994,107.6,-173.39999999999998,1.620474094866089,8.720930156503515,0.0,0.000256801297725462,0.00010784972721686258,5.469709583994004e-07,-0.010000000000000675,0.0001795815754130532,0.0,-1,-0.9999990000010001,0.0010000000000012221,0.001000000000000334,0.011000000000001009,3.5929640681117455e-06,9.218482024751438e-06,-0.18518520946855827,False,233.63939370575454,0.7647058823529411,0.009999999999999787,-0.00013786,5.58031366,5.58361896,-0.0033053000000000665,4773569.5,0.0,1.9842,-0.00013786,1,1,False,1.347163978884219,0.5,29,36,4,2,0,8,4,False,0,845294124
1779856590000,1779856591072,10,35,True,5.568,5.568,5.567,5.567,84.19999999999999,66.3,17.9,2,1,1,5.567,5.568,0.0009999999999994458,5.5675,5.567275268757341,5.567905070544283,3029.1,9208.4,20581.8,3774.9,9821.7,26907.4,20581.8,26907.4,-0.1332008119740882,0.5748218527247646,-0.11269426759326798,-8.658051814491178e-07,6.655044775237605e-07,-1.5313096589728783e-06,0.4333995940129454,0.44946236558656494,0.7649122546213768,66.3,17.9,48.4,-5378.5,2.4530556004736392,42.099999978949995,66.3,48.4,0.8153096891886705,5.714285681632654,-0.0001796138307476649,0.0002568181522598265,0.00010786909851952355,5.469709583994003e-07,-0.01100000000000012,-0.0001796138307476649,2.133180887714154e-06,-1,-0.9999990000010001,0.0009999999999994458,0.0009999999999994458,-0.0129999999999999,2.982184759215756e-06,9.251326183907473e-06,-0.15476188149784728,False,228.19117624239706,0.6857142857142857,-0.013999999999999346,-0.00013786,5.58031366,5.58361896,-0.0033053000000000665,4773569.5,0.0,1.9842,-0.00013786,1,0,False,1.3091053493287692,0.5,30,36,4,2,0,10,2,False,0,2115124034
1779856591000,1779856592036,10,36,True,5.5675,5.5675,5.5675,5.5675,0.0,0.0,0.0,0,0,0,5.567,5.568,0.0009999999999994458,5.5675,5.567239001933243,5.567850843040458,3324.7999999999997,9823.4,21204.1,3816.0,10413.5,27188.0,21204.1,27188.0,-0.12365448079335012,0.0,-0.07211346145891818,-8.484342125778355e-07,6.602662066325852e-07,-1.5087004192104208e-06,0.43817275960331464,0.5219960604036639,0.7799065764307496,0.0,0.0,0.0,-5378.5,2.3726275479990937,0.0,0.0,0.0,0.0,0.0,8.981094801487238e-05,0.0002576021421675642,0.0,5.63102246815431e-07,-0.010500000000000398,0.0002694247787625373,89810.94801487238,-1,0.0,0.0,0.0009999999999994458,-0.012000000000000455,2.982184759215756e-06,9.304658100780281e-06,-0.25000001330460797,False,228.19117624239706,0.6666666666666666,-0.012000000000000455,-0.00013786,5.58031366,5.58361896,-0.0033053000000000665,4774550.4,0.0,1.9842,-0.00013786,1,1,False,1.3076559712746247,0.5,31,36,4,2,0,9,0,False,0,12042476
1779856592000,1779856593032,10,37,True,5.568,5.569,5.568,5.569,104.3,56.0,48.3,3,2,1,5.569,5.57,0.001000000000000334,5.5695,5.569563404207919,5.570481078824313,2644.0,9287.2,20369.8,4549.0,12294.6,27576.5,20369.8,27576.5,-0.15030774011758677,0.07382550335499691,-0.16147039865338433,-8.964641828768696e-07,6.381370708700085e-07,-1.534601253746878e-06,0.4248461299411962,-0.1268085106372187,0.7386651678058949,56.0,48.3,7.700000000000003,-5370.8,2.3931971365892872,34.76666665507778,48.3,7.700000000000003,1.253553229226221,24.39024330755504,0.0002693844581460068,0.0002645510592756129,0.00010784972721686258,5.872959203819965e-07,-0.008000000000000007,0.00017957351013113442,2.5827848335898754e-06,-1,0.9999990000010001,0.0009999999999994458,0.001000000000000334,-0.009000000000000341,3.874026445561258e-06,13469.222916604998,-0.19642858511331107,False,221.89142834953714,0.5945945945945946,-0.009999999999999787,-0.00013786,5.58031366,5.58361896,-0.0033053000000000665,4774550.4,0.0,1.9842,-0.00013786,1,1,False,1.2940042987376326,0.5,32,36,4,2,0,9,3,False,0,2803092507
1779856593000,1779856594039,10,38,True,5.57,5.571,5.57,5.571,40.0,40.0,0.0,2,2,0,5.571,5.572,0.001000000000000334,5.5715,5.571207650252928,5.571710423727767,3733.1,8849.7,20989.6,4142.2,12264.800000000001,28890.2,20989.6,28890.2,-0.15839277623406356,0.9999999999750001,-0.11463962232162679,-9.289231974721602e-07,6.351458035776005e-07,-1.5640690010497607e-06,0.4208036118829582,0.5846994535497826,0.7265301036337329,40.0,0.0,40.0,-5330.8,2.3803054271929174,19.99999999,20.7,40.0,0.8402283069691446,4.854368908473938,0.000359066431146924,0.0002489653574565878,0.0001078110054763436,5.876553088714051e-07,-0.004000000000000448,8.968197300091718e-05,8.976660778448685e-06,-1,0.9999990000010001,0.0010000000000012221,0.001000000000000334,-0.005000000000000782,4.1923456326831634e-06,13469.22291641826,-0.20258624705083808,False,216.83888867205002,0.47368421052631576,-0.006000000000002004,-0.00013786,5.58031366,5.58361896,-0.0033053000000000665,4774550.4,0.0,1.9842,-0.00013786,1,1,False,1.2840301411971033,0.5,33,36,4,2,0,9,2,False,0,2554628635
1779856594000,1779856595030,10,39,True,5.571,5.573,5.57,5.573,579.5999999999999,108.6,470.99999999999994,8,4,4,5.573,5.574,0.0009999999999994458,5.5735,5.573700142410443,5.574484777418918,2591.7000000000003,8571.4,18481.2,4700.1,12723.7,30801.1,18481.2,30801.1,-0.24998630339898398,-0.625258799170764,-0.2345285288422423,-9.690574766293642e-07,6.115190435678531e-07,-1.5805765201972173e-06,0.37500684830049785,-0.4002849002820492,0.6000175318413759,108.6,470.99999999999994,-362.4,-5693.2,2.5645577082685596,72.44999999094374,162.7,-362.4,3.119446277651396,29.166665815972245,0.0003589375487210086,0.0002584934354226053,0.00032337497203807327,6.843979471081434e-07,-0.0019999999999997797,-1.2888242591538833e-07,6.192849356804509e-07,-1,0.6666664444447159,0.0009999999999994458,0.0009999999999994458,0.0009999999999994458,5.379339486055263e-06,13469.22291686271,-0.17500000566244106,False,220.7729727522,0.5641025641025641,0.0,-0.00013786,5.58031366,5.58361896,-0.0033053000000000665,4774550.4,0.0,1.9842,-0.00013786,1,0,False,1.2850840765585345,0.5,34,36,4,2,0,9,8,False,0,2657074107
1779856595000,1779856596110,10,40,True,5.573,5.574,5.573,5.574,28.7,6.3,22.4,3,2,1,5.573,5.574,0.0009999999999994458,5.5735,5.57380432239735,5.5748198390810035,2071.8,7853.099999999999,17894.1,5223.9,13284.7,31321.2,17894.1,31321.2,-0.2728236950704299,-0.5609756097365514,-0.2940863023405824,-9.885780233123645e-07,6.074128827068419e-07,-1.5959909060192064e-06,0.3635881524647749,-0.608644859809529,0.5713095283705422,6.3,22.4,-16.099999999999998,-5709.3,2.578834504718771,9.566666663477777,22.4,-16.099999999999998,1.163316216433145,8.438818494187187,0.0001794204723571063,0.0002584978994349064,0.00010775297497158507,7.166531428590859e-07,0.0030000000000001137,-0.0001795170763639023,6.251584402468805e-06,-1,0.9999990000010001,0.0009999999999994458,0.0009999999999994458,-0.004999999999999005,6.111020300485769e-06,13469.22291685829,-0.2444444599416518,False,215.3868418898763,0.45,-0.005999999999998451,-0.00013786,5.58031366,5.58361896,-0.0033053000000000665,4774550.4,0.0,1.9842,-0.00013786,1,0,False,1.259263516366197,0.5,35,36,4,2,0,9,3,False,0,551456430
1779856596000,1779856597063,10,41,True,5.574,5.574,5.574,5.574,33.6,33.6,0.0,1,1,0,5.573,5.574,0.0009999999999994458,5.5735,5.573564013792617,5.574553702248624,2163.8,7945.099999999999,17988.3,4592.9,12435.3,30408.3,17988.3,30408.3,-0.25662959794695794,0.9999999999702383,-0.2474719467427998,-9.877256064115881e-07,6.235251793079954e-07,-1.6112507857195835e-06,0.37168520102651076,-0.1280276816597922,0.5915588835942623,33.6,0.0,33.6,-5675.7,2.5270694389902864,33.5999999664,33.6,33.6,0.3957152835514658,1.0,0.0,0.0002553700972566966,0.0,6.845075940718033e-07,0.004999999999999893,-0.0001794204723571063,0.0,-1,0.0,0.0009999999999994458,0.0009999999999994458,0.0030000000000001137,5.63517761205868e-06,13469.222908708663,-0.3,False,210.72564081491538,0.4146341463414634,0.002000000000000668,-0.00013786,5.58031366,5.58361896,-0.0033053000000000665,4774645.3,0.0,1.9842,-0.00013786,1,0,False,1.2560111585437457,0.5,36,36,4,2,0,7,1,False,0,2974896554
1779856597000,1779856598000,10,42,True,5.574,5.574,5.574,5.574,196.2,65.2,131.0,2,1,1,5.573,5.574,0.0009999999999994458,5.5735,5.573742733164539,5.574272652021059,2566.0,8293.9,18246.6,4199.4,12541.5,30569.5,18246.6,30569.5,-0.25243515971164737,-0.3353720693153141,-0.22729958178360704,-9.814459312604668e-07,6.133963919996788e-07,-1.5948423232601457e-06,0.37378242014416607,-0.4854663774382409,0.5968890560852942,65.2,131.0,-65.8,-5741.5,2.50978847377749,98.09999995095,131.0,-65.8,0.7968799044617948,111.11109876543348,0.0,0.0002522035073775357,0.0,6.523620452845205e-07,0.004999999999999893,0.0,0.0,-1,0.0,0.0009999999999994458,0.0009999999999994458,-0.0009999999999994458,5.332707440081799e-06,13469.222908673273,-0.34545454868600384,False,207.10249979289748,0.42857142857142855,-0.0019999999999988916,-0.00013786,5.58031366,5.58361896,-0.0033053000000000665,4774645.3,0.0,1.9842,-0.00013786,1,0,False,1.2609021239050424,0.5,37,36,4,2,0,8,2,False,0,4288288946
1779856598000,1779856598995,10,43,True,5.574,5.574,5.574,5.574,3.9,3.9,0.0,2,2,0,5.573,5.574,0.0009999999999994458,5.5735,5.573531319879343,5.574385409780589,2339.4,8067.3,18185.5,4167.7,12719.7,30775.4,18185.5,30775.4,-0.2571419234531993,0.9999999997435898,-0.23723036467339398,-9.809912334851952e-07,6.083275201237661e-07,-1.5893187536089611e-06,0.3714290382733902,-0.06263982102873246,0.5909102724903464,3.9,0.0,3.9,-5737.6,2.4930740975880643,1.9499999990249999,2.5,3.9,0.8022224454269877,3.7878787735307617,0.0,0.0002489966499657504,0.0,6.523620452845206e-07,0.006000000000000227,0.0,0.0,1,0.0,0.0009999999999994458,0.0009999999999994458,0.0009999999999994458,5.280747266895656e-06,13469.222908605665,-0.38333330829938317,False,202.14634126126825,0.3953488372093023,0.0,-0.00013786,5.58031366,5.58361896,-0.0033053000000000665,4774645.3,0.0,1.9842,-0.00013786,1,2,False,1.2790902503134514,0.5,38,36,4,2,0,7,2,False,0,3854613601
1779856599000,1779856600010,10,44,True,5.573,5.573,5.573,5.573,22.4,0.0,22.4,1,0,1,5.573,5.574,0.0009999999999994458,5.5735,5.5737515789239005,5.574519817316956,2292.7,7973.0,18091.2,4517.0,13086.9,31124.9,18091.2,31124.9,-0.26482594110463314,-0.9999999999553572,-0.27496749937554904,-9.839694023974651e-07,6.044676813101708e-07,-1.588437083707636e-06,0.36758702944767324,-0.5031578947347236,0.5812452409485466,0.0,22.4,-22.4,-5760.0,2.444120848486816,22.399999977599997,22.4,-22.4,0.4091450716154099,1.0,-0.0001794204723570149,0.0002522080827198192,0.0,6.523620452845205e-07,0.005000000000000782,-0.0001794204723570149,8.009842515580584e-06,-1,0.0,0.0009999999999994458,0.0009999999999994458,0.0030000000000001137,5.372530703473559e-06,13469.222910905926,-0.41538456442793603,False,197.8666664688,0.38636363636363635,0.002000000000000668,-0.00013786,5.58031366,5.58361896,-0.0033053000000000665,4774645.3,0.0,1.9842,-0.00013786,1,0,False,1.2757253060239564,0.5,39,36,4,2,0,8,1,False,0,697857283
1779856600000,1779856601090,10,45,True,5.573,5.573,5.571,5.571,87.3,2.2,85.1,4,1,3,5.571,5.572,0.001000000000000334,5.5715,5.571501792086167,5.571729155882969,3135.2999999999997,8157.9,20242.8,3628.0,10663.1,27670.0,20242.8,27670.0,-0.1550149438145933,-0.9495990836088246,-0.13296926535001558,-9.466014463497776e-07,6.53949701422211e-07,-1.6005511477719887e-06,0.4224925280926929,-0.003584229390662666,0.7315793277918058,2.2,85.1,-82.89999999999999,-5842.9,2.49513327968397,21.82499999454375,60.7,-82.9,1.6031207755376955,4.8701298464117055,-0.0003589375487209819,0.0002646709753322009,0.00021556396656184076,7.167627898227083e-07,0.0039999999999995595,-0.00017951707636396698,4.111541222415468e-06,-1,-0.9999995000002501,0.0010000000000012221,0.001000000000000334,0.009000000000000341,5.445184104669034e-06,13469.222911707126,-0.37142858427398034,False,195.1930230606209,0.37777777777777777,0.007999999999999119,-0.00013786,5.58031366,5.58361896,-0.0033053000000000665,4774645.3,0.0,1.9842,-0.00013786,1,0,False,1.2641388580232362,0.5,40,36,4,2,0,8,4,False,0,4267039009
1779856601000,1779856602056,10,46,True,5.572,5.572,5.572,5.572,48.5,48.5,0.0,1,1,0,5.572,5.573,0.001000000000000334,5.5725,5.572366128405662,5.57320843380171,2872.9,8598.9,18813.3,4094.3,12470.6,29659.8,18813.3,29659.8,-0.2237632831405414,0.9999999999793815,-0.17062608125321388,-9.630414892036335e-07,6.319377753719966e-07,-1.5949792645756302e-06,0.38811835842971903,0.2677431468258816,0.6343029959743277,48.5,0.0,48.5,-5794.4,2.446112516415643,48.499999951499994,48.5,48.5,0.4088119384861805,1.0,0.00017948487888079208,0.0002676965936851665,0.0,7.811866522806619e-07,0.0045000000000001705,0.000538422427601774,3.7007191521049766e-06,-1,0.0,0.0009999999999994458,0.001000000000000334,-0.006999999999999673,6.082265543987164e-06,13469.222911809924,-0.377880201078159,False,191.8590907172318,0.391304347826087,-0.007999999999999119,-0.00013786,5.58031366,5.58361896,-0.0033053000000000665,4774590.2,0.0,1.9842,-0.00013786,1,1,False,1.2608107374395818,0.5,41,36,4,2,0,9,1,False,0,3474337634
1779856602000,1779856603070,10,47,True,5.573,5.573,5.573,5.573,144.3,97.5,46.8,3,2,1,5.573,5.574,0.0009999999999994458,5.5735,5.573241830028934,5.574758201646523,2414.8,8289.3,18267.0,4571.6,12711.5,30574.7,18267.0,30574.7,-0.2519916382926833,0.3513513513489165,-0.168560995989179,-9.850681830782038e-07,6.110749134117769e-07,-1.5961430964899807e-06,0.37400418085364817,0.5163398692776711,0.5974547583459331,97.5,46.8,50.7,-5743.7,2.4642727617790645,48.09999998396667,96.5,50.7,1.2173977026052802,6.993006944104846,0.00017945266984012876,0.00026770198330777203,0.0,7.49087299949143e-07,0.004000000000000448,-3.2209040663321725e-08,1.2436082455917196e-06,-1,0.0,0.0009999999999994458,0.0009999999999994458,-0.004999999999999005,6.375690872515324e-06,13469.222911972145,-0.3526785945429513,False,188.72222203349997,0.3617021276595745,-0.005999999999998451,-0.00013786,5.58031366,5.58361896,-0.0033053000000000665,4774590.2,0.0,1.9842,-0.00013786,1,0,False,1.2686778487800843,0.5,42,36,4,2,0,8,3,False,0,3585806216
1779856603000,1779856604054,10,48,True,5.5735,5.5735,5.5735,5.5735,0.0,0.0,0.0,0,0,0,5.573,5.574,0.0009999999999994458,5.5735,5.573105575842901,5.574378928244711,2879.9,8958.8,19057.8,4276.599999999999,12416.5,30434.9,19057.8,30434.9,-0.22987430469543535,0.0,-0.1391155229338709,-9.601969650384714e-07,6.121789134477877e-07,-1.572375878486259e-06,0.3850628476522723,0.788848263250508,0.6261824418677036,0.0,0.0,0.0,-5743.7,2.383476933524013,0.0,0.0,0.0,0.0,0.0,8.971426014167434e-05,0.00025619175430565246,0.0,7.651867634542983e-07,0.002500000000000391,-8.973840969845442e-05,89714.26014167434,-1,0.0,0.0,0.0009999999999994458,-0.0039999999999995595,6.375690872515324e-06,13469.222911940014,-0.38125001885850573,False,188.72222203349997,0.3541666666666667,-0.0039999999999995595,-0.00013786,5.58031366,5.58361896,-0.0033053000000000665,4774590.2,0.0,1.9842,-0.00013786,1,0,False,1.2563923420007346,0.5,43,36,4,2,0,8,0,False,0,2497497262
1779856604000,1779856605006,10,49,True,5.574,5.575,5.574,5.575,27.400000000000002,27.400000000000002,0.0,2,2,0,5.574,5.575,0.001000000000000334,5.5745000000000005,5.574022337633382,5.574690338420773,3578.3,9078.1,18814.7,4077.8,13701.5,30485.1,18814.7,30485.1,-0.23672306987046116,0.9999999999635036,-0.1514329694112722,-9.529101206180609e-07,5.969322137894035e-07,-1.5498423344074644e-06,0.3816384650647593,0.9553246753197125,0.6171769159359617,27.400000000000002,0.0,27.400000000000002,-5716.3,2.370903919310111,13.699999993150001,23.1,27.400000000000002,0.8435601218873529,1.1337868467870897,0.0002690944986413353,0.00026316308144221025,0.00010773364535000757,7.893283773081005e-07,0.0019999999999997797,0.00017938023849966097,9.820967103339938e-06,1,0.9999990000010001,0.0009999999999994458,0.001000000000000334,-0.0009999999999994458,6.503041299951363e-06,26923.947844006783,-0.3437500195577735,False,185.2152172060891,0.3673469387755102,-0.0019999999999988916,-0.00013786,5.58031366,5.58361896,-0.0033053000000000665,4774590.2,0.0,1.9842,-0.00013786,1,2,False,1.2470379878090725,0.5,44,36,4,2,0,7,2,False,0,795701814
1779856605000,1779856606004,10,50,True,5.575,5.576,5.574,5.576,162.20000000000002,27.0,135.2,9,5,4,5.575,5.576,0.0009999999999994458,5.5755,5.575245720379547,5.576182701011021,2919.8,8556.0,18552.1,3928.0,11507.3,28495.899999999998,18552.1,28495.899999999998,-0.21135436150314124,-0.6670776818701165,-0.14119234019402338,-9.600621804163912e-07,6.234934609771367e-07,-1.583555641393528e-06,0.3943228192484188,0.5085592011394132,0.6510445362315052,27.0,135.2,-108.19999999999999,-5824.5,2.5882513317917466,18.022222220219756,59.2,-108.2,3.4772511795801515,12.558869544001638,0.000179356112040234,0.00021237996629551052,0.00021544796801219746,5.798735152515489e-07,0.0019999999999997797,-8.97383866011013e-05,1.1057713442609631e-06,1,0.499999749999903,0.0009999999999994458,0.0009999999999994458,0.00300000000000189,7.743143257383538e-06,26923.947844056518,-0.32007574625086715,False,183.57659556110423,0.34,0.0020000000000024443,-0.00013786,5.58031366,5.58361896,-0.0033053000000000665,4774590.2,0.0,1.9842,-0.00013786,1,1,False,1.2231039751235033,0.5,45,36,4,2,0,9,9,False,0,3934777428
1779856606000,1779856607072,10,51,True,5.575,5.575,5.575,5.575,13.7,0.0,13.7,1,0,1,5.575,5.576,0.0009999999999994458,5.5755,5.575283411092172,5.576296767290398,2956.2,8780.3,18737.1,4616.4,12011.5,29005.899999999998,18737.1,29005.899999999998,-0.2150849339170095,-0.9999999999270073,-0.1710133946002303,-9.58601314784344e-07,6.219643846251103e-07,-1.5805656994094544e-06,0.3924575330414848,0.4331777683477592,0.6459754739552764,0.0,13.7,-13.7,-5838.2,2.53617751763464,13.699999986299998,13.7,-13.7,0.39429416618216595,1.0,-0.00017935611204025244,0.0002006670020984197,0.0,6.120421301777413e-07,0.001000000000000334,-0.00035871222408048644,1.3091687009281807e-05,1,0.0,0.0009999999999994458,0.0009999999999994458,0.0029999999999983373,7.831889010944277e-06,26923.947844092258,-0.34581108186304566,False,180.03749981996248,0.3333333333333333,0.0019999999999988916,-0.00013786,5.58031366,5.58361896,-0.0033053000000000665,4774659.5,0.0,1.9842,-0.00013786,1,1,False,1.2154661571909768,0.5,46,36,4,2,0,8,1,False,0,3103692867
1779856607000,1779856608057,10,52,True,5.575,5.576,5.575,5.576,11.8,4.8,7.0,2,1,1,5.575,5.576,0.0009999999999994458,5.5755,5.575304797716014,5.576278665802098,2960.7,8784.8,18741.6,4615.4,11996.9,29127.3,18741.6,29127.3,-0.21696132562059678,-0.18644067795030164,-0.17539315254648952,-9.576143303312192e-07,6.216282302374382e-07,-1.5792425605686573e-06,0.39151933718969123,0.39040451552027094,0.6434375997775061,4.8,7.0,-2.2,-5840.4,2.5185979268925207,5.89999999705,7.0,-2.2,0.7940926091658995,1.834862381954381,0.000179356112040234,0.00020463547218768456,0.00010771432266216911,6.442107451039334e-07,0.0019999999999997797,0.00035871222408048644,1.5199670510596129e-05,1,0.9999990000010001,0.0009999999999994458,0.0009999999999994458,-0.0029999999999983373,7.902243846809207e-06,26923.947844746835,-0.3686868603126627,False,176.40816308889794,0.34615384615384615,-0.003999999999997783,-0.00013786,5.58031366,5.58361896,-0.0033053000000000665,4774659.5,0.0,1.9842,-0.00013786,1,2,False,1.2091352446321066,0.5,47,36,4,2,0,8,2,False,0,2585204509
1779856608000,1779856609004,10,53,True,5.575,5.576,5.575,5.576,26.799999999999997,1.2,25.599999999999998,3,1,2,5.575,5.576,0.0009999999999994458,5.5755,5.575257177494643,5.576249477886398,3047.0,8871.1,18827.9,4614.2,11995.7,29126.1,18827.9,29126.1,-0.21475163698543986,-0.910447761160058,-0.1683396536170046,-9.563451859977783e-07,6.216282302374383e-07,-1.5779734162352165e-06,0.3926241815072697,0.4856449656268272,0.6464270877322867,1.2,25.599999999999998,-24.4,-5864.799999999999,2.534381601420635,8.933333330355554,24.4,-24.4,1.1837207140134873,4.210526298060942,0.0,0.00020065691955695156,0.00010771432266216911,6.442107451039334e-07,0.0019999999999997797,-0.000179356112040234,0.0,1,0.9999990000010001,0.0009999999999994458,0.0009999999999994458,-0.0009999999999994458,9.918404148655365e-06,26923.947844554983,-0.38915465212116773,False,173.36799982663197,0.33962264150943394,-0.0019999999999988916,-0.00013786,5.58031366,5.58361896,-0.0033053000000000665,4774659.5,0.0,1.9842,-0.00013786,1,1,False,1.1996557379676775,0.5,48,36,4,2,0,5,3,False,0,188029660
1779856609000,1779856610084,10,54,True,5.5755,5.5755,5.5755,5.5755,0.0,0.0,0.0,0,0,0,5.575,5.576,0.0009999999999994458,5.5755,5.575242562907798,5.576216122853425,3115.2,8991.8,18918.3,4614.2,11995.7,29130.4,18918.3,29130.4,-0.21253644739607505,0.0,-0.16512198094995986,-9.539763745667148e-07,6.21546416306431e-07,-1.5755227908731458e-06,0.39373177630195216,0.5148741418744666,0.6494349545491771,0.0,0.0,0.0,-5864.799999999999,2.451287122685532,0.0,0.0,0.0,0.0,0.0,-8.967403494321032e-05,0.0002016563190015,0.0,6.442107451039334e-07,0.0024999999999995026,-8.967403494321032e-05,89674.03494321031,1,0.0,0.0,0.0009999999999994458,0.0019999999999988916,9.918404148655365e-06,26923.947844722286,-0.4075757505266465,False,173.36799982663197,0.35185185185185186,0.0019999999999988916,-0.00013786,5.58031366,5.58361896,-0.0033053000000000665,4774659.5,0.0,1.9842,-0.00013786,1,1,False,1.1996557379676775,0.5,49,36,4,2,0,8,0,False,0,1371176520
1779856610000,1779856611091,10,55,True,5.576,5.578,5.575,5.578,115.5,93.1,22.4,5,4,1,5.577,5.578,0.001000000000000334,5.577500000000001,5.577930807218134,5.578928879148193,2181.6,7575.7,17202.0,5896.2,14274.2,31148.6,17202.0,31148.6,-0.28844729951644266,0.6121212121159123,-0.31809743014388875,-1.0247695048624435e-06,5.880159791443443e-07,-1.6127854840067878e-06,0.35577635024176835,-0.8616144975240989,0.5522559601394428,93.1,22.4,70.69999999999999,-5794.099999999999,2.5348514793187933,23.09999999538,62.4,70.7,1.9725021520279284,11.494252741445372,0.00044828978201774677,0.00022158610294086166,0.00032308502763962564,6.682794102652464e-07,0.007000000000000561,0.0005379638169609571,3.881296813972861e-06,1,0.6666664444447159,0.0009999999999994458,0.001000000000000334,0.005000000000000782,1.7212122224902576e-05,49338.43694556887,-0.37662337855356587,False,172.75599982724398,0.32727272727272727,0.004000000000001336,-0.00013786,5.58031366,5.58361896,-0.0033053000000000665,4774659.5,0.0,1.9842,-0.00013786,1,2,False,1.1837891023401632,0.5,50,36,4,2,0,8,5,False,0,3677042978
1779856611000,1779856612046,10,56,True,5.578,5.578,5.577,5.577,49.2,3.7,45.5,3,2,1,5.576,5.577,0.001000000000000334,5.576499999999999,5.576658743585936,5.577980098917514,2274.4,8192.4,17489.9,5408.599999999999,13074.5,31112.2,17489.9,31112.2,-0.2802821277269854,-0.8495934959176912,-0.27187201030841845,-1.032841606235333e-06,5.839234493298687e-07,-1.6167650555652017e-06,0.359858936136497,-0.31748726655078524,0.5621556816939798,3.7,45.5,-41.8,-5835.9,2.550102250488669,16.399999994533335,45.5,-41.8,1.1764234152762678,6.993006944104846,-0.00017929179788066102,0.00022428637528105807,0.00010767569807304605,7.244604176881722e-07,0.004999999999999893,-0.0006275815798984078,3.6441422332727007e-06,1,-0.9999990000010001,0.0010000000000012221,0.001000000000000334,-0.0030000000000001137,1.7107725723625902e-05,49338.436945593145,-0.38375350222366733,False,172.62199982737803,0.32142857142857145,-0.004000000000001336,-0.00013786,5.58031366,5.58361896,-0.0033053000000000665,4774848.9,0.0,1.9842,-0.00013786,1,1,False,1.1745801710161632,0.5,51,36,4,2,0,8,3,False,0,394921248
1779856612000,1779856613002,10,57,True,5.576,5.576,5.574,5.574,207.3,0.0,207.3,4,0,4,5.574,5.575,0.001000000000000334,5.5745000000000005,5.574684497786165,5.5750660134068175,3234.2,8607.2,17736.6,4521.8,12601.5,29526.4,17736.6,29526.4,-0.24945094471361856,-0.9999999999951761,-0.23418354359566318,-1.0187448548038639e-06,6.240132974839856e-07,-1.6427581522878493e-06,0.37527452764318014,-0.36899563318575884,0.6007030995989825,0.0,207.3,-207.3,-6043.2,2.597639881620188,51.82499998704375,107.7,-207.3,1.5398593264456961,3.8461538313609465,-0.0005380683476602225,0.0002472890134233117,0.00021544796801219746,7.242047431299156e-07,0.0009999999999994458,-0.0003587765497795615,2.595602255946102e-06,1,-0.9999995000002501,0.0010000000000012221,0.001000000000000334,0.0030000000000001137,1.6201875284452796e-05,35869.21403883964,-0.3904761904761905,False,175.451999824548,0.38596491228070173,0.0019999999999988916,-0.00013786,5.58031366,5.58361896,-0.0033053000000000665,4774848.9,0.0,1.9842,-0.00013786,1,1,False,1.177359563552466,0.5,52,36,4,2,0,9,4,False,0,1262070135
1779856613000,1779856614128,10,58,True,5.575,5.576,5.575,5.576,25.5,25.5,0.0,2,2,0,5.575,5.576,0.0009999999999994458,5.5755,5.575172468310322,5.57626014738493,2810.5,8822.1,18224.9,4082.9,11907.1,28934.8,18224.9,28934.8,-0.22709856084749844,0.9999999999607843,-0.15880627475465786,-9.808348578547358e-07,6.115707041424663e-07,-1.592405561997202e-06,0.3864507195762403,0.655063291134058,0.6298609287086613,25.5,0.0,25.5,-6017.7,2.5780451314031327,12.749999993625,17.9,25.5,0.7757816086546528,4.545454524793389,0.0003587443984662223,0.0002472656430493124,0.00010771432266216911,7.883513242211186e-07,0.0024999999999995026,0.0008968127461264448,1.4068407782437406e-05,1,0.9999990000010001,0.0009999999999994458,0.0009999999999994458,-0.0009999999999994458,1.625707749279153e-05,35869.21403875403,-0.36904761760311877,False,174.71599982528397,0.3620689655172414,-0.0019999999999988916,-0.00013786,5.58031366,5.58361896,-0.0033053000000000665,4774848.9,0.0,1.9842,-0.00013786,1,2,False,1.1654564445456688,0.5,53,36,4,2,0,10,2,False,0,3040887232
1779856614000,1779856615052,10,59,True,5.575,5.576,5.575,5.576,44.2,21.8,22.4,2,1,1,5.576,5.577,0.001000000000000334,5.576499999999999,5.57639051912442,5.577581901263506,2293.8,8660.8,18254.2,4380.7,12331.4,30107.0,18254.2,30107.0,-0.24508903831997048,-0.013574660633176996,-0.21610023134066236,-9.776822629998542e-07,5.986265030127281e-07,-1.5763087660125823e-06,0.3774554808400045,0.21896162527969568,0.6063108247251269,21.8,22.4,-0.5999999999999979,-6018.3,2.5590928320128663,22.09999998895,22.4,-0.5999999999999979,0.7815269435323156,2.008032124481863,0.0,0.00023387708318366223,0.00010771432266216911,7.239505796828934e-07,0.0009999999999994458,-0.0003587443984662223,0.0,1,0.9999990000010001,0.0009999999999994458,0.001000000000000334,0.0009999999999994458,1.6638565503917384e-05,35869.214038305356,-0.34090911074993857,False,174.705999825294,0.3728813559322034,0.0,-0.00013786,5.58031366,5.58361896,-0.0033053000000000665,4774848.9,0.0,1.9842,-0.00013786,1,1,False,1.1596675187783032,0.5,54,36,4,2,0,7,2,False,0,2979328480
1779856615000,1779856616036,10,60,True,5.577,5.577,5.577,5.577,85.8,85.8,0.0,1,1,0,5.575,5.576,0.0009999999999994458,5.5755,5.575725699717172,5.576885995918161,2424.1,8371.300000000001,17795.100000000002,5468.6,12952.1,29743.1,17795.100000000002,29743.1,-0.2513347160809569,0.999999999988345,-0.2484471621153263,-9.955364133562287e-07,6.078246064197276e-07,-1.6033610197759562e-06,0.3743326419595111,-0.45139949109185035,0.5982933856927961,85.8,0.0,85.8,-5932.5,2.5079750342419525,85.79999991419999,85.8,85.8,0.39872805189367716,1.0,0.00017932394919395413,0.0002338733817286206,0.0,7.239505796828932e-07,0.001000000000000334,0.00017932394919395413,2.090022717853894e-06,1,0.0,0.0030000000000001137,0.0009999999999994458,0.0030000000000001137,1.51795096656624e-05,35869.21403849274,-0.32063879129410644,False,176.391999823608,0.4166666666666667,0.0,-0.00013786,5.58031366,5.58361896,-0.0033053000000000665,4774848.9,0.0007376770397649748,1.9842,-0.00013786,1,2,False,1.1714555401274815,0.6169716978433583,55,36,4,2,0,8,1,False,0,2801603100
1779856616000,1779856617025,10,61,True,5.576,5.576,5.575,5.575,26.2,0.0,26.2,2,0,2,5.575,5.576,0.0009999999999994458,5.5755,5.575775729603873,5.576682931601038,2277.8,8270.1,17693.9,4874.6,12491.6,29533.1,17693.9,29533.1,-0.25068710695152663,-0.9999999999618321,-0.26889030487555765,-9.93773754275441e-07,6.086104663672636e-07,-1.6023842206427045e-06,0.37465644652422614,-0.5514592933905419,0.5991209862831671,0.0,26.2,-26.2,-5958.7,2.4913201150864785,13.09999999345,22.4,-26.2,0.8027872400202528,1.347708893062387,-0.00035868006123411067,0.0002472434589580205,0.00010771432266216911,7.882705047605232e-07,0.0,-0.0005380040104280648,1.3690078672535137e-05,1,-0.9999990000010001,0.0009999999999994458,0.0009999999999994458,0.006999999999999673,1.4726442707993006e-05,35869.21403870176,-0.33091785823834413,False,175.80999982419,0.4098360655737705,0.006000000000000227,-0.00013786,5.577,5.57932877,-0.002328770000000091,4774848.9,0.0007376770397649748,1.9842,-0.00013786,1,1,False,1.1656522943005307,0.5990180948018656,56,36,4,2,0,8,2,False,0,335026634
1779856617000,1779856618160,10,62,True,5.5755,5.5755,5.5755,5.5755,0.0,0.0,0.0,0,0,0,5.575,5.576,0.0009999999999994458,5.5755,5.575712401018631,5.576655847239687,2326.8,8343.1,17753.7,4827.0,12444.0,29612.7,17753.7,29612.7,-0.2503673490068857,0.0,-0.2576249943775707,-9.923644943153728e-07,6.083746811918601e-07,-1.6007391755072329e-06,0.37481632549654664,-0.4248021108151399,0.5995299314145418,0.0,0.0,0.0,-5958.7,2.4096374883623315,0.0,0.0,0.0,0.0,0.0,8.968207709686638e-05,0.0002480553803995124,0.0,8.204376776652295e-07,-0.0004999999999997229,0.00044836213833097705,89682.07709686637,1,0.0,0.0,0.0009999999999994458,-0.006000000000000227,1.4726442707993006e-05,35869.2140388729,-0.3392856948483154,False,175.80999982419,0.41935483870967744,-0.006000000000000227,-0.00013786,5.577,5.57932877,-0.002328770000000091,4774848.9,0.0007376770397649748,1.9842,-0.00013786,2,2,False,1.1654108783367887,0.6020139928395392,57,36,4,2,0,7,0,False,0,2034256168
1779856618000,1779856619072,10,63,True,5.575,5.576,5.575,5.576,15.2,14.2,1.0,2,1,1,5.576,5.577,0.001000000000000334,5.576499999999999,5.576193469342234,5.577475121028145,2316.2,8568.5,18029.0,4149.1,12805.2,30494.7,18029.0,30494.7,-0.2568992059550229,0.868421052574446,-0.19626080935993304,-9.936109475916941e-07,5.889844872955507e-07,-1.5825954348872448e-06,0.37155039702247833,0.6130612244847913,0.5912174902523851,14.2,1.0,13.2,-5945.5,2.396206751038976,7.599999996199999,14.2,13.2,0.8346525183180304,2.12765956994115,8.967403494329282e-05,0.00024886450806070625,0.00010771432266216911,8.28479831380601e-07,0.0,-8.042153573563793e-09,5.899607561670606e-06,1,0.9999990000010001,0.0009999999999994458,0.001000000000000334,-0.0009999999999994458,1.4978238798103878e-05,40352.91578603755,-0.3058823809772203,False,174.65799982534202,0.3333333333333333,-0.0019999999999988916,-0.00013786,5.577,5.57932877,-0.002328770000000091,4774848.9,0.0007376770397649748,1.9842,-0.00013786,2,1,False,1.1561463801331044,0.6049728121429686,58,36,4,2,0,6,2,False,0,693168240
1779856619000,1779856620098,10,64,True,5.576499999999999,5.576499999999999,5.576499999999999,5.576499999999999,0.0,0.0,0.0,0,0,0,5.576,5.577,0.001000000000000334,5.576499999999999,5.576189448396672,5.577381777459144,2498.5,8952.4,18367.9,4109.8,12658.1,29368.0,18367.9,29368.0,-0.23043663154983499,0.0,-0.16787692846614274,-9.80078490195292e-07,6.155353980280433e-07,-1.5956138882233353e-06,0.3847816842250721,0.6211031175010303,0.6254392536093495,0.0,0.0,0.0,-5945.5,2.3176425952672064,0.0,0.0,0.0,0.0,0.0,8.966599423170497e-05,0.0002464263735953086,0.0,7.721197983423725e-07,0.0009999999999994458,-8.040711587845679e-09,89665.99423170497,1,0.0,0.0,0.001000000000000334,0.0019999999999988916,1.4978238798103878e-05,40352.915784032244,-0.3058823809772203,False,174.65799982534202,0.328125,0.0019999999999988916,-0.00013786,5.577,5.57932877,-0.002328770000000091,4774848.9,0.0007376770397649748,1.9842,-0.00013786,1,1,False,1.1621652586965185,0.6026319824906496,59,36,4,2,0,7,0,False,0,1243340451
1779856620000,1779856621022,10,65,True,5.576,5.576,5.576,5.576,297.5,220.1,77.4,3,2,1,5.575,5.576,0.0009999999999994458,5.5755,5.5758001020467205,5.576168096149316,2745.2,8850.4,18282.9,4343.599999999999,11883.6,27960.3,18282.9,27960.3,-0.20927184969897822,0.47966386554460616,-0.1982154191856955,-9.727477300342559e-07,6.461745751250891e-07,-1.6189223051593449e-06,0.39536407515050015,-0.6002041076660286,0.6538878338215022,220.1,77.4,142.7,-5802.8,2.3400149691928718,99.16666663361111,161.5,142.7,1.282043080157188,6.2499999609375,-8.966599423178076e-05,0.00023385069795773956,0.0,7.157359264059856e-07,-0.002000000000000668,-0.00017933198846348573,3.0139829993774574e-07,1,0.0,0.0009999999999994458,0.0009999999999994458,0.0009999999999994458,6.963117370588903e-06,44836.21549482008,-0.2764705753854407,False,175.101999824898,0.38461538461538464,0.0,-0.00013786,5.577,5.57932877,-0.002328770000000091,4774848.9,0.0007376770397649748,1.9842,-0.00013786,1,1,False,1.1726262612358762,0.5990250169474355,0,37,4,2,0,7,3,False,0,2459803644
1779856621000,1779856622013,10,66,True,5.576,5.579,5.576,5.579,1044.7,1044.7,0.0,5,5,0,5.578,5.579,0.0009999999999994458,5.5785,5.578072271345295,5.579343945340547,2467.1,8843.9,18320.4,3899.9,11951.4,30070.0,18320.4,30070.0,-0.24280849094034676,0.9999999999990428,-0.17694880160698784,-9.56387617687237e-07,5.818871491681179e-07,-1.538274766855355e-06,0.3785957545298163,0.8554572271323345,0.609258397073475,1044.7,0.0,1044.7,-4758.1,2.427227593153761,208.939999958212,655.0,1044.7,2.059963396940212,6.932408964073422,0.0005378754051684868,0.0002598863317341593,0.00032302710114148026,7.317560186721495e-07,0.0019999999999997797,0.0006275413994002675,5.148611133990351e-07,1,0.9999996666667778,0.0009999999999994458,0.0009999999999994458,0.010999999999999233,1.347831368364735e-06,44836.21549480768,-0.2820512838378895,False,195.10399980489598,0.5606060606060606,0.009999999999999787,-0.00013786,5.577,5.57932877,-0.002328770000000091,4775008.6,0.0007711477967186671,1.9842,-0.00013786,2,2,False,0.9139501058824577,0.6077982050375527,1,37,4,2,0,8,5,False,0,509625428
1779856622000,1779856623030,10,67,True,5.579,5.58,5.578,5.578,182.5,2.9,179.60000000000002,4,1,3,5.578,5.579,0.0009999999999994458,5.5785,5.578878684011039,5.5802595846237955,2125.0,8346.4,17689.7,6127.8,14194.6,32073.8,17689.7,32073.8,-0.2890492027289019,-0.9682191780768866,-0.3018564738164215,-9.794841686780298e-07,5.600265938574948e-07,-1.5395107625355246e-06,0.355475398635539,-0.757368060312689,0.5515311562708332,2.9,179.60000000000002,-176.70000000000002,-4934.8,2.4787939015749494,45.62499998859375,67.2,-176.70000000000002,1.6136880100620044,3.4642032212556466,-0.00017925965809396428,0.0002598796714589239,0.00021529349733818653,8.120759163946496e-07,0.004000000000000448,-0.0007171350632624511,9.822447018793538e-07,1,-0.499999749999903,0.0009999999999994458,0.0009999999999994458,-0.009000000000000341,1.45242004276347e-06,44836.21549463125,-0.285879601948335,False,198.633999801366,0.5970149253731343,-0.009999999999999787,-0.00013786,5.577,5.57932877,-0.002328770000000091,4775008.6,0.0007711477967186671,1.9842,-0.00013786,2,1,False,1.2876150627830114,0.6077891195498117,2,37,4,2,0,9,4,False,0,2547420070
1779856623000,1779856624034,10,68,True,5.577,5.577,5.576,5.576,65.7,0.0,65.7,2,0,2,5.576,5.577,0.001000000000000334,5.576499999999999,5.576962077482323,5.5779034385584,2010.1,8416.5,17436.5,5798.4,12739.2,32080.1,17436.5,32080.1,-0.29573112855082345,-0.9999999999847793,-0.330524671000837,-1.00778012302427e-06,5.978995055822254e-07,-1.6056796286064954e-06,0.3521344357245782,-0.9241549876320608,0.5435301012153783,0.0,65.7,-65.7,-5000.5,2.463095740867574,32.849999983575,41.7,-65.7,0.8119863008181547,9.345794305179492,-0.0003586157470745512,0.00027122919075286083,0.00010769500690447056,8.522196387485431e-07,0.0,-0.00017935608898058693,5.4583827559983684e-06,1,-0.9999990000010001,0.0009999999999994458,0.001000000000000334,-0.0029999999999983373,1.7012156307576621e-06,44836.21549469841,-0.2523041507514209,False,191.81599980818402,0.5441176470588235,-0.003999999999997783,-0.00013786,5.577,5.57932877,-0.002328770000000091,4775008.6,0.0007711477967186671,1.9842,-0.00013786,2,1,False,1.2934829752680985,0.6090257689635089,3,37,4,2,0,10,2,False,0,204671988
1779856624000,1779856625012,10,69,True,5.576,5.576,5.575,5.575,110.2,0.0,110.2,3,0,3,5.575,5.576,0.0009999999999994458,5.5755,5.575915951525553,5.576830794963276,2139.7000000000003,8223.9,17190.2,5273.2,13378.7,32254.1,17190.2,32254.1,-0.3046640360971779,-0.9999999999909256,-0.3332125587486829,-1.0068477527775913e-06,5.852391608795562e-07,-1.5920869136571475e-06,0.3476679819514009,-0.8319030792508029,0.5329617009930355,0.0,110.2,-110.2,-5110.7,2.480699159199785,36.73333332108889,54.6,-110.2,1.2093364838960936,2.6315789404432133,-0.00017935611204025244,0.00026749413489422525,0.00010771432266216911,8.682758218125192e-07,-0.0009999999999994458,0.00017925963503429877,1.6275509259403345e-06,1,-0.9999990000010001,0.0009999999999994458,0.0009999999999994458,-0.0009999999999994458,1.565868012507199e-06,31381.49056276814,-0.22004607264327092,False,176.645999823354,0.463768115942029,-0.0019999999999988916,-0.00013786,5.577,5.57932877,-0.002328770000000091,4775008.6,0.0007711477967186671,1.9842,-0.00013786,2,2,False,1.2960287662257772,0.6244442806517101,4,37,4,2,0,9,3,False,0,3297988687
1779856625000,1779856626038,10,70,True,5.576,5.576,5.576,5.576,6.4,6.4,0.0,1,1,0,5.575,5.576,0.0009999999999994458,5.5755,5.5757636664518175,5.576799346356415,2206.4,8290.6,17267.1,4831.1,12388.7,31435.0,17267.1,31435.0,-0.29090942690355676,0.99999999984375,-0.2938219191128444,-1.0048319794890355e-06,5.960752284628486e-07,-1.600907207951884e-06,0.3545452865482114,-0.527332965209678,0.5492953714012867,6.4,0.0,6.4,-5104.3,2.4321516457833985,6.3999999936,6.4,6.4,0.4111585728309883,1.0,0.000179356112040234,0.0002674941348942252,0.0,8.682758218125193e-07,-0.001000000000000334,0.00035871222408048644,2.802439250190775e-05,1,0.0,0.0009999999999994458,0.0009999999999994458,0.0029999999999983373,1.4643903581932305e-06,31381.490562522238,-0.22068963100312064,False,175.12799982487203,0.37142857142857144,0.0019999999999988916,-0.00013786,5.577,5.57932877,-0.002328770000000091,4775008.6,0.0008184689177573087,1.9842,-0.00013786,2,2,False,1.306120479477113,0.60901794338766,5,37,4,2,0,8,1,False,0,1298437686
1779856626000,1779856627010,10,71,True,5.575,5.575,5.569,5.573,4080.0,48.1,4031.9,13,2,11,5.573,5.574,0.0009999999999994458,5.5735,5.573995425409086,5.5744176656826205,2350.2,7849.6,17317.1,4881.9,11351.8,29300.9,17317.1,29300.9,-0.25706379510059946,-0.9764215686272117,-0.29378743671292734,-1.0301426883250956e-06,6.474148484867596e-07,-1.6775575368118552e-06,0.3714681024496896,-0.9908508691628964,0.5910091498895735,48.1,4031.9,-3983.8,-9088.1,2.7786384770691885,313.84615382201184,1303.4,-3983.8,4.678550341328822,20.512820092044713,-0.0005381648708232999,0.00029056110005627587,0.0006466919552302334,9.326303657538288e-07,-0.0019999999999997797,-0.000717520982863534,1.3190315461352157e-07,-1,-0.3333332777777377,0.0009999999999994458,0.0009999999999994458,0.0030000000000001137,1.1785939969674178e-06,31381.49056667136,-0.21954021622071854,False,254.56399974543598,0.9859154929577465,0.002000000000000668,-0.00013786,5.577,5.57932877,-0.002328770000000091,4775030.2,0.0008229961722064803,1.9842,-0.00013786,2,0,False,0.5982981604695056,0.6223570903244854,6,37,4,2,0,8,13,False,0,3519263676
1779856627000,1779856628102,10,72,True,5.574,5.574,5.573,5.574,195.5,157.79999999999998,37.7,4,3,1,5.573,5.574,0.0009999999999994458,5.5735,5.57311180901022,5.574236085927424,2324.8,8094.0,17434.5,3521.8,10584.4,28520.100000000002,17434.5,28520.100000000002,-0.24122938726481702,0.6143222506362438,-0.1767610414979836,-1.0308459043964722e-06,6.464281490366436e-07,-1.6772740534331157e-06,0.3793853063675806,0.7763819095428619,0.6113057107092678,157.79999999999998,37.7,120.09999999999998,-8968.0,2.8186831171652806,48.87499998778125,154.2,120.09999999999998,1.4191024078661438,5.263157867036011,0.0001794204723571063,0.00029056308680671403,0.00010775297497158507,1.0291881610829463e-06,-0.0015000000000000568,0.0007175853431804062,9.177517767579977e-07,-1,0.0,0.0009999999999994458,0.0009999999999994458,-0.0010000000000012221,1.4208734791648918e-06,31381.49056601898,-0.2165898465161396,False,255.58799974441197,1.0,-0.002000000000000668,-0.00013786,5.577,5.57932877,-0.002328770000000091,4775030.2,0.0008229961722064803,1.9842,-0.00013786,2,1,False,1.4692713125432657,0.602634760220674,7,37,4,2,0,10,4,False,0,2710427612
1779856628000,1779856629128,10,73,True,5.574,5.574,5.574,5.574,74.1,74.1,0.0,1,1,0,5.574,5.575,0.001000000000000334,5.5745000000000005,5.574580272793417,5.575404956969178,2349.1,7524.3,16683.2,3949.1,12011.7,28850.5,16683.2,28850.5,-0.2672152713265062,0.9999999999865047,-0.23547281340132448,-1.0580862199887835e-06,6.290189002184201e-07,-1.6871051202072036e-06,0.366392364336736,-0.16054564532969282,0.5782638082528698,74.1,0.0,74.1,-8893.9,2.759054162504124,74.0999999259,74.1,74.1,0.36244304777618236,1.0,0.0,0.0002905630868067141,0.0,1.0291881610829463e-06,-0.0019999999999997797,-0.0001794204723571063,0.0,-1,0.0,0.0010000000000012221,0.001000000000000334,-0.0010000000000012221,1.3286398619338756e-06,31381.490566018976,-0.21759256809587169,False,214.64599978535395,0.6575342465753424,-0.0020000000000024443,-0.00013786,5.577,5.57932877,-0.002328770000000091,4775030.2,0.0008229961722064803,1.9842,-0.00013786,2,0,False,1.474062671696324,0.5989289715764852,8,37,4,2,0,8,1,False,0,2701886594
1779856629000,1779856630070,10,74,True,5.575,5.575,5.575,5.575,37.1,37.1,0.0,1,1,0,5.574,5.575,0.001000000000000334,5.5745000000000005,5.574535695085483,5.575488135696309,2318.1,7543.4,16686.8,4096.1,12173.4,28879.0,16686.8,28879.0,-0.2675734871328877,0.9999999999730459,-0.23452699625952061,-1.0576993670692477e-06,6.305864905565408e-07,-1.6882858576257886e-06,0.3662132564335452,-0.07139023081013746,0.577817791474754,37.1,0.0,37.1,-8856.8,2.7013802555367756,37.0999999629,37.1,37.1,0.370181131508683,1.0,0.00017938828642595373,0.0002926326086628731,0.0,9.889882075056027e-07,-0.0014999999999991687,0.00017938828642595373,4.835263784935808e-06,-1,0.0,0.0009999999999994458,0.001000000000000334,0.0009999999999994458,1.3353896888699e-06,31381.490565972716,-0.2523041507514209,False,206.375999793624,0.6081081081081081,0.0,-0.00013786,5.577,5.57932877,-0.002328770000000091,4775030.2,0.0008229961722064803,1.9842,-0.00013786,2,1,False,1.474062671696324,0.5941238065966362,9,37,4,2,0,8,1,False,0,3605081158
1779856630000,1779856631026,10,75,True,5.574,5.575,5.574,5.575,2.9,1.5,1.4,2,1,1,5.574,5.575,0.001000000000000334,5.5745000000000005,5.574441202847511,5.575433091781013,2355.9,7636.4,16791.0,4005.8,12083.1,28792.8,16791.0,28792.8,-0.2632909059797502,0.03448275860879908,-0.21997052964208938,-1.0535031391538837e-06,6.307877620627436e-07,-1.6842909012166272e-06,0.36835454701011394,0.11759425493663558,0.5831666249895605,1.5,1.4,0.10000000000000009,-8856.699999999999,2.6783841815847502,1.449999999275,1.5,0.10000000000000009,0.7467188661747242,2.358490560475258,0.0,0.00027492845836646725,0.00010773364535000757,9.086135265161114e-07,-0.0009999999999994458,-0.00017938828642595373,0.0,-1,0.9999990000010001,0.0009999999999994458,0.001000000000000334,-0.006999999999999673,1.2831644537662615e-06,8967.001465085375,-0.2523041507514209,False,206.35599979364397,0.6,-0.007999999999999119,-0.00013786,5.577,5.57932877,-0.002328770000000091,4775030.2,0.0008674688814980743,1.9842,-0.00013786,2,0,False,1.417004310638846,0.5869591520054125,10,37,4,2,0,7,2,False,0,1827390472
1779856631000,1779856632074,10,76,True,5.575,5.575,5.574,5.574,32.5,4.0,28.5,4,2,2,5.574,5.575,0.001000000000000334,5.5745000000000005,5.574490124711152,5.575450168479471,2330.5,7583.0,16737.6,4050.0,12127.300000000001,28837.0,16737.6,28837.0,-0.2654855994347671,-0.7538461538229586,-0.22671368359065455,-1.0533262863619029e-06,6.303872971820095e-07,-1.6837135835439124e-06,0.3672572002826055,0.019750519750417087,0.5804209869264978,4.0,28.5,-24.5,-8881.199999999999,2.7217158477622996,8.12499999796875,22.4,-24.499999999999996,1.4696611337362788,5.272407705066392,-0.00017938828642603022,0.0002749316053962179,0.00010773364535000757,8.121422850814335e-07,-0.004999999999999893,-0.00017938828642603022,5.519639582169557e-06,-1,-0.9999990000010001,0.0010000000000012221,0.001000000000000334,0.004999999999999005,1.3656821769975651e-06,8967.001468100663,-0.2880184225749599,False,203.93999979605996,0.5921052631578947,0.003999999999997783,-0.00013786,5.577,5.57932877,-0.002328770000000091,4775146.3,0.000891803955470333,1.9842,-0.00013786,2,0,False,1.417004310638846,0.5941324555360501,11,37,4,2,0,9,4,False,0,1358066145
1779856632000,1779856633148,10,77,True,5.574,5.574,5.574,5.574,22.4,0.0,22.4,1,0,1,5.574,5.575,0.001000000000000334,5.5745000000000005,5.574429837477294,5.575459795623259,2357.4,7654.0,16898.7,4130.7,12513.6,28694.1,16898.7,28694.1,-0.25871190187923837,-0.9999999999553572,-0.2133029204918338,-1.0467163238837115e-06,6.379174606914867e-07,-1.6846337845751981e-06,0.37064404906036985,0.14032496307134176,0.5889259464489011,0.0,22.4,-22.4,-8903.599999999999,2.6652661478356667,22.399999977599997,22.4,-22.4,0.37519705131018694,1.0,0.0,0.0002472074236507706,0.0,6.191132793663528e-07,-0.004000000000000448,0.00017938828642603022,0.0,-1,0.0,0.0010000000000012221,0.001000000000000334,0.004999999999999005,1.3635592465923777e-06,8967.001467553846,-0.3218390938871552,False,201.847999798152,0.5714285714285714,0.003999999999997783,-0.00013786,5.577,5.57932877,-0.002328770000000091,4775146.3,0.000891803955470333,1.9842,-0.00013786,1,1,False,1.4204657709598962,0.5941324555360501,12,37,4,2,0,6,1,False,0,2715579650
1779856633000,1779856634103,10,78,True,5.575,5.576,5.575,5.575,142.8,134.5,8.3,3,2,1,5.574,5.575,0.001000000000000334,5.5745000000000005,5.574339219973699,5.575057504771407,2822.7,8119.3,17589.6,4037.6,12555.9,28691.6,17589.6,28691.6,-0.23988142053360245,0.8837535013943715,-0.19770482744377393,-1.0066362114549003e-06,6.376350410613954e-07,-1.6442712525162958e-06,0.38005928973318803,0.3215599705642269,0.613057480238097,134.5,8.3,126.2,-8777.399999999998,2.6762410282344975,47.59999998413333,76.3,126.2,1.120975266139653,8.097165926338738,0.00017938828642595373,0.0002372459504435197,0.00010771432266216911,6.191132793663527e-07,-0.0009999999999994458,0.00017938828642595373,1.2562204931701505e-06,-1,0.0,0.0009999999999994458,0.001000000000000334,-0.006999999999999673,1.4240623646394935e-06,8967.00146786774,-0.3218390938871552,False,204.28999979571,0.6153846153846154,-0.007999999999999119,-0.00013786,5.577,5.57932877,-0.002328770000000091,4775146.3,0.000891803955470333,1.9842,-0.00013786,1,1,False,1.4314163570736516,0.568322897330028,13,37,4,2,0,8,3,False,0,1102396162
1779856634000,1779856635098,10,79,True,5.575,5.575,5.575,5.575,16.7,16.7,0.0,2,2,0,5.574,5.575,0.001000000000000334,5.5745000000000005,5.574113076401932,5.575021122949213,2875.7000000000003,8217.1,17687.4,3965.2,12483.5,28622.0,17687.4,28622.0,-0.23612052844562362,0.9999999999401198,-0.17468700958640393,-1.0036683046266255e-06,6.384038823904346e-07,-1.64207218701706e-06,0.38193973577717744,0.7738471257057874,0.6179652015931585,16.7,0.0,16.7,-8760.699999999997,2.6540691912432024,8.349999995825,15.4,16.7,0.7535598566326798,2.415458931363626,0.0,0.0002372459504435197,0.0,6.191132793663528e-07,0.0,-0.00017938828642595373,0.0,-1,0.0,0.0009999999999994458,0.001000000000000334,-0.006999999999999673,1.4510995904591162e-06,8967.001467867738,-0.3218390938871552,False,200.48599979951396,0.569620253164557,-0.007999999999999119,-0.00013786,5.577,5.57932877,-0.002328770000000091,4775146.3,0.000891803955470333,1.9842,-0.00013786,1,0,False,1.5340709770645145,0.5601635111303578,14,37,4,2,0,7,2,False,0,489672181
1779856635000,1779856636011,10,80,True,5.575,5.579,5.575,5.579,359.6,359.6,0.0,5,5,0,5.578,5.579,0.0009999999999994458,5.5785,5.578485587521303,5.5793725727226935,2970.2000000000003,7863.2,17646.4,5053.2,13596.4,31413.3,17646.4,31413.3,-0.28061525039899793,0.9999999999972191,-0.2524417209296538,-1.0201342964417921e-06,5.701476597790148e-07,-1.590281956220807e-06,0.35969237480049093,0.028824833702562936,0.5617493227390767,359.6,0.0,359.6,-8401.099999999997,2.730984955464737,71.919999985616,212.0,359.6,1.8308412824333187,32.52032414568052,0.0007172315172087765,0.0002835468912331845,0.0004307414238036828,5.547933542887227e-07,0.0030000000000001137,0.0007172315172087765,1.9945259099187483e-06,1,0.9999997500000624,0.0009999999999994458,0.0009999999999994458,0.0009999999999994458,4.405618378679038e-06,8967.001469812283,-0.28735630683200303,False,204.31799979568197,0.625,0.0,-0.00013786,5.577,5.57932877,-0.002328770000000091,4775146.3,0.0008098451856432807,1.9842,-0.00013786,2,2,False,1.4981699224289171,0.5037872247105755,15,37,4,2,0,8,5,False,0,4113372791
1779856636000,1779856637068,10,81,True,5.578,5.578,5.576,5.576,227.89999999999998,0.0,227.89999999999998,4,0,4,5.576,5.577,0.001000000000000334,5.576499999999999,5.576018555297706,5.577368449973751,2573.9,7707.7,17537.4,4158.9,12147.4,30866.2,17537.4,30866.2,-0.2753679478385848,-0.9999999999956122,-0.18029994350779333,-1.0284169751263363e-06,6.025916603149447e-07,-1.631008635441281e-06,0.36231602608069724,0.9628893306761902,0.5681748968126764,0.0,227.89999999999998,-227.89999999999998,-8628.999999999996,2.7725920061052376,56.97499998575624,154.2,-227.89999999999998,1.4426933316367214,26.785713568239814,-0.0005378754051685126,0.000297374793460908,0.00021537070497747873,9.084073743023141e-07,0.0029999999999992255,-0.001255106922377289,2.360137802396457e-06,1,-0.9999995000002501,0.0009999999999994458,0.001000000000000334,0.00300000000000189,7.970252627185687e-06,8967.001469678053,-0.2523041507514209,False,204.757999795242,0.6296296296296297,0.0020000000000024443,-0.00013786,5.577,5.57932877,-0.002328770000000091,4772818.7,0.00032200987143443015,1.9842,-0.00013786,2,1,False,1.5113349770718711,0.5360836471999921,16,37,4,2,0,9,4,False,0,1363275801
1779856637000,1779856638041,10,82,True,5.576499999999999,5.576499999999999,5.576499999999999,5.576499999999999,0.0,0.0,0.0,0,0,0,5.576,5.577,0.001000000000000334,5.576499999999999,5.57601403505977,5.577349555074919,2685.6,8206.1,18213.0,4192.0,12335.4,31040.9,18213.0,31040.9,-0.2604443505996427,0.0,-0.16262979956528367,-9.973866111060453e-07,6.00470600785394e-07,-1.5978572118914394e-06,0.3697778247001685,0.9719298245565317,0.5867420081247455,0.0,0.0,0.0,-8628.999999999996,2.681687350167361,0.0,0.0,0.0,0.0,0.0,8.966599423170497e-05,0.00029737455096960684,0.0,9.485943535641584e-07,0.0024999999999995026,0.0006275413994002176,89665.99423170497,1,0.0,0.0,0.001000000000000334,-0.0020000000000024443,7.970252627185687e-06,8967.001469526575,-0.2880184225749599,False,204.757999795242,0.6341463414634146,-0.0020000000000024443,-0.00013786,5.577,5.57932877,-0.002328770000000091,4772818.7,0.00032200987143443015,1.9842,-0.00013786,2,2,False,1.5151881642497371,0.515476663321096,17,37,4,2,0,8,0,False,0,2455066714
1779856638000,1779856638992,10,83,True,5.577,5.578,5.577,5.578,225.29999999999998,225.29999999999998,0.0,2,2,0,5.578,5.579,0.0009999999999994458,5.5785,5.578631483115754,5.579532155941273,2544.7,7862.4,18212.1,4878.5,12413.4,30150.4,18212.1,30150.4,-0.24685034892736638,0.9999999999955616,-0.23345908036843657,-9.894069064739785e-07,5.90586031691987e-07,-1.5799929381659656e-06,0.3765748255363065,-0.26296633302763456,0.6040417374230324,225.29999999999998,0.0,225.29999999999998,-8403.699999999997,2.659336945243841,112.64999994367498,205.6,225.29999999999998,0.7520671657741166,3.8022813543639487,0.0002689497528428684,0.00030273131720213016,0.00010767569807304605,9.646692890512266e-07,0.004000000000000448,0.00017928375861116341,1.1937405807442285e-06,1,0.9999990000010001,0.0009999999999994458,0.0009999999999994458,-0.0009999999999994458,7.209913214283578e-06,17930.787364505355,-0.25402300327587074,False,203.88999979610998,0.5783132530120482,-0.0019999999999988916,-0.00013786,5.577,5.57932877,-0.002328770000000091,4772818.7,0.00032200987143443015,1.9842,-0.00013786,2,2,False,1.530673340185452,0.5068185429491797,18,37,4,2,0,8,2,False,0,3628433463
1779856639000,1779856640096,10,84,True,5.578,5.579,5.578,5.579,30.4,13.7,16.7,3,2,1,5.578,5.579,0.0009999999999994458,5.5785,5.578598942556053,5.580069399235115,2352.5,7642.1,17915.8,6925.7,14254.1,32332.2,17915.8,32332.2,-0.2869049514408477,-0.0986842105230696,-0.27963521447397566,-1.002637388017322e-06,5.665967616746288e-07,-1.5692341496919508e-06,0.3565475242795662,-0.19788519637312774,0.5541163298507199,13.7,16.7,-3.0,-8406.699999999997,2.6705062257276495,10.133333329955555,16.7,-3.0,1.1233825145115282,2.427184460128193,0.00017925965809396577,0.00030471454205511264,0.00010765639616402979,1.004841139268729e-06,0.0039999999999995595,-8.969009474890262e-05,5.896699279212799e-06,1,0.9999990000010001,0.0009999999999994458,0.0009999999999994458,-0.0029999999999983373,7.033120761808213e-06,17930.78736425018,-0.28735630683200303,False,195.07199980492797,0.47619047619047616,-0.003999999999997783,-0.00013786,5.577,5.57932877,-0.002328770000000091,4772818.7,0.00032200987143443015,1.9842,-0.00013786,2,1,False,1.5377029446081272,0.49518870306323404,19,37,4,2,0,10,3,False,0,3661844470
1779856640000,1779856641014,10,85,True,5.579,5.579,5.578,5.579,132.0,81.2,50.8,4,3,1,5.578,5.579,0.0009999999999994458,5.5785,5.578816505657779,5.579948163779346,2368.7,7760.0,17973.9,6491.9,14220.8,32259.0,17973.9,32259.0,-0.28437737020955817,0.23030303030128566,-0.3014817516367879,-9.996388845987932e-07,5.649058123343908e-07,-1.564544696933184e-06,0.357811314895211,-0.6330114135150744,0.5571747419324667,81.2,50.8,30.400000000000006,-8376.299999999997,2.7140961855398578,32.99999999175,77.0,30.400000000000002,1.4737871192028433,4.316546743957352,0.0,0.00030405419354743047,0.00010765639616402979,9.566120062914746e-07,0.0039999999999995595,-0.00017925965809396577,0.0,1,0.0,0.0009999999999994458,0.0009999999999994458,0.0029999999999983373,7.0044810787010305e-06,13447.487652661142,-0.28456219644782865,False,193.093999806906,0.4823529411764706,0.0019999999999988916,-0.00013786,5.577,5.57932877,-0.002328770000000091,4772818.7,-0.00010125066463421205,1.9842,-0.00013786,2,1,False,1.5432062809897207,0.49518870306323404,20,37,4,2,0,8,4,False,0,263266177
1779856641000,1779856642093,10,86,True,5.579,5.579,5.577,5.577,46.3,23.9,22.4,3,1,2,5.577,5.578,0.001000000000000334,5.577500000000001,5.577199370350712,5.578502005116578,2590.3,7368.8,19855.5,4716.0,12550.699999999999,30894.0,19855.5,30894.0,-0.2175095321136126,0.03239740820664369,-0.17832995738266527,-9.64943220209235e-07,5.905250531775567e-07,-1.5554682733867919e-06,0.3912452339431839,0.601259181525695,0.6426976111866174,23.9,22.4,1.5,-8374.799999999997,2.723470081095928,15.433333328188887,23.9,1.5,1.10153587503016,15.151514921946744,-0.00035855145597462387,0.00029053642175912517,0.0002153320942370855,8.601926450638191e-07,0.0030000000000001137,-0.00035855145597462387,7.744091921530882e-06,1,-0.9999995000002501,0.0010000000000012221,0.001000000000000334,-0.004999999999999005,7.237229349195148e-06,13447.487652706559,-0.24884262762290346,False,174.84799982515196,0.29069767441860467,-0.006000000000000227,-0.00013786,5.577,5.57932877,-0.002328770000000091,4772818.7,-0.00010125066463421205,1.9842,-0.00013786,2,1,False,1.5192583687303656,0.5187497814980293,21,37,4,2,0,9,3,False,0,404055155
1779856642000,1779856643131,10,87,True,5.578,5.578,5.577,5.577,62.900000000000006,34.6,28.3,2,1,1,5.577,5.578,0.001000000000000334,5.577500000000001,5.577393923211209,5.578219696617835,2576.5,7365.2,20048.9,3930.2,12553.9,30804.6,20048.9,30804.6,-0.21150363298494276,0.10015898251033134,-0.19515367958379945,-9.584135131781234e-07,5.890455119978437e-07,-1.5474590251759672e-06,0.39424818350751883,0.21215351812253647,0.6508411081461649,34.6,28.3,6.300000000000001,-8368.499999999998,2.6997497505681927,31.449999984275003,34.6,6.300000000000001,0.740809402367115,1.3123359562830237,0.0,0.0002877580774150363,0.00010767569807304605,7.959073088561235e-07,0.0030000000000001137,0.00035855145597462387,0.0,1,-0.9999990000010001,0.0010000000000012221,0.001000000000000334,-0.004999999999999005,7.550234708787653e-06,13447.487652697979,-0.24884262762290346,False,169.03999983095997,0.20689655172413793,-0.006000000000000227,-0.00013786,5.577,5.57932877,-0.002328770000000091,4772818.7,-0.00010125066463421205,1.9842,-0.00013786,2,2,False,1.487045586758526,0.5032308286832349,22,37,4,2,0,8,2,False,0,3500799458
1779856643000,1779856644038,10,88,True,5.5785,5.5785,5.5785,5.5785,0.0,0.0,0.0,0,0,0,5.578,5.579,0.0009999999999994458,5.5785,5.578137609618542,5.5793192195854235,2903.0,8739.6,19240.6,4595.6,12672.3,30482.100000000002,19240.6,30482.100000000002,-0.2260838610936208,0.0,-0.17325603878107482,-9.431775534894382e-07,5.83054746976839e-07,-1.5262323004662772e-06,0.3869580694531796,0.7247807017504125,0.6312097919762538,0.0,0.0,0.0,-8368.499999999998,2.611233365303662,0.0,0.0,0.0,0.0,0.0,0.0002689256436807901,0.00028282591554976437,0.0,7.315873827444216e-07,0.0034999999999998366,0.0002689256436807901,268925.6436807901,1,0.0,0.0,0.0009999999999994458,0.0019999999999988916,7.550234708787653e-06,13447.487652813503,-0.24884262762290346,False,169.03999983095997,0.2159090909090909,0.0019999999999988916,-0.00013786,5.577,5.57932877,-0.002328770000000091,4772818.7,-0.00010125066463421205,1.9842,-0.00013786,2,2,False,1.5014314184650348,0.46510905848317274,23,37,4,2,0,7,0,False,0,3770640200
1779856644000,1779856645035,10,89,True,5.578,5.578,5.578,5.578,33.1,32.1,1.0,4,3,1,5.577,5.578,0.001000000000000334,5.577500000000001,5.577073020710399,5.577792469517369,3074.7,8404.4,20555.0,3708.4,12010.3,30081.2,20555.0,30081.2,-0.18813023094149667,0.9395770392465386,-0.13808260481698517,-9.340400216590809e-07,6.020683022523463e-07,-1.5361083239114272e-06,0.40593488452924187,0.8539584934600004,0.6833171549007127,32.1,1.0,31.1,-8337.399999999998,2.656766697588788,8.27499999793125,22.2,31.099999999999998,1.5055894829322825,2.923976599637495,-8.963384580013903e-05,0.0002806844831405876,0.0,7.235236074956163e-07,0.0030000000000001137,-0.00035855948948092914,2.7079711721278268e-06,1,0.0,0.0009999999999994458,0.001000000000000334,0.0009999999999994458,6.909091553467993e-06,17929.179942683957,-0.21759256809587169,False,168.79799983120196,0.19101123595505617,0.0,-0.00013786,5.577,5.57932877,-0.002328770000000091,4772818.7,-0.00010125066463421205,1.9842,-0.00013786,2,1,False,1.5008516951307884,0.4709439311734817,24,37,4,2,0,8,4,False,0,828692002
1779856645000,1779856646078,10,90,True,5.578,5.578,5.576,5.577,177.7,23.0,154.7,6,4,2,5.577,5.578,0.001000000000000334,5.577500000000001,5.5774423820140955,5.578451456070233,2835.6000000000004,8227.1,20277.4,5309.599999999999,13239.5,31309.3,20277.4,31309.3,-0.21385163230056944,-0.7411367473227849,-0.2118488758582922,-9.502224787300097e-07,5.95898926655899e-07,-1.5461214053859086e-06,0.39307418384970566,0.11523588553661837,0.6476478234901245,23.0,154.7,-131.7,-8469.099999999999,2.766380904225221,29.61666666173055,125.1,-131.7,2.168898718418358,15.384615147928997,-0.00017929179788066102,0.0002806824286786641,0.00021537070497747873,6.430710619925793e-07,-0.0019999999999997797,-8.965795208052199e-05,1.0089577821027129e-06,1,-0.49999975000012503,0.0010000000000012221,0.001000000000000334,0.0010000000000012221,7.886410584226857e-06,17929.179942873416,-0.2523041507514209,False,171.41999982857996,0.23333333333333334,0.0,-0.00013786,5.577,5.57932877,-0.002328770000000091,4772818.7,-0.0001572827210329322,1.9842,-0.00013786,2,1,False,1.4931657984400777,0.4491728282303549,25,37,4,2,0,10,6,False,0,2819877708
1779856646000,1779856647047,10,91,True,5.577,5.578,5.577,5.578,32.4,21.9,10.5,2,1,1,5.579,5.58,0.001000000000000334,5.5794999999999995,5.579124934353915,5.579745168175589,3257.1,8820.8,19148.6,3955.5,11802.0,29105.6,19148.6,29105.6,-0.20634473268647693,0.3518518518409922,-0.14945228120692816,-9.510703667025777e-07,5.978703375192729e-07,-1.5489407042218506e-06,0.3968276336567512,0.7501312335918627,0.6579008850530256,21.9,10.5,11.399999999999999,-8457.699999999999,2.7412536614637384,16.1999999919,21.9,11.399999999999999,0.7295931884692762,1.6722407998791962,0.00017929179788067704,0.00025672715438555517,0.00010767569807304605,5.786588154507444e-07,0.002000000000000668,0.00035858359576133804,5.533697465282203e-06,1,0.9999990000010001,0.0029999999999983373,0.001000000000000334,0.0009999999999994458,7.5562979351377265e-06,17929.179938719448,-0.2523041507514209,False,168.17999983182,0.1978021978021978,-0.0019999999999988916,-0.00013739,5.578,5.58063726,-0.0026372599999993085,4773109.9,-9.628015261946587e-05,1.9842,-0.00013739,1,2,False,1.3960006272742829,0.42426455656666456,26,37,4,2,0,8,2,False,0,3783991208
1779856647000,1779856648070,10,92,True,5.579,5.579,5.577,5.578,334.0,52.199999999999996,281.8,6,2,4,5.579,5.58,0.001000000000000334,5.5794999999999995,5.579849706082453,5.580493576996102,2422.0,8060.1,18150.8,4669.7,12892.8,30381.5,18150.8,30381.5,-0.25201154694914,-0.6874251496985407,-0.24677923754989464,-9.89346323474913e-07,5.776436801117856e-07,-1.5669900035866985e-06,0.3739942265254197,-0.6994122586003408,0.5974293566808552,52.199999999999996,281.8,-229.60000000000002,-8687.3,2.848097803710829,55.66666665738889,126.5,-229.6,2.106669226764559,5.773672022091963,0.0,0.00025357296090841846,0.0002153320942370855,5.786588154507444e-07,0.001500000000000945,-0.00017929179788067704,0.0,1,-0.499999749999903,0.0029999999999983373,0.001000000000000334,-0.0009999999999994458,1.039033127295448e-05,17929.17993871725,-0.2523041507514209,False,171.803999828196,0.2391304347826087,-0.003999999999997783,-0.00013739,5.578,5.58063726,-0.0026372599999993085,4773109.9,-9.628015261946587e-05,1.9842,-0.00013739,1,1,False,1.3738996067871871,0.42426455656666456,27,37,4,2,0,9,6,False,0,1790801103
1779856648000,1779856649018,10,93,True,5.579,5.579,5.577,5.577,79.3,5.0,74.3,5,1,4,5.577,5.578,0.001000000000000334,5.577500000000001,5.577662450029445,5.57838258584168,2912.4,8230.4,20445.5,5725.4,13147.8,31819.0,20445.5,31819.0,-0.217614250590741,-0.8738965951970504,-0.21922918764883875,-9.385927647470929e-07,5.875425225717986e-07,-1.5261352873188915e-06,0.39119287470461994,-0.3249001331536292,0.6425563342656702,5.0,74.3,-69.3,-8756.599999999999,2.9186519740809658,15.859999996828,28.1,-69.3,1.7131196328610903,4.44938818932419,-0.00017929179788066102,0.0002567226595827223,0.0002153320942370855,5.786588154507444e-07,-0.001000000000000334,-0.00017929179788066102,2.2609306163732674e-06,1,-0.9999995000002501,0.0010000000000012221,0.001000000000000334,0.0010000000000012221,1.2083533471682828e-05,17929.17993874409,-0.2523041507514209,False,173.035999826964,0.27956989247311825,0.0,-0.00013739,5.578,5.58063726,-0.0026372599999993085,4773109.9,-9.628015261946587e-05,1.9842,-0.00013739,1,1,False,1.3352062845461312,0.4242519994584586,28,37,4,2,0,9,5,False,0,1171002124
1779856649000,1779856650026,10,94,True,5.578,5.578,5.578,5.578,10.1,10.1,0.0,1,1,0,5.577,5.578,0.001000000000000334,5.577500000000001,5.577389621041372,5.577796154237097,3001.7999999999997,8305.1,20534.9,3842.1000000000004,11657.7,30033.600000000002,20534.9,30033.600000000002,-0.1878382787703771,0.9999999999009901,-0.16618819076093613,-9.345972066302568e-07,6.021536734147764e-07,-1.5367508800450333e-06,0.40608086061480164,0.220757825368857,0.6837308880720032,10.1,0.0,10.1,-8746.499999999998,2.8557453519799507,10.099999989899999,10.1,10.1,0.3501712780365752,1.0,0.00017929179788067704,0.00025671928933613186,0.0,6.10804364238027e-07,-0.0009999999999994458,0.00035858359576133804,1.7751663154745086e-05,1,0.0,0.0009999999999994458,0.001000000000000334,0.0009999999999994458,1.218583409461374e-05,17929.179938736088,-0.2880184225749599,False,172.43799982756195,0.24468085106382978,0.0,-0.00013739,5.578,5.58063726,-0.0026372599999993085,4773109.9,-9.628015261946587e-05,1.9842,-0.00013739,1,2,False,1.3386886333922532,0.4131573076449774,29,37,4,2,0,9,1,False,0,3092093841
1779856650000,1779856651010,10,95,True,5.577,5.577,5.577,5.577,5.6,0.0,5.6,1,0,1,5.577,5.578,0.001000000000000334,5.577500000000001,5.577201804341989,5.577736804429768,3214.9,8518.2,20751.1,3770.4,11538.5,29914.4,20751.1,29914.4,-0.18085876977430052,-0.9999999998214285,-0.13394481308907943,-9.349591438219823e-07,6.033547641482455e-07,-1.5383139079702279e-06,0.40957061511283993,0.5963912630550979,0.6936826411360182,0.0,5.6,-5.6,-8752.099999999999,2.7949012420789687,5.599999994399999,5.6,-5.6,0.35779439523178364,1.0,-0.00017929179788066102,0.0002598308506636819,0.0,6.429499130253097e-07,-0.0019999999999997797,-0.00035858359576133804,3.201639247297226e-05,1,0.0,0.0010000000000012221,0.001000000000000334,0.0010000000000012221,1.2342038312633674e-05,17929.17993962367,-0.2885057216144051,False,165.30199983469797,0.17894736842105263,0.0,-0.00013739,5.578,5.58063726,-0.0026372599999993085,4773109.9,-0.0003017038002154087,1.9842,-0.00013739,2,1,False,1.336500220619114,0.4131425958140406,30,37,4,2,0,6,1,False,0,1434434179
1779856651000,1779856652096,10,96,True,5.577500000000001,5.577500000000001,5.577500000000001,5.577500000000001,0.0,0.0,0.0,0,0,0,5.577,5.578,0.001000000000000334,5.577500000000001,5.577256764849205,5.5777725462817545,3112.4,8450.0,20683.3,3769.0,12310.1,30686.0,20683.3,30686.0,-0.1947213608127774,0.0,-0.15681772790020182,-9.35072040180293e-07,5.882902072197532e-07,-1.523362247400046e-06,0.40263931959360155,0.48647023451300975,0.6740305025092657,0.0,0.0,0.0,-8752.099999999999,2.703265135781298,0.0,0.0,0.0,0.0,0.0,8.964991713404256e-05,0.00025749741449842997,0.0,6.590234078481244e-07,0.0005000000000006111,0.00026894171501470356,89649.91713404255,1,0.0,0.0,0.001000000000000334,0.0020000000000024443,1.2342038312633674e-05,17929.179937331217,-0.3218390938871552,False,165.30199983469797,0.17708333333333334,0.0020000000000024443,-0.00013739,5.578,5.58063726,-0.0026372599999993085,4773353.7,-0.00025064140070658506,1.9842,-0.00013739,1,2,False,1.336637159288705,0.4131241570774259,31,37,4,2,0,7,0,False,0,2079082666
1779856652000,1779856652999,10,97,True,5.577500000000001,5.577500000000001,5.577500000000001,5.577500000000001,0.0,0.0,0.0,0,0,0,5.577,5.578,0.001000000000000334,5.577500000000001,5.577252449535578,5.577755224873931,3124.7999999999997,8462.4,20696.8,3770.1,12408.1,30718.7,20696.8,30718.7,-0.19491981989866494,0.0,-0.1576378428086178,-9.339148197261803e-07,5.876405263858605e-07,-1.5215553461120408e-06,0.40254009005065783,0.4951008645504605,0.6737524699938254,0.0,0.0,0.0,-8752.099999999999,2.6146334919851895,0.0,0.0,0.0,0.0,0.0,0.0,0.00025749741449842997,0.0,6.590234078481245e-07,0.0005000000000006111,-8.964991713404256e-05,0.0,1,0.0,0.0,0.001000000000000334,nan,1.2342038312633674e-05,17929.179937331217,-0.3218390938871552,False,165.30199983469797,0.17525773195876287,nan,-0.00013739,5.578,5.58063726,-0.0026372599999993085,4773353.7,-0.00025064140070658506,1.9842,-0.00013739,1,1,False,1.336637159288705,0.4018367653009993,32,37,4,2,0,6,0,False,0,2593335955
1779856653000,1779856654052,10,98,True,5.577,5.578,5.577,5.578,15.7,1.5,14.2,2,1,1,5.577,5.578,0.001000000000000334,5.577500000000001,5.577249423931007,5.577867590138124,2964.7999999999997,8319.3,20555.9,3907.8,12376.5,30437.0,20555.9,30437.0,-0.19377403520881936,-0.8089171974007059,-0.16589960333819873,-9.346031784301327e-07,5.968850989578064e-07,-1.5314882773879392e-06,0.4031129823955805,0.5011520737298322,0.6753589381344852,1.5,14.2,-12.7,-8764.8,2.5944815742151834,7.849999996075,14.2,-12.7,0.7708669119510406,1.2626262610320376,8.96418807466359e-05,0.00025514249733673135,0.00010767569807304605,6.590234078481245e-07,-0.0004999999999997229,8.96418807466359e-05,5.709673932543072e-06,1,0.9999990000010001,0.0009999999999994458,0.001000000000000334,-0.00300000000000189,1.2793304301133754e-05,22411.273974262593,-0.3551723974432875,False,165.233999834766,0.1836734693877551,-0.004000000000001336,-0.00013739,5.578,5.58063726,-0.0026372599999993085,4773353.7,-0.00025064140070658506,1.9842,-0.00013739,1,2,False,1.3242466016860033,0.3915885983718205,33,37,4,2,0,7,2,False,0,2624314852
1779856654000,1779856655030,10,99,True,5.577,5.577,5.577,5.577,6.7,0.0,6.7,1,0,1,5.577,5.578,0.001000000000000334,5.577500000000001,5.577253512847909,5.577855497714728,2969.6,8327.4,20581.4,3907.7999999999997,12376.5,30570.3,20581.4,30570.3,-0.19527992227041924,-0.9999999998507463,-0.17207880492724398,-9.343585093149775e-07,5.961666876857896e-07,-1.5305251970007672e-06,0.40236003886478067,0.49297423887299197,0.6732482180416721,0.0,6.7,-6.7,-8771.5,2.5422034898146855,6.6999999933,6.7,-6.7,0.3933595416783633,1.0,-0.00017929179788066102,0.0002582730558664375,0.0,6.750954618125926e-07,-0.001000000000000334,-0.00026893367862729694,2.6759969828940455e-05,1,0.0,0.0010000000000012221,0.001000000000000334,-0.0010000000000012221,1.2162006198042642e-05,22411.273974833588,-0.35253454637951764,False,164.69599983530398,0.18181818181818182,-0.0020000000000024443,-0.00013739,5.578,5.58063726,-0.0026372599999993085,4773353.7,-0.00025064140070658506,1.9842,-0.00013739,2,1,False,1.3281875261129608,0.3846155663563631,34,37,4,2,0,7,1,False,0,2596278159
1779856655000,1779856656086,10,100,True,5.577,5.577,5.577,5.577,35.099999999999994,0.0,35.099999999999994,2,0,2,5.577,5.578,0.001000000000000334,5.577500000000001,5.577780898847918,5.578272042176909,2551.1,7807.3,20061.3,4561.4,13098.5,31354.9,20061.3,31354.9,-0.21965061595372246,-0.9999999999715101,-0.27174935128097827,-9.465777076514555e-07,5.8691395689631e-07,-1.5334916645477655e-06,0.3901746920231291,-0.5617977528061195,0.639813872791792,0.0,35.099999999999994,-35.099999999999994,-8806.6,2.524426326214204,17.549999991224997,22.4,-35.099999999999994,0.7922592069490387,4.405286324205787,0.0,0.0002024448540287151,0.0,2.8931426889429507e-07,0.0,0.00017929179788066102,0.0,1,0.0,0.0010000000000012221,0.001000000000000334,-0.0030000000000001137,1.1543525037954619e-05,22411.273972686184,-0.3483796151765643,False,164.08199983591797,0.17,-0.004000000000001336,-0.00013739,5.578,5.58063726,-0.0026372599999993085,4773353.7,-0.0002705122409825139,1.9842,-0.00013739,0,2,False,1.250766093777345,0.3982227211364927,35,37,4,2,0,6,2,False,0,2176668262
1779856656000,1779856657033,10,101,True,5.577,5.577,5.577,5.577,80.9,0.0,80.9,2,0,2,5.576,5.577,0.001000000000000334,5.576499999999999,5.576925898732292,5.577598585331891,2509.7000000000003,8128.6,20396.4,5308.4,12681.7,31619.0,20396.4,31619.0,-0.21575533399723512,-0.999999999987639,-0.2224905301491889,-9.261429264407816e-07,6.041010776745304e-07,-1.530244004115312e-06,0.39212233300137284,-0.8517975054994432,0.6450678389575685,0.0,80.9,-80.9,-8887.5,2.5072320204366894,40.449999979775,42.9,-80.9,0.7976924285028729,4.34782606805293,0.0,0.00016284477685344465,0.0,2.410851359170792e-07,-0.001000000000000334,0.0,0.0,1,0.0,0.0010000000000012221,0.001000000000000334,-0.004999999999999005,1.1646063283623223e-05,22411.2739726114,-0.34265734096627576,False,165.62199983437802,0.2376237623762376,-0.006000000000000227,-0.00013739,5.578,5.58063726,-0.0026372599999993085,4773379.6,-0.00026508775426735594,1.9842,-0.00013739,0,2,False,1.2636210476791587,0.3982227211364927,36,37,4,2,0,8,2,False,0,3917070703
1779856657000,1779856658096,10,102,True,5.576,5.576,5.576,5.576,13.0,0.0,13.0,1,0,1,5.576,5.577,0.001000000000000334,5.576499999999999,5.5769154312480556,5.57769845390771,2438.6,8083.5,20346.1,6112.0,13380.8,32514.8,20346.1,32514.8,-0.23020228562131506,-0.9999999999230769,-0.25802615286366476,-9.264887724893211e-07,5.985629145948672e-07,-1.5250516870841883e-06,0.3848988571893331,-0.8308625336899229,0.6257488897363469,0.0,13.0,-13.0,-8900.5,2.457814577143683,12.999999986999999,13.0,-13.0,0.40686551739605653,1.0,-0.0001793239491939062,0.00016650608325251997,0.0,2.169694889300521e-07,-0.002000000000000668,-0.0001793239491939062,1.3794149936931696e-05,-1,0.0,0.0009999999999994458,0.001000000000000334,-0.0029999999999983373,1.1666921837288346e-05,22411.273972702555,-0.335294087274678,False,165.43399983456598,0.22549019607843138,-0.003999999999997783,-0.00013739,5.578,5.58063726,-0.0026372599999993085,4773379.6,-0.00026508775426735594,1.9842,-0.00013739,0,0,False,1.259290204353072,0.4090157690918267,37,37,4,2,0,8,1,False,0,1129177428
1779856658000,1779856659034,10,103,True,5.576499999999999,5.576499999999999,5.576499999999999,5.576499999999999,0.0,0.0,0.0,0,0,0,5.576,5.577,0.001000000000000334,5.576499999999999,5.576904159715219,5.577797072588236,2348.5,7993.400000000001,20256.0,6389.6,13676.2,32792.4,20256.0,32792.4,-0.23632003981269492,0.0,-0.2629282052736052,-9.270968883941252e-07,5.951281939947397e-07,-1.522225082388865e-06,0.3818399800936431,-0.8083194675513866,0.6177041021699962,0.0,0.0,0.0,-8900.5,2.377230492647169,0.0,0.0,0.0,0.0,0.0,8.966599423170497e-05,0.00015655534742850888,0.0,1.8483690838501026e-07,-0.0005000000000006111,0.00026898994342561115,89665.99423170497,-1,0.0,0.0,0.001000000000000334,0.005999999999998451,1.1666921837288346e-05,8963.786330904004,-0.32619046323221024,False,165.43399983456598,0.22330097087378642,0.005999999999998451,-0.00013739,5.578,5.58063726,-0.0026372599999993085,4773379.6,-0.00026508775426735594,1.9842,-0.00013739,0,1,True,1.2340141175676593,0.40285599118093157,38,37,4,2,0,6,0,False,0,312286859
1779856659000,1779856660051,10,104,True,5.577,5.577,5.576,5.576,31.5,1.2,30.3,2,1,1,5.576,5.577,0.001000000000000334,5.576499999999999,5.576873796776532,5.577773242837141,2366.9,8011.8,20282.5,6326.1,13612.7,32752.1,20282.5,32752.1,-0.2351219769735185,-0.9238095237801965,-0.2595400418298122,-9.268568349785418e-07,5.958999087368005e-07,-1.5227567437153421e-06,0.38243901151323134,-0.7475935828857017,0.6192732679736378,1.2,30.3,-29.1,-8929.6,2.364862279773491,15.749999992125,30.3,-29.1,0.84571520982856,4.166666649305556,-8.966599423178076e-05,0.00015265934325661674,0.00010769500690447056,1.928768989065772e-07,-0.002000000000000668,-0.00017933198846348573,2.846539499331245e-06,-1,-0.9999990000010001,0.0009999999999994458,0.001000000000000334,-0.006999999999999673,1.2790162211256217e-05,13447.086042453262,-0.35869566256106444,False,164.357999835642,0.17307692307692307,-0.007999999999999119,-0.00013739,5.578,5.58063726,-0.0026372599999993085,4773379.6,-0.00026508775426735594,1.9842,-0.00013739,0,0,False,1.230102638932057,0.39766025453512666,39,37,4,2,0,7,2,False,0,3021772222
1779856660000,1779856661054,10,105,True,5.575,5.577,5.574,5.576,2759.0,2277.6,481.4,6,3,3,5.575,5.576,0.0009999999999994458,5.5755,5.575751713978571,5.57626973165773,2975.6,7906.5,20217.3,4641.6,11816.6,30950.2,20217.3,30950.2,-0.20976010162700529,0.6510329829646063,-0.20684145055664566,-9.03535714934975e-07,6.038954235886675e-07,-1.5074311385236426e-06,0.39511994918648763,-0.5034280117507178,0.653220334602017,2277.6,481.4,1796.1999999999998,-7133.400000000001,2.484047123059606,459.83333325669446,1539.6,1796.1999999999998,2.41541311430291,5.995203800987987,0.0,0.00015265934325661674,0.00032314297491674423,1.928768989065772e-07,-0.001000000000000334,8.966599423178076e-05,0.0,-1,0.3333332222220619,0.0009999999999994458,0.0009999999999994458,0.008999999999998565,1.1165828473504355e-06,13447.086042453262,-0.33091785823834413,False,199.311999800688,0.6285714285714286,0.007999999999999119,-0.00013739,5.578,5.58063726,-0.0026372599999993085,4773379.6,-0.00025355055602479946,1.9842,-0.00013739,0,1,True,0.5222512436637583,0.3829712533621069,40,37,4,2,0,10,6,False,0,491675070
1779856661000,1779856662134,10,106,True,5.576,5.576,5.575,5.575,158.3,98.5,59.8,3,1,2,5.574,5.575,0.001000000000000334,5.5745000000000005,5.574771416948539,5.575218576270747,2643.3,8086.7,19693.5,4551.9,12015.4,28804.6,19693.5,28804.6,-0.18786509162214213,0.24447252052909368,-0.22813915270352741,-8.872231600819727e-07,6.359479925800825e-07,-1.5231711526620552e-06,0.40606745418891865,-0.5428339423445276,0.6836928823868172,98.5,59.8,38.7,-7094.700000000001,2.5009636108281437,52.76666664907778,98.5,38.7,1.199537644534969,2.8208744631287033,-0.00017935611204025244,0.00013596083443688915,0.00010771432266216911,1.928768989065772e-07,-0.002500000000000391,-0.00017935611204025244,1.1330139737152206e-06,-1,-0.9999990000010001,0.0009999999999994458,0.001000000000000334,0.006999999999999673,1.1735302353720738e-06,13447.086042320696,-0.32619046323221024,False,199.07199980092798,0.6132075471698113,0.006000000000000227,-0.00013739,5.578,5.58063726,-0.0026372599999993085,4773389.2,-0.0002515399122630461,1.9842,-0.00013739,0,0,False,1.1581493044596167,0.3762340952819395,41,37,4,2,0,9,3,False,0,1217300535
1779856662000,1779856663034,10,107,True,5.5745000000000005,5.5745000000000005,5.5745000000000005,5.5745000000000005,0.0,0.0,0.0,0,0,0,5.574,5.575,0.001000000000000334,5.5745000000000005,5.574748884899311,5.575121122464776,2496.3,7939.7,19546.5,4196.1,11607.1,28396.3,19546.5,28396.3,-0.1845908040414789,0.0,-0.23272437912563343,-8.894977878400874e-07,6.426294771492396e-07,-1.532127264989327e-06,0.4077045979792501,-0.4977698483474677,0.6883467212277413,0.0,0.0,0.0,-7094.700000000001,2.4189648039157454,0.0,0.0,0.0,0.0,0.0,-8.969012069330163e-05,0.00013743203552401504,0.0,2.0896337024254874e-07,-0.0030000000000001137,8.966599134695081e-05,89690.12069330162,-1,0.0,0.0,0.001000000000000334,-0.006000000000000227,1.1735302353720738e-06,13447.086042349027,-0.3152173656827077,False,199.07199980092798,0.6074766355140186,-0.006000000000000227,-0.00013739,5.578,5.58063726,-0.0026372599999993085,4773389.2,-0.0002515399122630461,1.9842,-0.00013739,0,1,True,1.151369678603022,0.37203645923590906,42,37,4,2,0,6,0,False,0,2145365795
1779856663000,1779856664042,10,108,True,5.574,5.574,5.573,5.573,88.0,0.0,88.0,2,0,2,5.573,5.574,0.0009999999999994458,5.5735,5.57378610853002,5.574135667518257,2585.6,8795.8,20090.2,4440.4,10806.4,28684.2,20090.2,28684.2,-0.1761989896339027,-0.9999999999886363,-0.22183057317690805,-8.733913338268189e-07,6.588561380715593e-07,-1.5322474718983782e-06,0.41190050518303845,-0.5722171113129153,0.7003925506027464,0.0,88.0,-88.0,-7182.700000000001,2.4052282529676883,43.999999978,56.3,-88.0,0.8315219134403482,999.9990000010001,-0.0002691186380898563,0.0001374509234788356,0.00010775297497158507,2.0899581369625784e-07,-0.004999999999999893,-0.00017942851739655467,3.058166341895433e-06,-1,-0.9999990000010001,0.0009999999999994458,0.0009999999999994458,-0.0010000000000012221,1.1539450160771392e-06,26903.01794662806,-0.32063879129410644,False,200.283999799716,0.6388888888888888,-0.002000000000000668,-0.00013739,5.578,5.58063726,-0.0026372599999993085,4773389.2,-0.0002515399122630461,1.9842,-0.00013739,0,0,False,1.137538100279543,0.36936446442688076,43,37,4,2,0,9,2,False,0,1428554556
1779856664000,1779856665038,10,109,True,5.573,5.573,5.572,5.572,55.0,0.0,55.0,2,0,2,5.572,5.573,0.001000000000000334,5.5725,5.572863059680699,5.573399959872643,2522.2,8897.6,20098.9,4456.0,11396.6,28585.2,20098.9,28585.2,-0.17431358492813515,-0.9999999999818182,-0.1947116168399631,-8.568940448749144e-07,6.470922638551964e-07,-1.5039863087301109e-06,0.41284320753592213,-0.7261194029823653,0.7031225949092291,0.0,55.0,-55.0,-7237.700000000001,2.3919420807392395,27.49999998625,32.6,-55.0,0.8361406470786078,2.4875621828667605,-0.00017945266984009217,0.0001417787293114712,0.00010777231153076748,2.4121925844074724e-07,-0.004999999999999893,8.966596824976411e-05,3.2627758152150803e-06,-1,-0.9999990000010001,0.0009999999999994458,0.001000000000000334,0.0009999999999994458,1.187020035378702e-06,22421.32565672308,-0.3152173656827077,False,199.21999980078,0.6146788990825688,0.0,-0.00013739,5.578,5.58063726,-0.0026372599999993085,4773389.2,-0.0002515399122630461,1.9842,-0.00013739,0,1,True,1.1261641652703087,0.39322184636767904,44,37,4,2,0,8,2,False,0,2373771050
1779856665000,1779856666022,10,110,True,5.572,5.572,5.572,5.572,24.9,0.0,24.9,1,0,1,5.571,5.572,0.001000000000000334,5.5715,5.571362821608641,5.5721383055518645,2725.2,8499.9,19650.2,4060.5,9885.1,27181.7,19650.2,27181.7,-0.1608198685084278,-0.9999999999598393,-0.15950450475918188,-8.549123473264671e-07,6.634289679012299e-07,-1.518341315227697e-06,0.41959006574577545,0.2743567505051334,0.7229201999874649,0.0,24.9,-24.9,-7262.6,2.3463046354691004,24.8999999751,24.9,-24.9,0.4262021156403956,1.0,0.0,0.00013599239186738143,0.0,2.0907370965346454e-07,-0.004999999999999893,0.00017945266984009217,0.0,-1,0.0,0.0009999999999994458,0.001000000000000334,0.0030000000000001137,1.1868593168205535e-06,22421.32565645224,-0.30221128587506957,False,199.44399980055593,0.6272727272727273,0.002000000000000668,-0.00013739,5.578,5.58063726,-0.0026372599999993085,4773389.2,-0.0002660503853729912,1.9842,-0.00013739,0,1,True,1.1302564036349465,0.4028789004426045,45,37,4,2,0,9,1,False,0,3409683985
1779856666000,1779856667090,10,111,True,5.571,5.571,5.571,5.571,13.5,0.0,13.5,1,0,1,5.571,5.572,0.001000000000000334,5.5715,5.571450560638198,5.5721493225772845,2742.8,8559.9,19689.1,4151.0,10191.4,27403.2,19689.1,27403.2,-0.1638080960156934,-0.9999999999259259,-0.1692555682896816,-8.536661451479054e-07,6.598218476882646e-07,-1.51348799283617e-06,0.41809595199214267,0.09887869520871842,0.718496379984793,0.0,13.5,-13.5,-7276.1,2.3021634998799496,13.499999986499999,13.5,-13.5,0.43437401366921713,1.0,-0.00017948487888092633,0.0001360051259835165,0.0,2.0907370965346454e-07,-0.006000000000000227,-0.00017948487888092633,1.3295176212417122e-05,-1,0.0,0.0010000000000012221,0.001000000000000334,0.005000000000000782,1.1838393442957125e-06,22421.325656762205,-0.286967405226384,False,199.66999980032998,0.6396396396396397,0.0039999999999995595,-0.00013739,5.578,5.58063726,-0.0026372599999993085,4772458.6,-0.0004609543361155643,1.9842,-0.00013739,0,0,False,1.1640527570132873,0.4028832380898359,46,37,4,2,0,8,1,False,0,821634293
1779856667000,1779856668116,10,112,True,5.572,5.572,5.572,5.572,2.1,2.1,0.0,1,1,0,5.571,5.572,0.001000000000000334,5.5715,5.571339773652853,5.572076269368462,2907.2,8777.0,19906.2,4094.3,10134.7,27346.5,19906.2,27346.5,-0.15745766908557274,0.9999999995238095,-0.14779958978730962,-8.490149484914201e-07,6.598350321244893e-07,-1.5088499806159093e-06,0.4212711654572031,0.32045266353761953,0.7279249629751257,2.1,0.0,2.1,-7274.0,2.2594696146379842,2.0999999979,2.1,2.1,0.442581742670454,1.0,0.00017948487888079208,0.00014180315716208445,0.0,2.4128853140034126e-07,-0.0039999999999995595,0.0003589697577617184,8.54689899025348e-05,-1,0.0,0.0009999999999994458,0.001000000000000334,0.0009999999999994458,1.167416687260706e-06,22421.325657426965,-0.26923075952003284,False,199.223999800776,0.6160714285714286,0.0,-0.00013739,5.578,5.58063726,-0.0026372599999993085,4772458.6,-0.0004609543361155643,1.9842,-0.00013739,0,1,True,1.1640527570132873,0.40287554969042194,47,37,4,2,0,7,1,False,0,1749279511
1779856668000,1779856669088,10,113,True,5.571,5.573,5.571,5.573,189.5,169.89999999999998,19.6,3,2,1,5.572,5.573,0.001000000000000334,5.5725,5.57222233331476,5.573407406788995,2356.0,9095.8,18355.0,3660.1,11056.9,28288.6,18355.0,28288.6,-0.21296812424426473,0.7931398416844688,-0.15851809366194158,-9.66966182737479e-07,6.388215140071167e-07,-1.6057876967445955e-06,0.39351593787785694,0.5553333333314823,0.648847945815606,169.89999999999998,19.6,150.29999999999998,-7123.7,2.283749299403952,63.16666664561111,124.1,150.29999999999998,1.313629302248437,4.640371208165331,0.00017945266984012876,0.00014181333145162463,0.00021556396656184076,2.413520233241489e-07,-0.0034999999999989484,-3.2209040663321725e-08,9.469797880695609e-07,-1,0.9999995000002501,0.0010000000000012221,0.001000000000000334,0.005000000000000782,1.193998390120102e-06,22421.325661672807,-0.24868420517459058,False,200.815999799184,0.6637168141592921,0.0039999999999995595,-0.00013739,5.578,5.58063726,-0.0026372599999993085,4772458.6,-0.0004609543361155643,1.9842,-0.00013739,0,0,False,1.1778787505329413,0.39324536264218857,48,37,4,2,0,8,3,False,0,1606849490
1779856669000,1779856670042,10,114,True,5.5725,5.5725,5.5725,5.5725,0.0,0.0,0.0,0,0,0,5.572,5.573,0.001000000000000334,5.5725,5.57222233331476,5.5733952904367445,2373.8,9116.2,18375.3,3639.5,11734.0,28688.0,18375.3,28688.0,-0.21912403082656298,0.0,-0.16019617325892194,-9.658122870391354e-07,6.311666424007567e-07,-1.596978929439892e-06,0.39043798458670786,0.5553333333314823,0.6405221695482208,0.0,0.0,0.0,-7123.7,2.2088722731939865,0.0,0.0,0.0,0.0,0.0,-8.972230951251792e-05,0.00013749999337911648,0.0,2.2530738252310987e-07,-0.0034999999999998366,-0.0002691749793526467,89722.30951251791,-1,0.0,0.0,0.001000000000000334,-0.006000000000000227,1.193998390120102e-06,22421.325661583433,-0.28048783300400176,False,200.815999799184,0.6666666666666666,-0.006000000000000227,-0.00013739,5.578,5.58063726,-0.0026372599999993085,4772458.6,-0.0004609543361155643,1.9842,-0.00013739,0,0,False,1.1933350181115878,0.39324083157255646,49,37,4,2,0,6,0,False,0,3226270388
1779856670000,1779856671062,10,115,True,5.572,5.575,5.572,5.574,324.0,269.4,54.6,5,3,2,5.573,5.574,0.0009999999999994458,5.5735,5.573669395430897,5.5742240315049445,2774.0,9073.7,18115.0,4208.5,12676.7,30134.5,18115.0,30134.5,-0.2491113897553291,0.6629629629609167,-0.2335490367956265,-9.795101959388883e-07,6.107291862693633e-07,-1.5902393822082515e-06,0.37544430512232513,-0.338790931987791,0.6011382302676135,269.4,54.6,214.79999999999998,-6908.9,2.3003846576794293,64.79999998704,146.5,214.8,2.1735495327422005,4.310344809007134,0.000269142781869579,0.000144640459732116,0.0003232589318523923,2.333819996782576e-07,-0.0019999999999997797,0.0003588650913820969,8.306875983603343e-07,-1,0.6666664444444198,0.0009999999999994458,0.0009999999999994458,0.009000000000000341,1.2930697084635358e-06,35878.4647541748,-0.25609754563418086,False,204.27599979572398,0.6956521739130435,0.008000000000000895,-0.00013739,5.578,5.58063726,-0.0026372599999993085,4772458.6,-0.0005006022284811451,1.9842,-0.00013739,0,1,True,1.2244707167750615,0.4064065493318783,50,37,4,2,0,8,5,False,0,1787644141
1779856671000,1779856671998,10,116,True,5.573,5.573,5.573,5.573,34.1,0.0,34.1,1,0,1,5.573,5.574,0.0009999999999994458,5.5735,5.57384134612035,5.574187843837494,2406.5,8899.2,17933.2,4010.0,12491.7,30010.5,17933.2,30010.5,-0.25190588127323815,-0.9999999999706746,-0.27801157714234986,-9.784657962915304e-07,6.125342783181159e-07,-1.5910000746096462e-06,0.37404705936337057,-0.682692307688205,0.5975641858682595,0.0,34.1,-34.1,-6943.0,2.2577490951325627,34.0999999659,34.1,-34.1,0.44291901244162224,1.0,-0.0001794204723570149,0.0001487568233878754,0.0,2.816717247327785e-07,-0.0019999999999997797,-0.0004485632542265939,5.261597429670185e-06,-1,0.0,0.0009999999999994458,0.0009999999999994458,-0.009000000000000341,1.328458545263569e-06,35878.46475340205,-0.27631579586653005,False,200.811999799188,0.646551724137931,-0.009999999999999787,-0.00013739,5.578,5.58063726,-0.0026372599999993085,4772480.4,-0.0004960366389813926,1.9842,-0.00013739,0,0,False,1.2183043743372814,0.40641083877845235,51,37,4,2,0,7,1,False,0,681899509
1779856672000,1779856673006,10,117,True,5.573,5.573,5.571,5.571,333.7,34.3,299.40000000000003,5,1,4,5.571,5.572,0.001000000000000334,5.5715,5.5715778529711235,5.571965985079617,2659.4,8427.9,19576.5,3561.4,9766.1,27266.4,19576.5,27266.4,-0.1641636192464565,-0.7944261312532382,-0.15977958553611205,-9.780393199725984e-07,6.548415714877081e-07,-1.6328808914603064e-06,0.4179181903767611,-0.15570599613077513,0.7179715694040754,34.3,299.40000000000003,-265.1,-7208.1,2.3476589608659215,66.739999986652,207.9,-265.1,2.129781233653288,8.752735153148926,-0.0003589375487209819,0.0001690278104293578,0.00021556396656184076,3.460724692709661e-07,-0.0035000000000007248,-0.00017951707636396698,1.0756294537605821e-06,-1,-0.9999995000002501,0.0010000000000012221,0.001000000000000334,-0.004999999999999005,1.3472651924402159e-06,35878.46475392835,-0.26923075952003284,False,205.603999794396,0.7350427350427351,-0.006000000000000227,-0.00013739,5.578,5.58063726,-0.0026372599999993085,4772480.4,-0.0004960366389813926,1.9842,-0.00013739,0,0,False,1.232825927045271,0.40406896650967133,52,37,4,2,0,9,5,False,0,1686164550
1779856673000,1779856674012,10,118,True,5.571,5.571,5.571,5.571,33.8,0.0,33.8,1,0,1,5.57,5.571,0.0009999999999994458,5.5705,5.570759324399821,5.571518883182966,2166.8,7424.6,18602.4,4262.2,10535.4,26039.9,18602.4,26039.9,-0.1666020791939446,-0.9999999999704143,-0.19297678514027888,-1.0056207612636354e-06,6.858575979463868e-07,-1.6914783592100222e-06,0.4166989604030165,-0.5186488388440582,0.7143806235814764,0.0,33.8,-33.8,-7241.900000000001,2.3034734211653993,33.7999999662,33.8,-33.8,0.4341269972457254,1.0,0.0,0.00016783508977372165,0.0,3.300004153064979e-07,-0.002000000000000668,0.0003589375487209819,0.0,-1,0.0,0.0009999999999994458,0.0009999999999994458,-0.004999999999999005,1.3133248571035964e-06,31396.370716596553,-0.27631579586653005,False,206.267999793732,0.7372881355932204,-0.005999999999998451,-0.00013739,5.578,5.58063726,-0.0026372599999993085,4772480.4,-0.0004960366389813926,1.9842,-0.00013739,0,1,True,1.2275582626267076,0.4288687599545077,53,37,4,2,0,8,1,False,0,3291753271
1779856674000,1779856675050,10,119,True,5.571,5.571,5.57,5.57,86.6,5.6,81.0,2,1,1,5.569,5.57,0.001000000000000334,5.5695,5.569919984664741,5.570414150193806,2188.9,8174.1,19377.8,4252.0,11504.4,26533.4,19377.8,26533.4,-0.1558573942741607,-0.8706697459483758,-0.18465719975467698,-9.380809414496919e-07,6.685322366101782e-07,-1.6066131780598701e-06,0.42207130286290884,-0.8399693721254213,0.7303172605093681,5.6,81.0,-75.4,-7317.3,2.293523472930468,43.299999978349994,81.0,-75.4,0.8720207238919383,3.24675323621184,-0.0001795170994856258,0.0001678471309566411,0.0001078110054763436,3.3000041530649796e-07,-0.0019999999999997797,-0.0001795170994856258,2.072945721519086e-06,-1,-0.9999990000010001,0.0010000000000012221,0.001000000000000334,-0.0030000000000001137,1.1758805683660619e-06,31396.370716291112,-0.26923075952003284,False,206.05999979394,0.7394957983193278,-0.004000000000001336,-0.00013739,5.578,5.58063726,-0.0026372599999993085,4772480.4,-0.0004960366389813926,1.9842,-0.00013739,0,0,False,1.2324227643266483,0.4425130448877761,54,37,4,2,0,8,2,False,0,1477525678
1779856675000,1779856676004,10,120,True,5.57,5.57,5.57,5.57,0.9,0.9,0.0,1,1,0,5.569,5.57,0.001000000000000334,5.5695,5.569956966316277,5.570795102160951,1925.5,8046.2,19249.9,4730.5,11962.6,26991.6,19249.9,26991.6,-0.16741887698279317,0.9999999988888889,-0.22150423673043687,-9.33823228079876e-07,6.601128585506295e-07,-1.5939360866305054e-06,0.4162905615085926,-0.9139326800131491,0.7131811378354485,0.9,0.0,0.9,-7316.400000000001,2.2511128672606167,0.8999999991,0.9,0.9,0.444224727289075,1.0,0.0,0.0001678471309566411,0.0,3.3000041530649796e-07,-0.0019999999999997797,0.0001795170994856258,0.0,-1,0.0,0.0010000000000012221,0.001000000000000334,0.0030000000000001137,7.702193728485944e-06,31396.370716291112,-0.24868420517459058,False,206.05999979394,0.7416666666666667,0.0019999999999988916,-0.00013739,5.578,5.58063726,-0.0026372599999993085,4772480.4,-0.0004960366389813926,1.9842,-0.00013739,0,1,True,1.2316940884302152,0.4579818566443452,55,37,4,2,0,8,1,False,0,3056090711
1779856676000,1779856676994,10,121,False,5.569,5.569,5.569,5.569,13.1,0.0,13.1,1,0,1,5.568,5.569,0.001000000000000334,5.5685,5.568864189804655,5.569569297431384,2526.2999999999997,8491.0,19295.0,4927.8,10495.5,26689.8,19295.0,26689.8,-0.16080965884378834,-0.9999999999236641,-0.19565975202937783,-9.153729565566324e-07,6.772124225704144e-07,-1.5925853791270467e-06,0.4195951705780949,-0.7283796440813975,0.7229353535807416,0.0,13.1,-13.1,-7329.500000000001,2.2100927732520717,13.099999986899999,13.1,-13.1,0.4524696934219944,1.0,-0.00017954933166118735,0.00017258203120653894,0.0,3.300004153064979e-07,-0.0019999999999997797,-0.00017954933166118735,1.3706055850952771e-05,-1,0.0,0.0009999999999994458,0.001000000000000334,-0.0009999999999994458,7.750034669954686e-06,31396.37072626608,-0.22493221920783654,False,205.77999979422003,0.7272727272727273,-0.0019999999999988916,-0.00013739,5.57209999,5.57654992,-0.004449929999999824,4772653.1,-0.00045986795519346055,1.9842,-0.00013739,0,0,False,1.2266368957226352,0.44787065160787215,56,37,4,2,0,9,1,False,0,3663962223
1779856677000,1779856678005,10,122,False,5.5685,5.5685,5.5685,5.5685,0.0,0.0,0.0,0,0,0,5.568,5.569,0.001000000000000334,5.5685,5.5687174435100015,5.569551580820069,2603.6,8599.5,19251.8,4807.1,10287.1,26481.4,19251.8,26481.4,-0.158082093533797,0.0,-0.1744381640834171,-9.251182123246467e-07,6.794473733119093e-07,-1.6045655856365561e-06,0.4209589532330906,-0.4348870735202553,0.7269932858534395,0.0,0.0,0.0,-7329.500000000001,2.1376307151126595,0.0,0.0,0.0,0.0,0.0,-8.978675651369802e-05,0.00016905557263785287,0.0,3.300423072365308e-07,-0.0034999999999998366,8.976257514748933e-05,89786.75651369801,-1,0.0,0.0,0.001000000000000334,-0.004000000000001336,7.750034669954686e-06,31396.37072649795,-0.2563025299484686,False,205.77999979422003,0.7295081967213115,-0.004000000000001336,-0.00013739,5.57209999,5.57654992,-0.004449929999999824,4772653.1,-0.00045986795519346055,1.9842,-0.00013739,0,1,True,1.235055405289092,0.4620443116031116,57,37,4,2,0,8,0,False,0,2756338492
1779856678000,1779856679022,10,123,False,5.568,5.568,5.568,5.568,64.5,0.0,64.5,1,0,1,5.568,5.569,0.001000000000000334,5.5685,5.568564007386713,5.569544424436256,2639.2999999999997,8723.5,19535.2,4747.4,10227.4,26578.7,19535.2,26578.7,-0.15274136431748014,-0.9999999999844961,-0.1527336126983811,-9.168885555628727e-07,6.783810875000891e-07,-1.595269643062962e-06,0.42362931784124913,-0.12801484229976495,0.7349945633157101,0.0,64.5,-64.5,-7394.000000000001,2.1003313474040475,64.4999999355,64.5,-64.5,0.47611535235135993,1.0,-8.979481889937606e-05,0.00016905899144645614,0.0,3.3006470225567376e-07,-0.005000000000000782,-8.062385678034843e-09,1.3921677348524633e-06,-1,0.0,0.0010000000000012221,0.001000000000000334,-0.0030000000000001137,7.871738142406232e-06,35886.111671121886,-0.2563025299484686,False,206.805999793194,0.7723577235772358,-0.004000000000001336,-0.00013739,5.57209999,5.57654992,-0.004449929999999824,4772653.1,-0.00045986795519346055,1.9842,-0.00013739,0,0,False,1.2358500125475742,0.4755180799520159,58,37,4,2,0,8,1,False,0,2209809574
1779856679000,1779856680030,10,124,False,5.567,5.568,5.566,5.568,207.29999999999998,148.89999999999998,58.4,4,2,2,5.568,5.569,0.001000000000000334,5.5685,5.568410022747333,5.5696126702773245,2504.2,8765.2,17597.7,4322.8,9717.1,25867.9,17597.7,25867.9,-0.1902700066259251,0.43656536420435804,-0.15647907972398836,-1.0069551965843892e-06,6.933499233702049e-07,-1.700305119954594e-06,0.40486499668702597,0.17995444191241483,0.6802910170519957,148.89999999999998,58.4,90.49999999999997,-7303.500000000001,2.1626155655219477,51.824999987043746,84.3,90.5,1.849612137229294,3.420752553862876,0.0,0.00016786584841120675,0.0002157575753018416,3.3006470225567376e-07,-0.0045000000000001705,8.979481889937606e-05,0.0,-1,0.499999749999903,0.0010000000000012221,0.001000000000000334,0.0030000000000001137,8.818067442223863e-06,31402.811959532846,-0.2801120284278075,False,205.761999794238,0.7096774193548387,0.0019999999999988916,-0.00013739,5.57209999,5.57654992,-0.004449929999999824,4772653.1,-0.00045986795519346055,1.9842,-0.00013739,0,1,True,1.2414619061032923,0.4823567764533595,59,37,4,2,0,10,4,False,0,3628381726
1779856680000,1779856681056,10,125,False,5.568,5.569,5.568,5.569,55.5,10.5,45.0,2,1,1,5.568,5.569,0.001000000000000334,5.5685,5.568147971327159,5.56971595049367,2247.7,8535.800000000001,17407.2,4119.5,9691.2,26005.4,17407.2,26005.4,-0.19805770674872739,-0.6216216216104212,-0.1529265722418734,-1.011463229679457e-06,6.869169230595604e-07,-1.6983801527390173e-06,0.4009711466256248,0.7040572792320761,0.6693686695839837,10.5,45.0,-34.5,-7338.000000000001,2.157283907635982,27.749999986124998,45.0,-34.5,0.9270916971074844,1.522070012904003,0.0001795815754129976,0.00017260191242916443,0.00010784972721686258,3.3006470225567376e-07,-0.004999999999999893,0.0001795815754129976,3.2357040614371516e-06,-1,0.9999990000010001,0.0009999999999994458,0.001000000000000334,-0.0009999999999994458,8.758878610492539e-06,31402.811959576153,-0.25145346103923655,False,185.55799981444198,0.448,-0.0019999999999988916,-0.00013739,5.57209999,5.57654992,-0.004449929999999824,4772653.1,-0.0004932975408672562,1.9842,-0.00013739,1,1,False,1.2417093811103261,0.4613482507378269,0,38,4,2,0,9,2,False,0,3567178655
1779856681000,1779856682064,10,126,False,5.568,5.568,5.568,5.568,3.2,0.0,3.2,1,0,1,5.568,5.569,0.001000000000000334,5.5685,5.568400998305222,5.569837864327168,2188.9,8477.0,17369.0,4748.5,10277.6,26658.3,17369.0,26658.3,-0.2109895451231347,-0.9999999996875,-0.20044109494784496,-1.0100611914578167e-06,6.803558551940197e-07,-1.6904170466518365e-06,0.3945052274384213,0.19800332778592344,0.6515419212777764,0.0,3.2,-3.2,-7341.200000000001,2.1193401729593924,3.1999999968,3.2,-3.2,0.4718449696217387,1.0,-0.0001795815754130532,0.00017261363370048982,0.0,3.4622777314752637e-07,-0.005000000000000782,-0.0003591631508260508,5.6119242299041856e-05,-1,0.0,0.0010000000000012221,0.001000000000000334,0.0010000000000012221,8.811051921326843e-06,31402.81195973469,-0.21818180190630257,False,182.08799981791196,0.42857142857142855,0.0,-0.00013739,5.57209999,5.57654992,-0.004449929999999824,4772728.5,-0.00047750699339046786,1.9842,-0.00013739,1,0,False,1.187566606796614,0.5232868551307632,1,38,4,2,0,8,1,False,0,3171237261
1779856682000,1779856683078,10,127,False,5.568,5.568,5.568,5.568,16.8,0.0,16.8,1,0,1,5.566,5.567,0.001000000000000334,5.5665,5.566594849737625,5.5672360891523605,3033.3,8690.5,17611.0,3988.2,10602.0,26061.1,17611.0,26061.1,-0.1934896650264083,-0.9999999999404762,-0.15247994994608552,-1.040946276010715e-06,6.923349487639687e-07,-1.7332812247746837e-06,0.4032551674867844,-0.18969957081382227,0.6757581222588197,0.0,16.8,-16.8,-7358.000000000001,2.082640495157445,16.7999999832,16.8,-16.8,0.48015968278972776,1.0,0.0,0.0001714445993660574,0.0,3.220904900164302e-07,-0.0030000000000001137,0.0001795815754130532,0.0,-1,0.0,0.0030000000000001137,0.001000000000000334,0.0010000000000012221,8.721533865159381e-06,31402.811959706356,-0.2507936519277759,False,181.10999981888995,0.41732283464566927,-0.0019999999999988916,-0.00013739,5.57209999,5.57654992,-0.004449929999999824,4772728.5,-0.00047750699339046786,1.9842,-0.00013739,1,1,False,1.076489190214743,0.512980301599326,2,38,4,2,0,9,1,False,0,3466193499
1779856683000,1779856684086,10,128,False,5.567,5.567,5.567,5.567,28.9,0.0,28.9,1,0,1,5.566,5.567,0.001000000000000334,5.5665,5.566307951444972,5.5674278554183605,3108.3,9002.6,18187.6,4812.599999999999,12248.9,27398.4,18187.6,27398.4,-0.20205326196638884,-0.9999999999653979,-0.13176248756627137,-1.0044727136347164e-06,6.619936185737726e-07,-1.666466332208489e-06,0.39897336901679464,0.38409703503784304,0.6638197850969156,0.0,28.9,-28.9,-7386.900000000001,2.0471440854801517,28.899999971099998,28.9,-28.9,0.4884854010053559,1.0,-0.0001796138307476649,0.00016548433458552357,0.0,2.7379643190747595e-07,-0.0039999999999995595,-0.0001796138307476649,6.215011444340827e-06,-1,0.0,0.0010000000000012221,0.001000000000000334,0.0030000000000001137,8.799551426283538e-06,17946.880055748115,-0.2730158835774136,False,179.483999820516,0.4140625,0.0019999999999988916,-0.00013739,5.57209999,5.57654992,-0.004449929999999824,4772728.5,-0.00047750699339046786,1.9842,-0.00013739,0,0,False,1.0867440916042237,0.5053227402108844,3,38,4,2,0,9,1,False,0,3107962960
1779856684000,1779856684998,10,129,False,5.566,5.567,5.566,5.566,45.8,9.4,36.4,3,1,2,5.566,5.567,0.001000000000000334,5.5665,5.5660040371192325,5.567361249213888,2745.3,8540.2,17739.8,4113.4,11416.2,26676.6,17739.8,26676.6,-0.2012049603299637,-0.5895196506421503,-0.10495613404355378,-1.0268097098412962e-06,6.756442707650711e-07,-1.7024539806063673e-06,0.399397519835007,0.9919257165886479,0.6649947894409083,9.4,36.4,-27.0,-7413.900000000001,2.0783852630053925,15.266666661577776,22.5,-27.0,1.4434282478593516,26.666665955555576,-0.0001796460976716861,0.00016549482764730112,0.00010788847678231771,3.0606335568915667e-07,-0.004000000000000448,-3.2266924021205016e-08,3.922403879208815e-06,-1,0.0,0.0009999999999994458,0.001000000000000334,0.005000000000000782,8.604137029954765e-06,17946.880055956957,-0.23244143763481087,False,179.89599982010398,0.4186046511627907,0.004000000000001336,-0.00013739,5.57209999,5.57654992,-0.004449929999999824,4772728.5,-0.00047750699339046786,1.9842,-0.00013739,0,0,False,1.0833145509282769,0.505338014498432,4,38,4,2,0,8,3,False,0,527747821
1779856685000,1779856686035,10,130,False,5.567,5.569,5.567,5.569,86.0,65.6,20.4,4,3,1,5.568,5.569,0.001000000000000334,5.5685,5.568892036710805,5.569999604226734,2055.6,8353.7,17303.4,5019.2,12429.2,28375.2,17303.4,28375.2,-0.2423848366631148,0.5255813953427257,-0.26778672969434336,-9.991277850558241e-07,6.390530616604754e-07,-1.6381808467162994e-06,0.37880758166843165,-0.7840735068852676,0.6098071555442567,65.6,20.4,45.199999999999996,-7368.700000000001,2.1413890248740683,21.499999994625,30.3,45.2,1.8679464364805396,3.2967032858350445,0.0005388415038324336,0.00020470966340314722,0.00021571882573647783,4.028641291161963e-07,-0.001000000000000334,0.0007184876015041198,6.265598881699628e-06,-1,0.9999995000002501,0.0009999999999994458,0.001000000000000334,0.0009999999999994458,9.747390579363528e-06,17946.880056545215,-0.18439715206518148,False,101.123999898876,0.09230769230769231,0.0,-0.00013739,5.57209999,5.57654992,-0.004449929999999824,4772728.5,-0.000482028364972474,1.9842,-0.00013739,1,1,False,1.0798961135729794,0.47386435595770304,5,38,4,2,0,9,4,False,0,1220602478
1779856686000,1779856687092,10,131,False,5.569,5.569,5.569,5.569,1.8,1.8,0.0,1,1,0,5.568,5.569,0.001000000000000334,5.5685,5.5688916768325045,5.570269877015954,1982.7,8124.4,17305.5,5920.900000000001,13379.5,29546.8,17305.5,29546.8,-0.2612742597481818,0.9999999994444444,-0.2892919533973684,-1.0083392403466855e-06,6.178243859246826e-07,-1.626163626271368e-06,0.3693628701258984,-0.7833537331653406,0.5856979436013178,1.8,0.0,1.8,-7366.900000000001,2.1039664338945907,1.7999999982,1.8,1.8,0.4752927534464685,1.0,0.0,0.00020073690543416473,0.0,3.706493073693195e-07,0.0,-0.0005388415038324336,0.0,-1,0.0,0.0009999999999994458,0.001000000000000334,0.0009999999999994458,9.60973073474854e-06,17946.8800561848,-0.1268939020555172,False,98.75799990124199,0.0916030534351145,0.0,-0.00013739,5.57209999,5.57654992,-0.004449929999999824,4772942.6,-0.0004371909522165029,1.9842,-0.00013739,1,0,False,1.0798961135729794,0.5311844440434774,6,38,4,2,0,10,1,False,0,3483870961
1779856687000,1779856688052,10,132,False,5.568,5.568,5.568,5.568,6.7,0.0,6.7,1,0,1,5.568,5.569,0.001000000000000334,5.5685,5.568892786197427,5.570058560398661,2229.4,8300.6,17481.7,5595.0,12742.199999999999,28839.0,17481.7,28839.0,-0.2451884362714673,-0.9999999998507463,-0.26679468618654517,-1.0090248466719143e-06,6.333455391066253e-07,-1.6423703857785395e-06,0.3774057818642556,-0.785572468558666,0.6061825999514336,0.0,6.7,-6.7,-7373.6,2.0677708131111614,6.6999999933,6.7,-6.7,0.4836125905132545,1.0,-0.0001795815754130532,0.00020074122951534862,0.0,3.3844026665822927e-07,-0.0005000000000006111,-0.0001795815754130532,2.6803220206902982e-05,-1,0.0,0.0010000000000012221,0.001000000000000334,0.005000000000000782,9.337547932677577e-06,17946.88006050842,-0.15714287723813689,False,97.40999990258999,0.09090909090909091,0.0039999999999995595,-0.00013739,5.57209999,5.57654992,-0.004449929999999824,4772942.6,-0.0004371909522165029,1.9842,-0.00013739,1,0,False,0.8568548119522765,0.5016512294612255,7,38,4,2,0,8,1,False,0,655523731
1779856688000,1779856689048,10,133,False,5.569,5.569,5.569,5.569,1.6,1.6,0.0,1,1,0,5.568,5.569,0.001000000000000334,5.5685,5.568755859338745,5.569946377956654,2231.2,8300.4,17436.4,5601.4,12808.5,28925.8,17436.4,28925.8,-0.24781826574234508,0.999999999375,-0.2623997140031003,-1.0109865504127291e-06,6.355036918438352e-07,-1.6464902422565644e-06,0.37609086712881673,-0.5117187499966686,0.6027975025755345,1.6,0.0,1.6,-7372.0,2.0327619339927625,1.5999999984,1.6,1.6,0.4919415219193193,1.0,0.0001795815754129976,0.00020074699326039,0.0,3.545889008998097e-07,0.001000000000000334,0.0003591631508260508,0.00011223848456297444,-1,0.0,0.0009999999999994458,0.001000000000000334,-0.0030000000000001137,9.555639299184458e-06,17946.880057575898,-0.15714287723813689,False,96.69999990329998,0.09774436090225563,-0.0039999999999995595,-0.00013739,5.57209999,5.57654992,-0.004449929999999824,4772942.6,-0.0004371909522165029,1.9842,-0.00013739,1,1,False,0.8443413118049462,0.513574250625773,8,38,4,2,0,7,1,False,0,3082477908
1779856689000,1779856690050,10,134,False,5.569,5.569,5.569,5.569,12.0,12.0,0.0,1,1,0,5.568,5.569,0.001000000000000334,5.5685,5.568690045217371,5.569844465659439,2262.8,8332.0,17496.6,5173.5,12374.2,28473.8,17496.6,28473.8,-0.23878843777734726,0.9999999999166667,-0.24768024761409593,-1.0089935259561917e-06,6.416689321713236e-07,-1.6506624581275154e-06,0.38060578111131554,-0.38009049773540676,0.6144806804851963,12.0,0.0,12.0,-7360.0,1.9989008869766063,11.999999987999999,12.0,12.0,0.5002749290947852,1.0,0.0,0.00019974196019333058,0.0,3.304407889218472e-07,0.001000000000000334,-0.0001795815754129976,0.0,-1,0.0,0.0009999999999994458,0.001000000000000334,-0.0030000000000001137,9.792958557826335e-06,17946.880057552225,-0.15714287723813689,False,96.93799990306198,0.09701492537313433,-0.0039999999999995595,-0.00013739,5.57209999,5.57654992,-0.004449929999999824,4772942.6,-0.0004371909522165029,1.9842,-0.00013739,1,0,False,0.8384497608730682,0.5016627342587421,9,38,4,2,0,8,1,False,0,21870148
1779856690000,1779856691010,10,135,False,5.569,5.569,5.568,5.569,26.1,6.300000000000001,19.8,4,3,1,5.568,5.569,0.001000000000000334,5.5685,5.568413901482471,5.569703439769338,2427.9,8459.7,17625.4,4546.4,11705.199999999999,30079.5,17625.4,30079.5,-0.2610654251450006,-0.5172413792905272,-0.20848684581586313,-1.0116122471448086e-06,6.179364954497509e-07,-1.6295487425945593e-06,0.36946728742748924,0.17219699615727493,0.5859605379078581,6.300000000000001,19.8,-13.5,-7373.5,2.0645106939609796,6.5249999983687506,19.8,-13.5,1.937505099761957,3.412969271628091,0.0,0.0001904598614150742,0.00010784972721686258,2.8215106386732633e-07,0.0,0.0,0.0,-1,0.0,0.0009999999999994458,0.001000000000000334,0.0030000000000001137,1.7678562902295833e-05,4489.740964073274,-0.15714287723813689,False,96.71799990328199,0.0962962962962963,0.002000000000000668,-0.00013739,5.57209999,5.57654992,-0.004449929999999824,4772942.6,-0.0004614937138156764,1.9842,-0.00013739,1,0,False,0.8293989577845422,0.501662734258742,10,38,4,2,0,8,4,False,0,1746497245
1779856691000,1779856692131,10,136,False,5.568,5.568,5.568,5.568,9.4,0.0,9.4,1,0,1,5.568,5.569,0.001000000000000334,5.5685,5.5683966774490745,5.569637222441819,2510.3,8490.1,17612.5,4497.3,11789.6,30163.9,17612.5,30163.9,-0.26271129679087873,-0.999999999893617,-0.20693724714079514,-1.0144044743754542e-06,6.146064663441235e-07,-1.6290109407195776e-06,0.36864435160455017,0.2066450567252567,0.5838933294434544,0.0,9.4,-9.4,-7382.9,2.029608703995046,9.3999999906,9.4,-9.4,0.4927058095183135,1.0,-0.0001795815754130532,0.00019046745293251616,0.0,2.177503193291387e-07,0.0,-0.0001795815754130532,1.910442291424987e-05,-1,0.0,0.0010000000000012221,0.001000000000000334,0.0030000000000001137,1.783676446364792e-05,4489.740964389612,-0.15714287723813689,False,96.457999903542,0.08823529411764706,0.0019999999999988916,-0.00013739,5.57209999,5.57654992,-0.004449929999999824,4772951.9,-0.0004595461295079987,1.9842,-0.00013739,1,0,False,0.8323998473478614,0.5016443818967384,11,38,4,2,0,8,1,False,0,1093568229
1779856692000,1779856693014,10,137,False,5.568,5.57,5.568,5.57,450.0,407.29999999999995,42.7,3,2,1,5.57,5.571,0.0009999999999994458,5.5705,5.570616141677455,5.571075512213947,2888.1,8502.2,17563.3,4516.0,12415.0,28823.0,17563.3,28823.0,-0.24273761865032903,0.8102222222204216,-0.2167595317459235,-9.847133076093834e-07,6.199629777043391e-07,-1.6046762853137225e-06,0.3786311906748247,-0.2322834645646429,0.609350171737827,407.29999999999995,42.7,364.59999999999997,-7018.299999999999,2.061424812060782,149.99999995,309.4,364.59999999999997,1.455304108591587,16.260162337233133,0.0003591309070742865,0.00019048567624183423,0.00021568009008736484,2.8224361340105787e-07,0.002000000000000668,0.0005387124824873397,7.980686823855298e-07,-1,0.9999995000002501,0.0009999999999994458,0.0009999999999994458,0.0010000000000012221,6.7274383429535335e-06,4489.740965773582,-0.13673465655774575,False,101.225999898774,0.145985401459854,1.7763568394002505e-15,-0.00013739,5.57209999,5.57654992,-0.004449929999999824,4772951.9,-0.0004595461295079987,1.9842,-0.00013739,1,1,False,0.9019248209105536,0.5250097752251227,12,38,4,2,0,6,3,False,0,666547509
1779856693000,1779856694082,10,138,False,5.57,5.57,5.57,5.57,66.1,0.0,66.1,1,0,1,5.57,5.571,0.0009999999999994458,5.5705,5.5703166914637094,5.571289306718861,2879.1,8520.8,17546.7,5332.6,13250.5,29489.5,17546.7,29489.5,-0.2539065655813979,-0.9999999999848713,-0.21613080048359534,-9.862564703417435e-07,6.172482425961106e-07,-1.603504712937854e-06,0.3730467172092905,0.36661698956507743,0.5950151748927383,0.0,66.1,-66.1,-7084.4,2.0266239985505923,66.0999999339,66.1,-66.1,0.493431440771328,1.0,0.0,0.00019048567624183423,0.0,2.8224361340105787e-07,0.0030000000000001137,-0.0003591309070742865,0.0,-1,0.0,0.0009999999999994458,0.0009999999999994458,-0.0010000000000012221,6.130956786781569e-06,4489.740965773582,-0.19696967678676605,False,102.213999897786,0.15942028985507245,-0.002000000000000668,-0.00013739,5.57209999,5.57654992,-0.004449929999999824,4772951.9,-0.0004595461295079987,1.9842,-0.00013739,1,0,False,0.9375577698196833,0.5104823833651279,13,38,4,2,0,9,1,False,0,3962583293
1779856694000,1779856695054,10,139,False,5.57,5.57,5.57,5.57,42.3,0.0,42.3,2,0,2,5.57,5.571,0.0009999999999994458,5.5705,5.570678160890436,5.571294876983743,2898.5,8610.8,17658.0,5498.9,13452.3,29743.8,17658.0,29743.8,-0.2549650013290581,-0.9999999999763595,-0.2515846462822926,-9.774519941321351e-07,6.145150441140388e-07,-1.5919670382461739e-06,0.3725174993354604,-0.3563218390785982,0.5936699412986709,0.0,42.3,-42.3,-7126.7,2.025751080565327,21.149999989424998,22.4,-42.3,0.9872881313999207,1.6474464552760355,0.0,0.00018620814537211386,0.0,2.8224361340105787e-07,0.004000000000000448,0.0,0.0,1,0.0,0.0009999999999994458,0.0009999999999994458,-0.0010000000000012221,5.5778798072486284e-06,4489.740965508024,-0.26773049838859325,False,95.86799990413199,0.09352517985611511,-0.002000000000000668,-0.00013739,5.57209999,5.57654992,-0.004449929999999824,4772951.9,-0.0004595461295079987,1.9842,-0.00013739,1,2,False,0.9232700230341788,0.5104823833651279,14,38,4,2,0,9,2,False,0,1074218928
1779856695000,1779856696050,10,140,False,5.57,5.57,5.57,5.57,22.4,0.0,22.4,1,0,1,5.57,5.571,0.0009999999999994458,5.5705,5.570941944807178,5.571512038087782,2750.6,8328.9,17421.1,6133.7,14121.8,30408.8,17421.1,30408.8,-0.2715393509081084,-0.9999999999553572,-0.29362530224830885,-9.856043782635091e-07,6.061015721386381e-07,-1.5917059504021472e-06,0.36423032454593546,-0.8838896952040357,0.5728966614927069,0.0,22.4,-22.4,-7149.099999999999,1.992119897595972,22.399999977599997,22.4,-22.4,0.5019778180544208,1.0,0.0,0.00018620814537211386,0.0,2.8224361340105787e-07,0.001000000000000334,0.0,0.0,1,0.0,0.0009999999999994458,0.0009999999999994458,-0.0010000000000012221,5.2801257550402815e-06,4489.740965508024,-0.3510638135358168,False,91.75799990824198,0.08571428571428572,-0.002000000000000668,-0.00013739,5.57209999,5.57654992,-0.004449929999999824,4772951.9,2.7908036816941366e-05,1.9842,-0.00013739,1,2,False,0.9268658950633955,0.4790031842563011,15,38,4,2,0,8,1,False,0,3081802951
1779856696000,1779856697100,10,141,False,5.57,5.57,5.569,5.569,145.8,0.0,145.8,3,0,3,5.569,5.57,0.001000000000000334,5.5695,5.569503701192565,5.570521379671835,2363.9,8522.6,17659.1,4458.0,11530.2,28773.1,17659.1,28773.1,-0.23935975465301584,-0.9999999999931414,-0.16884290745535316,-1.0059222735408231e-06,6.322424182614896e-07,-1.6381646918023128e-06,0.38032012267348136,-0.007402422611011394,0.6137364413288587,0.0,145.8,-145.8,-7294.9,2.0251651468551204,48.599999983800004,83.7,-145.8,1.4813606698581299,8.583690913444713,-0.00017954933166118735,0.00018620814537211386,0.00010783036287046899,2.661224612769976e-07,0.0,-0.00017954933166118735,1.2314768975305615e-06,1,-0.9999990000010001,0.0009999999999994458,0.001000000000000334,0.0030000000000001137,5.306709504978505e-06,4489.74095593384,-0.30936460638767566,False,90.16799990983199,0.09219858156028368,0.002000000000000668,-0.00013739,5.57209999,5.57654992,-0.004449929999999824,4772945.4,2.654615814344388e-05,1.9842,-0.00013739,1,1,False,0.9141433060934979,0.5264066801504624,16,38,4,2,0,9,3,False,0,1208784897
1779856697000,1779856697994,10,142,False,5.57,5.571,5.57,5.57,409.0,276.2,132.8,4,3,1,5.569,5.57,0.001000000000000334,5.5695,5.569181545617692,5.569980909755435,3024.3,9398.9,18497.8,3790.7000000000003,10741.800000000001,28069.2,18497.8,28069.2,-0.2055404041488564,0.350611246942908,-0.097658876771049,-9.771697826580948e-07,6.386891410287467e-07,-1.6158589236868415e-06,0.39722979792556107,0.6369087275128684,0.6590070254941124,276.2,132.8,143.39999999999998,-7151.5,2.0899138305647886,102.2499999744375,149.7,143.39999999999998,1.9139545083564835,10.791366790021222,0.0001795493316612335,0.00018942620844450105,0.0001078110054763436,2.902980382362751e-07,0.002000000000000668,0.00035909866332242083,4.3899592093103794e-07,1,0.0,0.0010000000000012221,0.001000000000000334,-0.0009999999999994458,5.511213812553922e-06,4489.740955652717,-0.33110363672228577,False,92.97599990702398,0.1056338028169014,-0.002000000000000668,-0.00013739,5.57209999,5.57654992,-0.004449929999999824,4772945.4,2.654615814344388e-05,1.9842,-0.00013739,1,2,False,0.9581793964433967,0.5319506685455118,17,38,4,2,0,8,4,False,0,4002632394
1779856698000,1779856699098,10,143,False,5.569,5.569,5.569,5.569,41.6,0.0,41.6,1,0,1,5.569,5.57,0.001000000000000334,5.5695,5.56937160749628,5.570126194728054,2898.6000000000004,9236.9,18367.3,4153.2,11104.3,28419.2,18367.3,28419.2,-0.21484616288886296,-0.9999999999759617,-0.1442329981841548,-9.781212211638094e-07,6.345728346415211e-07,-1.6126940558053305e-06,0.3925769185555579,0.25678496868386647,0.6462989809705886,0.0,41.6,-41.6,-7193.1,2.0541789508741397,41.5999999584,41.6,-41.6,0.48681250437681944,1.0,-0.00017954933166118735,0.00019259031931953362,0.0,3.2253600073626245e-07,0.0,-0.00035909866332242083,4.3160897032901745e-06,-1,0.0,0.0009999999999994458,0.001000000000000334,0.0030000000000001137,5.737558596646459e-06,1.0705864197383515e-05,-0.289007080866811,False,93.19999990679999,0.11188811188811189,0.002000000000000668,-0.00013739,5.57209999,5.57654992,-0.004449929999999824,4772945.4,2.654615814344388e-05,1.9842,-0.00013739,1,0,False,0.9864049020186936,0.49658251143845183,18,38,4,2,0,8,1,False,0,3184988850
1779856699000,1779856700082,10,144,False,5.569,5.569,5.569,5.569,22.4,0.0,22.4,1,0,1,5.569,5.57,0.001000000000000334,5.5695,5.569461839512167,5.570094797151082,2950.4,9292.4,18418.6,4188.0,11667.3,28851.5,18418.6,28851.5,-0.22070822782265706,-0.9999999999553572,-0.15704984610140035,-9.761687349577852e-07,6.25779129926729e-07,-1.6019478648845142e-06,0.3896458860886609,0.07632093933438905,0.6383931511359673,0.0,22.4,-22.4,-7215.5,2.0196157065831843,22.399999977599997,22.4,-22.4,0.4951437029555841,1.0,0.0,0.00019259031931953362,0.0,3.225360007362624e-07,0.0,0.00017954933166118735,0.0,-1,0.0,0.0009999999999994458,0.001000000000000334,0.0030000000000001137,5.5696646036452306e-06,1.0705864197383517e-05,-0.23863632125220874,False,93.61799990638197,0.11805555555555555,0.002000000000000668,-0.00013739,5.57209999,5.57654992,-0.004449929999999824,4772945.4,2.654615814344388e-05,1.9842,-0.00013739,1,1,False,0.9471120850202848,0.4817770279273368,19,38,4,2,0,7,1,False,0,690079761
1779856700000,1779856700996,10,145,False,5.57,5.57,5.57,5.57,79.0,79.0,0.0,1,1,0,5.569,5.57,0.001000000000000334,5.5695,5.569072005364842,5.570011512257221,3060.2000000000003,9397.3,18539.0,3897.6,11338.800000000001,28641.2,18539.0,28641.2,-0.2141194823252082,0.9999999999873417,-0.1171600999533113,-9.75652532120653e-07,6.274073878367515e-07,-1.6030599199574047e-06,0.39294025883738537,0.8559892328369584,0.6472843316620586,79.0,0.0,79.0,-7136.5,1.9861856834165226,78.999999921,79.0,79.0,0.5034775992224351,1.0,0.0001795493316612335,0.00019258881615817934,0.0,2.902864585084383e-07,0.001000000000000334,0.0001795493316612335,2.272776350113427e-06,1,0.0,0.0010000000000012221,0.001000000000000334,-0.0030000000000001137,5.735968920580516e-06,1.1063329537927764e-05,-0.2775510376326888,False,95.07199990492798,0.12413793103448276,-0.004000000000001336,-0.00013739,5.57209999,5.57654992,-0.004449929999999824,4772945.4,2.654615814344388e-05,1.9842,-0.00013739,1,2,False,0.9630394060294054,0.49660192404567016,20,38,4,2,0,7,1,False,0,2063891600
1779856701000,1779856702050,10,146,False,5.57,5.571,5.57,5.571,24.099999999999998,24.099999999999998,0.0,2,2,0,5.57,5.571,0.0009999999999994458,5.5705,5.570240101344409,5.570877844163748,3160.0,8951.5,20468.5,4254.3,12513.0,28900.2,20468.5,28900.2,-0.17079039958515885,0.9999999999585062,-0.1407375845603434,-9.347165725759557e-07,6.179171843709908e-07,-1.5526337569469466e-06,0.41460480020741053,0.5197972758931905,0.7082476937875617,24.099999999999998,0.0,24.099999999999998,-7112.4,1.9866386118290955,12.049999993974998,21.4,24.099999999999998,1.0067256254281078,2.358490560475258,0.00017951709948575532,0.00019258581060972854,0.0001078110054763436,3.2251863374286883e-07,0.0030000000000001137,-3.223217547818633e-08,7.448842302004419e-06,1,0.9999990000010001,0.0009999999999994458,0.0009999999999994458,-0.0010000000000012221,5.6481517407718954e-06,1.1015162752250464e-05,-0.2571428169522976,False,94.93199990506798,0.1232876712328767,-0.002000000000000668,-0.00013739,5.57209999,5.57654992,-0.004449929999999824,4773032.8,4.485818830696993e-05,1.9842,-0.00013739,1,1,False,0.9713832738808372,0.5484131402665008,21,38,4,2,0,7,2,False,0,2085207645
1779856702000,1779856702992,10,147,False,5.57,5.571,5.57,5.571,3.5999999999999996,1.9,1.7,2,1,1,5.57,5.571,0.0009999999999994458,5.5705,5.570439884789163,5.571077450913371,3040.0,8831.5,20348.5,4523.5,12639.3,28988.5,20348.5,28988.5,-0.17512211930194024,0.055555555540123445,-0.1689760067032293,-9.350631964556453e-07,6.179982636737791e-07,-1.5530614601294245e-06,0.4124389403490198,0.12023038156904162,0.7019507735826034,1.9,1.7,0.19999999999999996,-7112.2,1.987076690129781,1.7999999990999997,1.9,0.19999999999999996,1.006503678961113,3.9999999839999996,0.0,0.00019258581060972854,0.0001078110054763436,3.2251863374286883e-07,0.0009999999999994458,-0.00017951709948575532,0.0,1,0.9999990000010001,0.0009999999999994458,0.0009999999999994458,-0.0010000000000012221,5.576351368387624e-06,1.1015162752250464e-05,-0.3295454848198509,False,92.30199990769798,0.09523809523809523,-0.002000000000000668,-0.00013739,5.57209999,5.57654992,-0.004449929999999824,4773032.8,4.485818830696993e-05,1.9842,-0.00013739,1,1,False,0.9756034341744977,0.5484131402665009,22,38,4,2,0,7,2,False,0,927156908
1779856703000,1779856704042,10,148,False,5.571,5.571,5.571,5.571,3.6,3.6,0.0,2,2,0,5.57,5.571,0.0009999999999994458,5.5705,5.570387966018567,5.5710487647343,2917.7000000000003,8619.2,20369.8,4360.099999999999,12906.1,29369.9,20369.8,29369.9,-0.18094399443502518,0.9999999997222222,-0.16043190792986597,-9.401808015071384e-07,6.107241654717307e-07,-1.550904966978869e-06,0.4095280027824774,0.22406792174151333,0.6935604138931118,3.6,0.0,3.6,-7108.599999999999,1.987500405207493,1.7999999991,2.1,3.6,1.0062891025095981,1.256281405456933,0.0,0.0001883513685599701,0.0,2.902517099611881e-07,0.0009999999999994458,0.0,0.0,1,0.0,0.0009999999999994458,0.0009999999999994458,-0.0010000000000012221,5.532562469308318e-06,1.0480597779818997e-05,-0.42045451518014904,False,92.14599990785399,0.10135135135135136,-0.002000000000000668,-0.00013739,5.57209999,5.57654992,-0.004449929999999824,4773032.8,4.485818830696993e-05,1.9842,-0.00013739,1,2,False,0.9756034341744977,0.53235889224324,23,38,4,2,0,8,2,False,0,3673506871
1779856704000,1779856705092,10,149,False,5.571,5.571,5.571,5.571,15.9,15.9,0.0,1,1,0,5.57,5.571,0.0009999999999994458,5.5705,5.570284536066068,5.570975301970202,3018.8,8720.300000000001,20487.0,4200.4,12701.6,29166.5,20487.0,29166.5,-0.17480137351847957,0.9999999999371069,-0.14076451650359562,-9.395403142531541e-07,6.135878576642007e-07,-1.5531281719173547e-06,0.41259931324075017,0.43092783505027715,0.7024154423739323,15.9,0.0,15.9,-7092.7,1.9551233427416734,15.899999984099999,15.9,15.9,0.5114766816124354,1.0,0.0,0.00018401793939173548,0.0,1.9345093653414854e-07,0.0009999999999994458,0.0,0.0,1,0.0,0.0009999999999994458,0.0009999999999994458,-0.0010000000000012221,5.529892185843706e-06,1.0169791382473893e-05,-0.4556737423374463,False,87.87199991212798,0.08053691275167785,-0.002000000000000668,-0.00013739,5.57209999,5.57654992,-0.004449929999999824,4773032.8,4.485818830696993e-05,1.9842,-0.00013739,0,2,False,0.9756034341744977,0.540309421242896,24,38,4,2,0,6,1,False,0,1054905438
1779856705000,1779856706076,10,150,False,5.571,5.572,5.571,5.572,123.3,69.39999999999999,53.9,5,3,2,5.571,5.572,0.001000000000000334,5.5715,5.571504064990321,5.57241332996227,2920.8,8369.0,18454.4,4599.1,11751.2,29627.8,18454.4,29627.8,-0.23238121383796428,0.12570965125607692,-0.17195605402641162,-9.696983605618952e-07,6.113297575408155e-07,-1.5810281181027107e-06,0.38380939308100753,-0.008130081300739554,0.6228744624980382,69.39999999999999,53.9,15.499999999999993,-7077.2,2.0549553642911267,24.659999995068,60.8,15.5,2.4331428723229944,4.778972498069427,0.00017948487888079208,0.0001447613028150242,0.00010779165503102058,1.9345093653414854e-07,0.0019999999999997797,0.00017948487888079208,1.4556762277318442e-06,1,0.9999990000010001,0.0009999999999994458,0.001000000000000334,-0.0030000000000001137,5.12769407809434e-06,1.01459543237193e-05,-0.4080268054751505,False,86.795999913204,0.08666666666666667,-0.0039999999999995595,-0.00013739,5.57209999,5.57654992,-0.004449929999999824,4773032.8,-1.615299073682732e-05,1.9842,-0.00013739,0,2,False,0.9786226132261517,0.5676982069160015,25,38,4,2,0,9,5,False,0,2005754336
1779856706000,1779856707143,10,151,False,5.571,5.572,5.571,5.572,88.1,24.0,64.1,3,1,2,5.571,5.572,0.001000000000000334,5.5715,5.57110549446468,5.572464515691296,2810.2,8242.4,18285.3,4597.3,11817.3,29763.4,18285.3,29763.4,-0.23888471488302004,-0.45516458569290386,-0.13640677745573243,-9.706549181240863e-07,6.087289269128021e-07,-1.5793838450368885e-06,0.3805576425584796,0.7890109890052087,0.614355214793988,24.0,64.1,-40.099999999999994,-7117.3,2.0859404343143684,29.366666656877776,46.2,-40.1,1.4382002233672964,2.4390243842950623,0.0,0.0001447613028150242,0.00010779165503102058,1.9345093653414854e-07,0.0030000000000001137,-0.00017948487888079208,0.0,1,0.9999990000010001,0.0009999999999994458,0.001000000000000334,0.0030000000000001137,7.976093344341282e-06,1.01459543237193e-05,-0.4080268054751505,False,87.395999912604,0.08609271523178808,0.002000000000000668,-0.00013645,5.571,5.57421095,-0.003210950000000601,4773210.4,2.1055454851353824e-05,1.9842,-0.00013645,0,1,True,0.9912525703446058,0.5568448809518071,26,38,4,2,0,8,3,False,0,334760035
1779856707000,1779856708050,10,152,False,5.5715,5.5715,5.5715,5.5715,0.0,0.0,0.0,0,0,0,5.571,5.572,0.001000000000000334,5.5715,5.571485627794467,5.572441335376097,2717.8,8213.1,18247.7,4519.1,11945.7,29993.4,18247.7,29993.4,-0.24347910806345122,0.0,-0.17987340370624177,-9.679914101869597e-07,6.041954837729331e-07,-1.5721868939598928e-06,0.378260445968264,0.028744326777392235,0.6083905125794138,0.0,0.0,0.0,-7117.3,2.017548944664717,0.0,0.0,0.0,0.0,0.0,-8.973841258763917e-05,0.00014052048539625424,0.0,1.612013943063244e-07,0.0015000000000000568,-8.973841258763917e-05,89738.41258763916,1,0.0,0.0,0.001000000000000334,0.0039999999999995595,7.976093344341282e-06,5.208507091267368e-06,-0.4080268054751505,False,87.395999912604,0.08552631578947369,0.0039999999999995595,-0.00013645,5.571,5.57421095,-0.003210950000000601,4773210.4,2.1055454851353824e-05,1.9842,-0.00013645,0,1,True,0.9928069135670773,0.5492879754905033,27,38,4,2,0,7,0,False,0,2812420244
1779856708000,1779856709064,10,153,False,5.5715,5.5715,5.5715,5.5715,0.0,0.0,0.0,0,0,0,5.571,5.572,0.001000000000000334,5.5715,5.571706270565767,5.572467854288839,2676.2000000000003,8092.8,17955.6,4587.6,12014.2,30050.1,17955.6,30050.1,-0.2519388322636635,0.0,-0.2120203817996757,-9.768004403786957e-07,6.011787029450242e-07,-1.57797914332372e-06,0.3740305838681579,-0.4125412541208741,0.5975221380294709,0.0,0.0,0.0,-7117.3,1.9513997989380047,0.0,0.0,0.0,0.0,0.0,0.0,0.00013466079497986114,0.0,1.612013943063244e-07,0.002500000000000391,8.973841258763917e-05,0.0,1,0.0,0.0,0.001000000000000334,nan,7.976093344341282e-06,3.868346080922634e-06,-0.4080268054751505,False,87.395999912604,0.08496732026143791,nan,-0.00013645,5.571,5.57421095,-0.003210950000000601,4773210.4,2.1055454851353824e-05,1.9842,-0.00013645,0,2,False,0.9662307157891343,0.5654576782445634,28,38,4,2,0,6,0,False,0,894397753
1779856709000,1779856710000,10,154,False,5.571,5.571,5.571,5.571,44.8,0.0,44.8,2,0,2,5.571,5.572,0.001000000000000334,5.5715,5.571337539402886,5.572380430865508,2908.9,8325.5,18373.4,4587.6,12038.2,30220.8,18373.4,30220.8,-0.24380275835387258,-0.9999999999776786,-0.16640237921650047,-9.688821133057924e-07,5.999194957202198e-07,-1.5688016090260123e-06,0.3780986208230535,0.32492113564497943,0.6079719927996411,0.0,44.8,-44.8,-7162.1,1.9529932481531522,22.399999988799998,22.4,-44.8,1.0240690800478858,1.7793594274388622,-8.974646629320205e-05,0.00013614790161884256,0.0,1.612013943063244e-07,0.0019999999999997797,-8.974646629320205e-05,2.003269336857116e-06,1,0.0,0.0010000000000012221,0.001000000000000334,0.005000000000000782,8.566720837113194e-06,4487.323318528448,-0.4080268054751505,False,88.17999991181998,0.11038961038961038,0.0039999999999995595,-0.00013645,5.571,5.57421095,-0.003210950000000601,4773210.4,2.1055454851353824e-05,1.9842,-0.00013645,0,1,True,0.9759077610259974,0.5518867748711067,29,38,4,2,0,8,2,False,0,2188183754
1779856710000,1779856711038,10,155,False,5.572,5.574,5.572,5.574,205.9,205.9,0.0,3,3,0,5.573,5.574,0.0009999999999994458,5.5735,5.573514216061847,5.573833597285888,3243.6,8205.3,18967.1,3954.6,11948.4,30940.4,18967.1,30940.4,-0.23990983319139936,0.9999999999951433,-0.16177058049899504,-9.605347319216875e-07,6.328158140466051e-07,-1.5933505459682926e-06,0.38004508340429033,-0.02843216896820296,0.6130205168646619,205.9,0.0,205.9,-6956.200000000001,1.9873213383776391,68.63333331045555,129.5,205.9,1.509569660706958,10.928961629191676,0.0005383580210781283,0.0001817352994279646,0.00021552528650230787,2.095171242986876e-07,0.0039999999999995595,0.0006281044873713303,2.6146577031350837e-06,1,0.9999995000002501,0.0009999999999994458,0.0009999999999994458,0.0030000000000001137,9.001602118372196e-06,4487.323319129294,-0.38628760459950584,False,92.04399990795599,0.13548387096774195,0.002000000000000668,-0.00013645,5.571,5.57421095,-0.003210950000000601,4773210.4,-3.0020821628997176e-05,1.9842,-0.00013645,1,2,False,0.999636331534509,0.5798035069542534,30,38,4,2,0,9,3,False,0,3249870735
1779856711000,1779856712010,10,156,False,5.5735,5.5735,5.5735,5.5735,0.0,0.0,0.0,0,0,0,5.573,5.574,0.0009999999999994458,5.5735,5.573569218849289,5.573865856034219,3157.2,8118.900000000001,19049.7,4022.3999999999996,12016.2,31410.6,19049.7,31410.6,-0.24496287180218415,0.0,-0.1748003612726041,-9.563385497439173e-07,6.249641645843193e-07,-1.5813027143282366e-06,0.377518564098898,-0.13843774168546613,0.6064736108192583,0.0,0.0,0.0,-6956.200000000001,1.92216326170952,0.0,0.0,0.0,0.0,0.0,-8.970621221533076e-05,0.00017837489221379042,0.0,1.9331788911342852e-07,0.002500000000000391,-0.0006280642332934591,89706.21221533074,1,0.0,0.0,0.0009999999999994458,-0.002000000000000668,9.001602118372196e-06,4487.323318807053,-0.4158730072961943,False,92.04399990795599,0.14102564102564102,-0.002000000000000668,-0.00013645,5.571,5.57421095,-0.003210950000000601,4773368.8,3.1633943237073482e-06,1.9842,-0.00013645,1,1,False,0.9971767921521556,0.5676825482786031,31,38,4,2,0,7,0,False,0,2413481191
1779856712000,1779856713060,10,157,False,5.574,5.574,5.574,5.574,134.5,134.5,0.0,1,1,0,5.573,5.574,0.0009999999999994458,5.5735,5.5733207632640935,5.574031404038686,2974.3,7936.0,18700.0,4410.099999999999,12091.2,31613.5,18700.0,31613.5,-0.2566607371778895,0.9999999999925652,-0.18114738354256021,-9.655267037403916e-07,6.252651759823167e-07,-1.5907918797227084e-06,0.3716696314110453,0.3584734211705658,0.5915194458063615,134.5,0.0,134.5,-6821.700000000001,1.8919284006698636,134.4999998655,134.5,134.5,0.5285612283833653,1.0,8.97062122152737e-05,0.0001605341458287985,0.0,2.0136509362344536e-07,0.0030000000000001137,0.00017941242443060445,6.669606856104591e-07,1,0.0,0.0009999999999994458,0.0009999999999994458,0.004999999999999005,7.571909672946322e-06,8972.633927660467,-0.44090904869447234,False,94.5999999054,0.17834394904458598,0.0039999999999995595,-0.00013645,5.571,5.57421095,-0.003210950000000601,4773368.8,3.1633943237073482e-06,1.9842,-0.00013645,0,2,False,1.0164819148867477,0.5732684157521954,32,38,4,2,0,8,1,False,0,2633099560
1779856713000,1779856714044,10,158,False,5.574,5.574,5.573,5.573,66.6,44.2,22.4,3,2,1,5.573,5.574,0.0009999999999994458,5.5735,5.573286226289947,5.5739690477804436,3011.2000000000003,8017.0,18965.0,4261.3,11959.0,31602.8,18965.0,31602.8,-0.24991793196460493,0.3273273273224126,-0.1676665992119502,-9.56281048095659e-07,6.244956150093931e-07,-1.580776663105052e-06,0.3750410340176876,0.42754736302904484,0.6001050539825395,44.2,22.4,21.800000000000004,-6799.900000000001,1.9282586170413434,22.1999999926,30.9,21.8,1.5558079045679534,3.2102728628883694,-0.0001794204723570149,0.00016547143944506756,0.00010775297497158507,2.174602245924684e-07,0.002000000000000668,-0.00026912668457228857,2.694001086401215e-06,1,-0.9999990000010001,0.0009999999999994458,0.0009999999999994458,0.0030000000000001137,7.331344924672472e-06,8972.633927727165,-0.4622092820432497,False,94.33399990566599,0.17721518987341772,0.002000000000000668,-0.00013645,5.571,5.57421095,-0.003210950000000601,4773368.8,3.1633943237073482e-06,1.9842,-0.00013645,0,1,True,1.0070152321377364,0.5754784999540729,33,38,4,2,0,8,3,False,0,547460278
1779856714000,1779856715034,10,159,False,5.573,5.573,5.573,5.573,89.2,0.0,89.2,1,0,1,5.573,5.574,0.0009999999999994458,5.5735,5.573493906314474,5.574122417488267,2992.9,8025.6,18973.5,4654.7,12241.4,31760.1,18973.5,31760.1,-0.25203415487960146,-0.9999999999887892,-0.18916602685964348,-9.545512572495247e-07,6.257135823675162e-07,-1.580264839617041e-06,0.37398292256018945,0.012187299550916091,0.5974005119631047,0.0,89.2,-89.2,-6889.1,1.8978239082858894,89.1999999108,89.2,-89.2,0.5269192758648923,1.0,0.0,0.00016547143944506756,0.0,2.174602245924684e-07,0.002000000000000668,0.0001794204723570149,0.0,1,0.0,0.0009999999999994458,0.0009999999999994458,-0.0030000000000001137,6.853741500913745e-06,8972.633927727165,-0.48039212904920875,False,94.49999990549998,0.1761006289308176,-0.0039999999999995595,-0.00013645,5.571,5.57421095,-0.003210950000000601,4773368.8,3.1633943237073482e-06,1.9842,-0.00013645,0,2,False,1.0195803142759283,0.5660482788597383,34,38,4,2,0,8,1,False,0,4132689697
1779856715000,1779856716013,10,160,False,5.574,5.574,5.573,5.573,146.9,79.9,67.0,3,2,1,5.572,5.573,0.001000000000000334,5.5725,5.572119416573771,5.573512076566851,2853.2,8430.8,18739.9,4470.900000000001,11261.6,28262.9,18739.9,28262.9,-0.20260495119439262,0.08781484002663166,-0.12407107993511461,-9.483012714281046e-07,6.576792906279535e-07,-1.605980562056058e-06,0.3986975244027931,0.7611668185938585,0.6630565157856886,79.9,67.0,12.900000000000006,-6876.200000000001,1.9339608293256962,48.96666665034444,67.0,12.900000000000002,1.5512206622585905,3.7593984821075237,0.0,0.0001654714394450676,0.00010775297497158507,2.174602245924684e-07,0.001000000000000334,0.0,0.0,1,-0.9999990000010001,0.0010000000000012221,0.001000000000000334,0.0030000000000001137,6.435159533195101e-06,8972.633927727165,-0.44037942566977917,False,94.497999905502,0.175,0.0019999999999988916,-0.00013645,5.571,5.57421095,-0.003210950000000601,4773368.8,-2.2625479020804743e-06,1.9842,-0.00013645,0,2,False,1.0250089442307757,0.5660482788597382,35,38,4,2,0,8,3,False,0,3674100092
1779856716000,1779856717134,10,161,False,5.572,5.572,5.572,5.572,77.5,0.0,77.5,2,0,2,5.572,5.573,0.001000000000000334,5.5725,5.5722505800205475,5.573560996759207,2729.5,8297.0,18606.1,4650.4,11714.5,28432.0,18606.1,28432.0,-0.20889236597566213,-0.9999999999870968,-0.14986223236524612,-9.488286483102398e-07,6.573591559199018e-07,-1.6061878042301416e-06,0.3955538170121583,0.4988399071902606,0.6544070061901851,0.0,77.5,-77.5,-6953.700000000001,1.9361260480363292,38.749999980625,58.7,-77.5,1.0329905953155596,3.367003355666655,-0.00017945266984009217,0.00016546619649541886,0.0,1.8522226209248103e-07,0.0,-0.00017945266984009217,2.3155183204874404e-06,1,0.0,0.0009999999999994458,0.001000000000000334,-0.0009999999999994458,6.639092414912928e-06,8972.633927387466,-0.44037942566977917,False,95.465999904534,0.20496894409937888,-0.0019999999999988916,-0.00013645,5.571,5.57421095,-0.003210950000000601,4773397.8,3.8128122054626166e-06,1.9842,-0.00013645,0,1,True,1.0382435055701573,0.5754848423494717,36,38,4,2,0,8,2,False,0,1473797432
1779856717000,1779856718003,10,162,False,5.572,5.573,5.572,5.572,185.5,22.1,163.4,3,1,2,5.571,5.572,0.001000000000000334,5.5715,5.571646443491332,5.572964986472872,2316.5,7796.6,17890.3,4966.4,11614.6,28013.6,17890.3,28013.6,-0.22053246020490155,-0.7617250673813385,-0.18725308869867283,-9.765711308054258e-07,6.577179345520613e-07,-1.634289065357487e-06,0.3897337698975384,-0.29288702928747745,0.6386290944398207,22.1,163.4,-141.3,-7095.000000000001,1.9710071612154658,61.83333331272222,101.9,-141.3,1.522064484346124,3.311258267181264,0.0,0.00016052153767535615,0.00010777231153076748,1.5298429959249368e-07,0.0004999999999997229,0.00017945266984009217,0.0,1,0.0,0.0009999999999994458,0.001000000000000334,-0.0009999999999994458,6.460585370185692e-06,8972.633927325893,-0.44037942566977917,False,62.367999937632,0.043209876543209874,-0.0019999999999988916,-0.00013645,5.571,5.57421095,-0.003210950000000601,4773397.8,3.8128122054626166e-06,1.9842,-0.00013645,0,2,False,1.0551859534785886,0.5660536316601057,37,38,4,2,0,8,3,False,0,249526302
1779856718000,1779856719101,10,163,False,5.571,5.571,5.571,5.571,26.1,0.0,26.1,2,0,2,5.571,5.572,0.001000000000000334,5.5715,5.571842538732694,5.572820240865431,2277.3,7741.8,17949.5,5237.2,11152.7,27738.0,17949.5,27738.0,-0.21424897400820325,-0.9999999999616859,-0.21815040594631135,-9.709968251943135e-07,6.783263137349568e-07,-1.6493231389292704e-06,0.39287551299588747,-0.6850775193765258,0.6471086596005247,0.0,26.1,-26.1,-7121.100000000001,1.9719577460936473,13.049999993475,16.2,-26.1,1.0142205140793115,1.1668611421623558,-0.00017948487888092633,0.0001605179336398487,0.0,1.5298429959249368e-07,-0.0005000000000006111,-0.00017948487888092633,6.876815282530632e-06,1,0.0,0.0010000000000012221,0.001000000000000334,0.0030000000000001137,6.6292444791371805e-06,8972.633927352323,-0.44037942566977917,False,62.115999937884,0.04294478527607362,0.0019999999999988916,-0.00013645,5.571,5.57421095,-0.003210950000000601,4773397.8,3.8128122054626166e-06,1.9842,-0.00013645,0,1,True,1.0415602890439368,0.581668838204241,38,38,4,2,0,10,2,False,0,29227776
1779856719000,1779856720056,10,164,False,5.5715,5.5715,5.5715,5.5715,0.0,0.0,0.0,0,0,0,5.571,5.572,0.001000000000000334,5.5715,5.5718060605800845,5.572826095361161,2386.4,7850.9,18058.6,5371.3,11286.8,27872.1,18058.6,27872.1,-0.2136588382062496,0.0,-0.21223621387991756,-9.690739207993414e-07,6.754738726735642e-07,-1.6445477934729056e-06,0.39317058089686435,-0.6121212121183585,0.6479095583038003,0.0,0.0,0.0,-7121.100000000001,1.907303393762708,0.0,0.0,0.0,0.0,0.0,8.974646629333102e-05,0.00016176751352052696,0.0,1.6909243322514337e-07,0.0005000000000006111,0.0002692313451742573,89746.46629333102,1,0.0,0.0,0.001000000000000334,-0.0019999999999988916,6.6292444791371805e-06,8972.63392752425,-0.46476960820650265,False,62.115999937884,0.042682926829268296,-0.0019999999999988916,-0.00013645,5.571,5.57421095,-0.003210950000000601,4773397.8,3.8128122054626166e-06,1.9842,-0.00013645,0,2,False,1.0457862231741313,0.5702806570411751,39,38,4,2,0,7,0,False,0,1000560865
1779856720000,1779856721070,10,165,False,5.572,5.572,5.572,5.572,15.4,15.4,0.0,1,1,0,5.571,5.572,0.001000000000000334,5.5715,5.571793269208447,5.572781830335176,2451.0,7915.5,18123.2,5626.2,11372.0,27957.3,18123.2,27957.3,-0.21341131281127126,0.9999999999350649,-0.20562643318195345,-9.667934946154977e-07,6.787403565683207e-07,-1.6455338511838183e-06,0.39329434359435356,-0.5865384615361117,0.6482457175764238,15.4,0.0,15.4,-7105.700000000002,1.877555741508193,15.399999984599999,15.4,15.4,0.5326073561278761,1.0,8.973841258766512e-05,0.00015798569378365178,0.0,1.4491396341122875e-07,-0.0019999999999997797,-8.05370566589502e-09,5.827169648171295e-06,1,0.0,0.0009999999999994458,0.001000000000000334,-0.0009999999999994458,6.815165421480053e-06,13459.554556506726,-0.5042016866323124,False,60.663999939336,0.04242424242424243,-0.0019999999999988916,-0.00013645,5.571,5.57421095,-0.003210950000000601,4773397.8,1.8016548911677826e-06,1.9842,-0.00013645,0,1,True,1.0457862231741313,0.5638807565481035,40,38,4,2,0,7,1,False,0,3091431589
1779856721000,1779856722078,10,166,False,5.5715,5.5715,5.5715,5.5715,0.0,0.0,0.0,0,0,0,5.571,5.572,0.001000000000000334,5.5715,5.571614203433506,5.572539754431553,2523.9,7988.4,18197.0,4806.1,10704.1,27424.7,18197.0,27424.7,-0.20226558852475465,0.0,-0.18331828937825376,-9.665242004385878e-07,6.809083401306511e-07,-1.647432540569239e-06,0.3988672057376118,-0.22840690978799078,0.6635259455891709,0.0,0.0,0.0,-7105.700000000002,1.81599653686858,0.0,0.0,0.0,0.0,0.0,-8.973841258763917e-05,0.0001541129751987169,0.0,1.5296694610498043e-07,-0.0019999999999997797,-0.0001794768251753043,89738.41258763916,-1,0.0,0.0,0.001000000000000334,0.006000000000000227,6.815165421480053e-06,13459.554556684467,-0.5042016866323124,False,60.663999939336,0.04216867469879518,0.006000000000000227,-0.00013645,5.571,5.57421095,-0.003210950000000601,4773414.5,5.300217296300442e-06,1.9842,-0.00013645,0,0,False,1.7856454500874341,0.5595300261915377,41,38,4,2,0,8,0,False,0,1287223394
1779856722000,1779856723026,10,167,False,5.572,5.572,5.572,5.572,13.600000000000001,13.600000000000001,0.0,2,2,0,5.571,5.572,0.001000000000000334,5.5715,5.5716489361455155,5.572506024603403,2500.7000000000003,7990.0,18198.6,4595.2,10765.1,27336.2,18198.6,27336.2,-0.20067289194198287,0.9999999999264706,-0.18887267841938943,-9.65314165506893e-07,6.803966743448608e-07,-1.6457108398517537e-06,0.39966355402899756,-0.29787234042421157,0.6657326182863504,13.600000000000001,0.0,13.600000000000001,-7092.100000000001,1.8220294372991184,6.7999999966,10.9,13.600000000000001,1.097677105517581,2.433090018410973,8.973841258766512e-05,0.00015541382904776533,0.0,1.6101992879873208e-07,-0.0019999999999997797,0.0001794768251753043,6.598412689784316e-06,1,0.0,0.0009999999999994458,0.001000000000000334,-0.005000000000000782,7.143933531067891e-06,17946.475186067724,-0.5280111851116512,False,59.83599994016399,0.04790419161676647,-0.006000000000000227,-0.00013645,5.571,5.57421095,-0.003210950000000601,4773414.5,5.300217296300442e-06,1.9842,-0.00013645,0,2,False,1.7601369365679742,0.5471901300178227,42,38,4,2,0,7,2,False,0,277755102
1779856723000,1779856724063,10,168,False,5.572,5.572,5.571,5.571,45.9,1.1,44.8,3,1,2,5.572,5.573,0.001000000000000334,5.5725,5.572545770535501,5.573779782463569,2214.7000000000003,7546.900000000001,17900.8,4791.1,12094.9,28502.3,17900.8,28502.3,-0.2284653396001511,-0.9520697167548569,-0.20458328743454515,-9.777173621753289e-07,6.637279064646702e-07,-1.641445268639999e-06,0.3857673301999137,-0.09154113557305014,0.6280475610739965,1.1,44.8,-43.699999999999996,-7135.800000000001,1.8606514229614424,15.299999994899999,22.4,-43.699999999999996,1.6123385398071035,4.938271580551745,-0.00017948487888092633,0.000160512302789017,0.00010779165503102058,1.7712661691299578e-07,-0.002000000000000668,-0.00026922329146859147,3.910345945033028e-06,-1,-0.9999990000010001,0.0030000000000001137,0.001000000000000334,0.0070000000000014495,7.3409158340203745e-06,17946.47518672759,-0.5712209365104227,False,60.211999939787994,0.047619047619047616,0.004000000000001336,-0.00013645,5.571,5.57421095,-0.003210950000000601,4773414.5,5.300217296300442e-06,1.9842,-0.00013645,0,0,False,1.7510296647124375,0.5435628692142214,43,38,4,2,0,8,3,False,0,2106129972
1779856724000,1779856725079,10,169,False,5.572,5.573,5.572,5.573,168.5,168.5,0.0,3,3,0,5.572,5.573,0.001000000000000334,5.5725,5.572580351297512,5.5738721705090075,2211.8,7568.8,17940.7,5201.2,12459.8,28760.8,17940.7,28760.8,-0.23168634840422186,0.9999999999940653,-0.21410552051459297,-9.759304573464815e-07,6.629686166478207e-07,-1.6388990739943021e-06,0.3841568257978784,-0.16070266753311194,0.6237900197490813,168.5,0.0,168.5,-6967.300000000001,1.8980071140118868,56.166666647944446,145.3,168.5,1.580605244454635,2.0345879917912755,0.0003589375487210086,0.00017946032302635978,0.00010777231153076748,2.415504793710026e-07,0.0,0.000538422427601935,2.1301931674710886e-06,1,0.9999990000010001,0.0010000000000012221,0.001000000000000334,-0.0030000000000001137,6.958706890406971e-06,17946.47518711859,-0.5712209365104227,False,63.31199993668799,0.08284023668639054,-0.004000000000001336,-0.00013645,5.571,5.57421095,-0.003210950000000601,4773414.5,5.300217296300442e-06,1.9842,-0.00013645,1,2,False,1.7404613142831553,0.5170438474206732,44,38,4,2,0,6,3,False,0,1387315707
1779856725000,1779856726050,10,170,False,5.5725,5.5725,5.5725,5.5725,0.0,0.0,0.0,0,0,0,5.572,5.573,0.001000000000000334,5.5725,5.572607156010429,5.573827621778839,2308.1,7665.1,17880.9,5252.6,12576.2,28875.7,17880.9,28875.7,-0.23514969009722186,0.0,-0.21951610736702945,-9.779141162553327e-07,6.599806431074299e-07,-1.6378947593627628e-06,0.38242515495137835,-0.2143120619689623,0.6192369362474115,0.0,0.0,0.0,-6967.300000000001,1.8357773725688742,0.0,0.0,0.0,0.0,0.0,-8.972230951251792e-05,0.00017606183883680122,0.0,2.737551852130134e-07,-0.0005000000000006111,-0.0004486598582335265,89722.30951251791,1,0.0,0.0,0.001000000000000334,0.004000000000001336,6.958706890406971e-06,17946.4751865808,-0.5712209365104227,False,63.31199993668799,0.08235294117647059,0.004000000000001336,-0.00013645,5.571,5.57421095,-0.003210950000000601,4773414.5,0.00020029508480186133,1.9842,-0.00013645,1,1,False,1.758091481284038,0.5130087385078961,45,38,4,2,0,8,0,False,0,2744323862
1779856726000,1779856727016,10,171,False,5.573,5.576,5.573,5.574,2906.9,2879.1000000000004,27.8,7,5,2,5.574,5.575,0.001000000000000334,5.5745000000000005,5.574577600877917,5.575109395805583,3162.6,8344.6,18535.6,4947.4,13610.800000000001,31442.1,18535.6,31442.1,-0.2582451773490926,0.9808730950493719,-0.2000413343502645,-9.630400880432591e-07,6.04588562318734e-07,-1.567628650361993e-06,0.3708774113254438,-0.155201819214581,0.5895153313550752,2879.1000000000004,27.8,2851.3,-4116.000000000001,2.0050961472387474,415.2714285121041,1230.4,2851.3,3.4911044072119517,499.999750000125,0.000269142781869579,0.00018606359919721147,0.0003232009429837589,2.979032971909759e-07,0.0019999999999997797,0.0003588650913820969,9.258756127472098e-08,1,0.3333332222221606,0.0010000000000012221,0.001000000000000334,-0.0010000000000012221,1.3312401035483987e-06,31403.614280059748,-0.5712209365104227,False,120.295999879704,0.3216374269005848,-0.0020000000000024443,-0.00013645,5.571,5.57421095,-0.003210950000000601,4773414.5,0.00020029508480186133,1.9842,-0.00013645,1,2,False,0.3104415166075963,0.5276626599039399,46,38,4,2,0,8,7,False,0,1024709233
1779856727000,1779856728126,10,172,False,5.5745000000000005,5.5745000000000005,5.5745000000000005,5.5745000000000005,0.0,0.0,0.0,0,0,0,5.574,5.575,0.001000000000000334,5.5745000000000005,5.574704511257238,5.575299266275726,2975.1,8205.4,18396.4,5679.400000000001,15051.1,32745.399999999998,18396.4,32745.399999999998,-0.28057283865643595,0.0,-0.24274566298697317,-9.640612689134678e-07,5.879655416234631e-07,-1.552026810536931e-06,0.3597135806717722,-0.40902255638943985,0.5618010468645807,0.0,0.0,0.0,-4116.000000000001,1.939355289952231,0.0,0.0,0.0,0.0,0.0,8.969816573285685e-05,0.00018606262886008314,0.0,3.2204491104491553e-07,0.002500000000000391,-0.00017944461613672217,89698.16573285684,1,0.0,0.0,0.001000000000000334,0.002000000000000668,1.3312401035483987e-06,31403.61428001036,-0.5712209365104227,False,120.295999879704,0.32558139534883723,0.002000000000000668,-0.00013645,5.571,5.57421095,-0.003210950000000601,4773414.5,0.00020029508480186133,1.9842,-0.00013645,1,1,False,1.0960823333509906,0.5258219702967523,47,38,4,2,0,10,0,False,0,1870079229
1779856728000,1779856729152,10,173,False,5.575,5.575,5.574,5.575,82.9,71.9,11.0,3,2,1,5.574,5.575,0.001000000000000334,5.5745000000000005,5.574647680268376,5.575125939322748,2961.3,8184.1,18546.1,5276.0,14415.0,32342.7,18546.1,32342.7,-0.27111270063353293,0.7346200241165908,-0.2339564453421313,-9.59959772822585e-07,5.956892989690724e-07,-1.5556490717916573e-06,0.3644436496832237,-0.2953605879637329,0.5734246058615832,71.9,11.0,60.900000000000006,-4055.100000000001,1.97413052634724,27.633333324122223,53.5,60.9,1.5196563542489177,3.407155013944957,8.969012069331372e-05,0.00018714036909716754,0.00010773364535000757,3.300899503554643e-07,0.004000000000000448,-8.045039543130416e-09,1.0819073666131701e-06,1,0.0,0.0009999999999994458,0.001000000000000334,0.0030000000000001137,1.2920059562726289e-06,35888.120314676045,-0.5712209365104227,False,118.50799988149198,0.31213872832369943,0.002000000000000668,-0.00013645,5.571,5.57421095,-0.003210950000000601,4773414.5,0.00020029508480186133,1.9842,-0.00013645,1,1,False,1.0884153727819572,0.5239715765981001,48,38,4,2,0,8,3,False,0,2468053878
1779856729000,1779856730029,10,174,False,5.575,5.575,5.575,5.575,5.4,5.4,0.0,2,2,0,5.574,5.575,0.001000000000000334,5.5745000000000005,5.574676148772102,5.575126101766864,2958.6,8181.4,18562.1,5289.5,14650.0,32572.2,18562.1,32572.2,-0.27398634576008135,0.9999999998148148,-0.23902590152969036,-9.588268464210387e-07,5.902164268409057e-07,-1.5490432732619444e-06,0.3630068271199495,-0.35229759299627006,0.5698755380354851,5.4,0.0,5.4,-4049.7000000000007,1.974978705811265,2.69999999865,4.3,5.4,1.0126691458001253,1.6155088826890003,0.0,0.00018606127037945928,0.0,2.817742203631011e-07,0.0034999999999998366,-8.969012069331372e-05,0.0,1,0.0,0.0009999999999994458,0.001000000000000334,0.0030000000000001137,1.2628068730676875e-06,31400.797000015948,-0.5944767118308983,False,114.31999988567999,0.3160919540229885,0.002000000000000668,-0.00013645,5.571,5.57421095,-0.003210950000000601,4773414.5,0.00020029508480186133,1.9842,-0.00013645,1,1,False,1.0714553892885177,0.5279196404076358,49,38,4,2,0,6,2,False,0,1858523430
1779856730000,1779856730994,10,175,False,5.574,5.574,5.574,5.574,23.4,0.0,23.4,2,0,2,5.574,5.575,0.001000000000000334,5.5745000000000005,5.574555706496492,5.574859982304861,3446.2,8311.9,18653.2,5257.7,14266.1,32187.8,18653.2,32187.8,-0.26621427587969815,-0.999999999957265,-0.2248628484753238,-9.628156666704981e-07,5.982137754550748e-07,-1.5610294421255729e-06,0.3668928620601411,-0.11141304347775632,0.5795114919317077,0.0,23.4,-23.4,-4073.100000000001,1.9757990761125348,11.69999999415,22.4,-23.4,1.012248676076331,2.5252525188756247,-0.00017938828642603022,0.00014743248033457113,0.0,2.33480161476441e-07,0.0019999999999997797,-0.00017938828642603022,7.666166086254874e-06,1,0.0,0.0010000000000012221,0.001000000000000334,-0.0009999999999994458,1.2486325012493054e-06,31400.797001076106,-0.575757545240984,False,114.105999885894,0.30857142857142855,-0.002000000000000668,-0.00013645,5.571,5.57421095,-0.003210950000000601,4773414.5,0.00019572631455953748,1.9842,-0.00013645,0,1,True,1.0670999497939415,0.5419368347348267,50,38,4,2,0,9,2,False,0,2568803337
1779856731000,1779856732038,10,176,False,5.575,5.575,5.574,5.575,27.1,21.400000000000002,5.7,4,3,1,5.574,5.575,0.001000000000000334,5.5745000000000005,5.574660436117776,5.574771584056246,3562.1,8427.8,18769.1,5129.5,13982.9,32040.5,18769.1,32040.5,-0.2611986711172641,0.5793357933365559,-0.22983867317894258,-9.584012661551937e-07,5.99586248978543e-07,-1.5579875151337366e-06,0.36940066444135816,-0.3208722741421916,0.5857929807587089,21.400000000000002,5.7,15.700000000000003,-4057.400000000001,2.042166319518681,6.77499999830625,18.3,15.700000000000001,1.9587043228604695,5.1724137663495835,0.00017938828642595373,0.0001514694157163241,0.00010773364535000757,2.576131142732779e-07,0.0034999999999998366,0.00035877657285198394,6.619493963813071e-06,1,0.0,0.0009999999999994458,0.001000000000000334,0.0030000000000001137,1.199008869117908e-06,31400.797001437622,-0.6253968259638879,False,109.117999890882,0.3125,0.002000000000000668,-0.00013645,5.571,5.57421095,-0.003210950000000601,4775420.5,0.0006160528181529309,1.9842,-0.00013645,0,2,False,1.037435320557823,0.4986644820006333,51,38,4,2,0,8,4,False,0,568460373
1779856732000,1779856733100,10,177,False,5.574,5.574,5.574,5.574,14.0,0.0,14.0,1,0,1,5.573,5.574,0.0009999999999994458,5.5735,5.5735440336472095,5.574275536170936,3493.0,8148.2,19009.6,5151.6,13228.7,32421.6,19009.6,32421.6,-0.26077556036024324,-0.9999999999285715,-0.2135325090706713,-9.693485938516499e-07,6.068975900381116e-07,-1.5762461838897615e-06,0.3696122198198687,-0.08806732792278914,0.5863251659387387,0.0,14.0,-14.0,-4071.400000000001,2.0079969319934787,13.999999985999999,14.0,-14.0,0.4980087287828779,1.0,-0.00017938828642603022,0.00015540151716533334,0.0,2.736981406111086e-07,0.0019999999999997797,-0.00035877657285198394,1.2813449029515484e-05,1,0.0,0.0009999999999994458,0.0009999999999994458,-0.0009999999999994458,1.1982107572575736e-06,26915.486391004913,-0.6253968259638879,False,108.72199989127799,0.3050847457627119,-0.0019999999999988916,-0.00013645,5.571,5.57421095,-0.003210950000000601,4775420.5,0.0006160528181529309,1.9842,-0.00013645,0,1,True,1.037435320557823,0.48050901123272877,52,38,4,2,0,9,1,False,0,1848398026
1779856733000,1779856733997,10,178,False,5.574,5.574,5.573,5.573,118.89999999999999,12.4,106.5,3,1,2,5.573,5.574,0.0009999999999994458,5.5735,5.573578557612447,5.5741240187422285,3288.2,7996.5,21370.2,5055.7,12622.7,31833.9,21370.2,31833.9,-0.19667093325514018,-0.7914213624828308,-0.19605727282842828,-9.232489054354288e-07,6.254515190234482e-07,-1.548700424458877e-06,0.40166453337242053,-0.1571152607850704,0.6713032333455633,12.4,106.5,-94.1,-4165.500000000001,2.0405216227477907,39.63333332012222,99.6,-94.1,1.470212305072245,2.525252518875625,-0.0001794204723570149,0.00015540151716533334,0.00010775297497158507,3.058840716969824e-07,0.002000000000000668,-3.2185930984681603e-08,1.5090031316695197e-06,1,-0.9999990000010001,0.0009999999999994458,0.0009999999999994458,-0.0030000000000001137,1.2710163507308872e-06,26915.486391579005,-0.6968253878232782,False,109.09599989090401,0.3089887640449438,-0.0039999999999995595,-0.00013645,5.571,5.57421095,-0.003210950000000601,4775420.5,0.0006160528181529309,1.9842,-0.00013645,0,1,True,1.0257331896428155,0.5030548633263415,53,38,4,2,0,6,3,False,0,4105080137
1779856734000,1779856735134,10,179,False,5.5735,5.5735,5.5735,5.5735,0.0,0.0,0.0,0,0,0,5.573,5.574,0.0009999999999994458,5.5735,5.573521055922145,5.573979196895581,3350.6,8082.9,21456.6,4643.400000000001,12218.4,31527.3,21456.6,31527.3,-0.19007094607984334,0.0,-0.1794780665961075,-9.206236837283119e-07,6.266932677410803e-07,-1.5473169514693924e-06,0.40496452696006896,-0.04211187932104932,0.6805720756296707,0.0,0.0,0.0,-4165.500000000001,1.973619274460978,0.0,0.0,0.0,0.0,0.0,8.971426014167434e-05,0.00015669098238547678,0.0,3.2198064662876176e-07,0.0004999999999997229,0.00026913473249868923,89714.26014167434,1,0.0,0.0,0.0009999999999994458,0.0039999999999995595,1.2710163507308872e-06,26915.48639161673,-0.7090908561954834,False,109.09599989090401,0.30726256983240224,0.0039999999999995595,-0.00013645,5.571,5.57421095,-0.003210950000000601,4775420.5,0.0006160528181529309,1.9842,-0.00013645,0,2,False,1.0086190485744215,0.46842886586954685,54,38,4,2,0,10,0,False,0,731075285
1779856735000,1779856736130,10,180,False,5.574,5.574,5.574,5.574,14.5,14.5,0.0,1,1,0,5.573,5.574,0.0009999999999994458,5.5735,5.573498692792244,5.573863656385499,3375.6,8109.0,21500.7,4342.4,11940.1,31249.0,21500.7,31249.0,-0.18480294674661307,0.9999999999310345,-0.17125817432446216,-9.193450256602068e-07,6.291823117040373e-07,-1.5485273373642441e-06,0.40759852662668405,0.002614379084958814,0.6880444174213355,14.5,0.0,14.5,-4151.000000000001,1.941697331036028,14.499999985499999,14.5,14.5,0.5150133254555274,1.0,8.97062122152737e-05,0.00015796969388596783,0.0,3.300285730877671e-07,0.0015000000000000568,-8.047926400645065e-09,6.186635324764625e-06,1,0.0,0.0009999999999994458,0.0009999999999994458,0.0030000000000001137,1.2339256978447732e-06,31400.797002380412,-0.719476720136996,False,109.141999890858,0.3277777777777778,0.002000000000000668,-0.00013645,5.571,5.57421095,-0.003210950000000601,4775420.5,0.0005798452018229383,1.9842,-0.00013645,0,1,True,0.988508975723272,0.4597070835212352,55,38,4,2,0,5,1,False,0,2742909354
1779856736000,1779856736994,10,181,False,5.573,5.574,5.573,5.574,102.69999999999999,1.6,101.1,2,1,1,5.573,5.574,0.0009999999999994458,5.5735,5.573701999044288,5.574255908380258,2952.1,8047.5,21432.7,5002.7,12548.5,31871.7,21432.7,31871.7,-0.19583749183931917,-0.9688412852875479,-0.20886849599343651,-9.138720320919361e-07,6.252831429352781e-07,-1.5391551750272143e-06,0.4020812540803311,-0.4039981403979359,0.6724680515943401,1.6,101.1,-99.5,-4250.500000000001,1.9436088939528795,51.349999974324994,101.1,-99.5,1.0290136072095346,2.6455026385039613,0.0,0.00015278828865717924,0.00010775297497158507,3.300285730877671e-07,0.0,-8.97062122152737e-05,0.0,1,0.9999990000010001,0.0009999999999994458,0.0009999999999994458,-0.004999999999999005,1.2146902226626492e-06,31400.797002319327,-0.7282912857330526,False,109.84199989015798,0.3259668508287293,-0.005999999999998451,-0.00013645,5.57489388,5.57860158,-0.0037076999999996474,4775474.6,0.0005911806160812316,1.9842,-0.00013645,0,1,True,1.0057879534548613,0.44484891743599747,56,38,4,2,0,6,2,False,0,570962144
1779856737000,1779856737996,10,182,False,5.574,5.574,5.574,5.574,17.5,17.5,0.0,1,1,0,5.573,5.574,0.0009999999999994458,5.5735,5.573680541074019,5.574211230453006,2949.4,8044.8,21430.0,4936.3,12607.9,31885.7,21430.0,31885.7,-0.19610921360874575,0.9999999999428572,-0.20331117915535407,-9.13720730105778e-07,6.245181601003915e-07,-1.5382388902061695e-06,0.4019453931956178,-0.36108220603350116,0.6720881147347973,17.5,0.0,17.5,-4233.000000000001,1.9126708974298343,17.4999999825,17.5,17.5,0.5228290976879129,1.0,0.0,0.00015278828865717924,0.0,3.300285730877671e-07,-0.0005000000000006111,0.0,0.0,1,0.0,0.0009999999999994458,0.0009999999999994458,0.004999999999999005,1.2171919999769221e-06,31400.79700231934,-0.735772323631513,False,108.381999891618,0.3021978021978022,0.0039999999999995595,-0.00013645,5.57489388,5.57860158,-0.0037076999999996474,4775474.6,0.0005911806160812316,1.9842,-0.00013645,0,2,False,1.0037259482183674,0.43638999692718017,57,38,4,2,0,8,1,False,0,790869386
1779856738000,1779856739123,10,183,False,5.574,5.574,5.572,5.572,220.79999999999998,2.7,218.1,4,1,3,5.571,5.572,0.001000000000000334,5.5715,5.5718754071509995,5.572810625634025,2229.9,7465.2,19919.0,5432.7,11379.4,27928.3,19919.0,27928.3,-0.16739293544253975,-0.9755434782564515,-0.2094254452462665,-8.856102902210468e-07,6.752714338214261e-07,-1.560881724042473e-06,0.4163035322787197,-0.7508143322455191,0.7132192077569808,2.7,218.1,-215.4,-4448.400000000001,1.9811079171862331,55.1999999862,156.7,-215.39999999999998,2.019072238963199,9.118540950286862,-0.0003588731421971267,0.00016784819532234013,0.00021552528650230787,3.139204394551174e-07,-0.0030000000000001137,-0.0003588731421971267,1.625331259943394e-06,1,-0.9999995000002501,0.0009999999999994458,0.001000000000000334,-0.0009999999999994458,1.3428246446914714e-06,31400.79700329631,-0.6894736844297097,False,111.999999888,0.3333333333333333,-0.0019999999999988916,-0.00013645,5.57489388,5.57860158,-0.0037076999999996474,4775474.6,0.0005911806160812316,1.9842,-0.00013645,1,1,False,1.0127025172382647,0.4541389252614516,58,38,4,2,0,9,4,False,0,3753112878
1779856739000,1779856740026,10,184,False,5.571,5.572,5.571,5.572,18.4,16.2,2.2,2,1,1,5.571,5.572,0.001000000000000334,5.5715,5.571764300463225,5.572736961034403,2301.6,7822.8,20276.6,5354.3,11480.2,28029.1,20276.6,28029.1,-0.1604883067629667,0.7608695651760398,-0.1917533308582553,-8.696751981206279e-07,6.710471643271807e-07,-1.5407223624478085e-06,0.41975584661850635,-0.5286009648500047,0.7234124534858156,16.2,2.2,14.0,-4434.400000000001,1.9817273297375042,9.199999995399999,16.2,14.0,1.0092205769073668,5.37634405711643,0.0,0.00016664421760853102,0.00010779165503102058,3.058667340346015e-07,-0.0030000000000001137,0.0003588731421971267,0.0,-1,0.9999990000010001,0.0009999999999994458,0.001000000000000334,0.0009999999999994458,1.1839672153572747e-06,31400.797003124382,-0.6894736844297097,False,112.215999887784,0.33695652173913043,0.0,-0.00013645,5.57489388,5.57860158,-0.0037076999999996474,4775474.6,0.0005911806160812316,1.9842,-0.00013645,1,1,False,1.0119451708332328,0.4541389252614516,59,38,4,2,0,6,2,False,0,691403350
1779856740000,1779856741008,10,185,False,5.571,5.572,5.571,5.572,215.9,193.5,22.4,3,2,1,5.572,5.573,0.001000000000000334,5.5725,5.572461464644796,5.573792845770438,2283.3,8007.1,20535.6,4501.5,11686.5,28248.3,20535.6,28248.3,-0.15809929095459452,0.7924965261658522,-0.13609939108374253,-8.957598534601712e-07,6.62144453744591e-07,-1.5579043072047622e-06,0.4209503545226926,0.07707067476790189,0.7269676405305548,193.5,22.4,171.1,-4263.3,2.0151133189264385,71.96666664267778,192.3,171.10000000000002,1.4887500223111594,3.0534351051803506,0.0,0.00016543169626063723,0.00010779165503102058,2.978137513408498e-07,-0.0019999999999997797,0.0,0.0,-1,0.9999990000010001,0.0009999999999994458,0.001000000000000334,0.0009999999999994458,4.973833140945201e-06,26913.876373741125,-0.6894736844297097,False,115.30199988469798,0.35135135135135137,0.0,-0.00013645,5.57489388,5.57860158,-0.0037076999999996474,4775474.6,0.0005753731853801504,1.9842,-0.00013645,0,0,False,1.0229087017358363,0.4760012188737181,0,39,4,2,0,9,3,False,0,4068037745
1779856741000,1779856742016,10,186,False,5.573,5.573,5.572,5.572,26.1,1.8,24.3,2,1,1,5.571,5.572,0.001000000000000334,5.5715,5.5712222222033505,5.572199975726723,2790.6,8090.4,20418.7,3801.7000000000003,10319.8,26928.7,20418.7,26928.7,-0.1374943502705505,-0.8620689654842119,-0.1124661640072229,-8.761763668164566e-07,6.73838154567714e-07,-1.5500145213841706e-06,0.4312528248647142,0.5555555555536736,0.7582504911116854,1.8,24.3,-22.5,-4285.8,2.0146178002731125,13.049999993475,24.3,-22.5,0.9927441317832717,2.9154518865438717,0.0,0.00016421022195035325,0.00010777231153076748,2.8976076864709813e-07,-0.0030000000000001137,0.0,0.0,-1,-0.9999990000010001,0.0009999999999994458,0.001000000000000334,-0.0009999999999994458,5.137741458665692e-06,26913.876373449766,-0.6894736844297097,False,115.17399988482597,0.34946236559139787,-0.0019999999999988916,-0.00013645,5.57489388,5.57860158,-0.0037076999999996474,4775366.6,0.000552744619770353,1.9842,-0.00013645,0,0,False,1.0078953536744637,0.4585650756378159,1,39,4,2,0,8,2,False,0,1508955012
1779856742000,1779856743012,10,187,False,5.571,5.572,5.571,5.572,41.6,17.3,24.3,2,1,1,5.571,5.572,0.001000000000000334,5.5715,5.571515396236389,5.572417409170998,2350.5,7698.4,20026.7,4024.3,10285.199999999999,26904.1,20026.7,26904.1,-0.1465434213778553,-0.16826923076518585,-0.15207399007700517,-8.837996658376188e-07,6.828693958349314e-07,-1.5666690616725502e-06,0.4267282893110617,-0.030792529025589106,0.7443735341453257,17.3,24.3,-7.0,-4292.8,2.0141385281330106,20.7999999896,24.3,-7.0,0.9929803591319527,4.42477874148328,0.0,0.0001629795933799584,0.00010779165503102058,2.7365408053283444e-07,-0.0019999999999997797,0.0,0.0,-1,0.9999990000010001,0.0009999999999994458,0.001000000000000334,0.0009999999999994458,5.250486458613362e-06,22426.95574406651,-0.6894736844297097,False,114.77399988522596,0.34759358288770054,0.0,-0.00013645,5.57489388,5.57860158,-0.0037076999999996474,4775366.6,0.000552744619770353,1.9842,-0.00013645,0,0,False,1.00322563706642,0.4585650756378158,2,39,4,2,0,7,2,False,0,2060363424
1779856743000,1779856744024,10,188,False,5.571,5.571,5.571,5.571,22.5,0.0,22.5,1,0,1,5.571,5.572,0.001000000000000334,5.5715,5.571690493189522,5.572672481520002,2107.7,7470.7,19799.0,4765.5,10999.8,27475.0,19799.0,27475.0,-0.1623725515082252,-0.9999999999555556,-0.19877815146288974,-8.871992052906116e-07,6.81145680568284e-07,-1.5683448858588956e-06,0.4188137242458769,-0.38098641886926027,0.7206187443129856,0.0,22.5,-22.5,-4315.3,1.980888084587666,22.4999999775,22.5,-22.5,0.504824077279122,1.0,-0.00017948487888092633,0.00016297959337995837,0.0,2.092302180748276e-07,-0.002000000000000668,-0.00017948487888092633,7.977105727686632e-06,-1,0.0,0.0010000000000012221,0.001000000000000334,0.0030000000000001137,5.372596407503863e-06,22426.955743622362,-0.6894736844297097,False,114.31999988567998,0.35106382978723405,0.0019999999999988916,-0.00013645,5.57489388,5.57860158,-0.0037076999999996474,4775366.6,0.000552744619770353,1.9842,-0.00013645,0,0,False,1.00322563706642,0.45855639647251817,3,39,4,2,0,8,1,False,0,2198002418
1779856744000,1779856745072,10,189,False,5.572,5.572,5.571,5.571,80.3,57.9,22.4,3,2,1,5.571,5.572,0.001000000000000334,5.5715,5.571716991028028,5.57265154785289,2122.1,7571.0,19899.3,4781.0,11147.4,27624.0,19899.3,27624.0,-0.16254553029776633,0.44209215441541605,-0.199871638461324,-8.838124930406451e-07,6.785420642796228e-07,-1.5623545573202679e-06,0.4187272348511063,-0.43398211467420317,0.7203627280625282,57.9,22.4,35.5,-4279.8,2.014301590011021,26.766666657744445,37.0,35.5,1.4893499629786002,2.2321428521603948,0.0,0.00014184688810193986,0.00010779165503102058,1.7702551223281682e-07,-0.002500000000000391,0.00017948487888092633,0.0,-1,-0.9999990000010001,0.0010000000000012221,0.001000000000000334,-0.005000000000000782,5.794367848916967e-06,22426.955743231367,-0.6894736844297097,False,114.99399988500598,0.3544973544973545,-0.006000000000002004,-0.00013645,5.57489388,5.57860158,-0.0037076999999996474,4775366.6,0.000552744619770353,1.9842,-0.00013645,0,1,True,0.9940093567240685,0.4436643366800253,4,39,4,2,0,8,3,False,0,4224512642
1779856745000,1779856746083,10,190,False,5.572,5.572,5.572,5.572,1.5,1.5,0.0,1,1,0,5.571,5.572,0.001000000000000334,5.5715,5.571584674308155,5.572632786696992,2215.0,7672.8,19999.0,4840.3,10998.4,27477.2,19999.0,27477.2,-0.1575147126349591,0.9999999993333333,-0.18490449063624004,-8.827007040902447e-07,6.828140039646872e-07,-1.5655147080549319e-06,0.42124264368251,-0.16934865900318252,0.7278398090052579,1.5,0.0,1.5,-4278.3,1.981045800174594,1.4999999984999999,1.5,1.5,0.5047838870797857,1.0,0.00017948487888079208,0.00014604374724832924,0.0,1.5287740025485434e-07,-0.0019999999999997797,0.00017948487888079208,0.00011965658584075699,-1,0.0,0.0009999999999994458,0.001000000000000334,-0.011000000000001009,5.622036099564217e-06,22426.9557433165,-0.6894736844297097,False,114.88999988510997,0.35789473684210527,-0.012000000000000455,-0.00013645,5.57489388,5.57860158,-0.0037076999999996474,4775366.6,0.0005078628014508282,1.9842,-0.00013645,0,1,True,1.00322563706642,0.43243551569414773,5,39,4,2,0,8,1,False,0,3440812200
1779856746000,1779856747056,10,191,False,5.572,5.572,5.572,5.572,21.0,21.0,0.0,1,1,0,5.571,5.572,0.001000000000000334,5.5715,5.571330603870448,5.572256493082687,2706.3,8217.6,20543.8,4228.0,10551.3,27148.3,20543.8,27148.3,-0.13848205467991265,0.999999999952381,-0.13633704315350767,-8.739434499635672e-07,6.80566249153765e-07,-1.554509699117332e-06,0.4307589726600332,0.338792221083798,0.7567250988091057,21.0,0.0,21.0,-4257.3,1.948880364103296,20.999999979,21.0,21.0,0.5131151290279418,1.0,0.0,0.00013306721706982937,0.0,1.287357864009147e-07,-0.0019999999999997797,-0.00017948487888079208,0.0,-1,0.0,0.0009999999999994458,0.001000000000000334,-0.011000000000001009,5.615010201121379e-06,8969.81664983755,-0.6894736844297097,False,115.27799988472199,0.3717277486910995,-0.012000000000000455,-0.00013645,5.57489388,5.57860158,-0.0037076999999996474,4775482.0,0.0005320407582526495,1.9842,-0.00013645,0,0,False,1.0173595530121389,0.4324355156941477,6,39,4,2,0,8,1,False,0,3564456357
1779856747000,1779856747994,10,192,False,5.572,5.572,5.572,5.572,96.9,96.9,0.0,1,1,0,5.572,5.573,0.001000000000000334,5.5725,5.5727909421529604,5.573464215246801,2803.6,8652.4,21306.899999999998,4596.2,11849.0,28299.8,21306.899999999998,28299.8,-0.14096684520437483,0.99999999998968,-0.1513717915740515,-8.763012879529557e-07,6.631442115903892e-07,-1.539445499543345e-06,0.4295165773978025,-0.5818843509883466,0.7528993137760425,96.9,0.0,96.9,-4160.400000000001,1.9177695324933517,96.8999999031,96.9,96.9,0.5214390898047222,1.0,0.0,0.00013154693539538324,0.0,1.2069074709036594e-07,-0.0019999999999997797,0.0,0.0,-1,0.0,0.0009999999999994458,0.001000000000000334,-0.011000000000001009,5.039680937112822e-06,8969.816649836008,-0.6894736844297097,False,116.97599988302397,0.3802083333333333,-0.012000000000000455,-0.00013645,5.57489388,5.57860158,-0.0037076999999996474,4775482.0,0.0005320407582526495,1.9842,-0.00013645,0,0,False,1.0390862451114544,0.44097388851468006,7,39,4,2,0,7,1,False,0,1332184828
1779856748000,1779856749095,10,193,False,5.573,5.573,5.573,5.573,170.6,168.1,2.5,2,1,1,5.572,5.573,0.001000000000000334,5.5725,5.572347610162719,5.572907326363497,3728.5,9255.9,21855.7,4040.7,11378.0,27860.1,21855.7,27860.1,-0.12077448215657552,0.9706916764304181,-0.07465501164995467,-8.735803740464788e-07,6.646030654505966e-07,-1.5381834394970755e-06,0.4396127589217022,0.30477963997422475,0.7844803141409836,168.1,2.5,165.6,-3994.8000000000006,1.920465613395209,85.29999995735,168.1,165.6,1.041414115935545,15.873015621063244,0.00017945266984012876,0.0001360608075826966,0.0,1.206907470903659e-07,0.001000000000000334,0.00017945266984012876,1.051891382409595e-06,-1,0.0,0.0010000000000012221,0.001000000000000334,-0.010999999999999233,5.2362873517028905e-06,4485.31061526292,-0.6894736844297097,False,120.01799987998199,0.38860103626943004,-0.012000000000000455,-0.00013645,5.57489388,5.57860158,-0.0037076999999996474,4775482.0,0.0005320407582526495,1.9842,-0.00013645,0,1,True,1.0776116495459835,0.44095871698180483,8,39,4,2,0,10,2,False,0,1997493356
1779856749000,1779856749994,10,194,False,5.572,5.573,5.572,5.573,23.7,5.8,17.9,2,1,1,5.573,5.574,0.0009999999999994458,5.5735,5.573017444044092,5.573750109187791,3716.7,8994.7,22201.8,4067.9,11894.300000000001,31351.4,22201.8,31351.4,-0.1708506681206694,-0.5105485231852088,-0.08011334666178463,-8.881790824361616e-07,6.223754908145578e-07,-1.5105545732507195e-06,0.41457466593965603,0.9651118695450697,0.7081597632003448,5.8,17.9,-12.099999999999998,-4006.9000000000005,1.9230732982019234,11.849999994074999,17.9,-12.099999999999998,1.0400019597952928,3.448275850178359,0.0,0.00013606080758269662,0.00010777231153076748,1.2069074709036594e-07,0.001000000000000334,-0.00017945266984012876,0.0,1,0.9999990000010001,0.0009999999999994458,0.0009999999999994458,0.010999999999999233,5.9220017010189874e-06,4485.310615262919,-0.6644736903293931,False,120.071999879928,0.3917525773195876,0.009999999999999787,-0.00013645,5.57489388,5.57860158,-0.0037076999999996474,4775482.0,0.0005320407582526495,1.9842,-0.00013645,0,1,True,1.068505393911678,0.4409587169818049,9,39,4,2,0,7,2,False,0,2706425826
1779856750000,1779856750994,10,195,False,5.574,5.578,5.574,5.578,138.20000000000002,132.9,5.3,6,5,1,5.577,5.578,0.001000000000000334,5.577500000000001,5.577968162711524,5.578334985903673,2831.0,9697.5,19068.5,5257.4,13302.4,31590.4,19068.5,31590.4,-0.24718065335014686,0.9232995658399182,-0.22561368038010343,-9.224541285645565e-07,5.776153289870627e-07,-1.500069457551619e-06,0.3764096733249167,-0.9363254477096258,0.6036169215964152,132.9,5.3,127.60000000000001,-3879.3000000000006,2.056743026129729,23.033333329494447,110.4,127.60000000000001,2.917233665487735,7.012622671720738,0.0008967806178978502,0.00023898600236535762,0.00043081867298969546,8.851058978351218e-08,0.006000000000000227,0.0008967806178978502,6.489005918171933e-06,1,0.9999997500000624,0.0009999999999994458,0.001000000000000334,-0.0029999999999983373,5.629561170826786e-06,4485.31061549386,-0.6217948944532568,False,115.33199988466801,0.36923076923076925,-0.003999999999997783,-0.00013645,5.57489388,5.57860158,-0.0037076999999996474,4775482.0,0.0005300912418580264,1.9842,-0.00013645,2,2,False,1.0622042863655328,0.49331174680067097,10,39,4,2,0,10,6,False,0,993024291
1779856751000,1779856752086,10,196,False,5.578,5.578,5.578,5.578,7.300000000000001,7.300000000000001,0.0,2,2,0,5.577,5.578,0.001000000000000334,5.577500000000001,5.577710706140569,5.578112712595193,3000.7999999999997,9512.5,18964.9,4977.9,13845.3,32542.5,18964.9,32542.5,-0.26360484124610706,0.9999999998630137,-0.21975321823221083,-9.407730163002555e-07,5.570539210171454e-07,-1.4978269373174009e-06,0.3681975793769368,-0.4214123006826329,0.5827732964584595,7.300000000000001,0.0,7.300000000000001,-3872.0000000000005,2.0548825990435082,3.649999998175,4.4,7.300000000000001,0.9732916128433098,1.4858840988322672,0.0,0.00023559563124394458,0.0,5.633043247665846e-08,0.006000000000000227,-0.0008967806178978502,0.0,1,0.0,0.0009999999999994458,0.001000000000000334,-0.0029999999999983373,5.406533315296575e-06,4485.310615110551,-0.6474358650667761,False,114.155999885844,0.33163265306122447,-0.003999999999997783,-0.00013645,5.57489388,5.57860158,-0.0037076999999996474,4775436.6,0.0005205793085824423,1.9842,-0.00013645,2,1,False,1.0540565100234311,0.5122265501009333,11,39,4,2,0,10,2,False,0,1539263662
1779856752000,1779856753026,10,197,False,5.577,5.578,5.577,5.578,25.5,2.1,23.4,4,2,2,5.577,5.578,0.001000000000000334,5.577500000000001,5.577719038450812,5.578149181755407,2868.7,9380.4,18850.7,4928.5,13483.4,31906.7,18850.7,31906.7,-0.25722357725178485,-0.8352941176143021,-0.21562959731088888,-9.415912797214241e-07,5.695619966718677e-07,-1.5111532763932917e-06,0.3713882113740978,-0.4380769230760806,0.5908069465033805,2.1,23.4,-21.299999999999997,-3893.3000000000006,2.118656940058475,6.37499999840625,22.4,-21.299999999999997,1.887988528242619,4.777070040873869,0.0,0.00023215575288131312,0.00010767569807304605,2.4144501390784638e-08,0.006000000000000227,0.0,0.0,1,0.9999990000010001,0.0009999999999994458,0.001000000000000334,0.0029999999999983373,4.486921194660242e-06,4485.310614779576,-0.6368420996374536,False,113.73599988626398,0.3197969543147208,0.0019999999999988916,-0.00013645,5.57489388,5.57860158,-0.0037076999999996474,4775436.6,0.0005205793085824423,1.9842,-0.00013645,2,2,False,1.0399681730627415,0.4843591231776478,12,39,4,2,0,7,4,False,0,3860810815
1779856753000,1779856754012,10,198,False,5.578,5.579,5.578,5.579,381.29999999999995,377.79999999999995,3.5,4,3,1,5.578,5.579,0.0009999999999994458,5.5785,5.578040362392272,5.579117359280963,3073.5,9627.5,19329.6,4448.7,11712.4,29851.6,19329.6,29851.6,-0.2139435394012303,0.9816417518988155,-0.12721446109700468,-9.295185796450805e-07,5.846857624605039e-07,-1.5142043421055845e-06,0.3930282302993747,0.9192751235509119,0.6475230808398663,377.79999999999995,3.5,374.29999999999995,-3519.000000000001,2.1803403190729513,95.32499997616874,374.9,374.29999999999995,1.8345759894336886,3.8560411162363444,0.00017925965809396577,0.00023214954135609853,0.00010765639616402979,8.04792645900531e-09,0.008000000000000007,0.00017925965809396577,4.7012761105034267e-07,1,0.9999990000010001,0.0009999999999994458,0.0009999999999994458,-0.0009999999999994458,1.6910193139864534e-06,4485.310614490279,-0.6002710183355565,False,120.773999879226,0.4090909090909091,-0.0019999999999988916,-0.00013645,5.57489388,5.57860158,-0.0037076999999996474,4775436.6,0.0005205793085824423,1.9842,-0.00013645,2,2,False,0.9717088542472884,0.5006881948320412,13,39,4,2,0,9,4,False,0,1323103592
1779856754000,1779856754991,10,199,False,5.579,5.58,5.578,5.579,66.8,47.3,19.5,5,3,2,5.578,5.579,0.0009999999999994458,5.5785,5.578147246712571,5.579359772932363,3099.2000000000003,9858.7,19367.3,4687.1,11703.6,29637.0,19367.3,29637.0,-0.20956732368383574,0.41616766466442856,-0.12128217789789612,-9.275580627958989e-07,5.804548393285944e-07,-1.5080129021244933e-06,0.39521633815807194,0.7055065409166247,0.6534838208995292,47.3,19.5,27.799999999999997,-3491.2000000000007,2.272788177464002,13.359999997328,31.5,27.8,2.199941044826758,17.09401680181168,0.0,0.00023128116466372375,0.00021529349733818653,0.0,0.008000000000000007,-0.00017925965809396577,0.0,1,0.0,0.0009999999999994458,0.0009999999999994458,-0.0009999999999994458,1.483119171046973e-06,4485.310614452552,-0.6002710183355565,False,118.413999881586,0.38190954773869346,-0.0019999999999988916,-0.00013645,5.57489388,5.57860158,-0.0037076999999996474,4775436.6,0.0005205793085824423,1.9842,-0.00013645,2,1,False,0.9925547676901674,0.5006881948320412,14,39,4,2,0,8,5,False,0,3332155052
1779856755000,1779856756091,10,200,False,5.58,5.58,5.579,5.58,25.299999999999997,2.9,22.4,3,2,1,5.579,5.58,0.001000000000000334,5.5794999999999995,5.579816275144381,5.580114082066495,2721.5,9038.4,18978.0,4672.3,12609.1,30477.5,18978.0,30477.5,-0.2325221663920043,-0.7707509881118281,-0.2158078836393761,-9.384140854743895e-07,5.664570596860213e-07,-1.5048711451604107e-06,0.38373891680398775,-0.6325503355678166,0.6226888688376467,2.9,22.4,-19.5,-3510.7000000000007,2.296631188038953,8.43333333052222,22.4,-19.5,1.3062611072766013,2.557544750492213,0.00017922752982827125,0.0002338690707963007,0.00010763710117408921,0.0,0.008000000000000007,0.00017922752982827125,7.08409208779396e-06,1,0.0,0.0010000000000012221,0.001000000000000334,-0.0010000000000012221,1.3655399455496687e-06,3.823018742873905e-06,-0.6002710183355565,False,115.93599988406399,0.38,-0.0020000000000024443,-0.00013645,5.57489388,5.57860158,-0.0037076999999996474,4775436.6,0.0005219418600512912,1.9842,-0.00013645,2,2,False,0.9883096798634228,0.5158965494071935,15,39,4,2,0,10,3,False,0,2454227711
1779856756000,1779856757048,10,201,False,5.5794999999999995,5.5794999999999995,5.5794999999999995,5.5794999999999995,0.0,0.0,0.0,0,0,0,5.579,5.58,0.001000000000000334,5.5794999999999995,5.579814590727474,5.580593367273152,2599.6,8910.2,18852.0,5924.8,14160.3,32298.4,18852.0,32298.4,-0.26287966467514895,0.0,-0.2534053642922284,-9.412667329025425e-07,5.421333577886824e-07,-1.4834000906912248e-06,0.3685601676624158,-0.6291814946596826,0.5836821638223384,0.0,0.0,0.0,-3510.7000000000007,2.221331804824561,0.0,0.0,0.0,0.0,0.0,-8.960974960081675e-05,0.00023472587764518247,0.0,1.60605340694843e-08,0.007499999999999396,-0.000268837279429088,89609.74960081675,1,0.0,0.0,0.001000000000000334,-0.0,1.3655399455496687e-06,4.0001131096669385e-06,-0.6002710183355565,False,115.93599988406399,0.38,-0.0,-0.00013645,5.57489388,5.57860158,-0.0037076999999996474,4775439.4,0.0005225284999069965,1.9842,-0.00013645,2,1,False,0.9925547676901674,0.5255257979778134,16,39,4,2,0,8,0,False,0,1397844430
1779856757000,1779856758008,10,202,False,5.58,5.58,5.58,5.58,6.5,6.5,0.0,1,1,0,5.579,5.58,0.001000000000000334,5.5794999999999995,5.579770100078851,5.580200807327115,2697.8,9008.4,18951.3,5204.8,13334.2,31436.3,18951.3,31436.3,-0.24777921552127416,0.9999999998461538,-0.23091428192343408,-9.371383721979305e-07,5.54730601415152e-07,-1.4918689736130825e-06,0.37611039223935305,-0.5402001937341292,0.6028476633700339,6.5,0.0,6.5,-3504.2000000000007,2.181288139092608,6.4999999934999995,6.5,6.5,0.45844470596055426,1.0,8.96097496008825e-05,0.00023557956829376738,0.0,2.409044129301127e-08,0.008000000000000007,0.00017921949920169923,1.378611532109175e-05,1,0.0,0.0010000000000012221,0.001000000000000334,-0.0010000000000012221,1.5530749200032277e-06,4480.487484044237,-0.6002710183355565,False,115.23399988476599,0.35,-0.0020000000000024443,-0.00013645,5.57489388,5.57860158,-0.0037076999999996474,4775439.4,0.0005225284999069965,1.9842,-0.00013645,2,2,False,0.9677847646616642,0.5187630050989486,17,39,4,2,0,8,1,False,0,4097840574
1779856758000,1779856759088,10,203,False,5.58,5.58,5.58,5.58,79.0,79.0,0.0,1,1,0,5.579,5.58,0.001000000000000334,5.5794999999999995,5.579524990723511,5.5797989287672545,3293.2000000000003,9673.6,19561.100000000002,4828.3,13050.300000000001,30999.8,19561.100000000002,30999.8,-0.22623608361401343,0.9999999999873417,-0.1943997085215503,-9.202978183966e-07,5.580022267360615e-07,-1.4783000451326614e-06,0.38688195819298343,-0.04998148833746767,0.6310072968212496,79.0,0.0,79.0,-3425.2000000000007,2.142557380433834,78.999999921,79.0,79.0,0.46673195717670063,1.0,0.0,0.00022149093974236473,0.0,2.409044129301127e-08,0.006999999999999673,-8.96097496008825e-05,0.0,1,0.0,0.0010000000000012221,0.001000000000000334,-0.0010000000000012221,9.196544451420483e-07,4480.4874830188855,-0.6002710183355565,False,116.36599988363399,0.38,-0.0020000000000024443,-0.00013645,5.57489388,5.57860158,-0.0037076999999996474,4775439.4,0.0005225284999069965,1.9842,-0.00013645,1,1,False,0.9242054862124283,0.5368793063291306,18,39,4,2,0,9,1,False,0,3420642323
1779856759000,1779856760042,10,204,False,5.58,5.58,5.579,5.58,27.6,8.5,19.1,4,3,1,5.579,5.58,0.001000000000000334,5.5794999999999995,5.5795184752797375,5.579821006546499,3335.0,9518.1,19405.600000000002,4865.3,12836.9,30538.0,19405.600000000002,30538.0,-0.22289943055766454,-0.38405797100057765,-0.1899625041870704,-9.308264420961558e-07,5.674414476070785e-07,-1.4982678897032343e-06,0.3885502847211577,-0.03695060287811382,0.6354574628331707,8.5,19.1,-10.600000000000001,-3435.8000000000006,2.2034571384523964,6.899999998275001,19.1,-10.600000000000001,1.815329160881287,6.8027210421583595,0.0,0.00022149093974236473,0.00010763710117408921,2.409044129301127e-08,0.006999999999999673,0.0,0.0,1,0.0,0.0010000000000012221,0.001000000000000334,0.0010000000000012221,1.01269360350767e-06,4480.4874830188855,-0.6002710183355565,False,114.997999885002,0.335,0.0,-0.00013645,5.57489388,5.57860158,-0.0037076999999996474,4775439.4,0.0005225284999069965,1.9842,-0.00013645,1,2,False,0.9011956558505848,0.5368793063291306,19,39,4,2,0,8,4,False,0,2610928558
1779856760000,1779856760996,10,205,False,5.579,5.579,5.579,5.579,22.4,0.0,22.4,1,0,1,5.579,5.58,0.001000000000000334,5.5794999999999995,5.579491610714851,5.57974503055132,3472.3,9594.300000000001,19530.4,4808.3,12659.9,30405.100000000002,19530.4,30405.100000000002,-0.2177749296592561,-0.9999999999553572,-0.17854043573639636,-9.287751621715556e-07,5.698058441702826e-07,-1.4985810063418382e-06,0.391112535170362,0.016778523489862508,0.6423396075000364,0.0,22.4,-22.4,-3458.2000000000007,2.1639995273555965,22.399999977599997,22.4,-22.4,0.46210730958887536,1.0,-0.0001792275298283738,0.0002250874535827683,0.0,2.409044129301127e-08,0.0009999999999994458,-0.0001792275298283738,8.001229009838062e-06,1,0.0,0.0009999999999994458,0.001000000000000334,0.0009999999999994458,1.40951311484174e-06,4480.487483343573,-0.62466120087228,False,114.96399988503599,0.33,0.0,-0.00013645,5.57489388,5.57860158,-0.0037076999999996474,4775439.4,0.0005042077230226783,1.9842,-0.00013645,1,1,False,0.9011956558505848,0.5035994557672855,20,39,4,2,0,7,1,False,0,2275713918
1779856761000,1779856762100,10,206,False,5.58,5.58,5.58,5.58,1.4,1.4,0.0,1,1,0,5.579,5.58,0.001000000000000334,5.5794999999999995,5.579407935936027,5.579760689669877,3478.1,9600.1,19536.2,4763.5,12570.3,30531.600000000002,19536.2,30531.600000000002,-0.2196102085571921,0.9999999992857143,-0.17771877242107484,-9.292929787273051e-07,5.648197007077763e-07,-1.4941126794350814e-06,0.390194895721394,0.18412808910482376,0.6398682021249905,1.4,0.0,1.4,-3456.8000000000006,2.1258356084259047,1.3999999985999998,1.4,1.4,0.4704032595775627,1.0,0.00017922752982827125,0.00022862739803617603,0.0,5.621294874137351e-08,0.0019999999999997797,0.00035845505965664506,0.00012801966407160827,1,0.0,0.0010000000000012221,0.001000000000000334,0.0010000000000012221,8.401012791081701e-07,4480.487483743635,-0.6106442373395992,False,114.987999885012,0.33,0.0,-0.00013645,5.57489388,5.57860158,-0.0037076999999996474,4775505.8,0.0005181192134275716,1.9842,-0.00013645,1,2,False,0.89040968901899,0.5035772242657145,21,39,4,2,0,9,1,False,0,3332861964
1779856762000,1779856763000,10,207,False,5.580500000000001,5.580500000000001,5.580500000000001,5.580500000000001,0.0,0.0,0.0,0,0,0,5.58,5.581,0.001000000000000334,5.580500000000001,5.580467481903389,5.5815765405672035,2158.4,8702.7,19018.9,5322.599999999999,13120.699999999999,31877.2,19018.9,31877.2,-0.2526382178595167,0.0,-0.20673800391645042,-9.194537693345235e-07,5.68223368400711e-07,-1.4876771377352345e-06,0.37368089107023184,0.06503613118362962,0.5966301933670274,0.0,0.0,0.0,-3456.8000000000006,2.056136080280793,0.0,0.0,0.0,0.0,0.0,8.960172041319237e-05,0.00022950361772277635,0.0,7.227204375939337e-08,0.002500000000000391,-8.962580941507888e-05,89601.72041319236,1,0.0,0.0,0.001000000000000334,0.0020000000000024443,8.401012791081701e-07,4480.487486943695,-0.5944767118308983,False,114.987999885012,0.33,0.0020000000000024443,-0.00013645,5.57489388,5.57860158,-0.0037076999999996474,4775505.8,0.0005181192134275716,1.9842,-0.00013645,1,1,False,0.8987842627914124,0.511779871151034,22,39,4,2,0,8,0,False,0,458231191
1779856763000,1779856764056,10,208,False,5.58,5.581,5.58,5.581,119.5,119.5,0.0,2,2,0,5.58,5.581,0.001000000000000334,5.580500000000001,5.580461009142315,5.581523707788226,2487.6,8939.1,19053.8,5469.7,13330.8,32350.6,19053.8,32350.6,-0.25867046400696714,0.9999999999916318,-0.21429283488913323,-9.266204433532453e-07,6.075245898093863e-07,-1.5341450331626316e-06,0.37066476799650677,0.07798165137569961,0.5889782569720318,119.5,0.0,119.5,-3337.3000000000006,2.054295553058472,59.749999970124996,117.2,119.5,0.9735697456234057,10.416666558159724,8.959369266393589e-05,0.00022685352311294446,0.00010761781309922521,8.029979276025284e-08,0.002000000000000668,-8.027749256482781e-09,7.497380139178757e-07,1,0.9999990000010001,0.0009999999999994458,0.001000000000000334,0.00300000000000189,6.365319743224286e-07,8960.172119924764,-0.575757545240984,False,117.305999882694,0.385,0.0020000000000024443,-0.00013645,5.57489388,5.57860158,-0.0037076999999996474,4775505.8,0.0005181192134275716,1.9842,-0.00013645,1,1,False,0.912633711281246,0.5197197288638831,23,39,4,2,0,9,2,False,0,2638071094
1779856764000,1779856765064,10,209,False,5.580500000000001,5.580500000000001,5.580500000000001,5.580500000000001,0.0,0.0,0.0,0,0,0,5.58,5.581,0.001000000000000334,5.580500000000001,5.58022685368505,5.581423195162343,2604.8999999999996,9027.8,19275.2,5071.7,12699.5,31701.4,19275.2,31701.4,-0.2437628245116339,0.0,-0.1810847598967109,-9.198009048174815e-07,6.169077734550109e-07,-1.5367086782724924e-06,0.37811858774417323,0.5462925851681512,0.6080236204079124,0.0,0.0,0.0,-3337.3000000000006,1.986941600499178,0.0,0.0,0.0,0.0,0.0,-8.95936926638878e-05,0.00022773640999412627,0.0,8.832682252540834e-08,0.001500000000000945,-0.0001791873853278237,89593.69266388779,1,0.0,0.0,0.001000000000000334,-0.0020000000000024443,6.365319743224286e-07,8960.172119962252,-0.6253968259638879,False,117.305999882694,0.385,-0.0020000000000024443,-0.00013645,5.57489388,5.57860158,-0.0037076999999996474,4775505.8,0.0005181192134275716,1.9842,-0.00013645,1,1,False,0.9242054862124283,0.5108128553145579,24,39,4,2,0,8,0,False,0,3620495304
1779856765000,1779856766012,10,210,False,5.581,5.581,5.581,5.581,1.2,1.2,0.0,1,1,0,5.579,5.58,0.001000000000000334,5.5794999999999995,5.579462170077069,5.58039206885346,2635.5,8658.9,18964.0,5207.0,13133.0,28734.2,18964.0,28734.2,-0.20483372538166633,0.9999999991666666,-0.2083661549878312,-9.413990477556298e-07,6.261291172000134e-07,-1.5675281649556432e-06,0.3975831373091564,0.07565982404677293,0.6599800934078325,1.2,0.0,1.2,-3336.100000000001,1.954582859499205,1.1999999987999999,1.2,1.2,0.5116181156651489,1.0,8.959369266393589e-05,0.00022506550788143468,0.0,9.635385229056384e-08,0.001000000000000334,0.0001791873853278237,7.466141049106206e-05,1,0.0,0.00300000000000189,0.001000000000000334,0.00300000000000189,7.264549796665732e-07,13439.856753047288,-0.6253968259638879,False,117.01199988298798,0.37,0.0,-0.00013645,5.57489388,5.57860158,-0.0037076999999996474,4775505.8,0.0004808922732589874,1.9842,-0.00013645,1,2,False,0.9199586526216852,0.5035550840265021,25,39,4,2,0,8,1,False,0,4001060054
1779856766000,1779856767146,10,211,False,5.58,5.58,5.58,5.58,194.5,3.6,190.9,2,1,1,5.579,5.58,0.001000000000000334,5.5794999999999995,5.579205512383316,5.580016700824233,3080.4,8923.4,19228.5,4482.1,12173.199999999999,27803.1,19228.5,27803.1,-0.18231571964381005,-0.9629820051364372,-0.15323721826652384,-9.452273173716298e-07,6.383812846118729e-07,-1.5836086019835028e-06,0.4088421401780844,0.5889752127255106,0.6915955415043398,3.6,190.9,-187.3,-3523.400000000001,1.9560719460730016,97.249999951375,190.9,-187.3,1.0224572787277741,1.912045885445419,-0.00017919541307700388,0.00022860453329127148,0.0,1.1240863105657195e-07,0.0005000000000006111,-0.0002687891057409398,9.213131777690621e-07,1,0.0,0.0010000000000012221,0.001000000000000334,0.0030000000000001137,1.7063662044749346e-06,13439.856760513761,-0.6253968259638879,False,120.44799987955197,0.415,0.0019999999999988916,-0.00013645,5.58081203,5.5814439,-0.0006318700000003119,4775512.4,0.00048227499043411107,1.9842,-0.00013645,1,1,False,0.9750819896391673,0.48338808536478867,26,39,4,2,0,9,2,False,0,1168596818
1779856767000,1779856768070,10,212,False,5.58,5.58,5.58,5.58,20.2,20.2,0.0,3,3,0,5.579,5.58,0.001000000000000334,5.5794999999999995,5.579188900737141,5.579967882280483,3222.6,9110.0,19415.1,4477.2,12287.199999999999,27947.1,19415.1,27947.1,-0.1801436588671941,0.999999999950495,-0.14747275499390128,-9.398180601196832e-07,6.355616282629113e-07,-1.5753796883825944e-06,0.4099281705663924,0.6221985058686905,0.6947089322326576,20.2,0.0,20.2,-3503.200000000001,1.9902990953820836,6.733333331088889,15.3,20.2,1.5073111400458985,5.050505024997449,0.0,0.00022860453329127145,0.0,1.1240863105657195e-07,0.0,0.00017919541307700388,0.0,1,0.0,0.0010000000000012221,0.001000000000000334,-0.0030000000000001137,1.5080818188562814e-06,13439.856760513761,-0.6253968259638879,False,120.04999987994998,0.39,-0.004000000000001336,-0.00013645,5.58081203,5.5814439,-0.0006318700000003119,4775512.4,0.00048227499043411107,1.9842,-0.00013645,1,2,False,0.9681026112418986,0.4931530268254672,27,39,4,2,0,7,3,False,0,2734810200
1779856768000,1779856769001,10,213,False,5.579,5.579,5.579,5.579,22.4,0.0,22.4,1,0,1,5.579,5.58,0.001000000000000334,5.5794999999999995,5.5791309564525555,5.579920277541438,3307.9,9227.0,19535.3,4402.6,12320.4,27918.899999999998,19535.3,27918.899999999998,-0.17666718646610463,-0.9999999999553572,-0.13927574628500353,-9.373550363730952e-07,6.353825274995568e-07,-1.572737563872652e-06,0.41166640676693717,0.7380870757615049,0.6997159630214407,0.0,22.4,-22.4,-3525.6000000000013,1.957830272582671,22.399999977599997,22.4,-22.4,0.5107695051471857,1.0,-0.0001792275298283738,0.00022859570201143667,0.0,1.1240863105657194e-07,-0.001000000000000334,-0.0001792275298283738,8.001229009838062e-06,1,0.0,0.0009999999999994458,0.001000000000000334,0.005000000000000782,1.7504852398373297e-06,13439.856760864795,-0.6253968259638879,False,119.60199988039798,0.385,0.004000000000001336,-0.00013645,5.58081203,5.5814439,-0.0006318700000003119,4775512.4,0.00048227499043411107,1.9842,-0.00013645,1,1,False,0.9681026112418986,0.4846375768012159,28,39,4,2,0,7,1,False,0,2075412224
1779856769000,1779856770056,10,214,False,5.58,5.58,5.579,5.579,32.7,1.9,30.8,2,1,1,5.579,5.58,0.001000000000000334,5.5794999999999995,5.579115241627391,5.5799343216533455,3389.7,9175.5,19483.8,4448.5,12321.5,27920.0,19483.8,27920.0,-0.1779646357464976,-0.8837920489026364,-0.14316612899815118,-9.450809049928776e-07,6.355042609761948e-07,-1.5805851659690722e-06,0.41101768212674067,0.769516728623391,0.6978438395415223,1.9,30.8,-28.900000000000002,-3554.5000000000014,1.959212886596354,16.349999991825,30.8,-28.900000000000002,1.0208181115293118,3.5211267481650466,0.0,0.00022859570201143667,0.00010763710117408921,1.1240863105657194e-07,-0.001000000000000334,0.0001792275298283738,0.0,1,-0.9999990000010001,0.0009999999999994458,0.001000000000000334,0.00300000000000189,6.345649133139871e-06,13439.856760864795,-0.6476190576135256,False,116.06199988393799,0.35,0.0020000000000024443,-0.00013645,5.58081203,5.5814439,-0.0006318700000003119,4775512.4,0.00048227499043411107,1.9842,-0.00013645,1,2,False,0.9636771994671679,0.48246826064317794,29,39,4,2,0,9,2,False,0,3813757027
1779856770000,1779856771184,10,215,False,5.579,5.579,5.579,5.579,22.4,0.0,22.4,1,0,1,5.579,5.58,0.001000000000000334,5.5794999999999995,5.579106970805357,5.5798598690566195,3398.6,9157.1,19528.4,4131.5,12049.3,27582.1,19528.4,27582.1,-0.17095339680113408,-0.9999999999553572,-0.12884026597877335,-9.449874928577586e-07,6.379989503691448e-07,-1.5829864432269034e-06,0.4145233015994224,0.7860583734757919,0.7080099049745775,0.0,22.4,-22.4,-3576.9000000000015,1.9277632837571292,22.399999977599997,22.4,-22.4,0.5187358883256176,1.0,0.0,0.00010975072275952928,0.0,1.1240863105657195e-07,0.0,0.0,0.0,1,0.0,0.0009999999999994458,0.001000000000000334,0.00300000000000189,6.276123322233292e-06,13439.856758972852,-0.6270902339847105,False,113.81999988617997,0.26,0.0020000000000024443,-0.00013645,5.58081203,5.5814439,-0.0006318700000003119,4775512.4,0.0004490748755890302,1.9842,-0.00013645,0,2,False,0.9681026112418986,0.5264288686797338,30,39,4,2,0,7,1,False,0,38910782
1779856771000,1779856772036,10,216,False,5.58,5.582,5.58,5.582,303.3,303.3,0.0,3,3,0,5.581,5.582,0.0009999999999994458,5.5815,5.581808777931829,5.58279321535987,2475.1,8186.9,18193.4,5289.5,13518.5,31055.1,18193.4,31055.1,-0.26115922312354156,0.999999999996703,-0.20128260810456755,-9.743866403699416e-07,6.018196168857843e-07,-1.576206257255726e-06,0.3694203884382191,-0.6175558818720549,0.5858425830217715,303.3,0.0,303.3,-3273.6000000000013,1.9629185859290266,101.0999999663,219.8,303.3,1.5283364373728208,17.094016801811676,0.0005375862507391157,0.00016277337004383125,0.00021521634503502213,1.1240863105657194e-07,0.0019999999999997797,0.0005375862507391157,1.7724571405781183e-06,1,0.9999995000002501,0.0009999999999994458,0.0009999999999994458,0.0029999999999983373,5.796064219169566e-06,13439.856760172823,-0.5815602847934819,False,119.44999988054997,0.395,0.0019999999999988916,-0.00013645,5.58081203,5.5814439,-0.0006318700000003119,4775520.4,0.0004507508407899592,1.9842,-0.00013645,0,2,False,0.9895438305735396,0.48317949116640446,31,39,4,2,0,7,3,False,0,3212127148
1779856772000,1779856773068,10,217,False,5.581,5.582,5.581,5.581,107.0,44.6,62.4,3,1,2,5.581,5.582,0.0009999999999994458,5.5815,5.581850491908675,5.582901979631993,2438.7,8054.9,18046.8,5987.1,14364.300000000001,31979.1,18046.8,31979.1,-0.2785017361006943,-0.16635514018536113,-0.2301408773359474,-9.824194661451135e-07,5.907829029821915e-07,-1.5732023691273049e-06,0.3607491319496429,-0.7009838369629287,0.5643310787357817,44.6,62.4,-17.799999999999997,-3291.4000000000015,1.996921255242829,35.66666665477778,44.6,-17.799999999999997,1.5023126177966803,4.962779131698366,-0.0001791633078338571,0.0001676309772659114,0.00010759853193570526,2.087243619849932e-07,0.0004999999999997229,-0.0007167495585729728,1.67442343768395e-06,1,0.0,0.0009999999999994458,0.0009999999999994458,-0.0009999999999994458,6.120754649053321e-06,13439.856760202358,-0.5815602847934819,False,118.02199988197798,0.38,-0.0019999999999988916,-0.00013645,5.58081203,5.5814439,-0.0006318700000003119,4775520.4,0.0004507508407899592,1.9842,-0.00013645,1,1,False,0.9957738567864942,0.49107207161560235,32,39,4,2,0,9,3,False,0,98946788
1779856773000,1779856774088,10,218,False,5.582,5.582,5.582,5.582,51.199999999999996,51.199999999999996,0.0,3,3,0,5.581,5.582,0.0009999999999994458,5.5815,5.581767789710163,5.582907246340725,2457.4,8165.8,18064.5,6039.3,14639.1,32284.8,18064.5,32284.8,-0.2824329235957544,0.9999999999804688,-0.22556015881233127,-9.833260242398684e-07,5.844882771854386e-07,-1.567814301425307e-06,0.35878353820211284,-0.5355794365371253,0.559535756764776,51.199999999999996,0.0,51.199999999999996,-3240.2000000000016,2.0298090829397855,17.066666660977777,46.4,51.199999999999996,1.4779715115754184,2.5740025673770845,0.00017916330783374044,0.000167625826863949,0.0,2.408238528589417e-07,0.0009999999999994458,0.00035832661566759754,3.499283356059398e-06,1,0.0,0.0009999999999994458,0.0009999999999994458,0.0029999999999983373,6.232078686746931e-06,13439.856759934588,-0.5815602847934819,False,118.78799988121196,0.395,0.0019999999999988916,-0.00013645,5.58081203,5.5814439,-0.0006318700000003119,4775520.4,0.0004507508407899592,1.9842,-0.00013645,1,2,False,0.93535339293612,0.4760518241259454,33,39,4,2,0,9,3,False,0,1841198752
1779856774000,1779856775042,10,219,False,5.582,5.582,5.58,5.58,203.60000000000002,1.4,202.20000000000002,3,1,2,5.58,5.581,0.001000000000000334,5.580500000000001,5.580569440783459,5.58187200152091,2398.9,8031.599999999999,17997.1,5480.099999999999,13203.4,32355.8,17997.1,32355.8,-0.285161331323513,-0.9862475441994781,-0.23934029139955643,-9.838661112395316e-07,5.982133633388387e-07,-1.5820794745783703e-06,0.35741933433823364,-0.13888159621911558,0.5562248499496054,1.4,202.20000000000002,-200.8,-3441.000000000002,2.0616186212040546,67.86666664404446,179.8,-200.8,1.45516729801011,3.521126748165046,-0.0003583587209108666,0.00018579415080800102,0.00021521634503502213,3.050285866884008e-07,-0.0005000000000006111,-0.0005375220287446071,1.7601115958207587e-06,1,-0.9999995000002501,0.0010000000000012221,0.001000000000000334,0.009000000000000341,6.5031094575560385e-06,13439.856760284547,-0.5815602847934819,False,121.25399987874599,0.45,0.007999999999999119,-0.00013645,5.58081203,5.5814439,-0.0006318700000003119,4775520.4,0.0004507508407899592,1.9842,-0.00013645,1,1,False,0.9657113070602846,0.48380037526052383,34,39,4,2,0,8,3,False,0,2079078343
1779856775000,1779856776020,10,220,False,5.58,5.581,5.58,5.581,20.099999999999998,2.2,17.9,2,1,1,5.58,5.581,0.001000000000000334,5.580500000000001,5.580548853425772,5.581731830834317,2439.9,8043.4,18170.1,5103.099999999999,12733.199999999999,31850.2,18170.1,31850.2,-0.2734909626691509,-0.7810945273243237,-0.22668432268840868,-9.810974904389202e-07,6.075577151160309e-07,-1.5886552055549512e-06,0.3632545186654145,-0.0977068793616707,0.5704862135873379,2.2,17.9,-15.7,-3456.7000000000016,2.0595983385416265,10.049999994974998,17.9,-15.7,0.971063125077635,1.4534883699803949,0.00017919541307693447,0.00018579260185873844,0.00010761781309922521,3.531842916422612e-07,0.0,0.0005375541339878011,8.91519468000096e-06,1,0.9999990000010001,0.0009999999999994458,0.001000000000000334,0.006999999999999673,6.36963568964659e-06,13439.856760194403,-0.5815602847934819,False,118.741999881258,0.4,0.006000000000000227,-0.00013645,5.58081203,5.5814439,-0.0006318700000003119,4775520.4,0.0004446727653832996,1.9842,-0.00013645,1,2,False,0.9369927449896065,0.4724857180023509,35,39,4,2,0,8,2,False,0,619724202
1779856776000,1779856777100,10,221,False,5.580500000000001,5.580500000000001,5.580500000000001,5.580500000000001,0.0,0.0,0.0,0,0,0,5.58,5.581,0.001000000000000334,5.580500000000001,5.580480879766107,5.581576524261395,2441.6,8045.099999999999,18171.8,4550.3,12114.7,31153.1,18171.8,31153.1,-0.2631794489193032,0.0,-0.21462654452655822,-9.813591124364536e-07,6.175499369515959e-07,-1.5989090493880495e-06,0.36841027554033834,0.03824043988993187,0.5833063162253328,0.0,0.0,0.0,-3456.7000000000016,1.9920705241632126,0.0,0.0,0.0,0.0,0.0,-8.95936926638878e-05,0.00018579221467144742,0.0,3.6120916318472753e-07,0.0005000000000006111,-0.00026878910574082226,89593.69266388779,1,0.0,0.0,0.001000000000000334,0.007999999999999119,6.36963568964659e-06,13439.85676024018,-0.5815602847934819,False,118.741999881258,0.405,0.007999999999999119,-0.00013645,5.58081203,5.5814439,-0.0006318700000003119,4775530.8,0.0004468515069077209,1.9842,-0.00013645,1,1,False,0.9178037852096838,0.47105292781707314,36,39,4,2,0,7,0,False,0,2749132655
1779856777000,1779856778306,10,222,False,5.58,5.58,5.58,5.58,9.5,0.0,9.5,1,0,1,5.58,5.581,0.001000000000000334,5.580500000000001,5.580492311494097,5.581628419975048,2445.6,8042.599999999999,18192.1,4798.6,12541.2,31534.9,18192.1,31534.9,-0.26832103283929726,-0.9999999998947369,-0.22445700479171998,-9.805926749488532e-07,6.121012835835458e-07,-1.592693958532399e-06,0.36583948358034135,0.015376984126945962,0.5768878290401879,0.0,9.5,-9.5,-3466.2000000000016,1.9595436217316318,9.4999999905,9.5,-9.5,0.5103229080483473,1.0,-8.960172041305312e-05,0.0001857920210514798,0.0,3.692369121855702e-07,0.0,-8.027749165314931e-09,9.431760042486458e-06,1,0.0,0.0010000000000012221,0.001000000000000334,0.006999999999999673,6.428046716456155e-06,13439.45530084871,-0.5815602847934819,False,118.40999988159,0.385,0.005999999999998451,-0.00013645,5.58081203,5.5814439,-0.0006318700000003119,4775530.8,0.0004468515069077209,1.9842,-0.00013645,1,1,False,0.9178037852096838,0.4733578185298353,37,39,4,2,0,7,1,False,0,3459098556
1779856778000,1779856779008,10,223,False,5.580500000000001,5.580500000000001,5.580500000000001,5.580500000000001,0.0,0.0,0.0,0,0,0,5.58,5.581,0.001000000000000334,5.580500000000001,5.580488555241003,5.581789874793584,2326.0,7923.0,18072.5,5022.0,12920.1,31958.5,18072.5,31958.5,-0.27754792028941505,0.0,-0.2381913964244931,-9.830799514637984e-07,6.039959531353699e-07,-1.5870759045991683e-06,0.3612260398552825,0.022889490524186863,0.5654990065240683,0.0,0.0,0.0,-3466.2000000000016,1.8952962898715782,0.0,0.0,0.0,0.0,0.0,8.960172041319237e-05,0.00018686920158614607,0.0,3.7726538048656157e-07,0.001500000000000945,0.00017920344082624547,89601.72041319236,1,0.0,0.0,0.001000000000000334,-0.0019999999999988916,6.428046716456155e-06,13439.455301320297,-0.5815602847934819,False,118.40999988159,0.385,-0.0019999999999988916,-0.00013645,5.58081203,5.5814439,-0.0006318700000003119,4775530.8,0.0004468515069077209,1.9842,-0.00013645,1,2,False,0.8949172498484768,0.46638427364292884,38,39,4,2,0,5,0,False,0,3747745307
1779856779000,1779856780022,10,224,False,5.581,5.584,5.581,5.584,1293.0,1293.0,0.0,5,5,0,5.584,5.585,0.001000000000000334,5.5845,5.584470893912844,5.585142795511309,3323.1,9594.6,18286.7,4789.900000000001,14157.7,34663.4,18286.7,34663.4,-0.3092855348715053,0.9999999999992266,-0.22054634333148462,-9.797969133637456e-07,5.423088979270884e-07,-1.522105811290834e-06,0.34535723256423795,0.058212058211453116,0.5275506730441756,1293.0,0.0,1293.0,-2173.2000000000016,1.9970898541380837,258.59999994828,619.6,1293.0,2.5036429818798953,6.451612861602498,0.0006269873464385509,0.00023361454392042133,0.00032273777994425195,4.33444525404758e-07,0.004999999999999893,0.0005373856260253585,4.84909007299355e-07,1,0.9999996666667778,0.0010000000000012221,0.001000000000000334,0.006999999999997897,2.8177447871503074e-06,44788.82262324784,-0.5815602847934819,False,143.96199985603798,0.47,0.005999999999996675,-0.00013645,5.58081203,5.5814439,-0.0006318700000003119,4775530.8,0.0004468515069077209,1.9842,-0.00013645,2,2,False,0.7179174548371348,0.4508498828414963,39,39,4,2,0,7,5,False,0,1451771700
1779856780000,1779856781072,10,225,False,5.585,5.585,5.584,5.584,118.5,3.0999999999999996,115.4,3,2,1,5.584,5.585,0.001000000000000334,5.5845,5.584572396227057,5.585208670076856,3454.6000000000004,9565.5,18192.8,5318.099999999999,14882.8,35221.1,18192.8,35221.1,-0.31879903920140046,-0.9476793248865175,-0.26575175861594424,-9.928676893152454e-07,5.393207250659653e-07,-1.5321884143812106e-06,0.3406004803992905,-0.14479254868632685,0.5165312838042959,3.0999999999999996,115.4,-112.30000000000001,-2285.500000000002,2.029972154002409,39.49999998683333,115.4,-112.30000000000001,1.4778527836488673,3.8240917635789984,0.0,0.00023015131926349552,0.00010754072987695125,4.013220179563957e-07,0.004999999999999893,-0.0006269873464385509,0.0,1,-0.9999990000010001,0.0010000000000012221,0.001000000000000334,-0.006999999999997897,2.7556083868025786e-06,44788.82262292316,-0.5815602847934819,False,145.935999854064,0.475,-0.007999999999999119,-0.00013645,5.58081203,5.5814439,-0.0006318700000003119,4775530.8,0.0004433513997160342,1.9842,-0.00013645,2,1,False,1.0308738286051191,0.44643676296582985,40,39,4,2,0,9,3,False,0,138786416
1779856781000,1779856781996,10,226,False,5.5845,5.5845,5.5845,5.5845,0.0,0.0,0.0,0,0,0,5.584,5.585,0.001000000000000334,5.5845,5.584547938834718,5.585211103359261,3541.1,9638.8,18222.3,5634.5,15229.0,35674.4,18222.3,35674.4,-0.3238064668152165,0.0,-0.2777878083235715,-9.972814312139396e-07,5.351869460235242e-07,-1.5324683772374637e-06,0.3380967665923825,-0.09587772116676298,0.5107948556948256,0.0,0.0,0.0,-2285.500000000002,1.963415689936756,0.0,0.0,0.0,0.0,0.0,8.953753867308287e-05,0.00022751780793575684,0.0,3.852629229383759e-07,0.002500000000000391,8.953753867308287e-05,89537.53867308286,1,0.0,0.0,0.001000000000000334,0.007999999999999119,2.7556083868025786e-06,44788.822622560874,-0.5815602847934819,False,145.935999854064,0.475,0.007999999999999119,-0.00013645,5.58081203,5.5814439,-0.0006318700000003119,4775628.0,0.0004637141819550763,1.9842,-0.00013645,1,2,False,1.0208348263086884,0.4559613897909992,41,39,4,2,0,8,0,False,0,3000242936
1779856782000,1779856783028,10,227,False,5.584,5.584,5.584,5.584,92.3,12.0,80.3,2,1,1,5.583,5.584,0.0009999999999994458,5.5835,5.583622310474731,5.584543618030973,2752.2999999999997,8499.6,17572.3,5133.2,15402.8,34589.3,17572.3,34589.3,-0.3262361584000429,-0.7399783315196101,-0.26909486937650484,-1.02327687367299e-06,5.501985101970599e-07,-1.5734753838700498e-06,0.336881920799969,-0.24462098642752525,0.5080270488272238,12.0,80.3,-68.3,-2353.800000000002,1.9646151755126002,46.149999976924995,80.3,-68.3,1.018011071028277,3.546099278205322,-8.953753867294389e-05,0.00022751654457296548,0.0,3.852521447691378e-07,0.0029999999999992255,-0.00017907507734602678,9.700708415165095e-07,1,0.0,0.0009999999999994458,0.0009999999999994458,-0.006999999999997897,2.7203634959625908e-06,49265.699553008,-0.5602836711390758,False,146.427999853572,0.49,-0.007999999999997343,-0.00013645,5.58081203,5.5814439,-0.0006318700000003119,4775628.0,0.0004637141819550763,1.9842,-0.00013645,1,1,False,1.0232172461189188,0.44644022187005616,42,39,4,2,0,9,2,False,0,1571699103
1779856783000,1779856784042,10,228,False,5.583,5.583,5.581,5.581,196.0,1.8,194.2,6,1,5,5.581,5.582,0.0009999999999994458,5.5815,5.581262340251613,5.582222379055741,3000.2,8710.0,20505.899999999998,4013.5,11561.300000000001,29666.2,20505.899999999998,29666.2,-0.18257756801090289,-0.981632653056216,-0.12353116164407214,-9.363370862761216e-07,6.091079626533885e-07,-1.5454450489295102e-06,0.40871121599453863,0.47531946880361986,0.6912209854986249,1.8,194.2,-192.39999999999998,-2546.200000000002,2.0969228746761215,32.66666666122222,132.0,-192.4,2.8613355644114424,5.605381134498984,-0.0005373936537747033,0.0002565190509923785,0.00021517778961583202,4.253420200614294e-07,-0.0009999999999994458,-0.00044785611510175934,2.7418043559793954e-06,1,-0.9999995000002501,0.0009999999999994458,0.0009999999999994458,-0.0009999999999994458,2.7323362247353734e-06,44786.01492010232,-0.5836120027744557,False,146.905999853094,0.49,-0.0019999999999988916,-0.00013645,5.58081203,5.5814439,-0.0006318700000003119,4775628.0,0.0004637141819550763,1.9842,-0.00013645,2,1,False,1.0557825823177833,0.43798510179392725,43,39,4,2,0,8,6,False,0,2910461430
1779856784000,1779856785002,10,229,False,5.582,5.582,5.582,5.582,1.8,1.8,0.0,1,1,0,5.58,5.581,0.001000000000000334,5.580500000000001,5.58060554316857,5.581874291815646,2379.4,7667.9,19606.1,6234.2,12645.5,32223.7,19606.1,32223.7,-0.24344296138514443,0.9999999994444444,-0.21680331693104526,-9.454707607950175e-07,6.153548503801854e-07,-1.560825611175203e-06,0.3782785193074181,-0.21108636476067533,0.6084372682218178,1.8,0.0,1.8,-2544.400000000002,2.0609581902605107,1.7999999982,1.8,1.8,0.485211201391905,1.0,0.00017916330783374044,0.000258854489197057,0.0,5.135962149154095e-07,0.0019999999999997797,0.0007165569616084437,9.953517096344737e-05,1,0.0,0.0029999999999983373,0.001000000000000334,0.0029999999999983373,2.722288381499796e-06,44786.01492011054,-0.53174603245486,False,89.915999910084,0.075,0.0,-0.00013645,5.58081203,5.5814439,-0.0006318700000003119,4775628.0,0.0004637141819550763,1.9842,-0.00013645,2,2,False,1.0252842626394616,0.46156401640366435,44,39,4,2,0,8,1,False,0,2593978553
1779856785000,1779856786049,10,230,False,5.581,5.581,5.58,5.58,322.7,0.0,322.7,2,0,2,5.58,5.581,0.001000000000000334,5.580500000000001,5.580491822078679,5.581755128290788,2473.0,8051.4,20105.5,6311.599999999999,12647.6,32280.2,20105.5,32280.2,-0.23240502656258807,-0.9999999999969011,-0.18716316274485545,-9.086169770275732e-07,6.164145051288488e-07,-1.5250314821564219e-06,0.3837974867186965,0.016355810616882734,0.6228431050612876,0.0,322.7,-322.7,-2867.1000000000017,2.0589595610716414,161.349999919325,300.3,-322.7,0.9713643904631528,1.2406947875425622,-0.0003583587209108666,0.0002702320183321268,0.00010761781309922521,5.617461699788606e-07,-0.001000000000000334,-0.0005375220287446071,1.110501149394968e-06,1,-0.9999990000010001,0.0010000000000012221,0.001000000000000334,0.0010000000000012221,2.734282576995549e-06,40306.33029686815,-0.53174603245486,False,95.151999904848,0.155,0.0,-0.00013645,5.58081203,5.5814439,-0.0006318700000003119,4775628.0,0.0004637141819550763,1.9842,-0.00013645,2,1,False,1.0347958217210937,0.48259792712643385,45,39,4,2,0,9,2,False,0,3609027724
1779856786000,1779856787114,10,231,False,5.580500000000001,5.580500000000001,5.580500000000001,5.580500000000001,0.0,0.0,0.0,0,0,0,5.58,5.581,0.001000000000000334,5.580500000000001,5.580418559204932,5.581760133830469,2487.3,8065.7,20119.8,6329.7,12605.8,32193.7,20119.8,32193.7,-0.23079893335371884,0.0,-0.1818111336604759,-9.089859935164334e-07,6.187290778233972e-07,-1.5277150713398304e-06,0.38460053332313104,0.1628815628811651,0.6249607842528002,0.0,0.0,0.0,-2867.1000000000017,1.9914526902168335,0.0,0.0,0.0,0.0,0.0,8.960172041319237e-05,0.00026799480842641936,0.0,5.938557278975453e-07,0.0,0.00044796044132405896,89601.72041319236,1,0.0,0.0,0.001000000000000334,0.0,2.734282576995549e-06,40306.330289415564,-0.53174603245486,False,95.151999904848,0.155,0.0,-0.00013645,5.58081203,5.5814439,-0.0006318700000003119,4775835.3,0.0005071422144462445,1.9842,-0.00013645,2,2,False,1.0702276649775087,0.5014752122289498,46,39,4,2,0,7,0,False,0,84402356
1779856787000,1779856788452,10,232,False,5.581,5.581,5.581,5.581,44.9,44.9,0.0,1,1,0,5.58,5.581,0.001000000000000334,5.580500000000001,5.580192378921461,5.581717081889648,2559.8,8138.2,20192.3,6110.2,12345.1,31885.5,20192.3,31885.5,-0.22453329441719458,0.9999999999777284,-0.15773859326135173,-9.089435276958977e-07,6.220199577708849e-07,-1.5309634854667827e-06,0.3877333527913931,0.6152421275453421,0.6332753132301318,44.9,0.0,44.9,-2822.2000000000016,1.9589460446359537,44.89999995509999,44.9,44.9,0.5104785822089138,1.0,8.959369266393589e-05,0.00026874256981686246,0.0,6.018834768984048e-07,0.001000000000000334,-8.027749256482781e-09,1.9954051817804117e-06,1,0.0,0.0009999999999994458,0.001000000000000334,0.0009999999999994458,2.7104116036775927e-06,44786.01492261236,-0.53174603245486,False,95.941999904058,0.175,0.0,-0.00013645,5.58081203,5.5814439,-0.0006318700000003119,4775835.3,0.0005071422144462445,1.9842,-0.00013645,2,1,False,1.2835122622952526,0.5014850960588673,47,39,4,2,0,5,1,False,0,1092910272
1779856788000,1779856788994,10,233,False,5.580500000000001,5.580500000000001,5.580500000000001,5.580500000000001,0.0,0.0,0.0,0,0,0,5.58,5.581,0.001000000000000334,5.580500000000001,5.580188195688377,5.58168585175869,2621.7,8289.6,20343.7,6065.599999999999,12300.5,31840.9,20343.7,31840.9,-0.22031787155597207,0.0,-0.15050435594580455,-9.028819456390443e-07,6.222078196361017e-07,-1.525089765275146e-06,0.3898410642220044,0.6236085943551034,0.6389172416608626,0.0,0.0,0.0,-2822.2000000000016,1.8947183054675618,0.0,0.0,0.0,0.0,0.0,-8.95936926638878e-05,0.00026649164142165835,0.0,6.099105066635603e-07,0.0,-0.0001791873853278237,89593.69266388779,-1,0.0,0.0,0.001000000000000334,-0.0,2.7104116036775927e-06,44786.01492226849,-0.53174603245486,False,95.941999904058,0.175,-0.0,-0.00013645,5.58081203,5.5814439,-0.0006318700000003119,4775835.3,0.0005071422144462445,1.9842,-0.00013645,2,0,False,1.2888639547360023,0.5165809652920986,48,39,4,2,0,3,0,False,0,202887747
1779856789000,1779856790084,10,234,False,5.58,5.58,5.58,5.58,22.4,0.0,22.4,1,0,1,5.58,5.581,0.001000000000000334,5.580500000000001,5.580250051019433,5.581713324189606,2590.9,8199.3,20254.5,6160.1,12437.6,31978.0,20254.5,31978.0,-0.22444837984013355,-0.9999999999553572,-0.16670782017291158,-9.063393407546204e-07,6.207354873484559e-07,-1.5270748281030762e-06,0.3877758100799237,0.49989793835374585,0.6333885796484885,0.0,22.4,-22.4,-2844.6000000000017,1.8653832790587892,22.399999977599997,22.4,-22.4,0.5360828579789157,1.0,-8.960172041305312e-05,0.00026724374335549686,0.0,6.17938255664403e-07,-0.0039999999999995595,-8.027749165314931e-09,4.000076803975583e-06,-1,0.0,0.0010000000000012221,0.001000000000000334,0.0010000000000012221,2.713592180154304e-06,49266.10094292115,-0.53174603245486,False,95.92199990407798,0.18,0.0,-0.00013645,5.58081203,5.5814439,-0.0006318700000003119,4775835.3,0.0005071422144462445,1.9842,-0.00013645,2,0,False,1.2690071500538216,0.5234477687396911,49,39,4,2,0,9,1,False,0,2612481409
1779856790000,1779856791092,10,235,False,5.581,5.581,5.581,5.581,2.3,2.3,0.0,2,2,0,5.58,5.581,0.001000000000000334,5.580500000000001,5.580235751788407,5.581688428489205,2604.8,8237.2,20250.2,6112.3,12555.4,32277.8,20250.2,32277.8,-0.2289750228449545,0.9999999995652173,-0.1760572119461529,-9.131997001589613e-07,6.164108416615163e-07,-1.5296105418204776e-06,0.38551248857751325,0.5284964014772836,0.6273723735818232,2.3,0.0,2.3,-2842.3000000000015,1.8697969420404683,1.1499999994249999,1.2,2.3,1.0696348646007565,8.264462741616011,0.00017919541307693447,0.00027023095338256375,0.0,6.339944729662241e-07,-0.0029999999999992255,0.0002687971334899876,7.791104913001018e-05,-1,0.0,0.0009999999999994458,0.001000000000000334,0.00300000000000189,2.697094523038384e-06,49266.100943321144,-0.53174603245486,False,95.653999904346,0.175,0.0020000000000024443,-0.00013645,5.58081203,5.5814439,-0.0006318700000003119,4775835.3,8.686146068180041e-05,1.9842,-0.00013645,2,1,False,1.2690071500538216,0.4932266510062111,50,39,4,2,0,7,2,False,0,542462512
1779856791000,1779856791998,10,236,False,5.581,5.581,5.581,5.581,1.0,1.0,0.0,1,1,0,5.58,5.581,0.001000000000000334,5.580500000000001,5.580170916150432,5.581677555331684,2588.6,8221.0,20235.1,6022.8,12269.1,31991.5,20235.1,31991.5,-0.22510368279765058,0.9999999989999999,-0.16570864356748738,-9.132254165291207e-07,6.210810362399338e-07,-1.5343064527690546e-06,0.38744815860116516,0.6581676750201856,0.6325148867667776,1.0,0.0,1.0,-2841.3000000000015,1.8412790095145513,0.9999999989999999,1.0,1.0,0.5431007437164815,1.0,0.0,0.00024202235292811774,0.0,5.376787420378027e-07,-0.0034999999999998366,-0.00017919541307693447,0.0,-1,0.0,0.0009999999999994458,0.001000000000000334,0.00300000000000189,2.6970425767289214e-06,49266.10094212118,-0.5539682641044975,False,95.39399990460599,0.17,0.0020000000000024443,-0.00013645,5.58081203,5.5814439,-0.0006318700000003119,4776041.5,0.0001300409042512591,1.9842,-0.00013645,2,0,False,1.2745568247606696,0.5102072694084215,51,39,4,2,0,6,1,False,0,3098711830
1779856792000,1779856793192,10,237,False,5.581,5.581,5.581,5.581,12.2,12.2,0.0,2,2,0,5.58,5.581,0.001000000000000334,5.580500000000001,5.580152752450639,5.581690232363985,2635.4,8268.9,20300.4,6075.0,12338.4,31991.7,20300.4,31991.7,-0.22357679267039907,0.9999999999180328,-0.16714754266915716,-9.121395546951132e-07,6.214532671298828e-07,-1.5335928218249958e-06,0.3882116036647909,0.6944950783800683,0.6345520869475322,12.2,0.0,12.2,-2829.1000000000017,1.8464829764157136,6.099999996949999,11.0,12.2,1.0831402317064112,2.293577976390876,0.0,0.00023868356619835372,0.0,5.055792511638542e-07,-0.0029999999999992255,0.0,0.0,-1,0.0,0.0009999999999994458,0.001000000000000334,-0.0029999999999983373,2.524367256811079e-06,49266.100942091645,-0.5284280348972357,False,93.75599990624397,0.13,-0.003999999999997783,-0.00013645,5.58081203,5.5814439,-0.0006318700000003119,4776041.5,0.0001300409042512591,1.9842,-0.00013645,2,0,False,1.2857792682375535,0.49604865974543333,52,39,4,2,0,8,2,False,0,75220776
1779856793000,1779856794004,10,238,False,5.581,5.581,5.581,5.581,3.2,3.2,0.0,2,2,0,5.58,5.581,0.001000000000000334,5.580500000000001,5.580145138635346,5.581672831100976,2641.6,8379.7,20412.3,6026.400000000001,12271.6,32000.0,20412.3,32000.0,-0.22108741650337382,0.9999999996875,-0.16445479152873918,-9.068898977104129e-07,6.210636677635103e-07,-1.5279535654739232e-06,0.38945629174830354,0.7097227097214641,0.6378843749999801,3.2,0.0,3.2,-2825.900000000002,1.851516321451264,1.5999999992,2.1,3.2,1.0801957162074354,1.834862381954381,0.0,0.00023529740803814123,0.0,4.4137451733439507e-07,0.0,0.0,0.0,-1,0.0,0.0009999999999994458,0.001000000000000334,-0.006999999999999673,2.553602629880577e-06,49266.10094200792,-0.49822693847007016,False,93.52999990647,0.125,-0.007999999999999119,-0.00013645,5.58081203,5.5814439,-0.0006318700000003119,4776041.5,0.0001300409042512591,1.9842,-0.00013645,2,0,False,1.2801475456910718,0.48085530350369415,53,39,4,2,0,5,2,False,0,3939595419
1779856794000,1779856795094,10,239,False,5.581,5.581,5.581,5.581,2.8,2.8,0.0,1,1,0,5.58,5.581,0.001000000000000334,5.580500000000001,5.580137997535367,5.581673711191484,2646.1,8384.2,20416.8,6131.4,13033.7,32413.5,20416.8,32413.5,-0.227079914367319,0.9999999996428571,-0.17984543799661118,-9.068898977104129e-07,6.147718369801497e-07,-1.5216617346905627e-06,0.386460042816331,0.7240049096953813,0.6298856957748892,2.8,0.0,2.8,-2823.1000000000017,1.8235977535348291,2.7999999971999996,2.8,2.8,0.5483665449319903,1.0,0.0,0.00022123250571926337,0.0,3.7715827831105043e-07,-0.0009999999999994458,0.0,0.0,-1,0.0,0.0009999999999994458,0.001000000000000334,-0.004999999999999005,2.5131314265486054e-06,49266.100941657955,-0.46212115964559175,False,91.595999908404,0.085,-0.005999999999998451,-0.00013645,5.58081203,5.5814439,-0.0006318700000003119,4776041.5,0.0001300409042512591,1.9842,-0.00013645,1,0,False,1.262594705559397,0.48967439375325356,54,39,4,2,0,5,1,False,0,3610225754
1779856795000,1779856795993,10,240,False,5.581,5.581,5.58,5.58,493.8,1.2,492.6,2,1,1,5.579,5.58,0.001000000000000334,5.5794999999999995,5.579772118726485,5.580946464838702,2597.2000000000003,8280.6,20151.7,7299.1,13745.900000000001,29328.100000000002,20151.7,29328.100000000002,-0.185457499828209,-0.9951397326832825,-0.2050058972677237,-8.95156656190347e-07,6.30567698027613e-07,-1.5257243542179599e-06,0.40727125008588544,-0.5442374854466117,0.6871123598187169,1.2,492.6,-491.40000000000003,-3314.500000000002,1.829381433746802,246.89999987655,492.6,-491.40000000000003,1.093265713761227,13.51351333089847,-0.00017919541307700388,0.00022123250571926619,0.00010761781309922521,3.6110349954505714e-07,0.0,-0.00017919541307700388,3.628906704670737e-07,-1,-0.9999990000010001,0.0010000000000012221,0.001000000000000334,0.006999999999999673,2.3661892562737465e-06,49266.10094481388,-0.41836731823123297,False,101.07399989892598,0.25,0.005999999999998451,-0.00013645,5.58081203,5.5814439,-0.0006318700000003119,4776041.5,0.00011871071411423117,1.9842,-0.00013645,1,0,False,0.87206908391906,0.5123244838986774,55,39,4,2,0,8,2,False,0,2265657347
1779856796000,1779856797024,10,241,False,5.58,5.58,5.58,5.58,1.2,1.2,0.0,1,1,0,5.579,5.58,0.001000000000000334,5.5794999999999995,5.579769976481845,5.580890036946774,2853.6,8561.0,20432.1,7918.2,14405.0,30005.1,20432.1,30005.1,-0.18980038542979807,0.9999999991666666,-0.18942932490565664,-8.912242273181953e-07,6.237840661149375e-07,-1.5150082934331326e-06,0.4050998072850911,-0.5399529964731493,0.6809542377795548,1.2,0.0,1.2,-3313.300000000002,1.8021885998534641,1.1999999987999999,1.2,1.2,0.5548808817936308,1.0,0.0,0.00022032355774761716,0.0,3.530757505442145e-07,-0.0005000000000006111,0.00017919541307700388,0.0,-1,0.0,0.0010000000000012221,0.001000000000000334,-0.006999999999999673,2.8282711266310465e-06,49266.100944591,-0.3644444050924284,False,96.78999990320999,0.23,-0.008000000000000895,-0.00013645,5.58230228,5.58400525,-0.0017029699999993042,4776060.6,0.00012271031658298422,1.9842,-0.00013645,1,1,False,1.2965558608941015,0.5123244838986774,56,39,4,2,0,7,1,False,0,2869133586
1779856797000,1779856798044,10,242,False,5.58,5.582,5.58,5.582,329.7,297.8,31.9,4,3,1,5.582,5.583,0.001000000000000334,5.5825,5.582947080497822,5.583047356605925,2906.6,7722.6,20193.4,6583.1,16023.9,32736.3,20193.4,32736.3,-0.2369728148846444,0.8064907491634624,-0.18907227450729036,-9.691271869131033e-07,5.985435838407494e-07,-1.5676707707538529e-06,0.3815135925576684,-0.8941609998856914,0.6168504076514263,297.8,31.9,265.90000000000003,-3047.400000000002,1.874247990022203,82.42499997939375,163.5,265.90000000000003,2.134189295739047,7.142857091836736,0.00035835872091082753,0.00023358530631476128,0.00021521634503502213,3.450472822432231e-07,0.0009999999999994458,0.00035835872091082753,1.0869236302994864e-06,1,0.9999995000002501,0.0009999999999994458,0.001000000000000334,-0.0030000000000001137,3.185540877932617e-06,44786.01493886996,-0.42156867215302823,False,101.827999898172,0.265,-0.0039999999999995595,-0.00013645,5.58230228,5.58400525,-0.0017029699999993042,4776060.6,0.00012271031658298422,1.9842,-0.00013645,2,2,False,1.3424341689731139,0.47454531780891873,57,39,4,2,0,9,4,False,0,2047971543
1779856798000,1779856799078,10,243,False,5.583,5.585,5.583,5.584,2714.0,2623.4,90.6,5,3,2,5.584,5.585,0.001000000000000334,5.5845,5.584884576584753,5.585957083649116,2853.7,8321.5,17805.0,6725.4,16504.1,36945.3,17805.0,36945.3,-0.3495926049720212,0.9332350773762221,-0.3029727647575077,-1.0120297678534324e-06,5.173140071223861e-07,-1.5293437749758185e-06,0.32520369751398026,-0.7691532258025748,0.48192868917019266,2623.4,90.6,2532.8,-514.6000000000017,1.9767316624804916,542.7999998914399,2493.0,2532.8,2.5294277884922165,5.427408383026277,0.00035823034594081947,0.00024612419821861206,0.00021510072020532414,4.1724310588782196e-07,0.0034999999999989484,-1.2837497000806964e-07,1.3199349518816782e-07,1,0.499999749999903,0.0010000000000012221,0.001000000000000334,0.0009999999999994458,5.645995312298075e-07,44786.014938452696,-0.42156867215302823,False,149.061999850938,0.57,-1.7763568394002505e-15,-0.00013645,5.58230228,5.58400525,-0.0017029699999993042,4776060.6,0.00012271031658298422,1.9842,-0.00013645,2,1,False,0.2053876123279148,0.4657092632004476,58,39,4,2,0,10,5,False,0,3515501646
1779856799000,1779856800054,10,244,False,5.584,5.584,5.584,5.584,24.4,1.0,23.4,3,1,2,5.583,5.584,0.0009999999999994458,5.5835,5.583435411623895,5.58461478622629,2906.7,7859.5,17864.2,5333.4,15511.4,34624.0,17864.2,34624.0,-0.31930605355107783,-0.9180327868476216,-0.23324139208221428,-1.015812745717653e-06,5.455252444751854e-07,-1.5613379901928382e-06,0.3403469732244516,0.12917671374395737,0.5159484750461959,1.0,23.4,-22.4,-537.0000000000017,2.010281444038508,8.133333330622222,22.4,-22.4,1.4923283540243455,14.388489001604473,0.0,0.00020229054431448803,0.0,4.1724310588782196e-07,0.0039999999999995595,-0.00035823034594081947,0.0,1,0.0,0.0009999999999994458,0.0009999999999994458,-0.0009999999999994458,5.622192668556719e-07,13436.647616525155,-0.40196071628887003,False,149.05999985094,0.57,-0.0019999999999988916,-0.00013645,5.58230228,5.58400525,-0.0017029699999993042,4776060.6,0.00012271031658298422,1.9842,-0.00013645,1,1,False,0.9093096513181249,0.4657092632004476,59,39,4,2,0,9,3,False,0,2129220527
1779856800000,1779856801100,10,245,False,5.584,5.584,5.584,5.584,1.0,1.0,0.0,1,1,0,5.583,5.584,0.0009999999999994458,5.5835,5.583328309549559,5.583927392977756,3022.1,8326.5,18281.9,3827.1,14067.300000000001,32906.1,18281.9,32906.1,-0.28569586621863935,0.9999999989999999,-0.1868752451145767,-9.913411904004855e-07,5.687408747971556e-07,-1.5600820651976411e-06,0.3571520668906706,0.34338085539575003,0.5555778411905223,1.0,0.0,1.0,-536.0000000000017,1.9771574622667538,0.9999999989999999,1.0,1.0,0.5057766104009502,1.0,0.0,0.00020229054431448803,0.0,4.1724310588782196e-07,0.0029999999999992255,0.0,0.0,1,0.0,0.0009999999999994458,0.0009999999999994458,0.0009999999999994458,5.481399997053998e-07,13436.647616525152,-0.455555527856321,False,148.93999985105998,0.565,0.0,-0.00013645,5.58230228,5.58400525,-0.0017029699999993042,4776060.6,0.0001453291565091568,1.9842,-0.00013645,1,2,False,0.9135732878231899,0.46570926320044764,0,40,4,2,0,9,1,False,0,1186363678
1779856801000,1779856802048,10,246,False,5.5835,5.5835,5.5835,5.5835,0.0,0.0,0.0,0,0,0,5.583,5.584,0.0009999999999994458,5.5835,5.583365570584186,5.583987755215096,3087.7999999999997,8392.2,18347.6,3984.6,13945.1,32882.3,18347.6,32882.3,-0.2837151741463427,0.0,-0.1875420866446241,-9.91420057591854e-07,5.699068160359339e-07,-1.561326873627788e-06,0.3581424129268189,0.26885880077295143,0.5579780003223449,0.0,0.0,0.0,-536.0000000000017,1.9123326274383357,0.0,0.0,0.0,0.0,0.0,-8.954555636158192e-05,0.00020229072176122022,0.0,4.092261350562006e-07,0.0024999999999995026,-8.954555636158192e-05,89545.55636158191,1,0.0,0.0,0.0009999999999994458,-0.0,5.481399997053998e-07,13436.647620964653,-0.4979591377414014,False,148.93999985105998,0.565,-0.0,-0.00013645,5.58230228,5.58400525,-0.0017029699999993042,4778382.9,0.000631637369998095,1.9842,-0.00013645,1,1,False,0.8950060643726115,0.454706192631188,1,40,4,2,0,7,0,False,0,1729152709
1779856802000,1779856803050,10,247,False,5.583,5.583,5.583,5.583,22.4,0.0,22.4,1,0,1,5.583,5.584,0.0009999999999994458,5.5835,5.583602458990966,5.584220435050896,2946.4,8215.5,18206.1,4445.8,14603.0,33656.6,18206.1,33656.6,-0.29791160120857,-0.9999999999553572,-0.22813556326517426,-9.912928047638118e-07,5.583906854233731e-07,-1.549683490187185e-06,0.35104419939570536,-0.20491803278595216,0.5409369930414677,0.0,22.4,-22.4,-558.4000000000017,1.882420082276423,22.399999977599997,22.4,-22.4,0.5312310513918138,1.0,-8.955357548626426e-05,0.00020229107670189923,0.0,3.6912835473983996e-07,0.0019999999999997797,-8.019124682337648e-09,3.9979274768868905e-06,1,0.0,0.0009999999999994458,0.0009999999999994458,0.0009999999999994458,5.725026401517287e-07,13437.449461630667,-0.5321969343768406,False,148.937999851062,0.565,0.0,-0.00013645,5.58230228,5.58400525,-0.0017029699999993042,4778382.9,0.000631637369998095,1.9842,-0.00013645,1,1,False,0.8950060643726115,0.443255509179033,2,40,4,2,0,8,1,False,0,828717346
1779856803000,1779856804094,10,248,False,5.5835,5.5835,5.5835,5.5835,0.0,0.0,0.0,0,0,0,5.583,5.584,0.0009999999999994458,5.5835,5.583542857104875,5.584055149253472,2952.5,8221.6,18362.4,4075.7,14156.8,32942.3,18362.4,32942.3,-0.28418254078085864,0.0,-0.19873942141880155,-9.868063295327367e-07,5.717138655525229e-07,-1.5585201950852597e-06,0.357908729609561,-0.0857142857137026,0.5574109883037749,0.0,0.0,0.0,-558.4000000000017,1.820701391054245,0.0,0.0,0.0,0.0,0.0,8.955357548638842e-05,0.00016396058947645685,0.0,2.8086697300308937e-07,0.0024999999999995026,0.0001791071509726527,89553.5754863884,1,0.0,0.0,0.0009999999999994458,0.002000000000000668,5.725026401517287e-07,13437.449461539454,-0.5602836711390758,False,148.937999851062,0.565,0.002000000000000668,-0.00013645,5.58230228,5.58400525,-0.0017029699999993042,4778382.9,0.000631637369998095,1.9842,-0.00013645,0,2,False,0.9039424424188326,0.476353860724499,3,40,4,2,0,8,0,False,0,628332884
1779856804000,1779856805090,10,249,False,5.583,5.583,5.583,5.583,39.8,0.0,39.8,2,0,2,5.583,5.584,0.0009999999999994458,5.5835,5.583475436436934,5.58404696478114,2974.7999999999997,8243.9,18384.7,4056.0,14176.3,33072.3,18384.7,33072.3,-0.2854344404065476,-0.9999999999748744,-0.19467474855536,-9.874592871985652e-07,5.688323161303243e-07,-1.5562916033288893e-06,0.3572827797967166,0.04912708079557803,0.555894207539223,0.0,39.8,-39.8,-598.2000000000016,1.8265800339704994,19.89999999005,31.9,-39.8,1.0949424398106384,4.587155942260752,-8.955357548626426e-05,0.0001602469734562545,0.0,2.2468208205601549e-07,0.0019999999999997797,-0.0001791071509726527,2.2500898362817636e-06,1,0.0,0.0009999999999994458,0.0009999999999994458,-0.0010000000000012221,5.07355988561364e-07,17915.12823580696,-0.5836120027744557,False,149.023999850976,0.585,-0.002000000000000668,-0.00013645,5.58230228,5.58400525,-0.0017029699999993042,4778382.9,0.000631637369998095,1.9842,-0.00013645,0,1,True,0.8950060643726115,0.46576019466769614,4,40,4,2,0,7,2,False,0,1220481451
1779856805000,1779856806098,10,250,False,5.584,5.584,5.583,5.583,50.4,28.0,22.4,2,1,1,5.583,5.584,0.0009999999999994458,5.5835,5.5834517338070135,5.584239212567581,2659.6,7928.7,18068.4,4010.2,14304.0,33199.8,18068.4,33199.8,-0.295142017859018,0.11111111110890656,-0.20105501611306612,-9.98717116614288e-07,5.660570463909073e-07,-1.5647741630051955e-06,0.3524289910704813,0.09653233364528332,0.544232194169828,28.0,22.4,5.600000000000001,-592.6000000000016,1.8322659344960568,25.1999999874,28.0,5.600000000000001,1.0915446067377397,62.49999609375025,0.0,0.00013877335428404803,0.00010755999032830079,1.9257252413733078e-07,0.0030000000000001137,8.955357548626426e-05,0.0,1,-0.9999990000010001,0.0009999999999994458,0.0009999999999994458,-0.0030000000000001137,5.048595207505899e-07,17915.128225852553,-0.6031745943142504,False,149.105999850894,0.6,-0.0039999999999995595,-0.00013645,5.58230228,5.58400525,-0.0017029699999993042,4778382.9,0.0006074570064341929,1.9842,-0.00013645,0,2,False,0.8994513897861144,0.4453524742760433,5,40,4,2,0,8,2,False,0,3985173158
1779856806000,1779856807031,10,251,False,5.5835,5.5835,5.5835,5.5835,0.0,0.0,0.0,0,0,0,5.583,5.584,0.0009999999999994458,5.5835,5.583415616081402,5.584227045496134,2686.3,7956.9,18096.6,4015.0,14371.3,33101.6,18096.6,33101.6,-0.2930767097280707,0.0,-0.19431288667769925,-9.986040399051225e-07,5.680277160372284e-07,-1.566631755942351e-06,0.3534616451359549,0.1687677917845922,0.5466986490078865,0.0,0.0,0.0,-592.6000000000016,1.7721916415617598,0.0,0.0,0.0,0.0,0.0,8.955357548638842e-05,0.00013877180040741536,0.0,1.8454477513647132e-07,0.0034999999999998366,8.955357548638842e-05,89553.5754863884,1,0.0,0.0,0.0009999999999994458,-0.002000000000000668,5.048595207505899e-07,17915.12822592751,-0.619696920361813,False,149.105999850894,0.6,-0.002000000000000668,-0.00013645,5.58230228,5.58400525,-0.0017029699999993042,4778467.6,0.0006251934359714112,1.9842,-0.00013645,0,2,False,0.9039424424188326,0.45611106502972604,6,40,4,2,0,5,0,False,0,2831851189
1779856807000,1779856808048,10,252,False,5.5835,5.5835,5.5835,5.5835,0.0,0.0,0.0,0,0,0,5.583,5.584,0.0009999999999994458,5.5835,5.58363532295346,5.584612389402476,2505.5,7761.5,17935.8,4795.9,15087.7,33932.2,17935.8,33932.2,-0.3084059535744523,0.0,-0.2329134514004576,-1.000685964386344e-06,5.585461397269088e-07,-1.5592321041132528e-06,0.34579702321276423,-0.2706459525745272,0.5285775752824595,0.0,0.0,0.0,-592.6000000000016,1.7140869975761284,0.0,0.0,0.0,0.0,0.0,0.0,0.000137318101865914,0.0,1.765177453713158e-07,0.0015000000000000568,-8.955357548638842e-05,0.0,1,0.0,0.0,0.0009999999999994458,nan,5.048595207505899e-07,13435.443592730715,-0.6337209074390806,False,149.105999850894,0.6,nan,-0.00013645,5.58230228,5.58400525,-0.0017029699999993042,4778467.6,0.0006251934359714112,1.9842,-0.00013645,0,1,True,0.9039424424188326,0.4561110650297259,7,40,4,2,0,9,0,False,0,3794907041
1779856808000,1779856809020,10,253,False,5.583,5.583,5.583,5.583,76.5,0.0,76.5,2,0,2,5.582,5.583,0.001000000000000334,5.5825,5.582983697066571,5.583779223135968,2520.1,7247.8,20040.4,6289.7,16241.5,34185.1,20040.4,34185.1,-0.26084960028030607,-0.999999999986928,-0.2677566533939745,-9.612844368160772e-07,5.362283077700037e-07,-1.4975127445860809e-06,0.3695751998598378,-0.9673941625007432,0.5862320133625298,0.0,76.5,-76.5,-669.1000000000016,1.7234611943769111,38.249999980874996,64.5,-76.5,1.1604554865319212,8.19672124428917,-8.955357548626426e-05,0.00013731679342279544,0.0,1.6848999637047313e-07,-0.0009999999999994458,-8.955357548626426e-05,1.1706349736613546e-06,1,0.0,0.0010000000000012221,0.001000000000000334,-0.0030000000000001137,5.164356550754994e-07,17913.122366944157,-0.6106442373395992,False,150.215999849784,0.615,-0.004000000000001336,-0.00013645,5.58230228,5.58400525,-0.0017029699999993042,4778467.6,0.0006251934359714112,1.9842,-0.00013645,0,1,True,0.8950060643726115,0.4280325332643187,8,40,4,2,0,8,2,False,0,717894486
1779856809000,1779856810094,10,254,False,5.5825,5.5825,5.5825,5.5825,0.0,0.0,0.0,0,0,0,5.582,5.583,0.001000000000000334,5.5825,5.5829406099369105,5.583817793727302,2576.4,7315.0,20114.0,6395.3,16279.7,33882.5,20114.0,33882.5,-0.25498874927078136,0.0,-0.2709920411571166,-9.626945182650996e-07,5.445487553978826e-07,-1.5072432736629823e-06,0.3725056253646001,-0.8812199036894565,0.5936397845495288,0.0,0.0,0.0,-669.1000000000016,1.6669542699711108,0.0,0.0,0.0,0.0,0.0,-8.956159604765715e-05,0.0001373154846155375,0.0,1.6045434022097624e-07,-0.0015000000000000568,-8.020561392883645e-09,89561.59604765713,1,0.0,0.0,0.001000000000000334,-0.0019999999999988916,5.164356550754994e-07,13433.036346350036,-0.6569767492083382,False,150.215999849784,0.615,-0.0019999999999988916,-0.00013645,5.58230228,5.58400525,-0.0017029699999993042,4778467.6,0.0006251934359714112,1.9842,-0.00013645,0,1,True,0.8682838923878239,0.4230549745287673,9,40,4,2,0,9,0,False,0,1086511314
1779859444000,1779859445014,9,1,True,5.6475,5.6475,5.6475,5.6475,0.0,0.0,0.0,0,0,0,5.647,5.648,0.0009999999999994458,5.6475,5.647431467941413,5.648476566107177,2354.5,6964.0,17340.8,3705.1,10953.9,33101.3,17340.8,33101.3,-0.3124473406142823,0.0,-0.20589464939884086,-1.0268186654825599e-06,5.723463892786004e-07,-1.5991650547611603e-06,0.34377632969284894,0.13706407137008483,0.5238706636899298,0.0,0.0,0.0,0.0,0.0,0.0,0.0,0.0,0.0,0.0,0.0,0.0,0.0,0.0,0.0,0.0,0.0,0,0.0,0.0,0.0009999999999994458,0.0,0.0,0.0,0.0,False,0.0,0.0,0.0,-0.00012023,5.647,5.65258973,-0.005589729999999626,4805700.1,0.0,1.9464,-0.00012023,1,1,False,0.0,0.5,4,24,5,2,0,5,0,False,0,773327778
1779859445000,1779859446050,9,2,True,5.6475,5.6475,5.6475,5.6475,0.0,0.0,0.0,0,0,0,5.647,5.648,0.0009999999999994458,5.6475,5.647451057143119,5.648503960816332,2333.4,6881.4,17144.7,3751.2,10847.0,32959.1,17144.7,32959.1,-0.315632746418429,0.0,-0.211135417438972,-1.0382566384079202e-06,5.750987928274768e-07,-1.6133554312353971e-06,0.3421836267907755,0.09788566953759634,0.5201810729054944,0.0,0.0,0.0,0.0,0.0,0.0,0.0,0.0,0.0,0.0,0.0,0.0,0.0,0.0,0.0,0.0,0.0,0,0.0,0.0,0.0009999999999994458,0.0,0.0,0.0,0.0,False,0.0,0.0,0.0,-0.00012023,5.647,5.65258973,-0.005589729999999626,4805700.1,0.0,1.9464,-0.00012023,1,1,False,0.0,0.5,5,24,5,2,0,8,0,False,0,1014687684
1779859446000,1779859447019,9,3,True,5.6475,5.6475,5.6475,5.6475,0.0,0.0,0.0,0,0,0,5.647,5.648,0.0009999999999994458,5.6475,5.647430081836127,5.6485555033120285,2412.6,7077.5,17340.8,3968.1,10932.4,33027.1,17340.8,33027.1,-0.31143446520501533,0.0,-0.2021733633860301,-1.0273745583646152e-06,5.75647310799051e-07,-1.6030218691636662e-06,0.3442827673974825,0.1398362892218969,0.5250476124152431,0.0,0.0,0.0,0.0,0.0,0.0,0.0,0.0,0.0,0.0,0.0,0.0,0.0,0.0,0.0,0.0,0.0,0,0.0,0.0,0.0009999999999994458,0.0,0.0,0.0,0.0,False,0.0,0.0,0.0,-0.00012023,5.647,5.65258973,-0.005589729999999626,4805700.1,0.0,1.9464,-0.00012023,1,1,False,0.0,0.5,6,24,5,2,0,7,0,False,0,1839910130
1779859447000,1779859448168,9,4,True,5.6475,5.6475,5.6475,5.6475,0.0,0.0,0.0,0,0,0,5.647,5.648,0.0009999999999994458,5.6475,5.647430276148492,5.648590419761288,2377.2,6980.9,17244.2,3985.9,11025.1,33119.8,17244.2,33119.8,-0.3152172186482346,0.0,-0.20675013984698337,-1.0335373047251321e-06,5.739967033151864e-07,-1.6075340080403185e-06,0.3423913906758728,0.13944766450685492,0.5206613566506887,0.0,0.0,0.0,0.0,0.0,0.0,0.0,0.0,0.0,0.0,0.0,0.0,0.0,0.0,0.0,0.0,0.0,0,0.0,0.0,0.0009999999999994458,0.0,0.0,0.0,0.0,False,0.0,0.0,0.0,-0.00012023,5.647,5.65258973,-0.005589729999999626,4805700.1,0.0,1.9464,-0.00012023,1,1,False,0.0,0.5,7,24,5,2,0,7,0,False,0,1645445934
1779859448000,1779859449027,9,5,True,5.648,5.648,5.648,5.648,34.9,34.9,0.0,1,1,0,5.647,5.648,0.0009999999999994458,5.6475,5.647356565245872,5.648593553990529,2377.2,6959.0,17222.3,3952.3,10916.800000000001,32927.4,17222.3,32927.4,-0.31316438582882233,0.9999999999713468,-0.19639765581620125,-1.035595553008564e-06,5.773518339658352e-07,-1.6129473869743992e-06,0.34341780708557895,0.2868694647659343,0.5230385636278442,34.9,0.0,34.9,34.9,0.03278688524590164,34.899999965099994,34.9,34.9,30.49999906975003,1.0,8.853083091968559e-05,0.0,0.0,0.0,0.0,8.853083091968559e-05,2.536700026279338e-06,0,0.0,0.0009999999999994458,0.0009999999999994458,0.0009999999999994458,0.0,0.0,0.0,False,1.0,0.0,0.0,-0.00012023,5.647,5.65258973,-0.005589729999999626,4805700.1,0.0,1.9464,-0.00012023,1,1,False,0.5004025941528701,0.5,8,24,5,2,0,5,1,False,0,622770549
1779859449000,1779859450011,9,6,True,5.6475,5.6475,5.6475,5.6475,0.0,0.0,0.0,0,0,0,5.647,5.648,0.0009999999999994458,5.6475,5.647344485273356,5.648597548645288,2377.8,6954.1,17215.3,3953.4,10918.9,32929.5,17215.3,32929.5,-0.31337646176671735,0.0,-0.19612423343979019,-1.0368393011311719e-06,5.77332578973423e-07,-1.6141718801045948e-06,0.34331176911663136,0.3110294117635624,0.5227926327456984,0.0,0.0,0.0,34.9,0.03171190540177372,0.0,0.0,0.0,0.0,0.0,-8.85308309196759e-05,0.0,0.0,0.0,0.0,-0.00017706166183936148,88530.8309196759,0,0.0,0.0,0.0009999999999994458,-0.0,0.0,0.0,0.0,False,1.0,0.0,-0.0,-0.00012023,5.647,5.65258973,-0.005589729999999626,4805660.3,0.0,1.9464,-0.00012023,1,1,False,0.5004025941528701,0.5,9,24,5,2,0,7,0,False,0,106834648
1779859450000,1779859451000,9,7,True,5.647,5.647,5.647,5.647,1.9,0.0,1.9,1,0,1,5.647,5.648,0.0009999999999994458,5.6475,5.647355734091866,5.648505407953805,2505.6,6944.8,17206.0,3957.1,10922.6,32918.4,17206.0,32918.4,-0.31346809138861886,-0.9999999994736841,-0.19660226777290485,-1.0409556444332462e-06,5.776401838594827e-07,-1.6185958282927288e-06,0.34326595430568063,0.2885317750172077,0.5226864003110564,0.0,1.9,-1.9,33.0,0.06345905604433852,1.8999999980999998,1.9,-1.9,15.758191920521371,1.0,-8.853866932154326e-05,0.0,0.0,0.0,0.0,-7.838401867355828e-09,4.659929961839156e-05,0,0.0,0.0009999999999994458,0.0009999999999994458,0.0009999999999994458,0.0,0.0,0.0,False,1.0,0.0,0.0,-0.00012023,5.647,5.65258973,-0.005589729999999626,4805660.3,0.0,1.9464,-0.00012023,1,1,False,0.41011649007343176,0.5,10,24,5,2,0,6,1,False,0,2500188464
1779859451000,1779859452026,9,8,True,5.6475,5.6475,5.6475,5.6475,0.0,0.0,0.0,0,0,0,5.647,5.648,0.0009999999999994458,5.6475,5.64732008969674,5.648668416219841,2251.5,6638.900000000001,16840.4,3959.6,10925.1,33057.8,16840.4,33057.8,-0.3250097197894849,0.0,-0.21428514639661325,-1.056931554484156e-06,5.750663876552844e-07,-1.6319979421394404e-06,0.33749514010524756,0.35982057032886944,0.5094228896054636,0.0,0.0,0.0,33.0,0.06137843125599955,0.0,0.0,0.0,0.0,0.0,8.853866932150085e-05,0.0,0.0,0.0,0.0,0.0001770773386430441,88538.66932150084,0,0.0,0.0,0.0009999999999994458,0.0,0.0,0.0,0.0,False,1.0,0.0,0.0,-0.00012023,5.647,5.65258973,-0.005589729999999626,4805660.3,0.0,1.9464,-0.00012023,1,1,False,0.41011649007343176,0.5,11,24,5,2,0,8,0,False,0,2824227039
1779859452000,1779859453053,9,9,True,5.648,5.648,5.648,5.648,7.9,7.9,0.0,1,1,0,5.647,5.648,0.0009999999999994458,5.6475,5.647280513262765,5.6486036313616905,2392.2000000000003,6779.6,16981.100000000002,3936.0,10901.5,32938.5,16981.100000000002,32938.5,-0.3196620165225618,0.9999999998734177,-0.19845241924545537,-1.0554431440958978e-06,5.774651899464962e-07,-1.632908334042394e-06,0.34016899173870907,0.43897344076264105,0.5155395661611636,7.9,0.0,7.9,40.9,0.09215290891973728,7.8999999921,7.9,7.9,10.851529277490785,1.0,8.853083091968559e-05,0.0,0.0,0.0,0.0,-7.838401815259913e-09,1.1206434292212551e-05,0,0.0,0.0009999999999994458,0.0009999999999994458,-0.0030000000000001137,0.0,0.0,0.0,False,1.0,0.0,-0.0039999999999995595,-0.00012023,5.647,5.65258973,-0.005589729999999626,4805660.3,0.0,1.9464,-0.00012023,1,1,False,0.6837390557199874,0.5,12,24,5,2,0,8,1,False,0,373639198
1779859453000,1779859454000,9,10,True,5.647,5.647,5.647,5.647,1.2,0.0,1.2,1,0,1,5.647,5.648,0.0009999999999994458,5.6475,5.64728044389428,5.64860440131426,2408.7000000000003,6813.7,17015.2,3939.4,10904.9,32941.9,17015.2,32941.9,-0.31880753686662516,-0.9999999991666666,-0.19671134910472102,-1.0546533891858255e-06,5.774542466643267e-07,-1.6321076358501522e-06,0.3405962315666774,0.4391121775631701,0.5165215121167718,0.0,1.2,-1.2,39.699999999999996,0.12191838731581146,1.1999999987999999,1.2,-1.2,8.202208164117529,1.0,-0.00017706950024120945,0.0,0.0,0.0,0.0,-0.00026560033116089504,0.00014755791674470961,0,0.0,0.0009999999999994458,0.0009999999999994458,0.004999999999999005,0.0,0.0,0.0,False,1.0,1.0,0.0039999999999995595,-0.00012023,5.647,5.65258973,-0.005589729999999626,4805660.3,0.0,1.9464,-0.00012023,1,1,False,0.6390320101510314,0.5,13,24,5,2,0,7,1,False,0,3343301016
1779859454000,1779859455081,9,11,True,5.647,5.647,5.647,5.647,13.3,0.0,13.3,1,0,1,5.647,5.648,0.0009999999999994458,5.6475,5.647225332380521,5.6483950190377845,2674.9,7092.1,17270.0,3890.1,10855.6,32893.6,17270.0,32893.6,-0.3114529260260366,-0.999999999924812,-0.18025546878719506,-1.0437520811948265e-06,5.773890359345004e-07,-1.621141117129327e-06,0.3442735369869718,0.5493351994382458,0.5250261449035519,0.0,13.3,-13.3,26.399999999999995,0.1507079483874242,13.2999999867,13.3,-13.3,6.6353500532961585,1.0,0.0,0.0,0.0,0.0,-0.0004999999999997229,0.00017706950024120945,0.0,0,0.0,0.0009999999999994458,0.0009999999999994458,0.004999999999999005,0.0,0.0,0.0,False,1.0,1.0,0.0039999999999995595,-0.00012023,5.647,5.65258973,-0.005589729999999626,4805640.8,0.0,1.9464,-0.00012023,1,1,False,0.8855742805726635,0.5,14,24,5,2,0,8,1,False,0,3480992155
1779859455000,1779859455998,9,12,True,5.648,5.648,5.648,5.648,12.4,12.4,0.0,1,1,0,5.647,5.648,0.0009999999999994458,5.6475,5.647225411250797,5.648409869643553,2629.4,7082.6,17260.5,3814.6,10780.1,32818.1,17260.5,32818.1,-0.31066363676300235,0.9999999999193548,-0.17848769019501295,-1.043530122331139e-06,5.779932666181932e-07,-1.621523388949332e-06,0.3446681816184889,0.5491774588710214,0.5259445245154192,12.4,0.0,12.4,38.8,0.17855358942390212,12.3999999876,12.4,12.4,5.600559460192937,1.0,0.00017706950024125504,0.0,0.0,0.0,0.0004999999999997229,0.00017706950024125504,1.4279798405401229e-05,0,0.0,0.0009999999999994458,0.0009999999999994458,-0.005000000000000782,0.0,0.0,0.0,False,1.0,1.0,-0.006000000000000227,-0.00012023,5.647,5.65258973,-0.005589729999999626,4805640.8,0.0,1.9464,-0.00012023,1,1,False,0.9830878862505394,0.5,15,24,5,2,0,7,1,False,0,3388867670
1779859456000,1779859457139,9,13,True,5.6475,5.6475,5.6475,5.6475,0.0,0.0,0.0,0,0,0,5.647,5.648,0.0009999999999994458,5.6475,5.647287966519796,5.648127084985593,2972.8,7372.6,17523.9,3825.8,10731.2,32838.6,17523.9,32838.6,-0.30408935219656874,0.0,-0.17718825823051718,-1.0324303457152445e-06,5.770976769538226e-07,-1.609528022669067e-06,0.34795532390170575,0.4240669240655597,0.533637243975062,0.0,0.0,0.0,38.8,0.1726993733772168,0.0,0.0,0.0,0.0,0.0,-8.85308309196759e-05,0.0,0.0,0.0,0.0,-0.00026560033116093093,88530.8309196759,0,0.0,0.0,0.0009999999999994458,0.006000000000000227,0.0,0.0,0.0,False,1.0,1.0,0.006000000000000227,-0.00012023,5.647,5.65258973,-0.005589729999999626,4805640.8,0.0,1.9464,-0.00012023,1,1,False,0.9830878862505394,0.5,16,24,5,2,0,7,0,False,0,1521717955
1779859457000,1779859457994,9,14,True,5.648,5.65,5.648,5.65,484.4,484.4,0.0,3,3,0,5.649,5.65,0.001000000000000334,5.6495,5.649084718900836,5.649414564670549,3060.3,7358.4,17827.8,3013.3,9911.1,31929.9,17827.8,31929.9,-0.2834154311794902,0.9999999999979357,-0.1511540869736144,-1.016602973118752e-06,5.610669474421109e-07,-1.5776699205608628e-06,0.3582922844102449,0.8305621535992456,0.5583418676538117,484.4,0.0,484.4,523.1999999999999,0.2653977545779638,161.46666661284442,272.3,484.4,11.303788132898184,2.6631158384470948,0.0004425757983283666,0.0,0.00021262567203629424,0.0,0.002500000000000391,0.0005311066292480425,9.136577174390029e-07,0,0.9999995000002501,0.0010000000000012221,0.001000000000000334,-0.0009999999999994458,0.0,0.0,0.0,False,1.0,1.0,-0.002000000000000668,-0.00012023,5.647,5.65258973,-0.005589729999999626,4805640.8,0.0,1.9464,-0.00012023,1,1,False,0.9089088458040587,0.5,17,24,5,2,0,7,3,False,0,1550197786
1779859458000,1779859459004,9,15,True,5.65,5.65,5.65,5.65,3.6,3.6,0.0,1,1,0,5.649,5.65,0.001000000000000334,5.6495,5.649021906420078,5.649245798426583,3054.7,7866.5,18062.5,2663.4,9714.7,31758.3,18062.5,31758.3,-0.27490124606589467,0.9999999997222222,-0.1115577990575507,-9.964276137447004e-07,5.595807858823785e-07,-1.556008399627079e-06,0.36254937696704265,0.9561870929487498,0.5687489569655627,3.6,0.0,3.6,526.8,0.28948307409999774,3.5999999964,3.6,3.6,3.454433388392618,1.0,0.0,0.0,0.0,0.0,0.002000000000000668,-0.0004425757983283666,0.0,0,0.0,0.0010000000000012221,0.001000000000000334,-0.0009999999999994458,4.0293995608541624e-06,0.0,-0.9230767156951163,False,1.0,1.0,-0.002000000000000668,-0.00012023,5.647,5.65258973,-0.005589729999999626,4805640.8,0.0,1.9464,-0.00012023,1,1,False,0.6779088757640486,0.5,18,24,5,2,0,9,1,False,0,2702640882
1779859459000,1779859460046,9,16,True,5.65,5.65,5.65,5.65,57.6,57.6,0.0,1,1,0,5.649,5.65,0.001000000000000334,5.6495,5.649304439716441,5.649278850639346,3028.4,7753.3,17950.399999999998,2755.7000000000003,9854.2,31559.3,17950.399999999998,31559.3,-0.27487340864516907,0.999999999982639,-0.1410771058037918,-1.0030599978156091e-06,5.678820969483484e-07,-1.5709420947639575e-06,0.36256329567740536,0.39112050739751,0.5687832112879382,57.6,0.0,57.6,584.4,0.3127787110147519,57.5999999424,57.6,57.6,3.197148532131675,1.0,0.0,0.0,0.0,0.0,0.002500000000000391,0.0,0.0,0,0.0,0.0010000000000012221,0.001000000000000334,-0.0009999999999994458,4.020580309919832e-06,0.0,-0.9230769283672762,False,1.0,1.0,-0.002000000000000668,-0.00012023,5.647,5.65258973,-0.005589729999999626,4805640.8,0.0,1.9464,-0.00012023,1,1,False,0.8548064146409373,0.5,19,24,5,2,0,7,1,False,0,3295316182
1779859460000,1779859461098,9,17,True,5.651,5.651,5.651,5.651,48.8,48.8,0.0,1,1,0,5.65,5.651,0.0009999999999994458,5.6505,5.650299999952915,5.651734889204321,2039.0,7266.1,17104.2,3895.5,10620.7,33648.9,17104.2,33648.9,-0.3259840285617957,0.9999999999795083,-0.22936103256965898,-1.0212087473404483e-06,5.396824676372663e-07,-1.5608912149777147e-06,0.3370079857190923,0.39999999999666663,0.5083137933186372,48.8,0.0,48.8,633.1999999999999,0.3353105565552518,48.79999995119999,48.8,48.8,2.98230991380348,1.0,0.00017697548935656152,0.0,0.0,0.0,0.0039999999999995595,0.00017697548935656152,3.626546912969979e-06,0,0.0,0.0009999999999994458,0.0009999999999994458,0.0009999999999994458,3.955057954079174e-06,0.0,-0.5897435897435898,False,1.0,1.0,0.0,-0.00012023,5.647,5.65258973,-0.005589729999999626,4805640.8,0.0,1.9464,-0.00012023,1,1,False,0.9430457983321932,0.5,20,24,5,2,0,9,1,False,0,2518154990
1779859461000,1779859462130,9,18,True,5.6505,5.6505,5.6505,5.6505,0.0,0.0,0.0,0,0,0,5.65,5.651,0.0009999999999994458,5.6505,5.650485568728635,5.651710906485171,2092.7,7458.6,17103.9,4054.1,10973.9,34215.7,17103.9,34215.7,-0.3334359581914057,0.0,-0.260766072803444,-1.02328903137672e-06,5.312234717587527e-07,-1.5545125031354726e-06,0.33328202090428743,0.028862478777425843,0.49988455592022096,0.0,0.0,0.0,633.1999999999999,0.3243167678157354,0.0,0.0,0.0,0.0,0.0,-8.848382963781912e-05,0.0,0.0,0.0,0.0030000000000001137,-0.0002654593189943806,88483.82963781912,0,0.0,0.0,0.0009999999999994458,-0.0039999999999995595,3.955057954079174e-06,0.0,-0.5952381004078858,False,1.0,1.0,-0.0039999999999995595,-0.00012023,5.647,5.65258973,-0.005589729999999626,4805640.8,0.0,1.9464,-0.00012023,1,1,False,0.9430457983321932,0.5,21,24,5,2,0,8,0,False,0,703793996
1779859462000,1779859463007,9,19,True,5.651,5.651,5.651,5.651,4.0,4.0,0.0,1,1,0,5.65,5.651,0.0009999999999994458,5.6505,5.650437567246231,5.651715311002025,2095.0,7439.599999999999,17084.899999999998,4049.6,10957.2,34149.2,17084.899999999998,34149.2,-0.33306528269257524,0.99999999975,-0.2570071592787383,-1.0252641262242512e-06,5.340021912433267e-07,-1.559266317467578e-06,0.3334673586537027,0.12486544671622786,0.5003016176074256,4.0,0.0,4.0,637.1999999999999,0.34647031641194076,3.9999999959999997,4.0,4.0,2.8862501338348006,1.0,8.848382963784445e-05,0.0,0.0,0.0,0.0030000000000001137,0.00017696765927566356,2.2120957403930872e-05,0,0.0,0.0009999999999994458,0.0009999999999994458,0.0009999999999994458,4.001712284900148e-06,0.0,-0.6000000190734853,False,1.0,1.0,0.0,-0.00012023,5.647,5.65258973,-0.005589729999999626,4805640.8,0.0,1.9464,-0.00012023,1,1,False,0.8872423647899521,0.5,22,24,5,2,0,7,1,False,0,1362296084
1779859463000,1779859464051,9,20,True,5.6505,5.6505,5.6505,5.6505,0.0,0.0,0.0,0,0,0,5.65,5.651,0.0009999999999994458,5.6505,5.650438465606552,5.651773182549766,2062.7,7407.3,17052.6,4127.3,11335.4,34491.5,17052.6,34491.5,-0.33832970213855057,0.0,-0.26313859145443597,-1.0258479159788762e-06,5.283719698754374e-07,-1.5542198858543135e-06,0.33083514893071503,0.12306872669087343,0.49440006958234656,0.0,0.0,0.0,637.1999999999999,0.3351106339066312,0.0,0.0,0.0,0.0,0.0,-8.848382963781912e-05,0.0001342419579111243,0.0,1.3320567632544567e-07,0.0034999999999998366,-0.00017696765927566356,88483.82963781912,1,0.0,0.0,0.0009999999999994458,-0.0,4.001712284900148e-06,0.0,-0.6041666789549501,False,1.0,1.0,-0.0,-0.00012023,5.647,5.65258973,-0.005589729999999626,4805640.8,0.0,1.9464,-0.00012023,1,1,False,0.8872423647899521,0.5,23,24,5,2,0,9,0,False,0,511936107
1779859464000,1779859465082,9,21,True,5.6505,5.6505,5.6505,5.6505,0.0,0.0,0.0,0,0,0,5.65,5.651,0.0009999999999994458,5.6505,5.650427051643109,5.651770730839079,2070.4,7415.9,17059.5,4129.3,11074.5,34230.6,17059.5,34230.6,-0.3347839056659992,0.0,-0.2583753968282638,-1.0259189628910475e-06,5.319825918500796e-07,-1.557901554741127e-06,0.33260804716699066,0.14589665653421532,0.49836987958141266,0.0,0.0,0.0,637.1999999999999,0.3241234000080531,0.0,0.0,0.0,0.0,0.0,0.0,0.0001342419579111243,0.0,1.3320567632544567e-07,0.0034999999999998366,8.848382963781912e-05,0.0,1,0.0,0.0,0.0009999999999994458,0.0,4.001712284900148e-06,39832.997962306756,-0.6078431665874432,False,1.0,1.0,0.0,-0.00012023,5.647,5.65258973,-0.005589729999999626,4805640.8,0.0,1.9464,-0.00012023,1,2,False,0.8617902745634334,0.5,24,24,5,2,0,8,0,False,0,2055134995
1779859465000,1779859466102,9,22,True,5.651,5.651,5.651,5.651,27.1,27.1,0.0,1,1,0,5.65,5.651,0.0009999999999994458,5.6505,5.650341676334981,5.651745438490459,2064.5,7410.0,17053.6,4051.8999999999996,10978.5,34120.0,17053.6,34120.0,-0.3335000859818279,0.9999999999630996,-0.24965278952290854,-1.026368170132148e-06,5.332302594465047e-07,-1.5595984295786527e-06,0.3332499570090763,0.31664726425892514,0.4998124267291765,27.1,0.0,27.1,664.3,0.3462832885323793,27.0999999729,27.1,27.1,2.887808999823235,1.0,8.848382963784445e-05,0.00013569219826202618,0.0,1.3320567632544567e-07,0.0030000000000001137,8.848382963784445e-05,3.265085964375622e-06,1,0.0,0.0009999999999994458,0.0009999999999994458,0.0009999999999994458,4.047607421870932e-06,44257.18944419897,-0.6111111149743751,False,1.0,1.0,0.0,-0.00012023,5.647,5.65258973,-0.005589729999999626,4805640.8,0.0,1.9464,-0.00012023,1,2,False,0.9761056872985188,0.5,25,24,5,2,0,6,1,False,0,3937280752
1779859466000,1779859467050,9,23,True,5.65,5.65,5.649,5.649,357.7,7.5,350.2,3,1,2,5.648,5.649,0.001000000000000334,5.6485,5.64853414629554,5.649213756373401,2563.5,7217.6,16831.6,3670.7,9289.3,32726.9,16831.6,32726.9,-0.32073811757820925,-0.9580654179453227,-0.19414928380006752,-1.0366798609140019e-06,5.824852916928692e-07,-1.619165152606871e-06,0.33963094121088533,-0.06829268292627409,0.5143047462484831,7.5,350.2,-342.7,321.59999999999997,0.4332903938263996,119.23333329358888,231.7,-342.7,6.923762990873517,22.988505218655053,-0.00035398230458122024,0.00015709088537217111,0.0001063034261371482,1.6452738625882193e-07,0.0015000000000000568,-0.0004424661342190647,9.896066664250228e-07,1,-0.9999990000010001,0.0009999999999994458,0.001000000000000334,0.0030000000000001137,4.652614382019459e-06,44257.189444852076,-0.5614035128079472,False,1.0,1.0,0.002000000000000668,-0.00012023,5.647,5.65258973,-0.005589729999999626,4805640.8,0.0,1.9464,-0.00012023,1,1,False,1.1441659473230654,0.5,26,24,5,2,0,7,3,False,0,2541410979
1779859467000,1779859468022,9,24,True,5.649,5.65,5.649,5.65,62.4,62.4,0.0,2,2,0,5.65,5.651,0.0009999999999994458,5.6505,5.650224023539793,5.651604206433491,2208.1,7146.3,16881.2,3711.4,10514.5,33227.4,16881.2,33227.4,-0.32621546002082824,0.9999999999839744,-0.20020496748205135,-1.0382516873637855e-06,5.46979265897914e-07,-1.5852309532616993e-06,0.3368922699895759,0.5519528371366843,0.5080505847583469,62.4,0.0,62.4,383.99999999999994,0.4846579218976652,31.199999984399998,56.6,62.4,4.126621902810195,1.8083182607444515,0.00017700681522468892,0.00016200036079840058,0.0001063034261371482,2.2718466663863953e-07,0.0,0.0005309891198059092,2.8366476798373763e-06,1,0.9999990000010001,0.0009999999999994458,0.0009999999999994458,0.0010000000000012221,4.518424495573152e-06,44257.189444876814,-0.3947368724854684,False,1.0,1.0,1.7763568394002505e-15,-0.00012023,5.647,5.65258973,-0.005589729999999626,4805640.8,0.0,1.9464,-0.00012023,1,2,False,1.232323427534423,0.5,27,24,5,2,0,8,2,False,0,3642731467
1779859468000,1779859469096,9,25,True,5.651,5.651,5.651,5.651,25.3,25.3,0.0,2,2,0,5.65,5.651,0.0009999999999994458,5.6505,5.650624600608889,5.651861617921456,1835.1,6732.0,16466.9,3837.6,10684.9,33488.0,16466.9,33488.0,-0.34072933786274534,0.9999999999604743,-0.2686635336382834,-1.0534700451507662e-06,5.441507105950859e-07,-1.597620755745852e-06,0.32963533106861737,-0.2492012779539446,0.4917253941710317,25.3,0.0,25.3,409.29999999999995,0.5343412687206925,12.649999993675,17.6,25.3,3.742926315696011,2.8818443720984313,0.00017697548935656152,0.00016558456355981733,0.0,2.506728263591462e-07,0.0009999999999994458,-3.132586812740418e-08,6.995078630417646e-06,1,0.0,0.0009999999999994458,0.0009999999999994458,0.006999999999999673,4.457354889069745e-06,39830.647899034346,-0.4000000286102281,False,1.0,1.0,0.006000000000000227,-0.00012023,5.647,5.65258973,-0.005589729999999626,4805640.8,0.0,1.9464,-0.00012023,1,1,False,1.3194764148545541,0.5,28,24,5,2,0,8,2,False,0,2763742269
1779859469000,1779859470194,9,26,True,5.6505,5.6505,5.6505,5.6505,0.0,0.0,0.0,0,0,0,5.65,5.651,0.0009999999999994458,5.6505,5.650614909070362,5.651840395087748,1894.2,6791.1,16526.0,3907.0,10778.3,33599.0,16526.0,33599.0,-0.3406084788029857,0.0,-0.26686272658152616,-1.0533432534896564e-06,5.432953081389505e-07,-1.596638561628607e-06,0.3296957605984972,-0.2298181818173461,0.49185987678203247,0.0,0.0,0.0,409.29999999999995,0.5168218828609977,0.0,0.0,0.0,0.0,0.0,-8.848382963781912e-05,0.00016558330741200185,0.0,2.5849389344588325e-07,0.0004999999999997229,-0.0002654593189943806,88483.82963781912,1,0.0,0.0,0.0009999999999994458,-0.006000000000000227,4.457354889069745e-06,39830.64789908238,-0.4047619389737525,False,1.0,1.0,-0.006000000000000227,-0.00012023,5.647,5.65258973,-0.005589729999999626,4805749.0,0.0,1.9464,-0.00012023,1,1,False,1.265660016156779,0.5,29,24,5,2,0,6,0,False,0,1492067377
1779859470000,1779859471077,9,27,True,5.6505,5.6505,5.6505,5.6505,0.0,0.0,0.0,0,0,0,5.65,5.651,0.0009999999999994458,5.6505,5.650616582166362,5.651858888923257,1880.7,6777.6,16512.5,4091.9,11044.9,33810.6,16512.5,33810.6,-0.3437407472909987,0.0,-0.2868130133115875,-1.0534883064206553e-06,5.429482191405724e-07,-1.5964365255612278e-06,0.3281296263544907,-0.233164373641444,0.4883823416324914,0.0,0.0,0.0,409.29999999999995,0.4998769030950634,0.0,0.0,0.0,0.0,0.0,0.0,0.00016439548927886077,0.0,2.506547974806574e-07,-0.0004999999999997229,8.848382963781912e-05,0.0,1,0.0,0.0,0.0009999999999994458,0.0,4.457354889069745e-06,35403.71443300521,-0.4090909154947138,False,1.0,1.0,0.0,-0.00012023,5.647,5.65258973,-0.005589729999999626,4805749.0,0.0,1.9464,-0.00012023,1,2,False,1.241096915147373,0.5,30,24,5,2,0,7,0,False,0,1556919854
1779859471000,1779859472157,9,28,True,5.6505,5.6505,5.6505,5.6505,0.0,0.0,0.0,0,0,0,5.65,5.651,0.0009999999999994458,5.6505,5.650622750159645,5.6518122611192725,1879.6,6776.5,16511.4,4007.3,11115.9,33829.3,16511.4,33829.3,-0.34401388935790833,0.0,-0.2884601951290339,-1.053488306420655e-06,5.416118623706243e-07,-1.5951001687912795e-06,0.3279930553210359,-0.24550035997031858,0.48807985976651935,0.0,0.0,0.0,409.29999999999995,0.48348749643620886,0.0,0.0,0.0,0.0,0.0,0.0,0.00016319902602949236,0.0,2.4281639551710165e-07,0.0,0.0,0.0,1,0.0,0.0,0.0009999999999994458,0.0,4.457354889069745e-06,35403.714430675245,-0.4130434877677539,False,1.0,1.0,0.0,-0.00012023,5.647,5.65258973,-0.005589729999999626,4805749.0,0.0,1.9464,-0.00012023,1,2,False,1.2174538273631272,0.5,31,24,5,2,0,9,0,False,0,355159866
1779859472000,1779859472994,9,29,True,5.65,5.65,5.65,5.65,104.8,0.0,104.8,1,0,1,5.649,5.65,0.001000000000000334,5.6495,5.64988098208219,5.650437352165415,2203.9,6797.3,17053.4,3884.1,11446.3,32559.2,17053.4,32559.2,-0.3125375408666283,-0.999999999990458,-0.2690182959092241,-1.0328554987200274e-06,5.608292077917928e-07,-1.5936847065118202e-06,0.34373122956667573,-0.7619642113992429,0.5237659401950747,0.0,104.8,-104.8,304.49999999999994,0.5004223326186282,104.79999989519999,104.8,-104.8,1.9983120912467105,1.0,-8.849165971879248e-05,0.00016319796379795233,0.0,2.2714028553021391e-07,-0.0009999999999994458,-8.849165971879248e-05,8.443860660109551e-07,1,0.0,0.0010000000000012221,0.001000000000000334,-0.005000000000000782,4.843579340136919e-06,35401.75587063059,-0.3750000260770318,False,1.0,1.0,-0.006000000000002004,-0.00012023,5.647,5.65258973,-0.005589729999999626,4805749.0,0.0,1.9464,-0.00012023,1,1,False,1.2902984477631843,0.5,32,24,5,2,0,7,1,False,0,2272554296
1779859473000,1779859474040,9,30,True,5.649,5.649,5.648,5.648,6.0,0.0,6.0,3,0,3,5.647,5.648,0.0009999999999994458,5.6475,5.647218465502943,5.648360559398583,2450.3,7108.1,17168.7,3284.4,8550.8,28116.0,17168.7,28116.0,-0.24174390025769762,-0.9999999998333333,-0.11539027232967929,-1.0320904864971798e-06,6.5971600683879e-07,-1.6918064933359699e-06,0.37912804987114024,0.5630689206725418,0.6106380708493168,0.0,6.0,-6.0,298.49999999999994,0.5823756987622798,1.9999999993333333,3.1,-6.0,5.151313836110558,4.273504255241434,-0.0003540449674087915,0.00017701210958403037,0.00010632224589923877,2.5847031231130364e-07,-0.002500000000000391,-0.000265553307689999,5.9007494558297336e-05,-1,-0.9999990000010001,0.0009999999999994458,0.0009999999999994458,-0.0009999999999994458,4.98425737586212e-06,35401.75586967882,-0.27500001296401005,False,1.0,1.0,-0.0019999999999988916,-0.00012023,5.647,5.65258973,-0.005589729999999626,4805749.0,0.0,1.9464,-0.00012023,1,0,False,1.2232256893181725,0.5,33,24,5,2,0,10,3,False,0,3317405570
1779859474000,1779859475001,9,31,True,5.647,5.647,5.647,5.647,1.7,0.0,1.7,1,0,1,5.647,5.648,0.0009999999999994458,5.6475,5.647475417868007,5.648168407499397,2740.2000000000003,7551.6,17613.2,3396.7000000000003,8737.0,28285.6,17613.2,28285.6,-0.23252024018056605,-0.9999999994117647,-0.13048620462564603,-1.0128524643348823e-06,6.582336222826808e-07,-1.6710860866175632e-06,0.3837398799097061,0.04916420845600215,0.6226914048137349,0.0,1.7,-1.7,296.79999999999995,0.5960682988028608,1.6999999982999998,1.7,-1.7,1.6776600942051987,1.0,-0.00017706950024120945,0.00018138623799829017,0.0,3.2116087775329367e-07,-0.0034999999999998366,0.00017697546716758205,0.0001041585294923829,-1,0.0,0.0009999999999994458,0.0009999999999994458,0.0009999999999994458,5.046480937268586e-06,35401.75587115439,-0.2800000343322738,False,1.0,1.0,0.0,-0.00012023,5.65119337,5.65631514,-0.005121770000000581,4805561.4,0.0,1.9464,-0.00012023,1,1,False,1.202425436963004,0.5,34,24,5,2,0,7,1,False,0,3192457028
1779859475000,1779859476057,9,32,True,5.647,5.648,5.647,5.648,87.5,86.5,1.0,2,1,1,5.648,5.649,0.001000000000000334,5.6485,5.648347400108151,5.6492762178569045,2724.9,7388.1,17077.6,3952.8,9482.800000000001,32280.7,17077.6,32280.7,-0.30801506534867884,0.9771428571316898,-0.17760816992112827,-1.0364219694468678e-06,5.962403733874359e-07,-1.6326623428343038e-06,0.3459924673256505,0.305199698565899,0.5290343765779388,86.5,1.0,85.5,382.29999999999995,0.6420988463830949,43.749999978125,86.5,85.5,3.1147852206106545,1.2706480288810063,0.00017706950024125504,0.00018138623799829017,0.00010634107232619456,3.368383756820833e-07,-0.0030000000000001137,0.0003541390004824645,2.0236514313055014e-06,-1,0.9999990000010001,0.0010000000000012221,0.001000000000000334,0.0009999999999994458,5.294916425369111e-06,35401.755875696654,-0.24615386780196977,False,1.0,1.0,-1.7763568394002505e-15,-0.00012023,5.65119337,5.65631514,-0.005121770000000581,4805561.4,0.0,1.9464,-0.00012023,1,1,False,1.2681721115697089,0.5,35,24,5,2,0,9,2,False,0,709296845
1779859476000,1779859477037,9,33,True,5.648,5.648,5.648,5.648,18.9,0.0,18.9,2,0,2,5.648,5.649,0.001000000000000334,5.6485,5.648980769110065,5.64946962502038,2414.0,7057.8,16747.3,4114.400000000001,9629.300000000001,32391.5,16747.3,32391.5,-0.31836756290344254,-0.99999999994709,-0.26129583737764417,-1.0460502092518142e-06,5.984855720497611e-07,-1.6445357813015753e-06,0.34081621854826855,-0.961538461517916,0.517027615269422,0.0,18.9,-18.9,363.4,0.6866201956820098,9.449999995274998,17.7,-18.9,2.9128184834420883,3.3222591251752185,0.0,0.0001803027507666091,0.0,2.976567725111341e-07,-0.001000000000000334,-0.00017706950024125504,0.0,-1,0.0,0.0010000000000012221,0.001000000000000334,-0.0009999999999994458,5.265299404632022e-06,35401.755875339666,-0.34615384615384615,False,1.0,1.0,-0.002000000000000668,-0.00012023,5.65119337,5.65631514,-0.005121770000000581,4805561.4,0.0,1.9464,-0.00012023,1,0,False,1.3005820974746074,0.5,36,24,5,2,0,7,2,False,0,2626233508
1779859477000,1779859478114,9,34,True,5.648,5.648,5.647,5.647,18.6,0.0,18.6,3,0,3,5.647,5.648,0.0009999999999994458,5.6475,5.647145156844184,5.648484981302519,2618.8,7275.6,17368.3,3746.6,8974.6,28784.2,17368.3,28784.2,-0.24735171442499876,-0.9999999999462366,-0.16984963325229424,-1.0346627301470425e-06,6.497507455770801e-07,-1.6844134757241227e-06,0.3763241427874898,0.7096862960914836,0.6033970025221961,0.0,18.6,-18.6,344.79999999999995,0.7624687138563702,6.199999997933333,16.6,-18.6,3.9345876644461724,11.173184232701853,-0.00017706950024120945,0.00015583034193150568,0.00010634107232619456,2.9765677251113417e-07,-0.0030000000000001137,-0.00017706950024120945,9.519865603854278e-06,-1,-0.9999990000010001,0.0009999999999994458,0.0009999999999994458,0.0030000000000001137,5.274740035444633e-06,13272.965959389781,-0.27472528066342605,False,1.0,1.0,0.002000000000000668,-0.00012023,5.65119337,5.65631514,-0.005121770000000581,4805561.4,0.0,1.9464,-0.00012023,1,0,False,1.2448392095502294,0.5,37,24,5,2,0,9,3,False,0,725281123
1779859478000,1779859479110,9,35,True,5.648,5.648,5.648,5.648,30.9,30.9,0.0,1,1,0,5.647,5.648,0.0009999999999994458,5.6475,5.647084179535471,5.648385383230654,2818.6,7475.400000000001,17568.1,3693.1,8841.5,28499.5,17568.1,28499.5,-0.23729041669198667,0.9999999999676376,-0.14038927793320885,-1.0305185733897631e-06,6.565573973076859e-07,-1.687075970697449e-06,0.38135479165399583,0.8316409124343904,0.6164353760592074,30.9,0.0,30.9,375.69999999999993,0.7702566248774728,30.899999969099998,30.9,30.9,1.2982686112706978,1.0,0.00017706950024125504,0.0001607817647069293,0.0,3.290103804268139e-07,-0.0030000000000001137,0.0003541390004824645,5.730404538366494e-06,-1,0.0,0.0009999999999994458,0.0009999999999994458,-0.0010000000000012221,5.379720782269446e-06,13272.965959865774,-0.28042330311646213,False,1.0,1.0,-0.002000000000000668,-0.00012023,5.65119337,5.65631514,-0.005121770000000581,4805561.4,0.0,1.9464,-0.00012023,1,1,False,1.2273266995004426,0.5,38,24,5,2,0,7,1,False,0,876767639
1779859479000,1779859480095,9,36,True,5.6475,5.6475,5.6475,5.6475,0.0,0.0,0.0,0,0,0,5.647,5.648,0.0009999999999994458,5.6475,5.647085915691515,5.648321057850689,2999.2,7866.1,17958.8,3754.1,8900.5,28633.7,17958.8,28633.7,-0.2291119815420888,0.0,-0.1297700047486741,-1.0110032028160058e-06,6.533809737151769e-07,-1.6643841765311827e-06,0.3854440092289449,0.8281686003806312,0.6271910371345433,0.0,0.0,0.0,375.69999999999993,0.7450023093077196,0.0,0.0,0.0,0.0,0.0,-8.85308309196759e-05,0.00016199586804434486,0.0,3.44686490413704e-07,-0.0030000000000001137,-0.00026560033116093093,88530.8309196759,-1,0.0,0.0,0.0009999999999994458,0.002000000000000668,5.379720782269446e-06,13272.965960009029,-0.2857142963579721,False,1.0,1.0,0.002000000000000668,-0.00012023,5.65119337,5.65631514,-0.005121770000000581,4805535.6,0.0,1.9464,-0.00012023,1,0,False,1.2273266995004426,0.5,39,24,5,2,0,8,0,False,0,1148221884
1779859480000,1779859481078,9,37,True,5.6475,5.6475,5.6475,5.6475,0.0,0.0,0.0,0,0,0,5.647,5.648,0.0009999999999994458,5.6475,5.647085915691515,5.648312376308234,3016.9,7841.9,17934.6,3754.1,8900.5,28633.7,17934.6,28633.7,-0.22975071024709454,0.0,-0.1299644584393907,-1.0139154997254263e-06,6.533809737151769e-07,-1.6672964734406032e-06,0.385124644876442,0.8281686003806312,0.6263458791563568,0.0,0.0,0.0,375.69999999999993,0.7205760040845157,0.0,0.0,0.0,0.0,0.0,0.0,0.00015708801695798146,0.0,3.290270213634083e-07,-0.0030000000000001137,8.85308309196759e-05,0.0,-1,0.0,0.0,0.0009999999999994458,0.0,5.379720782269446e-06,13272.965959855404,-0.2906404474087083,False,1.0,1.0,0.0,-0.00012023,5.65119337,5.65631514,-0.005121770000000581,4805535.6,0.0,1.9464,-0.00012023,1,1,False,1.2103150136235208,0.5,40,24,5,2,0,6,0,False,0,3760480372
1779859481000,1779859482098,9,38,True,5.6475,5.6475,5.6475,5.6475,0.0,0.0,0.0,0,0,0,5.647,5.648,0.0009999999999994458,5.6475,5.647086615309335,5.648381161942844,2902.6,7689.7,17782.4,3755.2000000000003,8901.6,28634.8,17782.4,28634.8,-0.23380126332479695,0.0,-0.1356186860376517,-1.0196166814970616e-06,6.533809737151768e-07,-1.6729976552122385e-06,0.38309936833759084,0.8267693649166883,0.6210066073448873,0.0,0.0,0.0,375.69999999999993,0.6969505613276463,0.0,0.0,0.0,0.0,0.0,0.0,0.0001558370163549801,0.0,3.2119763325603147e-07,-0.0030000000000001137,0.0,0.0,-1,0.0,0.0,0.0009999999999994458,0.0,5.379720782269446e-06,13272.965959764744,-0.29523809703839876,False,1.0,1.0,0.0,-0.00012023,5.65119337,5.65631514,-0.005121770000000581,4805535.6,0.0,1.9464,-0.00012023,1,0,False,1.193785024162381,0.5,41,24,5,2,0,7,0,False,0,1763466301
1779859482000,1779859483010,9,39,True,5.648,5.648,5.648,5.648,42.2,42.2,0.0,1,1,0,5.648,5.649,0.001000000000000334,5.6485,5.648216350928388,5.648989711415159,3002.7,8057.8,20183.9,3373.3,8949.3,31690.9,20183.9,31690.9,-0.2218225419664226,0.9999999999763034,-0.10314890519599074,-9.36469967207689e-07,6.039285311979341e-07,-1.5403984984056233e-06,0.3890887290167791,0.567298105681066,0.6368989205102842,42.2,0.0,42.2,417.8999999999999,0.7068866084972317,42.1999999578,42.2,42.2,1.4146540429040566,1.0,8.853083091968559e-05,0.00015583835106359374,0.0,3.133682451486546e-07,-0.002000000000000668,8.853083091968559e-05,2.097886988568429e-06,-1,0.0,0.0010000000000012221,0.001000000000000334,-0.0010000000000012221,5.353186059845878e-06,13275.3160238568,-0.26728102287415223,False,1.0,1.0,-0.0020000000000024443,-0.00012023,5.65119337,5.65631514,-0.005121770000000581,4805535.6,0.0,1.9464,-0.00012023,1,1,False,1.2070300018232194,0.5,42,24,5,2,0,7,1,False,0,3009385798
1779859483000,1779859484055,9,40,True,5.648,5.648,5.648,5.648,1.0,0.0,1.0,1,0,1,5.648,5.649,0.001000000000000334,5.6485,5.648216350928388,5.64904162682206,2917.4,7972.5,20098.5,3357.4,8933.4,31675.0,20098.5,31675.0,-0.2235989454064295,-0.9999999989999999,-0.10454984687374438,-9.372802404966581e-07,6.039100475499245e-07,-1.5411902880465827e-06,0.3882005272967756,0.567298105681066,0.6345224940804851,0.0,1.0,-1.0,416.8999999999999,0.7164968836284701,0.9999999989999999,1.0,-1.0,1.395679480893398,1.0,0.0,0.0001545772371885691,0.0,3.1336824514865465e-07,0.0,-8.853083091968559e-05,0.0,-1,0.0,0.0010000000000012221,0.001000000000000334,0.0030000000000001137,5.6692338674600575e-06,13275.316022750752,-0.3387096895139496,False,1.0,1.0,0.0019999999999988916,-0.00012023,5.65119337,5.65631514,-0.005121770000000581,4805535.6,0.0,1.9464,-0.00012023,1,0,False,1.1915225376952978,0.5,43,24,5,2,0,9,1,False,0,47509172
1779859484000,1779859485080,9,41,True,5.648,5.648,5.648,5.648,6.5,0.0,6.5,2,0,2,5.648,5.649,0.001000000000000334,5.6485,5.6482176731298255,5.649048829219957,2960.6,7868.8,19994.8,3445.4,9021.4,31763.0,19994.8,31763.0,-0.22737056057250837,-0.9999999998461538,-0.10947160033171977,-9.436628003142008e-07,6.031279054364533e-07,-1.5467907057506542e-06,0.38631471971373615,0.56465370180633,0.629499732393016,0.0,6.5,-6.5,410.3999999999999,0.7585789530177006,3.249999998375,5.2,-6.5,2.6365086843067522,3.0120481836986497,0.0,0.00015457723718856909,0.0,3.133682451486546e-07,0.0009999999999994458,0.0,0.0,-1,0.0,0.0010000000000012221,0.001000000000000334,0.0030000000000001137,6.529884120377124e-06,13275.316022750752,-0.39426521141215165,False,1.0,1.0,0.0019999999999988916,-0.00012023,5.65119337,5.65631514,-0.005121770000000581,4805515.2,0.0,1.9464,-0.00012023,1,0,False,1.1617195678413679,0.5,44,24,5,2,0,7,2,False,0,1293718310
1779859485000,1779859486059,9,42,True,5.649,5.649,5.649,5.649,63.8,63.8,0.0,1,1,0,5.649,5.65,0.001000000000000334,5.6495,5.649953761711207,5.649898862491887,2886.6,7426.0,20189.4,3979.3,11250.8,33307.6,20189.4,33307.6,-0.24521375030375073,0.9999999999843261,-0.23280890588146144,-9.723170861908936e-07,5.63696929597422e-07,-1.5360140157883157e-06,0.3773931248481153,-0.9075235109646744,0.6061499477596524,63.8,0.0,63.8,474.19999999999993,0.7664943971810547,63.799999936199995,63.8,63.8,1.3046409763372968,1.0,0.00017703815218410773,0.00015833438735132795,0.0,2.8204653521527834e-07,0.001000000000000334,0.00017703815218410773,2.7748926674190103e-06,-1,0.0,0.0009999999999994458,0.001000000000000334,-0.005000000000000782,6.925701734991377e-06,8851.124542220363,-0.4387096767581837,False,1.0,1.0,-0.006000000000000227,-0.00012023,5.65119337,5.65631514,-0.005121770000000581,4805515.2,0.0,1.9464,-0.00012023,1,1,False,1.1967545612647403,0.5,45,24,5,2,0,8,1,False,0,3392853952
1779859486000,1779859486994,9,43,True,5.6495,5.6495,5.6495,5.6495,0.0,0.0,0.0,0,0,0,5.649,5.65,0.001000000000000334,5.6495,5.649935634275654,5.649930097624087,2858.4,7397.8,20161.2,3984.0,11756.5,33726.9,20161.2,33726.9,-0.2517383244167033,0.0,-0.2413725671948876,-9.724459795750164e-07,5.585041188137122e-07,-1.5309500983887287e-06,0.3741308377916391,-0.8712686567082902,0.5977780347437626,0.0,0.0,0.0,474.19999999999993,0.741363433339053,0.0,0.0,0.0,0.0,0.0,8.850732403869682e-05,0.00013855064756439545,0.0,2.3505842793803168e-07,0.0015000000000000568,-8.853082814541091e-05,88507.32403869681,1,0.0,0.0,0.001000000000000334,-0.006000000000000227,6.925701734991377e-06,8851.124541636622,-0.47507328450376884,False,1.0,1.0,-0.006000000000000227,-0.00012023,5.65119337,5.65631514,-0.005121770000000581,4805515.2,0.0,1.9464,-0.00012023,1,1,False,1.1967545612647403,0.5,46,24,5,2,0,7,0,False,0,2145761605
1779859487000,1779859488056,9,44,True,5.649,5.65,5.647,5.65,765.5,238.7,526.8,6,3,3,5.648,5.649,0.001000000000000334,5.6485,5.648192857111823,5.648829557308549,3264.5,8135.8,20189.5,3444.5,8938.300000000001,29180.0,20189.5,29180.0,-0.18210636121491647,-0.3763553233176011,-0.07380554315873836,-9.328674584190468e-07,6.721438357729591e-07,-1.6050112941920058e-06,0.4089468193925317,0.6142857142823391,0.6918951336531634,238.7,526.8,-288.09999999999997,186.09999999999997,0.9137777470000676,127.58333331206944,272.5,-288.1,6.566148073896363,19.53124961853028,8.849949118570556e-05,0.00013424350749932155,0.0003189667443625435,2.1156541333782897e-07,0.0030000000000001137,-7.832852991259266e-09,1.1561004727052901e-07,1,0.33333322222235795,0.0030000000000001137,0.001000000000000334,0.0030000000000001137,5.757934488078076e-06,13276.099100897158,-0.5053763500868013,False,1.0,1.0,0.0,-0.00012023,5.65119337,5.65631514,-0.005121770000000581,4805515.2,0.0,1.9464,-0.00012023,1,1,False,1.2101450229988102,0.5,47,24,5,2,0,9,6,False,0,3868473496
1779859488000,1779859489035,9,45,True,5.6495,5.6495,5.6495,5.6495,0.0,0.0,0.0,0,0,0,5.649,5.65,0.001000000000000334,5.6495,5.649200140409767,5.649491180176996,3215.6,8238.1,20960.2,3524.9,10579.0,32559.8,20960.2,32559.8,-0.21673393124065363,0.0,-0.12945265536517797,-9.314943092473284e-07,6.107790749317502e-07,-1.5422733841790785e-06,0.39163303437966385,0.5997191011193841,0.6437447404467889,0.0,0.0,0.0,186.09999999999997,0.8838178208689179,0.0,0.0,0.0,0.0,0.0,-8.849949118584122e-05,0.00012979565135657787,0.0,2.0373810422767404e-07,0.0015000000000000568,-0.00017699898237154678,88499.49118584121,1,0.0,0.0,0.001000000000000334,0.006000000000000227,5.757934488078076e-06,13276.099100761134,-0.5310173788991944,False,1.0,1.0,0.006000000000000227,-0.00012023,5.65119337,5.65631514,-0.005121770000000581,4805515.2,0.0,1.9464,-0.00012023,1,1,False,1.2935001991297777,0.5,48,24,5,2,0,8,0,False,0,428631281
1779859489000,1779859489995,9,46,True,5.649,5.649,5.649,5.649,25.7,25.7,0.0,1,1,0,5.649,5.65,0.001000000000000334,5.6495,5.649078703671013,5.649428205466605,3194.6,8081.9,20804.0,2817.0,9954.1,31966.7,20804.0,31966.7,-0.2115321570492677,0.9999999999610895,-0.07940152916510076,-9.47929423127078e-07,6.106246370506452e-07,-1.5585540601777232e-06,0.39423392147535674,0.8425925925877166,0.6508022410821057,25.7,0.0,25.7,211.79999999999995,0.8876270726437074,25.6999999743,25.7,25.7,1.1265992551297495,1.0,-8.850732403874329e-05,0.00012979645228639549,0.0,2.1157095737132322e-07,0.0015000000000000568,-7.832852902070085e-09,3.443864748455231e-06,1,0.0,0.0009999999999994458,0.001000000000000334,-0.006999999999999673,5.575446503210676e-06,17701.465302523422,-0.5529954056603706,False,1.0,1.0,-0.007999999999999119,-0.00012023,5.65119337,5.65631514,-0.005121770000000581,4805512.3,0.0,1.9464,-0.00012023,1,1,False,1.3020399327278067,0.5,49,24,5,2,0,8,1,False,0,1088379126
1779859490000,1779859491086,9,47,True,5.65,5.654,5.65,5.651,1523.3,1480.6000000000001,42.7,7,6,1,5.651,5.652,0.001000000000000334,5.6515,5.651164713105175,5.6520368932516245,3449.9,9268.2,17987.8,4329.3,10824.6,34000.0,17987.8,34000.0,-0.307999184424032,0.9439375041023148,-0.16241521594931213,-9.997477638268467e-07,5.483604114286238e-07,-1.5481081752554706e-06,0.34600040778797436,0.6705737199218349,0.5290529411764551,1480.6000000000001,42.7,1437.9,1649.7,1.0880327423930942,217.61428568319795,1132.7,1437.9,6.433629909123955,8.185538814306641,0.00035398230458110825,0.00015202727592100756,0.00042502564009874185,2.429009839068645e-07,0.0034999999999998366,0.00044248962861985155,2.3237858897188728e-07,1,0.24999993749990457,0.0010000000000012221,0.001000000000000334,-0.0030000000000001137,1.552208805880529e-06,17701.465303212106,-0.5720430206941003,False,1.0,1.0,-0.004000000000001336,-0.00012023,5.65119337,5.65631514,-0.005121770000000581,4805512.3,0.0,1.9464,-0.00012023,1,2,False,0.596865898357191,0.5,50,24,5,2,0,10,7,False,0,793599194
1779859491000,1779859491998,9,48,True,5.652,5.653,5.652,5.652,41.1,36.1,5.0,3,2,1,5.652,5.653,0.0009999999999994458,5.6525,5.652956179711763,5.652892698692995,2931.0,8305.1,17595.2,4710.1,13278.6,37161.1,17595.2,37161.1,-0.3573269194594894,0.7566909975484991,-0.3546943186895765,-1.0059019082537782e-06,5.050944340959916e-07,-1.5109963423497696e-06,0.32133654027024616,-0.9123595505515464,0.47348436940778205,36.1,5.0,31.1,1680.8,1.1507201934621731,13.699999995433334,23.7,31.1,2.6070629632098776,27.397259523362756,0.00017694417457484243,0.0001570915486898031,0.00010624700680394208,3.0553609060506917e-07,0.0045000000000001705,-0.0001770381300062658,4.305211060110395e-06,1,0.0,0.0009999999999994458,0.0009999999999994458,-0.0009999999999994458,1.5139360620090842e-06,17701.465303217912,-0.5262096958665188,False,1.0,1.0,-0.0019999999999988916,-0.00012023,5.65119337,5.65631514,-0.005121770000000581,4805512.3,0.0,1.9464,-0.00012023,1,1,False,1.417154273363664,0.5,51,24,5,2,0,8,3,False,0,2031868173
1779859492000,1779859493079,9,49,True,5.6515,5.6515,5.6515,5.6515,0.0,0.0,0.0,0,0,0,5.651,5.652,0.001000000000000334,5.6515,5.65143581352697,5.652588319435322,2595.8,8507.7,17141.9,4744.6,11947.5,35285.7,17141.9,35285.7,-0.34607344223271047,0.0,-0.24936690986271057,-1.0244460983762862e-06,5.297917724888056e-07,-1.5542378708650917e-06,0.32696327888363524,0.128372853637544,0.48580303068947245,0.0,0.0,0.0,1680.8,1.112991662528987,0.0,0.0,0.0,0.0,0.0,-8.846817363221082e-05,0.00015709088727568638,0.0,2.898599917834748e-07,0.0035000000000007248,-0.0002654123482070533,88468.1736322108,1,0.0,0.0,0.001000000000000334,0.0019999999999988916,1.5139360620090842e-06,13276.882317385918,-0.4999999552965178,False,1.0,1.0,0.0019999999999988916,-0.00012023,5.65119337,5.65631514,-0.005121770000000581,4805512.3,0.0,1.9464,-0.00012023,1,1,False,1.3940257879885267,0.5,52,24,5,2,0,9,0,False,0,2703647491
1779859493000,1779859494033,9,50,True,5.652,5.652,5.652,5.652,29.4,25.5,3.9,2,1,1,5.652,5.653,0.0009999999999994458,5.6525,5.652493616961143,5.65282181623582,2898.2,8452.6,17742.7,4398.2,12904.2,36889.4,17742.7,36889.4,-0.35046611790503474,0.7346938775260309,-0.2926775557274731,-1.001390638655662e-06,5.083369359070731e-07,-1.509727574562735e-06,0.32476694104747345,0.012765957446672733,0.4809701431847501,25.5,3.9,21.6,1702.3999999999999,1.1420739031018072,14.69999999265,25.5,21.6,1.7512001568522968,1.760563377182107,8.846817363214717e-05,0.00013711851007423533,0.0,2.3499604408729818e-07,0.004000000000000448,0.000176936347264358,3.0091215520114984e-06,1,0.0,0.0009999999999994458,0.0009999999999994458,-0.0009999999999994458,1.4945483261562448e-06,17700.290998824366,-0.45955882406234416,False,1.0,1.0,-0.0019999999999988916,-0.00012023,5.65119337,5.65631514,-0.005121770000000581,4805512.3,0.0,1.9464,-0.00012023,1,2,False,1.384334128619622,0.5,53,24,5,2,0,8,2,False,0,4045027300
1779859494000,1779859495053,9,51,True,5.6525,5.6525,5.6525,5.6525,0.0,0.0,0.0,0,0,0,5.652,5.653,0.0009999999999994458,5.6525,5.652493616961143,5.652822244750238,2899.1,8456.7,17746.8,4399.7,12493.4,36461.0,17746.8,36461.0,-0.3452307601489021,0.0,-0.28610590083499954,-1.001194498503778e-06,5.138710737995068e-07,-1.5150655723032848e-06,0.32738461992553974,0.012765957446672733,0.48673377032992826,0.0,0.0,0.0,1702.3999999999999,1.1046288570984693,0.0,0.0,0.0,0.0,0.0,8.846034770669421e-05,0.0001327594330547327,0.0,2.1146836157209435e-07,0.0045000000000001705,-7.825925452963653e-09,88460.3477066942,1,0.0,0.0,0.0009999999999994458,0.0,1.4945483261562448e-06,17700.29099749923,-0.46524066011982446,False,1.0,1.0,0.0,-0.00012023,5.65119337,5.65631514,-0.005121770000000581,4805614.0,0.0,1.9464,-0.00012023,1,1,False,1.3612002736735853,0.5,54,24,5,2,0,6,0,False,0,1464140806
1779859495000,1779859496054,9,52,True,5.6525,5.6525,5.6525,5.6525,0.0,0.0,0.0,0,0,0,5.652,5.653,0.0009999999999994458,5.6525,5.652754471452801,5.65284588945937,2815.9,8347.9,17638.0,4399.7,12817.3,36889.6,17638.0,36889.6,-0.35306156882018735,0.0,-0.3206172060948226,-1.0043352876768128e-06,5.081493665071424e-07,-1.5124846541839552e-06,0.32346921558989716,-0.5089430894226188,0.4781293372657747,0.0,0.0,0.0,1702.3999999999999,1.0684115175214703,0.0,0.0,0.0,0.0,0.0,0.0,0.00012671774409777687,0.0,2.1146836157209435e-07,0.0034999999999998366,-8.846034770669421e-05,0.0,1,0.0,0.0,0.0009999999999994458,0.0,1.4945483261562448e-06,17700.290992291302,-0.47058825107181723,False,1.0,1.0,0.0,-0.00012023,5.65119337,5.65631514,-0.005121770000000581,4805614.0,0.0,1.9464,-0.00012023,1,1,False,1.350576922513646,0.5,55,24,5,2,0,6,0,False,0,3005420775
1779859496000,1779859497032,9,53,True,5.652,5.652,5.652,5.652,5.2,0.0,5.2,1,0,1,5.652,5.653,0.0009999999999994458,5.6525,5.652963428506823,5.652890045922337,2680.4,8212.4,17412.7,4483.5,13122.699999999999,37213.0,17412.7,37213.0,-0.3624722429186196,-0.9999999998076923,-0.35901529141453814,-1.0126351084252393e-06,5.043114548453093e-07,-1.5169465632705485e-06,0.3187638785406811,-0.9268571428465501,0.4679198129685737,0.0,5.2,-5.2,1697.1999999999998,1.0661685169469959,5.1999999948,5.2,-5.2,0.937938030589752,1.0,-8.846034770679859e-05,0.00012825228389798775,0.0,2.1146836157209435e-07,0.002500000000000391,-8.846034770679859e-05,1.7011605324959035e-05,1,0.0,0.0009999999999994458,0.0009999999999994458,-0.0030000000000001137,1.4945226587315646e-06,22123.30837763123,-0.47563025294130756,False,1.0,1.0,-0.0039999999999995595,-0.00012023,5.65119337,5.65631514,-0.005121770000000581,4805614.0,0.0,1.9464,-0.00012023,1,1,False,1.3297962266196828,0.5,56,24,5,2,0,7,1,False,0,872394215
1779859497000,1779859498000,9,54,True,5.6525,5.6525,5.6525,5.6525,0.0,0.0,0.0,0,0,0,5.652,5.653,0.0009999999999994458,5.6525,5.652963428506823,5.652918539168421,2723.6,8255.6,17455.9,4521.599999999999,13133.3,37241.2,17455.9,37241.2,-0.36172484464440774,0.0,-0.35709930706682436,-1.0121476437411123e-06,5.033234541359688e-07,-1.515471097877081e-06,0.319137577677787,-0.9268571428465501,0.46872549756719806,0.0,0.0,0.0,1697.1999999999998,1.0312121721290617,0.0,0.0,0.0,0.0,0.0,8.846034770669421e-05,0.00012358086253577423,0.0,1.8793998677281306e-07,0.0024999999999995026,0.0001769206954134928,88460.3477066942,1,0.0,0.0,0.0009999999999994458,0.0039999999999995595,1.4945226587315646e-06,22123.30837801337,-0.4803921619233727,False,1.0,1.0,0.0039999999999995595,-0.00012023,5.65119337,5.65631514,-0.005121770000000581,4805614.0,0.0,1.9464,-0.00012023,1,2,False,1.3297962266196828,0.5,57,24,5,2,0,7,0,False,0,1871172374
1779859498000,1779859499054,9,55,True,5.652,5.653,5.652,5.653,103.2,100.0,3.2,3,2,1,5.652,5.653,0.0009999999999994458,5.6525,5.652988031839719,5.6529372479317255,2676.9,8317.6,17532.8,4414.5,13121.199999999999,37194.9,17532.8,37194.9,-0.3592714475484927,0.937984496114942,-0.35938850905448627,-1.0023484029168854e-06,5.027349622798874e-07,-1.5050833651967729e-06,0.3203642762257446,-0.9760638297742543,0.4713764521479969,100.0,3.2,96.8,1793.9999999999998,1.095762592714994,34.39999998853333,73.8,96.8,2.737819320724407,4.819277085208303,8.84525231659497e-05,0.00011872548855246998,0.00010624700680394208,1.8008841774071734e-07,0.0034999999999998366,-7.824540744507899e-09,8.570980926850058e-07,1,0.9999990000010001,0.0009999999999994458,0.0009999999999994458,0.004999999999999005,1.4593599963736092e-06,26545.934535834862,-0.4848966943639484,False,1.0,1.0,0.0039999999999995595,-0.00012023,5.65119337,5.65631514,-0.005121770000000581,4805614.0,0.0,1.9464,-0.00012023,1,1,False,1.371577550315645,0.5,58,24,5,2,0,9,3,False,0,578867723
1779859499000,1779859500099,9,56,True,5.6525,5.6525,5.6525,5.6525,0.0,0.0,0.0,0,0,0,5.652,5.653,0.0009999999999994458,5.6525,5.652641249929341,5.653003164734196,2819.7999999999997,8409.1,17628.3,4226.6,12445.5,36501.6,17628.3,36501.6,-0.34866681815410067,0.0,-0.31026764903903076,-1.0038161087907264e-06,5.074852488440053e-07,-1.5113013576347317e-06,0.3256665909229405,-0.2824999999964687,0.4829459530540995,0.0,0.0,0.0,1793.9999999999998,1.0598359503308958,0.0,0.0,0.0,0.0,0.0,-8.845252316579611e-05,0.00011872257019444978,0.0,1.8791226659512663e-07,0.0034999999999998366,-0.00017690504633174583,88452.52316579611,1,0.0,0.0,0.0009999999999994458,-0.009999999999999787,1.4593599963736092e-06,26545.93453573446,-0.48916408687584023,False,1.0,1.0,-0.009999999999999787,-0.00012023,5.65119337,5.65631514,-0.005121770000000581,4805611.9,0.0,1.9464,-0.00012023,1,1,False,1.3538589612428729,0.5,59,24,5,2,0,7,0,False,0,2799754515
1779859500000,1779859501046,9,57,True,5.653,5.653,5.651,5.651,44.4,26.2,18.2,4,2,2,5.65,5.651,0.0009999999999994458,5.6505,5.650806779629092,5.65170163843908,2470.4,7732.4,16832.0,4792.6,12647.6,34805.7,16832.0,34805.7,-0.3480732100771268,0.18018018017612208,-0.30748434453408013,-1.0653966691193555e-06,5.510083790792843e-07,-1.6164050481986398e-06,0.32596339496142696,-0.613559322030432,0.4835989507465593,26.2,18.2,8.0,1801.9999999999998,1.1562347716315222,11.099999997225,23.5,8.0,3.459505019812054,6.593406549933584,-0.00026540452228164784,0.00013272914787624285,0.00021251281339696246,2.1138796625055115e-07,0.0,-0.00017695199911585175,5.9775793305331144e-06,1,-0.9999995000002501,0.0009999999999994458,0.0009999999999994458,0.006999999999999673,1.554139887825964e-06,39816.160649816855,-0.49321269592633676,False,1.0,1.0,0.006000000000000227,-0.00012023,5.65119337,5.65631514,-0.005121770000000581,4805611.9,0.0,1.9464,-0.00012023,1,1,False,1.3252461242704174,0.5,0,25,5,2,0,9,4,False,0,3407687608
1779859501000,1779859502031,9,58,True,5.651,5.651,5.651,5.651,9.7,9.7,0.0,1,1,0,5.65,5.651,0.0009999999999994458,5.6505,5.650727055022739,5.651764467614549,2407.0,7847.5,16988.4,4727.9,12297.3,34350.0,16988.4,34350.0,-0.3381796082464522,0.9999999998969072,-0.28591389776573983,-1.0504745370487527e-06,5.572436310084641e-07,-1.6077181680572168e-06,0.3309101958767642,-0.45411013567075725,0.49456768558950537,9.7,0.0,9.7,1811.6999999999998,1.1511123201026199,9.699999990299998,9.7,9.7,0.8687249555648284,1.0,0.0,0.00013272914787624285,0.0,2.1138796625055112e-07,-0.001000000000000334,0.00026540452228164784,0.0,1,0.0,0.0009999999999994458,0.0009999999999994458,0.006999999999999673,1.5545402331590229e-06,39816.160649816855,-0.49705884486643004,False,1.0,1.0,0.006000000000000227,-0.00012023,5.65119337,5.65631514,-0.005121770000000581,4805611.9,0.0,1.9464,-0.00012023,1,2,False,1.2979364654658807,0.5,1,25,5,2,0,9,1,False,0,1739998999
1779859502000,1779859503002,9,59,True,5.651,5.651,5.651,5.651,20.3,20.3,0.0,2,2,0,5.65,5.651,0.0009999999999994458,5.6505,5.650678690677017,5.651695755336429,2509.9,7652.5,16754.1,4696.799999999999,12179.8,34149.9,16754.1,34149.9,-0.3417373880245101,0.999999999950739,-0.28291254949704037,-1.0693357590949472e-06,5.607203925322986e-07,-1.6300561516272458e-06,0.32913130598773516,-0.3573814295233308,0.490604657700301,20.3,0.0,20.3,1831.9999999999998,1.178944703050075,10.149999994925,10.5,20.3,1.6964324052937525,3.257328979617821,0.0,0.0001312445857732312,0.0,2.1138796625055112e-07,-0.0005000000000006111,0.0,0.0,1,0.0,0.0009999999999994458,0.0009999999999994458,0.006999999999999673,1.5461217308271715e-06,35389.61910383258,-0.5007173889777107,False,1.0,1.0,0.006000000000000227,-0.00012023,5.65119337,5.65631514,-0.005121770000000581,4805611.9,0.0,1.9464,-0.00012023,1,2,False,1.2802756928272383,0.5,2,25,5,2,0,7,2,False,0,1061541065
1779859503000,1779859504070,9,60,True,5.651,5.651,5.651,5.651,7.9,7.9,0.0,1,1,0,5.65,5.651,0.0009999999999994458,5.6505,5.650661427598883,5.651762399494237,2413.7,7594.0,16695.6,4737.8,12590.3,34619.3,16695.6,34619.3,-0.34928841330684957,0.9999999998734177,-0.2893989135310133,-1.0701532527868667e-06,5.534244197591779e-07,-1.6235776725460446e-06,0.3253557933465655,-0.32285527177260737,0.4822627840539675,7.9,0.0,7.9,1839.8999999999999,1.1730776636058102,7.8999999921,7.9,7.9,0.8524584775348445,1.0,0.0,0.0001312445857732312,0.0,2.1138796625055112e-07,-0.001000000000000334,0.0,0.0,1,0.0,0.0009999999999994458,0.0009999999999994458,0.006999999999999673,1.4099319842315843e-06,35389.61910383258,-0.5042016866323124,False,1.0,1.0,0.006000000000000227,-0.00012023,5.65119337,5.65631514,-0.005121770000000581,4805611.9,-1.8353205186327573e-05,1.9464,-0.00012023,1,2,False,1.2716214543442548,0.447890809111821,3,25,5,2,0,9,1,False,0,487232464
1779859504000,1779859505061,9,61,True,5.651,5.651,5.647,5.647,70.5,0.9,69.60000000000001,5,1,4,5.647,5.648,0.0009999999999994458,5.6475,5.647323299879523,5.648536864452107,2363.0,7695.9,18640.2,3806.9,10416.0,27197.9,18640.2,27197.9,-0.18669403836546047,-0.9744680850925608,-0.1563198521833722,-9.882315466839001e-07,6.82138505881744e-07,-1.670370052565644e-06,0.40665298081725887,0.3534002229648775,0.6853543839781495,0.9,69.60000000000001,-68.7,1771.1999999999998,1.2985505270941444,14.09999999718,37.7,-68.7,3.8504470113599627,5.24246393057686,-0.0007080899570065141,0.0002056567787734248,0.00042525135739864965,2.1138796625055115e-07,-0.005499999999999616,-0.0007080899570065141,1.0043829177254898e-05,-1,-0.9999997500000624,0.0009999999999994458,0.0009999999999994458,0.0009999999999994458,1.399498308475225e-06,35389.61910831416,-0.5042016866323124,False,1.0,1.0,0.0,-0.00012023,5.65125332,5.65668329,-0.005429969999999784,4805652.7,-9.863287140918593e-06,1.9464,-0.00012023,2,0,False,1.248247156799254,0.46474757554245716,4,25,5,2,0,9,5,False,0,1898721846
1779859505000,1779859506040,9,62,True,5.647,5.647,5.647,5.647,0.1,0.0,0.1,1,0,1,5.647,5.648,0.0009999999999994458,5.6475,5.647329023203541,5.6485872818932235,2316.3,7649.2,18697.4,3890.6,10736.5,27848.8,18697.4,27848.8,-0.1966089605596118,-0.9999999900000001,-0.17417218526246153,-9.837374262667544e-07,6.750064625934267e-07,-1.658743888860181e-06,0.4016955197201834,0.34195357532272636,0.6713897905834122,0.0,0.1,-0.1,1771.1,1.2887619852222052,0.0999999999,0.1,-0.1,0.7759384670642996,1.0,0.0,0.00020181076603844312,0.0,1.9571879314798017e-07,-0.005499999999999616,0.0007080899570065141,0.0,-1,0.0,0.0009999999999994458,0.0009999999999994458,0.0009999999999994458,1.4285267965751512e-06,35389.61910695233,-0.5042016866323124,False,1.0,1.0,0.0,-0.00012023,5.65125332,5.65668329,-0.005429969999999784,4805652.7,-9.863287140918593e-06,1.9464,-0.00012023,2,1,False,1.2300414548256284,0.4647475755424572,5,25,5,2,0,8,1,False,0,3889447127
1779859506000,1779859507010,9,63,True,5.648,5.648,5.648,5.648,68.6,68.6,0.0,1,1,0,5.647,5.648,0.0009999999999994458,5.6475,5.647122599988706,5.648365623374571,2624.2999999999997,8098.3,19171.7,3730.6000000000004,10222.2,27308.0,19171.7,27308.0,-0.17505061349362894,0.9999999999854227,-0.12328624518001426,-9.654354846380747e-07,6.852349161748101e-07,-1.6506704008128847e-06,0.4124746932531748,0.7547999999984903,0.7020543430496301,68.6,0.0,68.6,1839.6999999999998,1.279294379149346,68.59999993139999,68.6,68.6,0.7816809137262519,1.0,0.00017706950024125504,0.00020470365987051395,0.0,1.8788594000434714e-07,-0.004000000000000448,0.00017706950024125504,2.5811880501264413e-06,-1,0.0,0.0009999999999994458,0.0009999999999994458,0.0009999999999994458,1.4139113688083876e-06,35389.61919541771,-0.5042016866323124,False,1.0,1.0,0.0,-0.00012023,5.65125332,5.65668329,-0.005429969999999784,4805652.7,-9.863287140918593e-06,1.9464,-0.00012023,2,1,False,1.2824409870759765,0.4490886167079838,6,25,5,2,0,8,1,False,0,3751473041
1779859507000,1779859508019,9,64,True,5.6475,5.6475,5.6475,5.6475,0.0,0.0,0.0,0,0,0,5.647,5.648,0.0009999999999994458,5.6475,5.647124875312893,5.6482953374263865,2708.8,8099.8,19173.2,3753.3,10002.800000000001,27164.6,19173.2,27164.6,-0.1724596333878567,0.0,-0.1197305814012219,-9.663996398880474e-07,6.910227257245027e-07,-1.6574223656125502e-06,0.41377018330606086,0.7502493516841208,0.7058156571419898,0.0,0.0,0.0,1839.6999999999998,1.2373503011444495,0.0,0.0,0.0,0.0,0.0,-8.85308309196759e-05,0.0002047043374443811,0.0,1.9572989005109643e-07,-0.004999999999999893,-0.00026560033116093093,88530.8309196759,-1,0.0,0.0,0.0009999999999994458,-0.0,1.4139113688083876e-06,30964.64463619697,-0.5042016866323124,False,1.0,1.0,-0.0,-0.00012023,5.65125332,5.65668329,-0.005429969999999784,4805652.7,-9.863287140918593e-06,1.9464,-0.00012023,2,0,False,1.2909112868882737,0.4461586514357569,7,25,5,2,0,7,0,False,0,3957949522
1779859508000,1779859509003,9,65,True,5.648,5.648,5.648,5.648,14.2,14.2,0.0,1,1,0,5.647,5.648,0.0009999999999994458,5.6475,5.6471015529104065,5.648282499919672,2716.4,8174.8,19248.2,3719.0,10180.9,27342.7,19248.2,27342.7,-0.17373564365573163,0.9999999999295774,-0.11841683204104828,-9.623299462863434e-07,6.842245534767593e-07,-1.6465544997631028e-06,0.4131321781721235,0.7968941561078936,0.7039612035387616,14.2,0.0,14.2,1853.8999999999999,1.2295683240577462,14.199999985799998,14.2,14.2,0.8132935597157932,1.0,8.853083091968559e-05,0.00020470501501600275,0.0,1.957347449307764e-07,-0.004999999999999893,0.00017706166183936148,6.234565557285284e-06,-1,0.0,0.0009999999999994458,0.0009999999999994458,0.0009999999999994458,1.283577360309241e-06,35391.18618217546,-0.5042016866323124,False,1.0,1.0,0.0,-0.00012023,5.65125332,5.65668329,-0.005429969999999784,4805652.7,-1.5814684195692046e-06,1.9464,-0.00012023,2,1,False,1.2824409870759765,0.4461586514357569,8,25,5,2,0,8,1,False,0,812647060
1779859509000,1779859510001,9,66,True,5.647,5.647,5.647,5.647,1.6,0.0,1.6,1,0,1,5.647,5.648,0.0009999999999994458,5.6475,5.647102070084757,5.648314211331111,2713.5,8104.5,19177.9,3739.8,10018.4,27180.2,19177.9,27180.2,-0.1726192402190734,-0.999999999375,-0.11197829489317286,-9.6723857890297e-07,6.901454664392599e-07,-1.6573840453422297e-06,0.4136903798904525,0.795859807335938,0.7055834762069189,0.0,1.6,-1.6,1852.3,1.2220414937607709,1.5999999984,1.6,-1.6,0.8183028189200415,1.0,-0.00017706950024120945,0.00020755757333342607,0.0,1.8008082838212284e-07,-0.005499999999999616,-0.00026560033116089504,0.00011066843758158813,-1,0.0,0.0009999999999994458,0.0009999999999994458,0.0009999999999994458,1.9200620203430665e-05,30965.819980861783,-0.5042016866323124,False,1.0,1.0,0.0,-0.00012023,5.65125332,5.65668329,-0.005429969999999784,4805671.5,2.3305850395181413e-06,1.9464,-0.00012023,2,0,False,1.2632131694396926,0.46028298513876115,9,25,5,2,0,5,1,False,0,1622172201
1779859510000,1779859511096,9,67,True,5.648,5.648,5.648,5.648,30.4,30.4,0.0,1,1,0,5.647,5.648,0.0009999999999994458,5.6475,5.647118865636269,5.648260699608035,2769.5,8162.8,19236.2,3728.4,10137.5,27299.3,19236.2,27299.3,-0.17326772034253046,0.9999999999671053,-0.11350046436967638,-9.65234812793939e-07,6.852563324720504e-07,-1.6504911452659894e-06,0.41336613982872406,0.7622687047450477,0.7046407783349499,30.4,0.0,30.4,1882.7,1.214761444785008,30.399999969599996,30.4,30.4,0.8232068966872553,1.0,0.00017706950024125504,0.00019591491277086927,0.0,1.4879932959959796e-07,-0.0030000000000001137,0.0003541390004824645,5.824654613007579e-06,-1,0.0,0.0009999999999994458,0.0009999999999994458,-0.0010000000000012221,2.068010848834852e-05,30965.819985706523,-0.5042016866323124,False,1.0,1.0,-0.002000000000000668,-0.00012023,5.65125332,5.65668329,-0.005429969999999784,4805671.5,2.3305850395181413e-06,1.9464,-0.00012023,2,1,False,1.2824409870759765,0.4502611021845377,10,25,5,2,0,7,1,False,0,1135048369
1779859511000,1779859512152,9,68,True,5.648,5.648,5.648,5.648,2.1,2.1,0.0,1,1,0,5.647,5.648,0.0009999999999994458,5.6475,5.647113323113234,5.648207978657093,2891.4,8308.7,19382.1,3781.4,9923.800000000001,27085.6,19382.1,27085.6,-0.16578182264239105,0.9999999995238095,-0.1054974730020497,-9.606887686245181e-07,6.935113778035404e-07,-1.6542001464280586e-06,0.41710908867879376,0.7733537519127617,0.7155868801133918,2.1,0.0,2.1,1884.8,1.2077200859395978,2.0999999979,2.1,2.1,0.8280064319655663,1.0,0.0,0.00019187806284257376,0.0,1.3314540164010252e-07,-0.0030000000000001137,-0.00017706950024125504,0.0,-1,0.0,0.0009999999999994458,0.0009999999999994458,-0.0010000000000012221,2.191922365580954e-05,30965.819985700713,-0.5042016866323124,False,1.0,1.0,-0.002000000000000668,-0.00012023,5.65125332,5.65668329,-0.005429969999999784,4805671.5,2.3305850395181413e-06,1.9464,-0.00012023,2,0,False,1.2824409870759765,0.44712638096813373,11,25,5,2,0,7,1,False,0,1183730855
1779859512000,1779859512992,9,69,True,5.648,5.648,5.648,5.648,28.4,28.4,0.0,1,1,0,5.647,5.648,0.0009999999999994458,5.6475,5.647093542063313,5.64815591205396,2978.8,8484.6,19558.0,3734.6,9953.8,27071.4,19558.0,27071.4,-0.1611301024675385,0.9999999999647887,-0.09650789730660146,-9.534702362224308e-07,6.934688924614035e-07,-1.6469391286838344e-06,0.41943494876622006,0.8129158512704248,0.722459865392971,28.4,0.0,28.4,1913.2,1.2009095913186274,28.399999971599996,28.4,28.4,0.8327021504335509,1.0,0.0,0.00019085560016129404,0.0,1.2531878389428917e-07,-0.0030000000000001137,0.0,0.0,-1,0.0,0.0009999999999994458,0.0009999999999994458,0.0009999999999994458,2.224265304718031e-05,30965.819985593094,-0.5042016866323124,False,1.0,1.0,0.0,-0.00012023,5.65125332,5.65668329,-0.005429969999999784,4805671.5,2.3305850395181413e-06,1.9464,-0.00012023,2,0,False,1.3004820999530675,0.4439568932153843,12,25,5,2,0,6,1,False,0,2569575521
1779859513000,1779859514036,9,70,True,5.6475,5.6475,5.6475,5.6475,0.0,0.0,0.0,0,0,0,5.647,5.648,0.0009999999999994458,5.6475,5.6471044083417485,5.648189306660108,2908.2,8325.5,19399.8,3740.8,10250.9,27293.4,19399.8,27293.4,-0.16905245303384292,0.0,-0.1056650962005683,-9.601725900757214e-07,6.856277304384527e-07,-1.645800320514174e-06,0.4154737734830679,0.7911832946620433,0.710787223284724,0.0,0.0,0.0,1913.2,1.161535506357361,0.0,0.0,0.0,0.0,0.0,-8.85308309196759e-05,0.0001908570528610451,0.0,1.1749285849381324e-07,-0.0034999999999998366,-8.85308309196759e-05,88530.8309196759,-1,0.0,0.0,0.0009999999999994458,-0.0,2.224265304718031e-05,26542.41130414159,-0.5042016866323124,False,1.0,1.0,-0.0,-0.00012023,5.65125332,5.65668329,-0.005429969999999784,4805671.5,6.3883259856180385e-06,1.9464,-0.00012023,2,0,False,1.3089693784887504,0.4493187512600204,13,25,5,2,0,7,0,False,0,1377180067
1779859514000,1779859515122,9,71,True,5.648,5.648,5.648,5.648,10.0,10.0,0.0,1,1,0,5.647,5.648,0.0009999999999994458,5.6475,5.6471564947975095,5.64822836002016,2799.0,8322.6,19396.9,3701.7000000000003,10289.5,27332.0,19396.9,27332.0,-0.16981140150955468,0.9999999999,-0.11154161916412153,-9.553747924809962e-07,6.842345269784881e-07,-1.6396093194594842e-06,0.415094299245212,0.6870103844039225,0.7096773013317463,10.0,0.0,10.0,1923.2,1.1562392602472835,9.99999999,10.0,10.0,0.864872897432369,1.0,8.853083091968559e-05,0.00019085868691822965,0.0,1.2533056651714235e-07,0.0009999999999994458,0.00017706166183936148,8.85308309108325e-06,-1,0.0,0.0009999999999994458,0.0009999999999994458,0.0009999999999994458,2.14485237784238e-05,30968.952849975427,-0.5042016866323124,False,1.0,1.0,0.0,-0.00012023,5.65125332,5.65668329,-0.005429969999999784,4805585.1,-1.1590545843581622e-05,1.9464,-0.00012023,2,1,False,1.3004820999530675,0.4524439364447269,14,25,5,2,0,8,1,False,0,1386919315
1779859515000,1779859516155,9,72,True,5.648,5.648,5.648,5.648,37.8,37.8,0.0,1,1,0,5.648,5.649,0.001000000000000334,5.6485,5.648511690596686,5.6492484989032645,2242.2,7994.7,18937.0,3836.7,10415.1,30816.7,18937.0,30816.7,-0.23877018191611404,0.999999999973545,-0.17650442829275909,-9.84356520595606e-07,6.485796397320052e-07,-1.6329361603276111e-06,0.380614909041933,-0.02338129496381853,0.6145044732239138,37.8,0.0,37.8,1961.0,1.1511166615506512,37.7999999622,37.8,37.8,0.8687216791599506,1.0,0.0,0.00019085868691822965,0.0,1.2533056651714235e-07,0.0009999999999994458,-8.853083091968559e-05,0.0,-1,0.0,0.0010000000000012221,0.001000000000000334,0.0009999999999994458,2.0355667369540602e-05,30968.952849975427,-0.48039212904920875,False,1.0,1.0,-1.7763568394002505e-15,-0.00012023,5.65125332,5.65668329,-0.005429969999999784,4805585.1,-1.1590545843581622e-05,1.9464,-0.00012023,2,0,False,1.317426999555708,0.44727469721446483,15,25,5,2,0,7,1,False,0,1541994769
1779859516000,1779859517046,9,73,True,5.648,5.648,5.648,5.648,55.6,38.0,17.6,2,1,1,5.648,5.649,0.001000000000000334,5.6485,5.648676470545636,5.649179115310547,2276.2,7984.7,18929.0,3508.9,10345.7,30671.9,18929.0,30671.9,-0.2367477203034575,0.3669064748135448,-0.20643932132206366,-9.88361838677244e-07,6.462044814340184e-07,-1.6345663201112622e-06,0.3816261398482612,-0.3529411764679266,0.617144682918221,38.0,17.6,20.4,1981.4,1.178948902155548,27.7999999861,38.0,20.4,1.6964263630483434,1.3333333315555556,0.0,0.00018983091612361357,0.0,1.1750533340074387e-07,0.0,0.0,0.0,-1,0.0,0.0010000000000012221,0.001000000000000334,0.0009999999999994458,1.8341454944045523e-05,26545.935464635502,-0.5203252220026678,False,1.0,1.0,-1.7763568394002505e-15,-0.00012023,5.65125332,5.65668329,-0.005429969999999784,4805585.1,-1.1590545843581622e-05,1.9464,-0.00012023,2,0,False,1.3249741051180826,0.45155053461310135,16,25,5,2,0,6,2,False,0,1084442042
1779859517000,1779859518056,9,74,True,5.648,5.648,5.647,5.647,23.6,0.0,23.6,4,0,4,5.647,5.648,0.0009999999999994458,5.6475,5.647140559656406,5.648132342941498,2699.7,8026.3,19102.6,3331.6,9679.0,27063.1,19102.6,27063.1,-0.17243321340302062,-0.9999999999576271,-0.11594451082539328,-9.727147154732766e-07,6.850943169987366e-07,-1.6578090324720131e-06,0.4137833932984789,0.7188806690242541,0.7058540965373254,0.0,23.6,-23.6,1957.8000000000002,1.2714423807733988,5.899999998525001,16.7,-23.6,3.146033243300281,5.059021896834628,-0.00017706950024120945,0.00019290462787682037,0.00010634107232619456,1.0968079244594953e-07,-0.0004999999999997229,-0.00017706950024120945,7.502944925157055e-06,-1,-0.9999990000010001,0.0009999999999994458,0.0009999999999994458,0.0030000000000001137,1.9080957763237047e-05,26545.93546394415,-0.46476960820650265,False,1.0,1.0,0.002000000000000668,-0.00012023,5.65125332,5.65668329,-0.005429969999999784,4805585.1,-1.1590545843581622e-05,1.9464,-0.00012023,2,0,False,1.315477247791796,0.5051828410810457,17,25,5,2,0,9,4,False,0,4237055557
1779859518000,1779859519106,9,75,True,5.6475,5.6475,5.6475,5.6475,0.0,0.0,0.0,0,0,0,5.647,5.648,0.0009999999999994458,5.6475,5.647141939618422,5.648178653952178,2700.7,8027.3,19103.6,3487.8,10298.6,27170.8,19103.6,27170.8,-0.1743339729958644,0.0,-0.12282667950513453,-9.726952302899786e-07,6.86369697144823e-07,-1.6590649274348018e-06,0.4128330135020571,0.7161207450213294,0.7030930263370713,0.0,0.0,0.0,1957.8000000000002,1.2297557453382053,0.0,0.0,0.0,0.0,0.0,8.853866932150085e-05,0.00019290660385750015,0.0,1.1753444152032012e-07,-0.0004999999999997229,0.0002656081695627103,88538.66932150084,-1,0.0,0.0,0.0009999999999994458,0.0,1.9080957763237047e-05,22123.309305834253,-0.44537813288370337,False,1.0,1.0,0.0,-0.00012023,5.65125332,5.65668329,-0.005429969999999784,4805585.1,-1.1590545843581622e-05,1.9464,-0.00012023,2,1,False,1.2186278390379819,0.4975614897403806,18,25,5,2,0,7,0,False,0,630516052
1779859519000,1779859520102,9,76,True,5.6475,5.6475,5.6475,5.6475,0.0,0.0,0.0,0,0,0,5.647,5.648,0.0009999999999994458,5.6475,5.647150071453633,5.64816495110381,2725.5,8052.1,19128.4,3492.1,10090.5,26962.7,19128.4,26962.7,-0.16997424665499042,0.0,-0.11908921685829607,-9.726315427550332e-07,6.938655886018967e-07,-1.6664971313569299e-06,0.4150128766724939,0.6998570747964112,0.709439336564932,0.0,0.0,0.0,1957.8000000000002,1.1894358848353133,0.0,0.0,0.0,0.0,0.0,0.0,0.00019188998246160406,0.0,9.405874186489561e-08,0.0004999999999997229,-8.853866932150085e-05,0.0,-1,0.0,0.0,0.0009999999999994458,0.0,1.9080957763237047e-05,22123.3093057914,-0.4854651238125072,False,1.0,1.0,0.0,-0.00012023,5.65125332,5.65668329,-0.005429969999999784,4805536.9,-2.162042572958037e-05,1.9464,-0.00012023,2,0,False,1.2186278390379819,0.4975614897403806,19,25,5,2,0,3,0,False,0,192107579
1779859520000,1779859521057,9,77,True,5.6475,5.6475,5.6475,5.6475,0.0,0.0,0.0,0,0,0,5.647,5.648,0.0009999999999994458,5.6475,5.647153164548027,5.64816675770936,2725.5,8038.5,19114.8,3498.5,10096.9,26969.1,19114.8,26969.1,-0.17043479393019753,0.0,-0.11986912302634087,-9.733873736710503e-07,6.938027733856678e-07,-1.667190147056718e-06,0.41478260303489045,0.6936708860748518,0.7087666996673708,0.0,0.0,0.0,1957.8000000000002,1.1504379869718604,0.0,0.0,0.0,0.0,0.0,0.0,0.00018248229324166557,0.0,9.405874186489561e-08,-0.0004999999999997229,0.0,0.0,-1,0.0,0.0,0.0009999999999994458,0.0,1.9080957763237047e-05,8853.083191709004,-0.4854651238125072,False,1.0,1.0,0.0,-0.00012023,5.65125332,5.65668329,-0.005429969999999784,4805536.9,-2.162042572958037e-05,1.9464,-0.00012023,2,0,False,1.1920304276708977,0.5138954916828231,20,25,5,2,0,7,0,False,0,3442101666
1779859521000,1779859522071,9,78,True,5.6475,5.6475,5.6475,5.6475,0.0,0.0,0.0,0,0,0,5.647,5.648,0.0009999999999994458,5.6475,5.64700837987841,5.6480411023389925,2903.5,8261.0,19337.3,3254.3,9771.4,26643.6,19337.3,26643.6,-0.15889858615207275,0.0,-0.07719592926643341,-9.664732864831112e-07,6.977132430476774e-07,-1.6641865295307888e-06,0.4205507069239528,0.9832402234619708,0.7257765467128794,0.0,0.0,0.0,1957.8000000000002,1.112718708710488,0.0,0.0,0.0,0.0,0.0,0.0,0.00018248229324166555,0.0,9.40587418648956e-08,-0.0004999999999997229,0.0,0.0,-1,0.0,0.0,0.0009999999999994458,0.0,1.9080957763237047e-05,8853.083191709002,-0.4854651238125072,False,1.0,1.0,0.0,-0.00012023,5.65125332,5.65668329,-0.005429969999999784,4805536.9,-2.162042572958037e-05,1.9464,-0.00012023,2,0,False,1.162720438398788,0.5077031259106167,21,25,5,2,0,6,0,False,0,2079833396
1779859522000,1779859523042,9,79,True,5.648,5.648,5.648,5.648,83.8,83.8,0.0,1,1,0,5.648,5.649,0.001000000000000334,5.6485,5.648856707274018,5.6491514177354185,2369.4,8064.3,19006.7,3696.6,10714.3,30937.1,19006.7,30937.1,-0.2388764971828287,0.9999999999880668,-0.23134898114572158,-9.862846761720996e-07,6.426812102206719e-07,-1.6289658863927714e-06,0.3805617514085756,-0.7134146341409039,0.6143659231149458,83.8,0.0,83.8,2041.6000000000001,1.109023013342931,83.7999999162,83.8,83.8,0.9016945429148514,1.0,8.853083091968559e-05,0.00018355291538927875,0.0,9.405874186489561e-08,0.0,8.853083091968559e-05,1.0564538295779133e-06,-1,0.0,0.0010000000000012221,0.001000000000000334,-0.0010000000000012221,1.8246995102576696e-05,13279.624737693282,-0.4622092820432497,False,1.0,1.0,-0.0020000000000024443,-0.00012023,5.65125332,5.65668329,-0.005429969999999784,4805536.9,-2.162042572958037e-05,1.9464,-0.00012023,2,1,False,1.1932318245672273,0.5076987772723598,22,25,5,2,0,7,1,False,0,149219051
1779859523000,1779859524026,9,80,True,5.648,5.648,5.648,5.648,44.8,42.9,1.9,2,1,1,5.647,5.648,0.0009999999999994458,5.6475,5.647074337193473,5.648270749529132,2838.2000000000003,7997.8,19074.1,3675.2,10150.2,27047.7,19074.1,27047.7,-0.17288137063167155,0.9151785714081435,-0.11282686126407429,-9.805396332935758e-07,6.923440875379511e-07,-1.6728837208315269e-06,0.41355931468415336,0.8513255934831896,0.7052022907677655,42.9,1.9,41.0,2082.6000000000004,1.1382353735611956,22.399999988799998,42.9,41.0,1.757105818970901,1.483679523021247,0.0,0.00018355291538927875,0.0,9.405874186489561e-08,0.0004999999999997229,-8.853083091968559e-05,0.0,-1,0.0,0.0009999999999994458,0.0009999999999994458,-0.0010000000000012221,1.7406376754021483e-05,13279.624737693282,-0.4215686344043645,False,1.0,1.0,-0.002000000000000668,-0.00012023,5.65125332,5.65668329,-0.005429969999999784,4805536.9,-2.162042572958037e-05,1.9464,-0.00012023,2,0,False,1.2005879774489006,0.5013412376053817,23,25,5,2,0,7,2,False,0,2842981578
1779859524000,1779859525095,9,81,True,5.649,5.649,5.649,5.649,57.6,57.6,0.0,1,1,0,5.648,5.649,0.001000000000000334,5.6485,5.648492801010153,5.649286205976365,2249.5,7949.599999999999,18803.2,3764.7,10636.4,30913.6,18803.2,30913.6,-0.243587680623044,0.999999999982639,-0.20858819262460862,-9.966008269919194e-07,6.436041801151002e-07,-1.6402050071070197e-06,0.37820615968846794,0.014397905759068096,0.6082500905750023,57.6,0.0,57.6,2140.2000000000003,1.1337030662313203,57.5999999424,57.6,57.6,0.8820651799435948,1.0,0.00017703815218410773,0.00010094170968270517,0.0,9.405874186489561e-08,0.001000000000000334,0.00017703815218410773,3.073579030920732e-06,-1,0.0,0.0009999999999994458,0.001000000000000334,0.0009999999999994458,1.7612857520767922e-05,13279.624733409286,-0.39775907682126077,False,1.0,1.0,0.0,-0.00012023,5.65125332,5.65668329,-0.005429969999999784,4805476.4,-3.4209797785852236e-05,1.9464,-0.00012023,0,1,True,1.2431243959549927,0.48426197292326456,24,25,5,2,0,8,1,False,0,2145629823
1779859525000,1779859526061,9,82,True,5.6485,5.6485,5.6485,5.6485,0.0,0.0,0.0,0,0,0,5.648,5.649,0.001000000000000334,5.6485,5.648503841193032,5.649281104073491,2249.5,7949.599999999999,18803.2,3768.2,11321.6,31120.7,18803.2,31120.7,-0.24672551623570582,0.0,-0.2164692734677629,-9.96740708738322e-07,6.398546513612924e-07,-1.6365953600996143e-06,0.3766372418821371,-0.007682458386634575,0.6042023476335492,0.0,0.0,0.0,2140.2000000000003,1.0965324738958673,0.0,0.0,0.0,0.0,0.0,-8.851515827860905e-05,0.00010286386836942259,0.0,1.0972930192682437e-07,0.0005000000000006111,-0.0002655533104627168,88515.15827860904,1,0.0,0.0,0.001000000000000334,-0.0,1.7612857520767922e-05,13279.624733486122,-0.44037942566977917,False,1.0,1.0,-0.0,-0.00012023,5.65125332,5.65668329,-0.005429969999999784,4805476.4,-3.4209797785852236e-05,1.9464,-0.00012023,0,1,True,1.2506443646273866,0.4988004665343465,25,25,5,2,0,7,0,False,0,1315302139
1779859526000,1779859527039,9,83,True,5.649,5.649,5.649,5.649,39.2,39.2,0.0,1,1,0,5.648,5.649,0.001000000000000334,5.6485,5.6484870967286405,5.649267825939438,2259.6,7959.7,18903.9,3749.9,11198.9,31146.0,18903.9,31146.0,-0.24459789130447324,0.9999999999744899,-0.21370159512377146,-9.89733244733896e-07,6.388962831939752e-07,-1.6286295279278713e-06,0.3777010543477534,0.025806451612695132,0.6069447120015217,39.2,0.0,39.2,2179.4,1.0933674747517406,39.1999999608,39.2,39.2,0.9146055852013101,1.0,8.851515827861659e-05,9.697959415460519e-05,0.0,1.0188812518502222e-07,0.001000000000000334,0.00017703031655722564,2.2580397519479223e-06,1,0.0,0.0009999999999994458,0.001000000000000334,0.0009999999999994458,1.6678591888266066e-05,17705.3825588822,-0.495934934632847,False,1.0,1.0,0.0,-0.00012023,5.65125332,5.65668329,-0.005429969999999784,4805476.4,-3.4209797785852236e-05,1.9464,-0.00012023,0,2,False,1.2431243959549927,0.4706597168225113,26,25,5,2,0,5,1,False,0,4009946974
1779859527000,1779859528076,9,84,True,5.6485,5.6485,5.6485,5.6485,0.0,0.0,0.0,0,0,0,5.648,5.649,0.001000000000000334,5.6485,5.648248661977569,5.649211595009619,2402.5,8102.599999999999,19046.8,3684.6,10918.2,31077.7,19046.8,31077.7,-0.24002034933016314,0.0,-0.18527546356023059,-9.892574467014341e-07,6.393426416169187e-07,-1.628600088318353e-06,0.3799898253349085,0.5026759983511623,0.6128767572889688,0.0,0.0,0.0,2179.4,1.057519360825454,0.0,0.0,0.0,0.0,0.0,-8.851515827860905e-05,9.69788788524588e-05,0.0,1.01885350406781e-07,0.0015000000000000568,-0.00017703031655722564,88515.15827860904,1,0.0,0.0,0.001000000000000334,-0.0,1.6678591888266066e-05,17705.38255893058,-0.5092105325442479,False,1.0,1.0,-0.0,-0.00012023,5.65125332,5.65668329,-0.005429969999999784,4805476.4,-3.4209797785852236e-05,1.9464,-0.00012023,0,1,True,1.2018333563735744,0.4960967134969273,27,25,5,2,0,7,0,False,0,2748755309
1779859528000,1779859529096,9,85,True,5.6485,5.6485,5.6485,5.6485,0.0,0.0,0.0,0,0,0,5.648,5.649,0.001000000000000334,5.6485,5.648335240793284,5.649264385243736,2240.4,7940.5,18884.7,3694.5,10883.9,30857.6,18884.7,30857.6,-0.24069856038019466,0.0,-0.19751705854927115,-9.904305619767335e-07,6.461701399295151e-07,-1.6366007019062486e-06,0.3796507198098926,0.3295183595597067,0.6119951000725717,0.0,0.0,0.0,2179.4,1.0228465948967507,0.0,0.0,0.0,0.0,0.0,0.0,9.493691348634305e-05,0.0,8.620924041989325e-08,0.001000000000000334,8.851515827860905e-05,0.0,1,0.0,0.0,0.001000000000000334,0.0,1.6678591888266066e-05,13278.841012946297,-0.5205127764908154,False,1.0,1.0,0.0,-0.00012023,5.65125332,5.65668329,-0.005429969999999784,4805476.4,-5.672372818464456e-05,1.9464,-0.00012023,0,2,False,1.1801987828244007,0.5134474002146567,28,25,5,2,0,7,0,False,0,131228287
1779859529000,1779859529997,9,86,True,5.6485,5.6485,5.6485,5.6485,0.0,0.0,0.0,0,0,0,5.648,5.649,0.001000000000000334,5.6485,5.648341113080573,5.649265873079834,2239.1,7939.2,18883.4,3700.2,10889.6,30863.3,18883.4,30863.3,-0.24081798390646533,0.0,-0.19861459282304655,-9.905150286366873e-07,6.461701399295152e-07,-1.6366851685662025e-06,0.3795910080467574,0.3177737881493817,0.6118399523057932,0.0,0.0,0.0,2179.4,0.9893106409657096,0.0,0.0,0.0,0.0,0.0,0.0,8.628636709544445e-05,0.0,5.485563250421349e-08,0.001000000000000334,0.0,0.0,1,0.0,0.0,0.001000000000000334,0.0,1.6678591888266066e-05,13278.841012322819,-0.5300751780296398,False,1.0,1.0,0.0,-0.00012023,5.65125332,5.65668329,-0.005429969999999784,4805400.8,-7.245488684494055e-05,1.9464,-0.00012023,0,2,False,1.1879677000442133,0.5069710705269054,29,25,5,2,0,6,0,False,0,1086394534
1779859530000,1779859531095,9,87,True,5.648,5.648,5.648,5.648,18.4,0.0,18.4,2,0,2,5.648,5.649,0.001000000000000334,5.6485,5.648351131196161,5.649297293163812,2187.0,7887.1,18831.3,3701.7999999999997,10891.199999999999,30917.899999999998,18831.3,30917.899999999998,-0.24295064041230324,-0.9999999999456521,-0.2021100839142224,-9.91880528453138e-07,6.446467536451876e-07,-1.6365272820983255e-06,0.37852467979383836,0.2977375565597388,0.6090743549852801,0.0,18.4,-18.4,2161.0,1.0224479969996207,9.199999995399999,17.4,-18.4,1.9560897022762245,1.9493177349915833,-8.852299390554957e-05,7.918000235694305e-05,0.0,5.4855632504213495e-08,0.0004999999999997229,-8.852299390554957e-05,4.8110322772140514e-06,1,0.0,0.0010000000000012221,0.001000000000000334,0.0010000000000012221,1.6340567737022938e-05,17704.990702066872,-0.5380835029908901,False,1.0,1.0,0.0,-0.00012023,5.65125332,5.65668329,-0.005429969999999784,4805400.8,-7.245488684494055e-05,1.9464,-0.00012023,0,1,True,1.1725316371663288,0.5134499144749681,30,25,5,2,0,7,2,False,0,2161241539
1779859531000,1779859532102,9,88,True,5.648,5.648,5.648,5.648,1.0,0.0,1.0,1,0,1,5.648,5.649,0.001000000000000334,5.6485,5.64833041067998,5.64929765591657,2188.7,7888.8,18832.0,3719.7999999999997,10909.199999999999,30919.2,18832.0,30919.2,-0.2429529337985769,-0.9999999989999999,-0.200848051784918,-9.917758979085789e-07,6.450058671738552e-07,-1.636781765082434e-06,0.3785235331007016,0.3391785879079872,0.6090713860643028,0.0,1.0,-1.0,2160.0,1.0217119970979938,0.9999999989999999,1.0,-1.0,0.9787493949974038,1.0,0.0,7.918000235694305e-05,0.0,5.4855632504213495e-08,0.0004999999999997229,8.852299390554957e-05,0.0,-1,0.0,0.0010000000000012221,0.001000000000000334,0.0010000000000012221,1.6179234032906158e-05,17704.990702066872,-0.5724637750407097,False,1.0,1.0,0.0,-0.00012023,5.65125332,5.65668329,-0.005429969999999784,4805400.8,-7.245488684494055e-05,1.9464,-0.00012023,0,1,True,1.1725316371663288,0.513449914474968,31,25,5,2,0,5,1,False,0,2000623244
1779859532000,1779859533092,9,89,True,5.648,5.648,5.648,5.648,2.4,0.0,2.4,1,0,1,5.648,5.649,0.001000000000000334,5.6485,5.648320397512313,5.649298182308117,2187.2,7879.8,18823.0,3715.9,10905.3,30731.3,18823.0,30731.3,-0.24030810646098844,-0.9999999995833333,-0.1990568188508008,-9.923247799713916e-07,6.493725143707697e-07,-1.6416972943421613e-06,0.3798459467694957,0.3592049219102735,0.6125025625339439,0.0,2.4,-2.4,2157.6,1.0210001283406824,2.3999999975999997,2.4,-2.4,0.9794318054060939,1.0,0.0,7.918000235694305e-05,0.0,5.485563250421349e-08,0.0,0.0,0.0,-1,0.0,0.0010000000000012221,0.001000000000000334,0.0010000000000012221,1.600863760408765e-05,17704.990702066872,-0.6159420082112045,False,1.0,1.0,0.0,-0.00012023,5.65125332,5.65668329,-0.005429969999999784,4805400.8,-7.245488684494055e-05,1.9464,-0.00012023,0,0,False,1.1725316371663288,0.5069731440931151,32,25,5,2,0,8,1,False,0,2121769896
1779859533000,1779859534034,9,90,True,5.6485,5.6485,5.6485,5.6485,0.0,0.0,0.0,0,0,0,5.648,5.649,0.001000000000000334,5.6485,5.648318497887584,5.649294518565998,2190.6,7883.2,18826.4,3692.9,10882.3,30690.6,18826.4,30690.6,-0.23959852171980853,0.0,-0.1969133855033421,-9.926799216101891e-07,6.50015382325366e-07,-1.642695303935555e-06,0.3802007391400857,0.36300417246006955,0.613425609144148,0.0,0.0,0.0,2157.6,0.9875247142967256,0.0,0.0,0.0,0.0,0.0,8.852299390546484e-05,7.91795642484754e-05,0.0,4.7017924480884394e-08,0.0005000000000006111,8.852299390546484e-05,88522.99390546483,-1,0.0,0.0,0.001000000000000334,0.0,1.600863760408765e-05,17704.990703755237,-0.6202380738071169,False,1.0,1.0,0.0,-0.00012023,5.65125332,5.65668329,-0.005429969999999784,4805400.8,-3.341961253487652e-05,1.9464,-0.00012023,0,1,True,1.1270954028351232,0.49372868216263954,33,25,5,2,0,5,0,False,0,554995949
1779859534000,1779859535096,9,91,True,5.6485,5.6485,5.6485,5.6485,0.0,0.0,0.0,0,0,0,5.648,5.649,0.001000000000000334,5.6485,5.648333183629779,5.649284318363376,2209.8,7902.4,18845.6,3705.4,10894.8,30658.899999999998,18845.6,30658.899999999998,-0.2386308315405622,0.0,-0.19860957504060556,-9.917672742031296e-07,6.513414116011303e-07,-1.64310868580426e-06,0.3806845842297088,0.3336326897156101,0.6146861107214996,0.0,0.0,0.0,2157.6,0.9551468548115871,0.0,0.0,0.0,0.0,0.0,0.0,7.666497240208168e-05,0.0,4.7017924480884394e-08,-0.0004999999999997229,-8.852299390546484e-05,0.0,1,0.0,0.0,0.001000000000000334,0.0,1.600863760408765e-05,13278.44915777096,-0.6529411904886101,False,1.0,1.0,0.0,-0.00012023,5.648,5.65427335,-0.0062733500000007325,4805400.8,-3.341961253487652e-05,1.9464,-0.00012023,0,1,True,1.1419555696901726,0.5092409237001855,34,25,5,2,0,5,0,False,0,3397076565
1779859535000,1779859536117,9,92,True,5.649,5.649,5.649,5.649,0.9,0.9,0.0,1,1,0,5.648,5.649,0.001000000000000334,5.6485,5.648329142318598,5.649281748712308,2210.7,7903.299999999999,18846.5,3704.5,10935.199999999999,30678.5,18846.5,30678.5,-0.23890964159514916,0.9999999988888889,-0.19814928770460574,-9.91628107570268e-07,6.510817297471383e-07,-1.6427098373174065e-06,0.3805451792024154,0.3417153120774957,0.6143227341623412,0.9,0.0,0.9,2158.5,0.9566174497357974,0.8999999991,0.9,0.9,1.0453499455093926,1.0,8.851515827861659e-05,7.917868814059989e-05,0.0,4.7017924480884394e-08,0.0004999999999997229,8.851515827861659e-05,9.835017575585157e-05,1,0.0,0.0009999999999994458,0.001000000000000334,-0.0009999999999994458,1.5564173392129412e-05,17704.207071701785,-0.6529411904886101,False,1.0,1.0,-0.0019999999999988916,-0.00012023,5.648,5.65427335,-0.0062733500000007325,4805400.8,-3.341961253487652e-05,1.9464,-0.00012023,0,2,False,1.1344765105358876,0.5055449141269915,35,25,5,2,0,7,1,False,0,3521829948
1779859536000,1779859537179,9,93,True,5.6485,5.6485,5.6485,5.6485,0.0,0.0,0.0,0,0,0,5.648,5.649,0.001000000000000334,5.6485,5.648355773303587,5.6492936965873675,2194.8,7887.4,18830.6,3714.7,10969.1,30712.399999999998,18830.6,30712.399999999998,-0.2398280281775379,0.0,-0.20120587873948534,-9.926799216101891e-07,6.505070220290314e-07,-1.6431869436392206e-06,0.38008598591122095,0.2884533446941267,0.61312694546826,0.0,0.0,0.0,2158.5,0.9252529431870827,0.0,0.0,0.0,0.0,0.0,-8.851515827860905e-05,8.161501894823485e-05,0.0,5.485285772597228e-08,-0.0004999999999997229,-0.00017703031655722564,88515.15827860904,1,0.0,0.0,0.001000000000000334,0.0019999999999988916,1.5564173392129412e-05,17704.207076619296,-0.6929411467991086,False,1.0,1.0,0.0019999999999988916,-0.00012023,5.648,5.65427335,-0.0062733500000007325,4805400.8,-3.341961253487652e-05,1.9464,-0.00012023,0,1,True,1.0846905443264183,0.4984911199844139,36,25,5,2,0,6,0,False,0,1383369643
1779859537000,1779859538090,9,94,True,5.648,5.648,5.648,5.648,2.8,0.0,2.8,2,0,2,5.648,5.649,0.001000000000000334,5.6485,5.648363396367583,5.649295166124438,2188.3,7880.9,18824.1,3713.7999999999997,10968.199999999999,30711.5,18824.1,30711.5,-0.23997690549826312,-0.9999999996428571,-0.20196818521754262,-9.926799216101891e-07,6.505070220290313e-07,-1.6431869436392206e-06,0.3800115472508584,0.27320721513298196,0.6129332660403883,0.0,2.8,-2.8,2155.7,0.9604905516071784,1.3999999992999999,1.6,-2.8,2.082269309751306,2.8409090828383263,-8.852299390554957e-05,7.406177789276495e-05,0.0,4.701098661403848e-08,-0.0005000000000006111,-7.835626940515326e-09,3.1615354954976505e-05,1,0.0,0.0010000000000012221,0.001000000000000334,0.0030000000000001137,1.4788736550199744e-05,22130.35677173754,-0.69463869639664,False,1.0,1.0,0.0019999999999988916,-0.00012023,5.648,5.65427335,-0.0062733500000007325,4805400.8,-3.341961253487652e-05,1.9464,-0.00012023,0,1,True,1.0774576512190381,0.507188600406459,37,25,5,2,0,6,2,False,0,314577331
1779859538000,1779859539051,9,95,True,5.648,5.648,5.648,5.648,1.3,0.0,1.3,1,0,1,5.648,5.649,0.001000000000000334,5.6485,5.64838830456185,5.649239626121884,2289.2,7981.8,18925.0,3723.5,10977.9,30721.2,18925.0,30721.2,-0.2376052950678957,-0.9999999992307692,-0.19858826753238676,-9.906970664084025e-07,6.505070220290311e-07,-1.6412040884374337e-06,0.38119735246604214,0.22339082877482802,0.6160241136413741,0.0,1.3,-1.3,2154.3999999999996,0.9617859433577628,1.2999999987,1.3,-1.3,1.0397323914603003,1.0,0.0,7.136660385906102e-05,0.0,4.701098661403848e-08,-0.0005000000000006111,8.852299390554957e-05,0.0,-1,0.0,0.0010000000000012221,0.001000000000000334,0.0030000000000001137,1.3993100316514708e-05,22130.35677154996,-0.695601805063115,False,1.0,1.0,0.0019999999999988916,-0.00012023,5.648,5.65427335,-0.0062733500000007325,4805400.8,-2.805098353653102e-05,1.9464,-0.00012023,0,1,True,1.092022691222882,0.4979143458360754,38,25,5,2,0,6,1,False,0,4169976929
1779859539000,1779859539996,9,96,True,5.648,5.648,5.648,5.648,1.0,0.0,1.0,1,0,1,5.648,5.649,0.001000000000000334,5.6485,5.648396956497181,5.6493071169241125,2182.3,7874.9,18818.1,3740.2,11003.6,30702.7,18818.1,30702.7,-0.23999208413433876,-0.9999999989999999,-0.2060610695585879,-9.921671998063454e-07,6.513418370042836e-07,-1.643509036810629e-06,0.38000395793282055,0.20608695652084308,0.6129135222634943,0.0,1.0,-1.0,2153.3999999999996,0.9630388632476722,0.9999999989999999,1.0,-1.0,1.0383796927875824,1.0,0.0,7.136660385906103e-05,0.0,4.701098661403848e-08,-0.0005000000000006111,0.0,0.0,-1,0.0,0.0010000000000012221,0.001000000000000334,0.0030000000000001137,1.2927940841164576e-05,22130.35677154996,-0.695852522165094,False,1.0,1.0,0.0019999999999988916,-0.00012023,5.648,5.65427335,-0.0062733500000007325,4805386.0,-3.113076511172396e-05,1.9464,-0.00012023,0,0,False,1.0755421008838897,0.5051441791013673,39,25,5,2,0,6,1,False,0,2029383305
1779859540000,1779859541132,9,97,True,5.648,5.65,5.648,5.65,115.1,112.5,2.6,4,3,1,5.649,5.65,0.001000000000000334,5.6495,5.6493355555137095,5.649477231538491,3557.9,8678.9,20762.5,3339.8,11358.0,33835.7,20762.5,33835.7,-0.23944379118725084,0.9548218939969173,-0.15467394354895056,-9.558932116736748e-07,5.905494188756996e-07,-1.5464426305493745e-06,0.38027810440636545,0.32888888888645273,0.6136270270749353,112.5,2.6,109.9,2263.2999999999997,1.0626113595346338,28.774999992806247,53.9,109.9,3.764311345201007,6.19834706901851,0.00035404496740864226,0.00010658604080153026,0.00021262567203629424,4.701098661403848e-08,0.002000000000000668,0.00035404496740864226,3.075977127763391e-06,1,0.9999995000002501,0.0010000000000012221,0.001000000000000334,-0.0009999999999994458,1.1417603492266679e-05,22130.356789252204,-0.6954022652821119,False,1.0,1.0,-0.002000000000000668,-0.00012023,5.648,5.65427335,-0.0062733500000007325,4805386.0,-3.113076511172396e-05,1.9464,-0.00012023,1,2,False,1.1196368252420956,0.5164098483232078,40,25,5,2,0,9,4,False,0,2588624218
1779859541000,1779859542039,9,98,True,5.6495,5.6495,5.6495,5.6495,0.0,0.0,0.0,0,0,0,5.649,5.65,0.001000000000000334,5.6495,5.649331625141659,5.649434787063302,3590.4,8711.4,20795.0,3238.0,11282.300000000001,33742.4,20795.0,33742.4,-0.23740405666569664,0.0,-0.14812787495067148,-9.545733937898579e-07,5.890968922688649e-07,-1.5436702860587228e-06,0.3812979716671425,0.336749633965324,0.6162869268338762,0.0,0.0,0.0,2263.2999999999997,1.0277716428285801,0.0,0.0,0.0,0.0,0.0,-8.849949118584122e-05,0.00010840752783249469,0.0,7.834378608661106e-08,0.0015000000000000568,-0.00044254445859448347,88499.49118584121,1,0.0,0.0,0.001000000000000334,-0.0,1.1417603492266679e-05,22130.35678929065,-0.7287356375548621,False,1.0,1.0,-0.0,-0.00012023,5.648,5.65427335,-0.0062733500000007325,4805386.0,-3.113076511172396e-05,1.9464,-0.00012023,1,1,False,1.1215354125911134,0.5097661592326719,41,25,5,2,0,6,0,False,0,2099687676
1779859542000,1779859543005,9,99,True,5.6495,5.6495,5.6495,5.6495,0.0,0.0,0.0,0,0,0,5.649,5.65,0.001000000000000334,5.6495,5.649294155807472,5.649473950969153,3622.0,8849.3,20932.9,3382.1,11492.9,33953.0,20932.9,33953.0,-0.23722121710675714,0.0,-0.1523467799189207,-9.469193394911851e-07,5.869469982879085e-07,-1.5338663377790937e-06,0.3813893914466123,0.41168831168563846,0.616525785644844,0.0,0.0,0.0,2263.2999999999997,0.9940742119161676,0.0,0.0,0.0,0.0,0.0,0.0,0.00010658473947796943,0.0,7.834378608661105e-08,0.0015000000000000568,8.849949118584122e-05,0.0,1,0.0,0.0,0.001000000000000334,0.0,1.1417603492266679e-05,17703.81524330637,-0.7287356375548621,False,1.0,1.0,0.0,-0.00012023,5.648,5.65427335,-0.0062733500000007325,4805386.0,-3.113076511172396e-05,1.9464,-0.00012023,1,2,False,1.1215354125911134,0.5045409638160666,42,25,5,2,0,8,0,False,0,3673516860
1779859543000,1779859544156,9,100,True,5.6495,5.6495,5.6495,5.6495,0.0,0.0,0.0,0,0,0,5.649,5.65,0.001000000000000334,5.6495,5.649306760168053,5.649518572435767,3604.2000000000003,8725.2,20807.8,3470.8,11581.6,34040.7,20807.8,34040.7,-0.2412627510323848,0.0,-0.1605365436284253,-9.54522447879309e-07,5.863256434878962e-07,-1.5408480913672053e-06,0.3793686244837985,0.3864795918342699,0.6112624005969146,0.0,0.0,0.0,2263.2999999999997,0.9614816148041622,0.0,0.0,0.0,0.0,0.0,0.0,0.00010658473947796943,0.0,7.834378608661106e-08,0.0009999999999994458,0.0,0.0,1,0.0,0.0,0.001000000000000334,0.0,1.1417603492266679e-05,17703.81524330637,-0.7287356375548621,False,1.0,1.0,0.0,-0.00012023,5.648,5.65427335,-0.0062733500000007325,4805386.0,-2.6885774911332345e-05,1.9464,-0.00012023,1,2,False,1.1076846878781477,0.5045409638160666,43,25,5,2,0,6,0,False,0,3120630996
1779859544000,1779859544994,9,101,True,5.649,5.649,5.649,5.649,6.0,0.0,6.0,1,0,1,5.649,5.65,0.001000000000000334,5.6495,5.649421494494967,5.649558776690734,3862.2999999999997,8494.699999999999,20589.0,3798.9,11578.6,33932.2,20589.0,33932.2,-0.24473415845578883,-0.9999999998333333,-0.171105841552075,-9.695950936567373e-07,5.899880940167962e-07,-1.5595831876735335e-06,0.3776329207720964,0.1570109151959949,0.6067687918849765,0.0,6.0,-6.0,2257.2999999999997,0.9627445126794355,5.9999999939999995,6.0,-6.0,1.0386971681388044,1.0,-8.850732403874329e-05,0.00010092006065977866,0.0,6.267322602468228e-08,0.0004999999999997229,-8.850732403874329e-05,1.4751220670665345e-05,1,0.0,0.0009999999999994458,0.001000000000000334,0.0009999999999994458,1.1640824523959505e-05,22129.181445045946,-0.7287356375548621,False,1.0,1.0,0.0,-0.00012023,5.648,5.65427335,-0.0062733500000007325,4805386.0,-2.6885774911332345e-05,1.9464,-0.00012023,0,1,True,1.1005626170819005,0.49766361422559896,44,25,5,2,0,6,1,False,0,2090852423
1779859545000,1779859545998,9,102,True,5.65,5.65,5.65,5.65,29.8,29.8,0.0,1,1,0,5.65,5.651,0.0009999999999994458,5.6505,5.650976037630934,5.651191532995102,2737.9,7561.4,17413.4,4624.8,12912.4,36393.8,17413.4,36393.8,-0.3527483310783622,0.999999999966443,-0.3419147184211812,-1.0197477773045305e-06,5.37367931132869e-07,-1.5571157084373995e-06,0.32362583446080967,-0.9520753102227126,0.4784716078013157,29.8,0.0,29.8,2287.1,0.963966004066995,29.7999999702,29.8,29.8,1.037380981013434,1.0,0.00017700681522468892,0.00010658181183071715,0.0,7.05046923317519e-08,0.001000000000000334,0.0002655141392634322,5.939826014051983e-06,1,0.0,0.0009999999999994458,0.0009999999999994458,-0.0009999999999994458,1.2363840673917854e-05,22129.18144644417,-0.6954022652821119,False,1.0,1.0,-0.0019999999999988916,-0.00012023,5.648,5.65427335,-0.0062733500000007325,4805386.0,-2.6885774911332345e-05,1.9464,-0.00012023,1,2,False,1.1215354125911134,0.49766250978079124,45,25,5,2,0,9,1,False,0,75481187
1779859546000,1779859547006,9,103,True,5.65,5.65,5.649,5.649,17.6,0.0,17.6,2,0,2,5.649,5.65,0.001000000000000334,5.6495,5.6495893047524115,5.649739737573329,3454.2,8041.4,20142.7,3900.2999999999997,11186.8,33539.5,20142.7,33539.5,-0.24955758147020338,-0.9999999999431818,-0.2057175178281147,-9.84264565628879e-07,5.946376622914496e-07,-1.5789022279203284e-06,0.37522120926488906,-0.17860962566653896,0.6005664962208561,0.0,17.6,-17.6,2269.5,0.9979343318025033,8.7999999956,13.2,-17.6,2.00413988602175,999999999.9999999,-0.00017700681522460915,0.0001119576106509152,0.0001063034261371482,9.400117172263706e-08,0.0004999999999997229,-0.00035401363044929805,1.0057205409917723e-05,1,-0.9999990000010001,0.0009999999999994458,0.001000000000000334,0.0030000000000001137,1.3404743719777777e-05,17703.42353281033,-0.6609195469435776,False,1.0,1.0,0.002000000000000668,-0.00012023,5.648,5.65427335,-0.0062733500000007325,4805386.0,-2.6885774911332345e-05,1.9464,-0.00012023,1,1,False,1.0753864415911925,0.48074885578064,46,25,5,2,0,8,2,False,0,4163727490
1779859547000,1779859548129,9,104,True,5.65,5.65,5.65,5.65,3.8,3.8,0.0,2,2,0,5.649,5.65,0.001000000000000334,5.6495,5.64957986864716,5.649755772559437,3406.7,7993.9,20095.2,3925.4,11180.0,33558.2,20095.2,33558.2,-0.25092538403903103,0.9999999997368421,-0.20793009183621916,-9.842423308395156e-07,5.943838665497714e-07,-1.578626197389287e-06,0.37453730798047524,-0.15973741794135954,0.5988163846690051,3.8,0.0,3.8,2273.3,1.0307889438745523,1.8999999990499998,2.1,3.8,1.9402613987516146,1.4124293765361169,0.00017700681522468892,0.00011708685046668102,0.0,1.2533258435861014e-07,0.002000000000000668,0.00035401363044929805,4.658074083634426e-05,1,0.0,0.0010000000000012221,0.001000000000000334,-0.0009999999999994458,1.410452041382768e-05,17703.423533200286,-0.6609195469435776,False,1.0,1.0,-0.002000000000000668,-0.00012023,5.648,5.65427335,-0.0062733500000007325,4805386.0,-2.6885774911332345e-05,1.9464,-0.00012023,1,2,False,1.06861450987122,0.4805534493093608,47,25,5,2,0,8,2,False,0,98750737
1779859548000,1779859549317,9,105,True,5.6495,5.6495,5.6495,5.6495,0.0,0.0,0.0,0,0,0,5.649,5.65,0.001000000000000334,5.6495,5.649321448751278,5.649710694248763,3488.2,8110.0,20155.7,3767.1,11021.7,33431.6,20155.7,33431.6,-0.24774340188812927,0.0,-0.17136430768454738,-9.852281181465958e-07,5.942568356054112e-07,-1.579484953752007e-06,0.37612829905592604,0.3571024335010918,0.6028936694624069,0.0,0.0,0.0,2273.3,0.9969925850589932,0.0,0.0,0.0,0.0,0.0,-8.849949118584122e-05,0.00011874737280973655,0.0,1.409975974424213e-07,0.0015000000000000568,-0.00026550630641053013,88499.49118584121,1,0.0,0.0,0.001000000000000334,0.002000000000000668,1.410452041382768e-05,17703.423534364752,-0.6609195469435776,False,1.0,1.0,0.002000000000000668,-0.00012023,5.648,5.65427335,-0.0062733500000007325,4805386.0,-2.6282317496058375e-05,1.9464,-0.00012023,1,1,False,0.8917298434414229,0.4805534493093608,48,25,5,2,0,7,0,False,0,2200246094
1779859549000,1779859550037,9,106,True,5.6495,5.6495,5.6495,5.6495,0.0,0.0,0.0,0,0,0,5.649,5.65,0.001000000000000334,5.6495,5.649325646762377,5.649710738104714,3488.2,8110.0,20155.7,3768.2,11075.1,33485.0,20155.7,33485.0,-0.24849228291203793,0.0,-0.17287796501763203,-9.852281181465958e-07,5.931145689669271e-07,-1.5783426871135229e-06,0.3757538585439718,0.3487064116965765,0.6019322084515276,0.0,0.0,0.0,2273.3,0.9643043035816492,0.0,0.0,0.0,0.0,0.0,0.0,0.00011874737280973655,0.0,1.409975974424213e-07,0.0015000000000000568,8.849949118584122e-05,0.0,1,0.0,0.0,0.001000000000000334,0.0,1.410452041382768e-05,17703.423534364756,-0.6609195469435776,False,1.0,1.0,0.0,-0.00012023,5.648,5.65427335,-0.0062733500000007325,4805423.2,-1.8541207354651337e-05,1.9464,-0.00012023,1,2,False,0.8917298434414229,0.48766613857597746,49,25,5,2,0,4,0,False,0,645227092
1779859550000,1779859551035,9,107,True,5.65,5.65,5.65,5.65,8.0,2.0,6.0,2,1,1,5.65,5.651,0.0009999999999994458,5.6505,5.650770470913658,5.65127853106261,2596.6,7596.5,17448.5,4181.099999999999,11803.5,35602.1,17448.5,35602.1,-0.34219405624063925,-0.4999999999375,-0.2872057977936512,-1.0229133999321744e-06,5.448399405266522e-07,-1.5677533404588265e-06,0.328902971879671,-0.5409418752628726,0.4900974942489211,2.0,6.0,-4.0,2269.3,0.9982615395297918,3.999999998,6.0,-4.0,2.0034829739494633,1.4792899386401035,8.849949118570556e-05,0.00011874649689031209,0.0,1.409975974424213e-07,0.0,8.849949118570556e-05,1.106243639683039e-05,1,0.0,0.0009999999999994458,0.0009999999999994458,0.0009999999999994458,1.4507589393147745e-05,17702.248398372554,-0.6609195469435776,False,1.0,1.0,0.0,-0.00012023,5.648,5.65427335,-0.0062733500000007325,4805423.2,-1.8541207354651337e-05,1.9464,-0.00012023,1,2,False,0.8650351926224692,0.4888770054898555,50,25,5,2,0,6,2,False,0,4155427049
1779859551000,1779859552011,9,108,True,5.65,5.65,5.65,5.65,17.7,0.0,17.7,1,0,1,5.65,5.651,0.0009999999999994458,5.6505,5.65087181946399,5.651375887646099,2517.9,7503.8,17356.8,4424.599999999999,12651.3,36581.2,17356.8,36581.2,-0.3564166264970826,-0.9999999999435029,-0.32845808247866637,-1.0255645973138039e-06,5.32737597847279e-07,-1.5583021951610828e-06,0.3217916867514494,-0.743638982233588,0.47447322668473224,0.0,17.7,-17.7,2251.6000000000004,0.9983185382337331,17.6999999823,17.7,-17.7,1.001684292838594,1.0,0.0,0.00011874649689031209,0.0,1.4099759744242132e-07,0.0005000000000006111,-8.849949118570556e-05,0.0,1,0.0,0.0009999999999994458,0.0009999999999994458,0.0009999999999994458,1.410860949641864e-05,17702.248398372554,-0.69425285049971,False,1.0,1.0,0.0,-0.00012023,5.648,5.65427335,-0.0062733500000007325,4805423.2,-1.8541207354651337e-05,1.9464,-0.00012023,1,1,False,1.3654626725444878,0.4881698373627363,51,25,5,2,0,8,1,False,0,95225077
1779859552000,1779859552995,9,109,True,5.6505,5.6505,5.6505,5.6505,0.0,0.0,0.0,0,0,0,5.65,5.651,0.0009999999999994458,5.6505,5.650872857115949,5.651427610307709,2416.7,7402.599999999999,17255.6,4450.3,12599.3,36635.2,17255.6,36635.2,-0.3596086901660328,0.0,-0.3357882457868848,-1.0280589705268759e-06,5.317131333581577e-07,-1.5597721038850336e-06,0.3201956549169743,-0.7457142857107348,0.4710114862208895,0.0,0.0,0.0,2251.6000000000004,0.9655867828818074,0.0,0.0,0.0,0.0,0.0,8.849165971875477e-05,0.00012038384117359726,0.0,1.409975974424213e-07,0.001000000000000334,8.849165971875477e-05,88491.65971875476,1,0.0,0.0,0.0009999999999994458,-0.014000000000001123,1.410860949641864e-05,17702.24839862253,-0.7281106002732439,False,1.0,1.0,-0.014000000000001123,-0.00012023,5.648,5.65427335,-0.0062733500000007325,4805423.2,-1.8541207354651337e-05,1.9464,-0.00012023,1,2,False,1.3648997454059462,0.49217640107970134,52,25,5,2,0,5,0,False,0,586784172
1779859553000,1779859554081,9,110,True,5.6505,5.6505,5.6505,5.6505,0.0,0.0,0.0,0,0,0,5.65,5.651,0.0009999999999994458,5.6505,5.650723076900787,5.651413208959234,2485.9,7471.8,17323.8,4450.3,12141.0,36086.5,17323.8,36086.5,-0.35129366433065623,0.0,-0.3103865795719081,-1.0281270643511766e-06,5.393091918890272e-07,-1.5674362562402038e-06,0.3243531678346625,-0.44615384615208625,0.4800631815221626,0.0,0.0,0.0,2251.6000000000004,0.9339281998365023,0.0,0.0,0.0,0.0,0.0,0.0,0.00011874532914271005,0.0,1.4099759744242132e-07,0.001000000000000334,-8.849165971875477e-05,0.0,1,0.0,0.0,0.0009999999999994458,0.0,1.410860949641864e-05,17702.2483967783,-0.7281106002732439,False,1.0,1.0,0.0,-0.00012023,5.648,5.65427335,-0.0062733500000007325,4805423.2,-3.9703563373965056e-05,1.9464,-0.00012023,1,1,False,1.3648997454059462,0.4910074994423616,53,25,5,2,0,6,0,False,0,3554269176
1779859554000,1779859555016,9,111,True,5.651,5.651,5.651,5.651,183.5,183.5,0.0,1,1,0,5.65,5.651,0.0009999999999994458,5.6505,5.650176834271846,5.651268081596516,2763.5,7947.2,17798.2,4030.7,11487.0,34929.7,17798.2,34929.7,-0.32490389338471043,0.9999999999945505,-0.22751366253175412,-1.0102338565265547e-06,5.508647036162462e-07,-1.561098560142801e-06,0.3375480533076354,0.646331409725283,0.5095434544241575,183.5,0.0,183.5,2435.1000000000004,0.936094488366453,183.49999981649998,183.5,183.5,1.0682682265086274,1.0,8.848382963784445e-05,0.00012038240153186635,0.0,1.409975974424213e-07,0.0019999999999997797,8.848382963784445e-05,4.82200706470639e-07,1,0.0,0.0009999999999994458,0.0009999999999994458,-0.015000000000000568,8.681063167023689e-06,22126.439878670524,-0.7281106002732439,False,1.0,1.0,-0.016000000000000014,-0.00012023,5.648,5.65427335,-0.0062733500000007325,4805415.8,-4.124342903949136e-05,1.9464,-0.00012023,1,2,False,0.789294173959906,0.4910075838435562,54,25,5,2,0,4,1,False,0,292360089
1779859555000,1779859556066,9,112,True,5.65,5.65,5.65,5.65,132.7,0.0,132.7,1,0,1,5.65,5.651,0.0009999999999994458,5.6505,5.650328595760943,5.651341394901153,2512.8,7484.4,17335.6,3966.5,11588.2,34953.4,17335.6,34953.4,-0.336931285738868,-0.9999999999924643,-0.25210387905886866,-1.029788038548812e-06,5.510920821205794e-07,-1.5808801206693914e-06,0.3315343571305565,0.34280841386956906,0.4959631967133241,0.0,132.7,-132.7,2302.4000000000005,0.9381897510429628,132.69999986729997,132.7,-132.7,1.0658824590893707,1.0,-0.0001769754893565863,0.0001251646600601593,0.0,1.4882213324763573e-07,0.0,-0.00026545931899443076,1.333651012473645e-06,1,0.0,0.0009999999999994458,0.0009999999999994458,0.01699999999999946,7.932753641632722e-06,17700.68196478792,-0.7281106002732439,False,1.0,1.0,0.016000000000000014,-0.00012023,5.648,5.65427335,-0.0062733500000007325,4805415.8,-4.124342903949136e-05,1.9464,-0.00012023,1,1,False,0.850615936693231,0.4974619250424862,55,25,5,2,0,9,1,False,0,3139159779
1779859556000,1779859557050,9,113,True,5.6505,5.6505,5.6505,5.6505,0.0,0.0,0.0,0,0,0,5.65,5.651,0.0009999999999994458,5.6505,5.650823307513101,5.651347260211042,2458.8,7403.4,17254.6,4341.0,12305.7,35562.6,17254.6,35562.6,-0.3466295070545136,0.0,-0.30742123636799257,-1.0322063260684707e-06,5.48626881182632e-07,-1.5808332072511025e-06,0.3266852464727338,-0.6466150486387798,0.48518949683092677,0.0,0.0,0.0,2302.4000000000005,0.9074294313366361,0.0,0.0,0.0,0.0,0.0,8.849165971875477e-05,0.00012516382927071966,0.0,1.5664736121349283e-07,0.0015000000000000568,0.00026546714907534107,88491.65971875476,1,0.0,0.0,0.0009999999999994458,-0.017999999999998906,7.932753641632722e-06,17700.68195990375,-0.7281106002732439,False,1.0,1.0,-0.017999999999998906,-0.00012023,5.648,5.65427335,-0.0062733500000007325,4805415.8,-4.124342903949136e-05,1.9464,-0.00012023,1,2,False,0.8573741424774849,0.48768153099656475,56,25,5,2,0,8,0,False,0,678480564
1779859557000,1779859557997,9,114,True,5.651,5.658,5.651,5.658,2924.3,2906.0,18.3,10,9,1,5.657,5.658,0.001000000000000334,5.657500000000001,5.657982080608971,5.659673957137952,1523.4,7234.3,16544.8,5723.5,14866.4,36468.4,16544.8,36468.4,-0.37582337983746744,0.9874841842488843,-0.3679386920961755,-1.023822770918843e-06,4.954440787368908e-07,-1.5192668496557339e-06,0.3120883100812569,-0.9641612742610047,0.4536749624332174,2906.0,18.3,2887.7,5190.1,1.2055464991616645,292.429999970757,881.6,2887.7000000000003,8.294993182476988,11.207969986461105,0.0013264360613070244,0.00032131884378603504,0.0007434660832325771,2.7402588978935936e-07,0.008000000000000007,0.0012379444015882697,4.5359096580602907e-07,1,0.9999998571428775,0.0009999999999994458,0.001000000000000334,-0.004999999999999005,1.7503136767156321e-06,79596.33532997748,-0.695852522165094,False,1.0,1.0,-0.005999999999998451,-0.00012023,5.648,5.65427335,-0.0062733500000007325,4805415.8,-4.124342903949136e-05,1.9464,-0.00012023,2,2,False,0.48585232936851097,0.4747476732713208,57,25,5,2,0,8,10,False,0,2740276891
1779859558000,1779859559018,9,115,True,5.659,5.661,5.658,5.658,2638.0,2568.0,70.0,8,5,3,5.657,5.658,0.001000000000000334,5.657500000000001,5.657266997490535,5.657508745392967,3085.6,9458.699999999999,18392.2,2534.5,11527.8,31249.1,18392.2,31249.1,-0.2589960375735474,0.9469294920390648,-0.10119632162602359,-9.714656125488919e-07,5.54308723456279e-07,-1.5257743360051709e-06,0.3705019812132162,0.4660049627768436,0.5885673507396825,2568.0,70.0,2498.0,7688.1,1.4283154664022657,329.74999995878125,1675.1,2498.0,5.601003547591569,8.018327541662895,0.0,0.00032131884378603504,0.00031834678953379447,2.7402588978935936e-07,0.008500000000000618,-0.0013264360613070244,0.0,1,-0.3333332222221606,0.0009999999999994458,0.001000000000000334,-0.0009999999999994458,1.0749942244193517e-06,79596.33532997748,-0.6954022652821119,False,1.0,1.0,-0.0019999999999988916,-0.00012023,5.648,5.65427335,-0.0062733500000007325,4805415.8,-4.080645796647847e-05,1.9464,-0.00012023,2,1,False,0.476242850294108,0.4676485580585705,58,25,5,2,0,10,8,False,0,3317688927
1779859559000,1779859560015,9,116,True,5.657,5.658,5.657,5.658,54.800000000000004,53.7,1.1,3,2,1,5.658,5.659,0.0009999999999994458,5.6585,5.658552380913887,5.6588785341635575,2751.9,7312.6,17621.4,3458.9,14987.3,32026.2,17621.4,32026.2,-0.29014091315591706,0.9598540145810246,-0.21041345116753102,-1.0066860031506528e-06,5.421398708835579e-07,-1.5488258740342108e-06,0.35492954342203137,-0.10476190476119214,0.5502182588005898,53.7,1.1,52.6,7740.700000000001,1.479846106848093,18.26666666057778,35.1,52.6,2.0272378216154023,4.228329791846386,0.0,0.00032131884378603504,0.0001061531075487303,2.7402588978935936e-07,0.008500000000000618,0.0,0.0,1,0.9999990000010001,0.0009999999999994458,0.0009999999999994458,-0.0009999999999994458,1.0760228291568352e-06,79596.33532997748,-0.6609195469435776,False,1.0,1.0,-0.0019999999999988916,-0.00012023,5.648,5.65427335,-0.0062733500000007325,4805542.9,-1.4358213154915814e-05,1.9464,-0.00012023,2,2,False,0.9542335434253397,0.46374595890985154,59,25,5,2,0,9,3,False,0,542669436
1779859560000,1779859561023,9,117,True,5.659,5.659,5.659,5.659,81.0,81.0,0.0,1,1,0,5.658,5.659,0.0009999999999994458,5.6585,5.65856054186572,5.658950624452678,2666.1,7313.3,17656.0,3531.3,15311.2,32659.2,17656.0,32659.2,-0.2981842465099951,0.9999999999876543,-0.21828645663777232,-1.001130205766513e-06,5.310744426006808e-07,-1.5322046483671937e-06,0.3509078767449926,-0.1210838272640044,0.5406133646874222,81.0,0.0,81.0,7821.700000000001,1.464113447607172,80.99999991899999,81.0,81.0,0.6830071815482001,1.0,0.0001767252810112731,0.00031391081324486217,0.0,2.4269309031678677e-07,0.008999999999999453,0.0001767252810112731,2.1817935927048306e-06,1,0.0,0.0009999999999994458,0.0009999999999994458,0.0009999999999994458,9.94834294934942e-07,79596.33531243648,-0.6609195469435776,False,1.0,1.0,0.0,-0.00012023,5.648,5.65427335,-0.0062733500000007325,4805542.9,-1.4358213154915814e-05,1.9464,-0.00012023,2,2,False,0.9576315240094848,0.46560182163749714,0,26,5,2,0,9,1,False,0,195681097
1779859561000,1779859562008,9,118,True,5.659,5.66,5.659,5.66,81.0,63.3,17.7,3,2,1,5.659,5.66,0.001000000000000334,5.6594999999999995,5.659201140457962,5.659884938261112,2937.2000000000003,9211.2,19457.0,3388.1000000000004,14260.5,33853.5,19457.0,33853.5,-0.2700499901520288,0.5629629629560127,-0.12790157044765088,-9.027032917923372e-07,5.309062792385726e-07,-1.4336095710309097e-06,0.3649750049239763,0.5977190253986641,0.5747411641336768,63.3,17.7,45.599999999999994,7867.300000000001,1.5144703837511992,26.999999991,52.3,45.599999999999994,1.98089050152859,3.6429872362732705,0.00017669405470484685,0.00031576800047415356,0.00010611559430266518,2.739193967875221e-07,0.009999999999999787,-3.12263064262356e-08,2.181408082748956e-06,1,0.9999990000010001,0.0010000000000012221,0.001000000000000334,0.0030000000000001137,9.968473843097814e-07,79596.3353125071,-0.6264367598884254,False,1.0,1.0,0.0019999999999988916,-0.00012023,5.648,5.65427335,-0.0062733500000007325,4805542.9,-1.4358213154915814e-05,1.9464,-0.00012023,2,1,False,0.9948940865492111,0.4861151478374486,1,26,5,2,0,9,3,False,0,394953048
1779859562000,1779859563033,9,119,True,5.659,5.66,5.659,5.66,59.9,40.8,19.1,3,1,2,5.66,5.661,0.0009999999999994458,5.6605,5.660435721782611,5.662089565765008,2521.6,9085.2,19006.8,5863.3,16722.0,35611.2,19006.8,35611.2,-0.3040096671426946,0.36227045074520414,-0.2157783744761684,-9.105434629376096e-07,5.081671701270959e-07,-1.4187106330647055e-06,0.34799516642864353,0.12855637513104023,0.5337309610459482,40.8,19.1,21.699999999999996,7889.000000000001,1.563176272808537,19.96666666001111,40.8,21.699999999999996,1.9191693542602029,4.366812208005188,0.0,0.00031576800047415356,0.00010611559430266518,2.739193967875221e-07,0.009500000000000064,-0.00017669405470484685,0.0,1,0.9999990000010001,0.0009999999999994458,0.0009999999999994458,0.0030000000000001137,1.0162428914607683e-06,79596.33531250712,-0.5921659004098659,False,1.0,1.0,0.002000000000000668,-0.00012023,5.648,5.65427335,-0.0062733500000007325,4805542.9,-1.4358213154915814e-05,1.9464,-0.00012023,2,1,False,0.9814254005497511,0.48611514783744864,2,26,5,2,0,9,3,False,0,1427490286
1779859563000,1779859563992,9,120,True,5.66,5.66,5.659,5.659,103.7,0.0,103.7,3,0,3,5.658,5.659,0.0009999999999994458,5.6585,5.658626366523096,5.659123022871246,2764.0,8105.6,18311.7,3811.2,16764.4,34771.5,18311.7,34771.5,-0.31007550411429025,-0.9999999999903567,-0.2254873762306775,-9.708416735973096e-07,4.95076915440051e-07,-1.4659185890373607e-06,0.3449622479428455,-0.25273311896943584,0.5266295673180471,0.0,103.7,-103.7,7785.300000000001,1.6102852474705522,34.566666655144445,57.1,-103.7,1.863023959791843,2.275312850340585,-0.00017669405470483097,0.00031823021473745505,0.00010611559430266518,2.739193967875221e-07,0.00849999999999973,-0.00017669405470483097,1.703896380936616e-06,1,-0.9999990000010001,0.0009999999999994458,0.0009999999999994458,-0.0009999999999994458,9.492079613180669e-07,79596.3353126546,-0.5921659004098659,False,1.0,1.0,-0.0019999999999988916,-0.00012023,5.648,5.65427335,-0.0062733500000007325,4805542.9,-2.2848093038394912e-05,1.9464,-0.00012023,2,1,False,0.9748355752972155,0.487078973291506,3,26,5,2,0,9,3,False,0,2449375364
1779859564000,1779859565043,9,121,False,5.658,5.658,5.658,5.658,29.1,0.0,29.1,2,0,2,5.658,5.659,0.0009999999999994458,5.6585,5.65829499739217,5.658613178601944,2957.1,8521.5,18658.5,3040.5,15535.2,33258.1,18658.5,33258.1,-0.2812125601445341,-0.9999999999656357,-0.1557268213846214,-9.545051548116727e-07,5.147701102812782e-07,-1.4692752650929509e-06,0.35939371992772334,0.41000515729546155,0.5610212249045929,0.0,29.1,-29.1,7756.200000000001,1.62306278034037,14.549999992725,26.3,-29.1,1.2322382245425803,7.142857091836734,-0.00017672528101128783,0.00032006309299706474,0.0,2.894793037060997e-07,0.007000000000000561,-3.122630645686431e-08,6.073033711519408e-06,1,0.0,0.0009999999999994458,0.0009999999999994458,0.0009999999999994458,1.0090763504492275e-06,75170.96911080265,-0.5921659004098659,False,1.0,1.0,0.0,-0.00012031,5.66,5.66246602,-0.0024660199999999577,4807513.3,0.00038716905197906356,1.9464,-0.00012031,2,1,False,1.0210533956879622,0.5021355010713535,4,26,5,2,0,8,2,False,0,1964862838
1779859565000,1779859566033,9,122,False,5.658,5.658,5.658,5.658,1.4,0.0,1.4,1,0,1,5.658,5.659,0.0009999999999994458,5.6585,5.658548022545587,5.658591664136767,2895.2000000000003,8413.4,18394.6,3040.6,15712.0,33372.2,18394.6,33372.2,-0.2893282953553187,-0.9999999992857143,-0.18784252617863562,-9.661569684961268e-07,5.136993847214367e-07,-1.4798563532175636e-06,0.355335852322331,-0.09604519773920864,0.5511953062728694,0.0,1.4,-1.4,7754.800000000001,1.602634492460358,1.3999999985999998,1.4,-1.4,0.6239725926782166,1.0,0.0,0.00031760638039411037,0.0,2.581478910701267e-07,0.008000000000000007,0.00017672528101128783,0.0,1,0.0,0.0009999999999994458,0.0009999999999994458,0.0029999999999983373,9.551777574969342e-07,75170.96910932756,-0.5921659004098659,False,1.0,1.0,0.0019999999999988916,-0.00012031,5.66,5.66246602,-0.0024660199999999577,4807513.3,0.00038716905197906356,1.9464,-0.00012031,2,2,False,1.0486305932589164,0.5021355010713534,5,26,5,2,0,8,1,False,0,2462615777
1779859566000,1779859567305,9,123,False,5.658,5.658,5.658,5.658,17.7,0.0,17.7,1,0,1,5.658,5.659,0.0009999999999994458,5.6585,5.658410348909045,5.658603976490427,2887.3,8441.7,18503.4,3017.4,15512.1,33216.4,18503.4,33216.4,-0.28447519131937316,-0.9999999999435029,-0.17047177357061183,-9.60376399560325e-07,5.153525504967957e-07,-1.4757289500571208e-06,0.35776240434030376,0.17930204572588082,0.5570561529846535,0.0,17.7,-17.7,7737.100000000001,1.582875984510838,17.6999999823,17.7,-17.7,0.6317614324518748,1.0,0.0,0.00031513051619170494,0.0,2.2681647843415362e-07,0.007500000000000284,0.0,0.0,1,0.0,0.0009999999999994458,0.0009999999999994458,0.004999999999999005,9.074386573604236e-07,75170.96910903059,-0.5921659004098659,False,1.0,1.0,0.0039999999999995595,-0.00012031,5.66,5.66246602,-0.0024660199999999577,4807513.3,0.00038716905197906356,1.9464,-0.00012031,2,2,False,1.0486305932589164,0.5059131394479808,6,26,5,2,0,8,1,False,0,1154246409
1779859567000,1779859568085,9,124,False,5.658,5.658,5.658,5.658,2.2,0.0,2.2,1,0,1,5.658,5.659,0.0009999999999994458,5.6585,5.65842678340853,5.658665945017794,2842.4,8383.4,18340.1,3116.2,16146.3,34132.8,18340.1,34132.8,-0.3009686905049979,-0.9999999995454545,-0.19633586062083946,-9.68811359038271e-07,5.016612762189252e-07,-1.4704726352571961e-06,0.3495156547474916,0.14643304129979426,0.5373160127501835,0.0,2.2,-2.2,7734.9000000000015,1.5637652964940891,2.1999999978,2.2,-2.2,0.6394821534935486,1.0,0.0,0.0003126350453859117,0.0,2.1115146535034246e-07,0.0,0.0,0.0,1,0.0,0.0009999999999994458,0.0009999999999994458,0.004999999999999005,8.70496703115075e-07,75170.96910852773,-0.5921659004098659,False,1.0,1.0,0.0039999999999995595,-0.00012031,5.66,5.66246602,-0.0024660199999999577,4807513.3,0.00038716905197906356,1.9464,-0.00012031,2,2,False,1.0148319897296594,0.5052313370153387,7,26,5,2,0,6,1,False,0,3918031093
1779859568000,1779859569032,9,125,False,5.658,5.659,5.658,5.659,27.6,2.4,25.200000000000003,3,1,2,5.658,5.659,0.0009999999999994458,5.6585,5.658587761583598,5.658675270618952,2822.2000000000003,8349.3,18320.2,3136.3,16002.0,33935.9,18320.2,33935.9,-0.29883018441865544,-0.8260869564918085,-0.21091860036823676,-9.687975632919677e-07,5.045679855350672e-07,-1.473365548827035e-06,0.3505849077906627,-0.17552334943356643,0.5398471824822522,2.4,25.200000000000003,-22.800000000000004,7712.100000000001,1.610854958904119,9.199999996933334,22.1,-22.8,1.8623650636917461,3.56506237588213,0.0001767252810112731,0.00031450064364619206,0.00010613434761086128,2.1115146535034244e-07,0.0009999999999994458,0.0001767252810112731,6.403089891480797e-06,1,0.9999990000010001,0.0009999999999994458,0.0009999999999994458,0.0009999999999994458,8.522949172271034e-07,75170.96911137976,-0.5921659004098659,False,1.0,1.0,0.0,-0.00012031,5.66,5.66246602,-0.0024660199999999577,4807513.3,0.00038325549301482915,1.9464,-0.00012031,2,2,False,1.0012416461797653,0.502948474128527,8,26,5,2,0,8,3,False,0,2751522781
1779859569000,1779859570082,9,126,False,5.6585,5.6585,5.6585,5.6585,0.0,0.0,0.0,0,0,0,5.658,5.659,0.0009999999999994458,5.6585,5.6581703539572645,5.658651340488608,2985.0,8512.1,18511.4,3087.4,15608.5,33542.4,18511.4,33542.4,-0.2887589378681232,0.0,-0.1549834662839915,-9.672127136452528e-07,5.092759173150262e-07,-1.476488630960279e-06,0.35562053106592884,0.6592920353953129,0.551880604846387,0.0,0.0,0.0,7712.100000000001,1.5580400422187382,0.0,0.0,0.0,0.0,0.0,-8.835873652747491e-05,0.00031512064065989976,0.0,2.2676668789296152e-07,0.0004999999999997229,-0.00026508401753874797,88358.7365274749,1,0.0,0.0,0.0009999999999994458,0.0019999999999988916,8.522949172271034e-07,75170.96911153982,-0.5921659004098659,False,1.0,1.0,0.0019999999999988916,-0.00012031,5.66,5.66246602,-0.0024660199999999577,4807497.0,0.00037986366733556374,1.9464,-0.00012031,2,1,False,1.007988312080364,0.5030890655656336,9,26,5,2,0,8,0,False,0,2388681133
1779859570000,1779859571091,9,127,False,5.658,5.659,5.658,5.659,42.3,23.6,18.7,3,1,2,5.659,5.66,0.001000000000000334,5.6594999999999995,5.65922143691803,5.660519779084391,2544.9,8297.199999999999,18239.6,4245.099999999999,15246.9,35116.799999999996,18239.6,35116.799999999996,-0.3163106956241366,0.11583924349607952,-0.19312717251009665,-9.604836058194244e-07,5.071001171794462e-07,-1.4675837229988706e-06,0.34184465218792237,0.5571260306177017,0.519398122835779,23.6,18.7,4.900000000000002,7717.000000000001,1.6053174178836975,14.0999999953,23.6,4.900000000000002,1.8687892903361965,6.097560938429506,8.835873652753804e-05,0.00031511866572600294,0.00010613434761086128,2.3457395421369883e-07,0.0,0.00017671747305501295,2.0888590195141652e-06,1,0.9999990000010001,0.0009999999999994458,0.001000000000000334,-0.0009999999999994458,8.341483980936535e-06,75163.93137863143,-0.5564515961745846,False,1.0,1.0,-0.0019999999999988916,-0.00012031,5.66,5.66246602,-0.0024660199999999577,4807497.0,0.00037986366733556374,1.9464,-0.00012031,2,2,False,0.9880315603594433,0.5053917624429509,10,26,5,2,0,9,3,False,0,3360541278
1779859571000,1779859572070,9,128,False,5.66,5.66,5.659,5.66,110.6,92.1,18.5,4,2,2,5.66,5.661,0.0009999999999994458,5.6605,5.660291467908531,5.66150987507107,2430.4,9006.5,18704.4,4541.7,15662.2,34813.9,18704.4,34813.9,-0.30100918751155586,0.6654611211513068,-0.2094588691626181,-9.248021072766224e-07,5.254489496994265e-07,-1.450251056976049e-06,0.34949540624421277,0.4170641229442657,0.5372681601314264,92.1,18.5,73.6,7790.600000000001,1.683831600903904,27.649999993087498,56.8,73.6,2.3755344628745596,4.149377576143661,0.00017669405470484685,0.0003175859142615402,0.00010611559430266518,2.501864176393468e-07,0.0,8.833531817730881e-05,1.5975954313132845e-06,1,0.0,0.0009999999999994458,0.0009999999999994458,0.0030000000000001137,1.2237554205481625e-05,75163.93137884031,-0.5219907630327567,False,1.0,1.0,0.002000000000000668,-0.00012031,5.66,5.66246602,-0.0024660199999999577,4807497.0,0.00037986366733556374,1.9464,-0.00012031,2,2,False,1.014203851244788,0.5016299150768934,11,26,5,2,0,8,4,False,0,80972881
1779859572000,1779859573041,9,129,False,5.66,5.66,5.66,5.66,35.4,0.0,35.4,2,0,2,5.66,5.661,0.0009999999999994458,5.6605,5.660785024086222,5.661510765547731,2260.9,8695.0,18587.9,4510.7,15843.7,34978.2,18587.9,34978.2,-0.30598270174606124,-0.9999999999717515,-0.2696997861112779,-9.182742159366518e-07,5.23245045784608e-07,-1.44151926172126e-06,0.34700864912696006,-0.5700483091718593,0.5314138520564087,0.0,35.4,-35.4,7755.200000000002,1.6941977779234483,17.699999991149998,17.7,-35.4,1.1804997178492755,4.878048756692445,0.0,0.00031696888529530684,0.0,2.5018641763934673e-07,0.0,-0.00017669405470484685,0.0,1,0.0,0.0009999999999994458,0.0009999999999994458,-0.0030000000000001137,1.3788120294807062e-05,75163.93137859032,-0.5219907630327567,False,1.0,1.0,-0.0039999999999995595,-0.00012031,5.66,5.66246602,-0.0024660199999999577,4807497.0,0.00037986366733556374,1.9464,-0.00012031,2,1,False,0.9626923247047238,0.5016299150768935,12,26,5,2,0,9,2,False,0,2699438191
1779859573000,1779859574085,9,130,False,5.66,5.66,5.66,5.66,17.5,0.0,17.5,1,0,1,5.659,5.66,0.001000000000000334,5.6594999999999995,5.659286880064913,5.660332331609669,2860.8,9068.9,19258.3,4227.0,13718.300000000001,33041.8,19258.3,33041.8,-0.2635463412115797,-0.9999999999428572,-0.13398609409839235,-9.059133780029335e-07,5.382403317022576e-07,-1.4441537097051911e-06,0.3682268293942006,0.4262397991184793,0.5828465761550344,0.0,17.5,-17.5,7737.700000000002,1.6714371950407123,17.4999999825,17.5,-17.5,0.5982875111124679,1.0,0.0,0.00031696888529530684,0.0,2.5018641763934673e-07,0.001000000000000334,0.0,0.0,1,0.0,0.0010000000000012221,0.001000000000000334,-0.0030000000000001137,1.3039340315503571e-05,75163.93137859032,-0.4849536828814909,False,1.0,1.0,-0.004000000000001336,-0.00012031,5.66,5.66246602,-0.0024660199999999577,4807497.0,0.00039784957715146326,1.9464,-0.00012031,2,2,False,0.9626923247047238,0.5009783572738722,13,26,5,2,0,7,1,False,0,827191818
1779859574000,1779859575028,9,131,False,5.659,5.659,5.659,5.659,52.900000000000006,0.0,52.900000000000006,3,0,3,5.659,5.66,0.001000000000000334,5.6594999999999995,5.659441428531004,5.660339900085097,2825.4,8857.7,19060.7,4260.8,13752.1,33075.6,19060.7,33075.6,-0.268812708228235,-0.9999999999810965,-0.15742569272269763,-9.162234235731592e-07,5.381893653863847e-07,-1.454412788959544e-06,0.3655936458858729,0.11714285714202045,0.5762767720010953,0.0,52.900000000000006,-52.900000000000006,7684.800000000002,1.7149966312688856,17.633333327455556,17.7,-52.900000000000006,1.749274572062043,2.314814809456447,-0.00017669405470483097,0.0003188084758728696,0.0,2.345269485890444e-07,0.0009999999999994458,-0.00017669405470483097,3.340152262788106e-06,1,0.0,0.0009999999999994458,0.001000000000000334,-0.0009999999999994458,1.761035852026779e-05,70739.73989720295,-0.5186480186814578,False,1.0,1.0,-0.0019999999999988916,-0.00012031,5.66,5.66246602,-0.0024660199999999577,4807482.1,0.0003947490181788685,1.9464,-0.00012031,2,1,False,0.9505349689364615,0.5029652476918479,14,26,5,2,0,7,3,False,0,1581059404
1779859575000,1779859576208,9,132,False,5.659,5.659,5.659,5.659,17.6,0.0,17.6,1,0,1,5.659,5.66,0.001000000000000334,5.6594999999999995,5.659600571919355,5.6603827023093745,2772.8,8807.6,19032.6,4416.6,13907.9,33487.3,19032.6,33487.3,-0.27522329631244025,-0.9999999999431818,-0.19058428619922554,-9.154451274234126e-07,5.317823422934381e-07,-1.4472274697168507e-06,0.3623883518437704,-0.2011439466139071,0.5683527785160174,0.0,17.6,-17.6,7667.200000000002,1.6915541187682663,17.5999999824,17.6,-17.6,0.5911723357317084,1.0,0.0,0.0003163428963905021,0.0,2.188660938063413e-07,0.0009999999999994458,0.00017669405470483097,0.0,1,0.0,0.0009999999999994458,0.001000000000000334,-0.0009999999999994458,1.7613023741824427e-05,70739.73989715472,-0.5186480186814578,False,1.0,1.0,-0.0019999999999988916,-0.00012031,5.66,5.66246602,-0.0024660199999999577,4807482.1,0.0003947490181788685,1.9464,-0.00012031,2,2,False,0.9505349689364615,0.5029652476918479,15,26,5,2,0,7,1,False,0,788344597
1779859576000,1779859577019,9,133,False,5.659,5.659,5.658,5.659,46.1,0.4,45.7,3,1,2,5.658,5.659,0.0009999999999994458,5.6585,5.658594654756913,5.658595478372055,2873.7000000000003,8884.8,19175.7,3230.3,14083.5,31510.8,19175.7,31510.8,-0.2433606581634115,-0.9826464208029796,-0.1796476200053909,-9.153169102221672e-07,5.459459668799864e-07,-1.4612628771021537e-06,0.37831967091828445,-0.18930957683636243,0.6085437373852581,0.4,45.7,-45.300000000000004,7621.9000000000015,1.734453983726684,15.366666661544444,28.0,-45.3,1.7296509601393324,9.478672895936748,0.0,0.00031572343816185544,0.00010613434761086128,1.0148756523047474e-07,0.0009999999999994458,0.0,0.0,1,0.0,0.0009999999999994458,0.0009999999999994458,0.0009999999999994458,1.7823678749669105e-05,70739.73989712137,-0.5186480186814578,False,1.0,1.0,0.0,-0.00012031,5.66,5.66246602,-0.0024660199999999577,4807482.1,0.0003947490181788685,1.9464,-0.00012031,2,2,False,0.9141836279347504,0.5029652476918479,16,26,5,2,0,6,3,False,0,3635885627
1779859577000,1779859578267,9,134,False,5.6585,5.6585,5.6585,5.6585,0.0,0.0,0.0,0,0,0,5.658,5.659,0.0009999999999994458,5.6585,5.658489263774752,5.6584315438661426,3039.0,9097.2,21750.3,2992.6,13907.5,31078.8,21750.3,31078.8,-0.17657881735634004,0.0,-0.1108684559767189,-8.544243168199438e-07,5.518786604961172e-07,-1.4063029773160611e-06,0.41171059132182053,0.021472392637927044,0.6998436233058967,0.0,0.0,0.0,7621.9000000000015,1.6775866399979402,0.0,0.0,0.0,0.0,0.0,-8.835873652747491e-05,0.00011000009765447899,0.0,1.0148756523047474e-07,0.0004999999999997229,-8.835873652747491e-05,88358.7365274749,1,0.0,0.0,0.0009999999999994458,0.0019999999999988916,1.7823678749669105e-05,4417.936831866004,-0.5186480186814578,False,1.0,1.0,0.0019999999999988916,-0.00012031,5.66,5.66246602,-0.0024660199999999577,4807482.1,0.0003947490181788685,1.9464,-0.00012031,0,1,True,0.9257897446383377,0.5031060493947032,17,26,5,2,0,5,0,False,0,603774091
1779859578000,1779859579028,9,135,False,5.658,5.658,5.658,5.658,17.7,0.0,17.7,1,0,1,5.658,5.659,0.0009999999999994458,5.6585,5.658537942632611,5.658447625488106,3010.2000000000003,9101.3,21754.4,3050.0,13964.9,31136.2,21754.4,31136.2,-0.17738123598521896,-0.9999999999435029,-0.12373226085756024,-8.525212087440444e-07,5.516444007904257e-07,-1.40416560953447e-06,0.41130938200738104,-0.0758853288359984,0.6986851317758526,0.0,17.7,-17.7,7604.200000000002,1.6553706845881717,17.6999999823,17.7,-17.7,0.604094302687672,1.0,-8.8366544483765e-05,0.00011176069878626823,0.0,1.0929552145235913e-07,-0.0009999999999994458,-7.80795629008995e-09,4.992460140043647e-06,1,0.0,0.0009999999999994458,0.0009999999999994458,0.0029999999999983373,1.7801288679327843e-05,8836.264056054255,-0.5186480186814578,False,1.0,1.0,0.0019999999999988916,-0.00012031,5.66,5.66246602,-0.0024660199999999577,4807482.1,0.0004047830742906697,1.9464,-0.00012031,0,1,True,0.9377167814249884,0.5052576930574689,18,26,5,2,0,4,1,False,0,2990304421
1779859579000,1779859580072,9,136,False,5.6585,5.6585,5.6585,5.6585,0.0,0.0,0.0,0,0,0,5.658,5.659,0.0009999999999994458,5.6585,5.6585435868647505,5.658436999603461,3043.0,9134.1,21787.2,3052.2000000000003,13991.1,31162.4,21787.2,31162.4,-0.17705893906658074,0.0,-0.12268409443035837,-8.523854141880194e-07,5.512331549478431e-07,-1.4036185691358625e-06,0.4114705304667002,-0.0871737923371062,0.6991502580032122,0.0,0.0,0.0,7604.200000000002,1.6010962359131498,0.0,0.0,0.0,0.0,0.0,8.836654448375004e-05,0.00011349399148146523,0.0,1.1710416763635902e-07,0.0,0.00017673308896751504,88366.54448375004,1,0.0,0.0,0.0009999999999994458,-0.0019999999999988916,1.7801288679327843e-05,8836.264056303877,-0.5186480186814578,False,1.0,1.0,-0.0019999999999988916,-0.00012031,5.66,5.66246602,-0.0024660199999999577,4807432.2,0.0003943992189509175,1.9464,-0.00012031,0,2,False,0.9438047607586968,0.5037759260582534,19,26,5,2,0,5,0,False,0,2852208854
1779859580000,1779859581028,9,137,False,5.659,5.659,5.658,5.658,90.7,79.0,11.7,2,1,1,5.658,5.659,0.0009999999999994458,5.6585,5.658159580630995,5.65824230944564,3231.1000000000004,9246.9,21900.0,2682.0,13535.699999999999,30689.4,21900.0,30689.4,-0.16713254001756694,0.7420066152068135,-0.046254856031447994,-8.545729852958094e-07,5.551917785677776e-07,-1.4097647638635872e-06,0.41643372999120704,0.6808386720985391,0.7136014389332892,79.0,11.7,67.3,7671.500000000002,1.6141750478504235,45.349999977325,79.0,67.3,1.2390229928435281,45.45454338842985,-8.8366544483765e-05,0.00010821149275455585,0.00010613434761086128,9.368650734962359e-08,-0.0009999999999994458,-0.00017673308896751504,9.742728167893134e-07,1,-0.9999990000010001,0.0009999999999994458,0.0009999999999994458,-0.0009999999999994458,1.762116907823696e-05,13254.59128033088,-0.5186480186814578,False,1.0,1.0,-0.0019999999999988916,-0.00012031,5.66,5.66246602,-0.0024660199999999577,4807432.2,0.0003943992189509175,1.9464,-0.00012031,0,1,True,0.9639225959440462,0.5044519168335865,20,26,5,2,0,8,2,False,0,4217139916
1779859581000,1779859582029,9,138,False,5.658,5.658,5.658,5.658,2.2,0.0,2.2,1,0,1,5.659,5.66,0.001000000000000334,5.6594999999999995,5.659656736589983,5.660094040143687,2571.6,8738.5,21512.1,3546.0,13234.3,32756.6,21512.1,32756.6,-0.20720046730435396,-0.9999999995454545,-0.16139969107264923,-8.718743637103333e-07,5.416957057437009e-07,-1.4135700694540343e-06,0.3963997663478138,-0.31347325659909636,0.6567256674990488,0.0,2.2,-2.2,7669.300000000002,1.5940381610356555,2.1999999978,2.2,-2.2,0.6273375530250523,1.0,0.0,0.00010074069543023478,0.0,9.368650734962359e-08,-0.0019999999999997797,8.8366544483765e-05,0.0,1,0.0,0.0029999999999983373,0.001000000000000334,0.0009999999999994458,1.7761212102317807e-05,13254.591280221812,-0.5186480186814578,False,1.0,1.0,-0.0019999999999988916,-0.00012031,5.66,5.66246602,-0.0024660199999999577,4807432.2,0.0003943992189509175,1.9464,-0.00012031,0,2,False,0.9797662204290665,0.5044519168335866,21,26,5,2,0,7,1,False,0,100996391
1779859582000,1779859583126,9,139,False,5.659,5.659,5.659,5.659,40.0,26.4,13.6,3,1,2,5.659,5.66,0.001000000000000334,5.6594999999999995,5.659760971742479,5.660319093404001,2534.1,8580.3,21253.3,4017.9,13874.3,33687.7,21253.3,33687.7,-0.2263227826213533,0.319999999992,-0.19572487242147524,-8.840070013925392e-07,5.285343393291258e-07,-1.412541340721665e-06,0.38683860868931425,-0.5219435736636211,0.6308919872831737,26.4,13.6,12.799999999999999,7682.100000000002,1.6401352705098964,13.33333332888889,26.4,12.799999999999999,1.8291174222710436,2.6666666595555553,0.0001767252810112731,0.00010821404235677086,0.0,9.36865073496236e-08,-0.001000000000000334,0.0001767252810112731,4.418132025171374e-06,1,0.0,0.0009999999999994458,0.001000000000000334,0.0009999999999994458,1.907157314104452e-05,13254.591284238293,-0.5489510472456509,False,1.0,1.0,0.0,-0.00012031,5.66,5.66246602,-0.0024660199999999577,4807432.2,0.0003943992189509175,1.9464,-0.00012031,0,2,False,0.9675765318983345,0.5021748723922543,22,26,5,2,0,9,3,False,0,1211541593
1779859583000,1779859584063,9,140,False,5.66,5.66,5.66,5.66,2.1,2.1,0.0,1,1,0,5.659,5.66,0.001000000000000334,5.6594999999999995,5.659788194405141,5.660090280724446,2829.7,8938.1,21616.9,3999.0,13694.8,33508.2,21616.9,33508.2,-0.21571480142439253,0.9999999995238095,-0.18409714693096252,-8.715391787116661e-07,5.311389003145732e-07,-1.4026780790262393e-06,0.3921425992877947,-0.5763888888848863,0.6451226863871936,2.1,0.0,2.1,7684.200000000003,1.6191472288538342,2.0999999979,2.1,2.1,0.6176090608451174,1.0,0.00017669405470484685,0.00010821404235677213,0.0,9.36865073496238e-08,0.0,-3.12263064262356e-08,8.414002600986038e-05,1,0.0,0.0010000000000012221,0.001000000000000334,0.0030000000000001137,1.9515384487243532e-05,13254.591284311671,-0.5835294285863323,False,1.0,1.0,0.0019999999999988916,-0.00012031,5.66,5.66246602,-0.0024660199999999577,4807432.2,0.0004069939871101673,1.9464,-0.00012031,0,1,True,0.9310828748888633,0.4984390273005661,23,26,5,2,0,7,1,False,0,457131133
1779859584000,1779859584998,9,141,False,5.6594999999999995,5.6594999999999995,5.6594999999999995,5.6594999999999995,0.0,0.0,0.0,0,0,0,5.659,5.66,0.001000000000000334,5.6594999999999995,5.6597883413902865,5.660142629175859,2852.0,8960.4,21639.2,4229.3,14056.5,33958.1,21639.2,33958.1,-0.22157370951466665,0.0,-0.19528870280806082,-8.71152535347539e-07,5.255363885227027e-07,-1.3966889238702417e-06,0.38921314524265765,-0.5766828591216053,0.6372323539891621,0.0,0.0,0.0,7684.200000000003,1.5660604344651838,0.0,0.0,0.0,0.0,0.0,-8.834312475391059e-05,0.0001026592085510676,0.0,1.092962122676884e-07,0.0004999999999997229,-0.00026503717945875746,88343.12475391058,1,0.0,0.0,0.001000000000000334,-0.0019999999999988916,1.9515384487243532e-05,13254.591286329869,-0.5835294285863323,False,1.0,1.0,-0.0019999999999988916,-0.00012031,5.66,5.66246602,-0.0024660199999999577,4807405.3,0.00040139620704399685,1.9464,-0.00012031,0,1,True,0.9428268134429555,0.5028702010894911,24,26,5,2,0,6,0,False,0,681520240
1779859585000,1779859586001,9,142,False,5.659,5.659,5.658,5.658,44.0,0.0,44.0,2,0,2,5.658,5.659,0.0009999999999994458,5.6585,5.658701090406294,5.6585382490044145,3127.2999999999997,9077.6,21806.8,3242.8,14134.5,31667.4,21806.8,31667.4,-0.18439920559821033,-0.9999999999772728,-0.14117322928485485,-8.519284888443906e-07,5.405832582513705e-07,-1.392511747095761e-06,0.40780039720088557,-0.40218088518022976,0.6886198424878364,0.0,44.0,-44.0,7640.200000000003,1.5802879612040304,21.999999989,27.4,-44.0,1.2655921248748845,333.3332222222593,-0.0002650762109622236,0.00011854190390421464,0.00010613434761086128,1.3271387304201804e-07,-0.0009999999999994458,-0.000176733086208313,6.024459339913617e-06,1,-0.9999990000010001,0.0009999999999994458,0.0009999999999994458,0.0009999999999994458,2.133852574770118e-05,26508.401834441047,-0.5541176229945527,False,1.0,1.0,0.0,-0.00012031,5.66,5.66246602,-0.0024660199999999577,4807405.3,0.00040139620704399685,1.9464,-0.00012031,1,1,False,0.9079739848671633,0.5019373441420556,25,26,5,2,0,9,2,False,0,3563193651
1779859586000,1779859587027,9,143,False,5.658,5.658,5.658,5.658,1.5,0.0,1.5,1,0,1,5.658,5.659,0.0009999999999994458,5.6585,5.658537513367318,5.658486866262466,3298.1,9248.4,21977.6,3291.7999999999997,14176.0,31461.9,21977.6,31461.9,-0.1774773341816414,-0.9999999993333333,-0.12025158820621189,-8.486680951230526e-07,5.45999738074787e-07,-1.3946678331978396e-06,0.41126133290917,-0.07502679528362795,0.6985464959204403,0.0,1.5,-1.5,7638.700000000003,1.5612621264104556,1.4999999984999999,1.5,-1.5,0.6405074346218994,1.0,0.0,0.00011854190390421464,0.0,1.3271387304201804e-07,-0.0009999999999994458,0.0002650762109622236,0.0,1,0.0,0.0009999999999994458,0.0009999999999994458,0.0009999999999994458,2.1337833223173003e-05,26508.401834441047,-0.5571095588770565,False,1.0,1.0,0.0,-0.00012031,5.66,5.66246602,-0.0024660199999999577,4807405.3,0.00040139620704399685,1.9464,-0.00012031,1,2,False,0.9079739848671633,0.5034328044753659,26,26,5,2,0,8,1,False,0,369082257
1779859587000,1779859588244,9,144,False,5.659,5.659,5.659,5.659,30.7,30.7,0.0,1,1,0,5.658,5.659,0.0009999999999994458,5.6585,5.658672509945131,5.658467621572375,3405.0,9355.3,21999.7,3415.8999999999996,14300.1,31627.2,21999.7,31627.2,-0.17952743865485085,0.9999999999674267,-0.12385103319663279,-8.518656067184258e-07,5.456154286312724e-07,-1.3974810353496983e-06,0.4102362806725653,-0.34501992031780865,0.6955942985784168,30.7,0.0,30.7,7669.400000000002,1.5428600894789652,30.6999999693,30.7,30.7,0.6481469098663121,1.0,0.0001767252810112731,0.0001249550888466001,0.0,1.3271387304201804e-07,0.0004999999999997229,0.0001767252810112731,5.756523811254611e-06,1,0.0,0.0009999999999994458,0.0009999999999994458,0.0009999999999994458,2.1661127380033626e-05,26508.401840331888,-0.5590277373581882,False,1.0,1.0,0.0,-0.00012031,5.66,5.66246602,-0.0024660199999999577,4807405.3,0.00040139620704399685,1.9464,-0.00012031,1,2,False,0.8832333179892526,0.49897206081888984,27,26,5,2,0,5,1,False,0,2880361273
1779859588000,1779859589043,9,145,False,5.658,5.658,5.658,5.658,24.8,0.0,24.8,1,0,1,5.658,5.659,0.0009999999999994458,5.6585,5.658734688475029,5.658490340587691,3329.6,9279.9,21829.7,3441.0,14325.2,31652.3,21829.7,31652.3,-0.1836617927526984,-0.9999999999596774,-0.13491420990768815,-8.572080314683798e-07,5.456154286312723e-07,-1.402823460099652e-06,0.4081691036236415,-0.46937697993540295,0.689671840592921,0.0,24.8,-24.8,7644.600000000002,1.5250613980206384,24.7999999752,24.8,-24.8,0.6557113048970871,1.0,-0.00017672528101128783,0.00012495508884660116,0.0,1.4833047544791503e-07,0.0,-0.0003534505620225609,7.1260193953291055e-06,1,0.0,0.0009999999999994458,0.0009999999999994458,0.0009999999999994458,2.1717607336876034e-05,26508.401836603232,-0.559907822301716,False,1.0,1.0,0.0,-0.00012031,5.66,5.66246602,-0.0024660199999999577,4807405.3,0.0004171348204711665,1.9464,-0.00012031,1,1,False,0.8832333179892526,0.49965336953155665,28,26,5,2,0,5,1,False,0,1597051116
1779859589000,1779859590003,9,146,False,5.658,5.658,5.658,5.658,17.5,0.0,17.5,1,0,1,5.658,5.659,0.0009999999999994458,5.6585,5.6587642254134,5.658625857613958,3076.9,9027.2,21577.0,3467.3999999999996,14388.5,31945.1,21577.0,31945.1,-0.19371624058099002,-0.9999999999428572,-0.15124268204109206,-8.6370361470581e-07,5.393752573497152e-07,-1.4030788720555253e-06,0.40314187970949567,-0.5284508576081448,0.6754400518389151,0.0,17.5,-17.5,7627.100000000002,1.507846270216683,17.4999999825,17.5,-17.5,0.6631975812713976,1.0,0.0,0.00012338318731750043,0.0,1.4052320912717772e-07,-0.0004999999999997229,0.00017672528101128783,0.0,1,0.0,0.0009999999999994458,0.0009999999999994458,0.0009999999999994458,2.144284369394658e-05,26508.40183644316,-0.559770084059543,False,1.0,1.0,0.0,-0.00012031,5.66,5.66246602,-0.0024660199999999577,4807458.2,0.00042814326746696597,1.9464,-0.00012031,1,2,False,0.8832333179892526,0.49965336953155653,29,26,5,2,0,6,1,False,0,3063594352
1779859590000,1779859591005,9,147,False,5.659,5.659,5.659,5.659,2.0,2.0,0.0,1,1,0,5.658,5.659,0.0009999999999994458,5.6585,5.658757378809481,5.658647686561213,3107.0,9057.3,21627.6,3508.7,14478.6,31841.9,21627.6,31841.9,-0.1910304005086977,0.9999999995,-0.14207808782166043,-8.626894273401595e-07,5.426513453359688e-07,-1.4053407726761284e-06,0.40448479974564183,-0.5147576496059715,0.6792182627292755,2.0,0.0,2.0,7629.100000000002,1.4911955728325295,1.9999999979999998,2.0,2.0,0.670602848846912,1.0,0.0001767252810112731,0.00012804155124026702,0.0,1.2491074570152976e-07,0.0009999999999994458,0.0001767252810112731,8.836264046145522e-05,1,0.0,0.0009999999999994458,0.0009999999999994458,0.0009999999999994458,2.104367173520313e-05,22090.465010571188,-0.5586206692771409,False,1.0,1.0,0.0,-0.00012031,5.66,5.66246602,-0.0024660199999999577,4807458.2,0.00042814326746696597,1.9464,-0.00012031,1,2,False,0.8832333179892526,0.4952155824495033,30,26,5,2,0,7,1,False,0,3073840368
1779859591000,1779859592193,9,148,False,5.658,5.658,5.658,5.658,1.0,0.0,1.0,1,0,1,5.658,5.659,0.0009999999999994458,5.6585,5.658748589831698,5.6586513598505475,3112.4,9062.699999999999,21653.0,3531.7,14436.7,32121.5,21653.0,32121.5,-0.19467405554677042,-0.9999999989999999,-0.14710104706436566,-8.612429902200712e-07,5.415995103715074e-07,-1.4028425005915788e-06,0.4026629722266055,-0.49717969379399096,0.6740967887551741,0.0,1.0,-1.0,7628.100000000002,1.4750907999527745,0.9999999989999999,1.0,-1.0,0.6779243686924838,1.0,-0.00017672528101128783,0.00012804370598759585,0.0,1.561425706500458e-07,0.0,-0.0003534505620225609,0.00017672528083456253,1,0.0,0.0009999999999994458,0.0009999999999994458,0.0009999999999994458,2.0381454848859786e-05,22090.46501478046,-0.5564515961745846,False,1.0,1.0,0.0,-0.00012031,5.66,5.66246602,-0.0024660199999999577,4807458.2,0.00042814326746696597,1.9464,-0.00012031,1,1,False,0.8888493988050149,0.4959263127584521,31,26,5,2,0,8,1,False,0,2191013763
1779859592000,1779859593099,9,149,False,5.658,5.658,5.658,5.658,3.2,0.0,3.2,2,0,2,5.658,5.659,0.0009999999999994458,5.6585,5.658757445651572,5.658651598624612,3109.2,9059.5,21649.8,3534.0,14477.1,32243.7,21649.8,32243.7,-0.19657101505747085,-0.9999999996875,-0.1492001818202096,-8.612429902200713e-07,5.392443449325817e-07,-1.400487335152653e-06,0.40171449247125535,-0.5148913335108266,0.671442793475914,0.0,3.2,-3.2,7624.900000000002,1.4923009376592409,1.5999999992,1.9,-3.2,1.3402122508861394,3.6231883926696065,0.0,0.00012804370598759585,0.0,1.561425706500458e-07,-0.0009999999999994458,0.00017672528101128783,0.0,-1,0.0,0.0009999999999994458,0.0009999999999994458,0.0009999999999994458,2.0640011810482628e-05,22090.465014780468,-0.5532407167339543,False,1.0,1.0,0.0,-0.00012031,5.66,5.66246602,-0.0024660199999999577,4807458.2,0.00042814326746696597,1.9464,-0.00012031,1,1,False,0.8832333179892526,0.4959263127584521,32,26,5,2,0,7,2,False,0,4095385349
1779859593000,1779859594073,9,150,False,5.658,5.659,5.658,5.659,3.7,2.7,1.0,2,1,1,5.658,5.659,0.0009999999999994458,5.6585,5.658754400201304,5.65865137503886,3109.5,9059.8,21650.1,3530.3,14500.6,32311.3,21650.1,32311.3,-0.19757085620461673,0.45945945933528126,-0.15048191672973682,-8.612429902200712e-07,5.378155322024489e-07,-1.3990585224225201e-06,0.40121457189768245,-0.5088004332507209,0.6700473209062875,2.7,1.0,1.7000000000000002,7626.600000000002,1.5089468085556592,1.849999999075,2.7,1.7000000000000002,1.3254277667938086,1.3966480427421117,0.0001767252810112731,0.00013400291746996988,0.00010613434761086128,1.561425706500458e-07,-0.001000000000000334,0.0001767252810112731,4.776358944959716e-05,1,0.9999990000010001,0.0009999999999994458,0.0009999999999994458,0.0009999999999994458,2.150212773174646e-05,22090.4650175418,-0.5489510472456509,False,1.0,1.0,0.0,-0.00012031,5.66,5.66246602,-0.0024660199999999577,4807458.2,0.00042814326746696597,1.9464,-0.00012031,1,2,False,0.8776930763889086,0.4937151631737248,33,26,5,2,0,6,2,False,0,2065633626
1779859594000,1779859595091,9,151,False,5.658,5.659,5.658,5.659,3.0999999999999996,1.9,1.2,2,1,1,5.658,5.659,0.0009999999999994458,5.6585,5.658762662408755,5.658637404290531,3132.6,9082.9,21673.2,3515.3,14387.4,31823.8,21673.2,31823.8,-0.18974148083069722,0.22580645154006243,-0.1388029806716781,-8.608258959418818e-07,5.431406872317475e-07,-1.4039665831736293e-06,0.4051292595846421,-0.5253248475191585,0.6810374625280237,1.9,1.2,0.7,7627.300000000002,1.5250469131931785,1.5499999992249998,1.9,0.7,1.3114350656275344,1.328021246576333,0.0,0.00012804586069866482,0.00010613434761086128,1.5614257065004583e-07,-0.0004999999999997229,-0.0001767252810112731,0.0,1,0.9999990000010001,0.0009999999999994458,0.0009999999999994458,-0.005000000000000782,2.2367289051266393e-05,22090.46501703696,-0.5435293729815119,False,1.0,1.0,-0.006000000000000227,-0.00012031,5.65939659,5.66294508,-0.0035484900000000152,4807412.3,0.0004185915147806193,1.9464,-0.00012031,1,1,False,0.8722271619035209,0.4937151631737248,34,26,5,2,0,8,2,False,0,3574302687
1779859595000,1779859595995,9,152,False,5.659,5.659,5.659,5.659,4.7,4.7,0.0,1,1,0,5.658,5.659,0.0009999999999994458,5.6585,5.65840282578437,5.658507798734303,3599.5,9653.8,21936.3,3382.4,14154.7,31547.0,21936.3,31547.0,-0.1796953441541532,0.999999999787234,-0.08294739013417043,-8.68291259087611e-07,5.467713969304729e-07,-1.415062656018084e-06,0.41015232792291406,0.1943484142489188,0.6953529654166578,4.7,0.0,4.7,7632.000000000002,1.507832260301599,4.6999999953,4.7,4.7,0.6632037433240582,1.0,0.0,0.0001280458606986648,0.0,1.5614257065004583e-07,0.0009999999999994458,0.0,0.0,1,0.0,0.0009999999999994458,0.0009999999999994458,-0.005000000000000782,2.1488109483113136e-05,22090.465017036957,-0.5369047474513114,False,1.0,1.0,-0.006000000000000227,-0.00012031,5.65939659,5.66294508,-0.0035484900000000152,4807412.3,0.0004185915147806193,1.9464,-0.00012031,1,2,False,0.8722271619035209,0.49519449803825377,35,26,5,2,0,5,1,False,0,756417177
1779859596000,1779859597101,9,153,False,5.658,5.658,5.658,5.658,1.2,0.0,1.2,1,0,1,5.658,5.659,0.0009999999999994458,5.6585,5.658407656638764,5.658582980510728,3614.6,9564.9,21836.9,3518.4,14237.8,30265.4,21836.9,30265.4,-0.1617682904593432,-0.9999999991666666,-0.08271186572051656,-8.755328609022319e-07,5.73455282186964e-07,-1.4489881430891958e-06,0.4191158547703188,0.18468670554780217,0.7215136756824386,0.0,1.2,-1.2,7630.800000000002,1.4911820222589236,1.1999999987999999,1.2,-1.2,0.6706089427060934,1.0,-0.00017672528101128783,0.0001340049763609091,0.0,1.5614257065004583e-07,0.0,-0.00017672528101128783,0.00014727106738668063,1,0.0,0.0009999999999994458,0.0009999999999994458,0.006999999999999673,2.1777298556896885e-05,22090.465018917013,-0.5289854781623529,False,1.0,1.0,0.006000000000000227,-0.00012031,5.65939659,5.66294508,-0.0035484900000000152,4807412.3,0.0004185915147806193,1.9464,-0.00012031,1,1,False,0.8722271619035209,0.4952098382573398,36,26,5,2,0,10,1,False,0,3927749027
1779859597000,1779859598043,9,154,False,5.6585,5.6585,5.6585,5.6585,0.0,0.0,0.0,0,0,0,5.658,5.659,0.0009999999999994458,5.6585,5.658407656638764,5.658549466810006,3694.1000000000004,9615.7,21887.7,3536.0,14255.1,30395.2,21887.7,30395.2,-0.16272050708740024,0.0,-0.08470015127642291,-8.745158837709502e-07,5.720398031400475e-07,-1.4465556869109977e-06,0.4186397464562904,0.18468670554780217,0.7201038321840053,0.0,0.0,0.0,7630.800000000002,1.4422908084143686,0.0,0.0,0.0,0.0,0.0,8.836654448375004e-05,0.0001340052337882784,0.0,1.6395121683404862e-07,-0.0004999999999997229,0.00026509182549503785,88366.54448375004,1,0.0,0.0,0.0009999999999994458,-0.006000000000000227,2.1777298556896885e-05,22090.46502250312,-0.5196559975718533,False,1.0,1.0,-0.006000000000000227,-0.00012031,5.65939659,5.66294508,-0.0035484900000000152,4807412.3,0.0004185915147806193,1.9464,-0.00012031,1,2,False,0.8776930763889086,0.49298369864405445,37,26,5,2,0,7,0,False,0,1685366438
1779859598000,1779859599135,9,155,False,5.6585,5.6585,5.6585,5.6585,0.0,0.0,0.0,0,0,0,5.658,5.659,0.0009999999999994458,5.6585,5.658401496997518,5.658220196552803,3850.2,9877.9,22149.9,3099.5,13733.9,29870.600000000002,22149.9,29870.600000000002,-0.14841648965311469,0.0,-0.06465107705568876,-8.656905233620108e-07,5.793744682466552e-07,-1.4450649916086661e-06,0.4257917551734331,0.1970059880236572,0.7415284594216138,0.0,0.0,0.0,7630.800000000002,1.395002585187668,0.0,0.0,0.0,0.0,0.0,0.0,0.0001325404480656795,0.0,1.561425706500487e-07,0.0004999999999997229,-8.836654448375004e-05,0.0,1,0.0,0.0,0.0009999999999994458,0.0,2.1777298556896885e-05,17672.13779831487,-0.5087719159081624,False,1.0,1.0,0.0,-0.00012031,5.65939659,5.66294508,-0.0035484900000000152,4807412.3,0.0004216726814453227,1.9464,-0.00012031,1,1,False,0.8832333179892526,0.49298369864405434,38,26,5,2,0,9,0,False,0,2632846226
1779859599000,1779859600000,9,156,False,5.659,5.661,5.659,5.661,370.09999999999997,370.09999999999997,0.0,3,3,0,5.661,5.662,0.001000000000000334,5.6615,5.661621149412272,5.662051269385596,3352.6,9536.6,19682.9,4139.2,15412.5,34997.1,19682.9,34997.1,-0.28006949524505703,0.999999999997298,-0.17071150352021044,-9.115691489661985e-07,5.245865686049863e-07,-1.436155717571185e-06,0.35996525237746235,-0.2422988505741556,0.562415171542769,370.09999999999997,0.0,370.09999999999997,8000.900000000002,1.4476254512470887,123.36666662554443,268.2,370.09999999999997,2.072359252417968,285.71420408165596,0.0004417156306635442,0.00016411024642866084,0.00021221244192295085,1.4833392446604883e-07,0.0029999999999992255,0.0004417156306635442,1.1935034603143764e-06,1,0.9999995000002501,0.0010000000000012221,0.001000000000000334,-0.0030000000000001137,7.20186706285043e-06,39757.91933124246,-0.4705128522345595,False,1.0,1.0,-0.004000000000001336,-0.00012031,5.65939659,5.66294508,-0.0035484900000000152,4807412.3,0.0004216726814453227,1.9464,-0.00012031,2,2,False,0.921447887163455,0.5022042051082231,39,26,5,2,0,8,3,False,0,1349450526
1779859600000,1779859601073,9,157,False,5.661,5.662,5.661,5.662,100.39999999999999,0.8,99.6,2,1,1,5.661,5.662,0.001000000000000334,5.6615,5.661305890189683,5.662091545260433,3202.3,9507.4,19744.3,3957.0,15231.3,34865.0,19744.3,34865.0,-0.2768887350689301,-0.984063745010119,-0.14799466029783157,-9.012594985616149e-07,5.23744332043341e-07,-1.425003830604956e-06,0.3615556324655258,0.38821954484345234,0.5663071848558564,0.8,99.6,-98.8,7902.100000000002,1.465736092189807,50.199999974899995,99.6,-98.8,1.3645021155530812,1.2531328305098586,0.00017663163518496638,0.00016763554933569872,0.00010607810756062813,2.2635487859690933e-07,0.0030000000000001137,-0.0002650839954785778,1.7592792348925011e-06,1,0.9999990000010001,0.0009999999999994458,0.001000000000000334,0.0009999999999994458,6.1242057603879355e-06,35339.592107078075,-0.4705128522345595,False,1.0,1.0,0.0,-0.00012031,5.65939659,5.66294508,-0.0035484900000000152,4807412.3,0.0004216726814453227,1.9464,-0.00012031,2,1,False,1.0042479695210718,0.4904364107662046,40,26,5,2,0,8,2,False,0,1990540915
1779859601000,1779859602105,9,158,False,5.662,5.662,5.661,5.661,49.8,37.9,11.9,2,1,1,5.661,5.662,0.001000000000000334,5.6615,5.6613796894847255,5.662102506231873,3184.1,9493.6,19495.5,3994.0,15279.8,34913.5,19495.5,34913.5,-0.2833722362109158,0.522088353403171,-0.16263510819567967,-9.144797041384659e-07,5.234662222513541e-07,-1.43794592638982e-06,0.35831388189453295,0.24062095730762859,0.558394317384377,37.9,11.9,26.0,7928.100000000002,1.4832529416262068,24.899999987549997,37.9,26.0,1.3483876839366689,6.535947669699689,-0.00017663163518511087,0.00017222547467924074,0.00010607810756062813,2.575536131450499e-07,0.0029999999999992255,-0.0003532632703700773,3.546819983565544e-06,1,-0.9999990000010001,0.0010000000000012221,0.001000000000000334,-0.0030000000000001137,5.621165412730154e-06,35339.592107166034,-0.4705128522345595,False,1.0,1.0,-0.004000000000001336,-0.00012031,5.65939659,5.66294508,-0.0035484900000000152,4807412.3,0.0004216726814453227,1.9464,-0.00012031,2,1,False,1.0564017582269505,0.48507519920983877,41,26,5,2,0,8,2,False,0,689410740
1779859602000,1779859603023,9,159,False,5.662,5.662,5.662,5.662,6.9,6.9,0.0,1,1,0,5.661,5.662,0.001000000000000334,5.6615,5.661405086813516,5.662190412420432,3082.8,9743.7,19077.0,4310.1,15623.8,35264.5,19077.0,35264.5,-0.29788467377602207,0.9999999998550725,-0.20765477733503007,-9.314711496618209e-07,5.212260503238326e-07,-1.4526971999856535e-06,0.3510576631119798,0.18982630272835102,0.5409689631215375,6.9,0.0,6.9,7935.000000000002,1.467408582884364,6.8999999931,6.9,6.9,0.6814734566652929,1.0,0.00017663163518496638,0.00017222067125774964,0.0,2.5752604122245514e-07,0.0039999999999995595,0.0003532632703700773,2.559878770425617e-05,1,0.0,0.0009999999999994458,0.001000000000000334,-0.0009999999999994458,5.38110315994402e-06,35339.5921033269,-0.4705128522345595,False,1.0,1.0,-0.0019999999999988916,-0.00012031,5.65939659,5.66294508,-0.0035484900000000152,4807412.3,0.0004216726814453227,1.9464,-0.00012031,2,2,False,1.0352045311983753,0.4960692866975668,42,26,5,2,0,5,1,False,0,2552864076
1779859603000,1779859604067,9,160,False,5.662,5.662,5.662,5.662,66.7,66.7,0.0,1,1,0,5.662,5.663,0.001000000000000334,5.6625,5.662280105959387,5.663529450228635,3061.3999999999996,10038.6,18850.0,5349.4,16889.5,36850.7,18850.0,36850.7,-0.32316829052417073,0.9999999999850074,-0.241561891341095,-9.167044166531065e-07,5.108673944601911e-07,-1.4275718111132977e-06,0.3384158547379057,0.4397880539488444,0.5115235260117038,66.7,0.0,66.7,8001.700000000002,1.4520837113143847,66.69999993329999,66.7,66.7,0.6886655304508326,1.0,0.0,0.00016762732521897466,0.0,2.4191633630439054e-07,0.0030000000000001137,-0.00017663163518496638,0.0,1,0.0,0.0009999999999994458,0.001000000000000334,-0.0030000000000001137,5.107634467721607e-06,35339.59210310602,-0.4705128522345595,False,1.0,1.0,-0.0039999999999995595,-0.00012031,5.65939659,5.66294508,-0.0035484900000000152,4807412.3,0.0004216726814453227,1.9464,-0.00012031,2,1,False,1.0709362836731646,0.4960692866975668,43,26,5,2,0,9,1,False,0,3741377232
1779859604000,1779859605063,9,161,False,5.6625,5.6625,5.6625,5.6625,0.0,0.0,0.0,0,0,0,5.662,5.663,0.001000000000000334,5.6625,5.662269858296131,5.663504638612085,3145.3,10172.0,18985.4,5305.5,16960.5,36399.0,18985.4,36399.0,-0.3144134449411691,0.0,-0.2214936303767867,-9.153156588310875e-07,5.187602898132288e-07,-1.4340759486443163e-06,0.34279327752940647,0.46028338342537517,0.5215912525069227,0.0,0.0,0.0,8001.700000000002,1.404474409304077,0.0,0.0,0.0,0.0,0.0,8.830411944449246e-05,0.00016762629761182167,0.0,2.184986755300609e-07,0.0034999999999998366,8.830411944449246e-05,88304.11944449246,1,0.0,0.0,0.001000000000000334,-0.002000000000000668,5.107634467721607e-06,35339.59210106881,-0.5205127764908154,False,1.0,1.0,-0.002000000000000668,-0.00012031,5.65939659,5.66294508,-0.0035484900000000152,4807528.4,0.00044583307147446054,1.9464,-0.00012031,2,2,False,1.077536872875232,0.5115492647354007,44,26,5,2,0,8,0,False,0,3038243943
1779859605000,1779859606011,9,162,False,5.6625,5.6625,5.6625,5.6625,0.0,0.0,0.0,0,0,0,5.662,5.663,0.001000000000000334,5.6625,5.662253529637632,5.6635321858032315,3175.3,10205.5,19018.9,5306.7,16788.1,36226.6,19018.9,36226.6,-0.3114769528739841,0.0,-0.20532317143146547,-9.154776719600198e-07,5.208938207546649e-07,-1.4363714927146847e-06,0.34426152356299894,0.4929407018949316,0.5249982057383105,0.0,0.0,0.0,8001.700000000002,1.3584260680154188,0.0,0.0,0.0,0.0,0.0,0.0,0.00015679702092240955,0.0,2.184986755300609e-07,0.0034999999999998366,-8.830411944449246e-05,0.0,1,0.0,0.0,0.001000000000000334,0.0,5.107634467721607e-06,22085.78155295763,-0.5563909786364432,False,1.0,1.0,0.0,-0.00012031,5.65939659,5.66294508,-0.0035484900000000152,4807528.4,0.00044583307147446054,1.9464,-0.00012031,1,1,False,1.077536872875232,0.49745768039248456,45,26,5,2,0,5,0,False,0,1853713530
1779859606000,1779859607073,9,163,False,5.663,5.663,5.663,5.663,0.8,0.8,0.0,1,1,0,5.662,5.663,0.001000000000000334,5.6625,5.662204043339596,5.663518138912023,3197.7,10235.7,19057.0,5193.1,16850.1,36288.6,19057.0,36288.6,-0.31134543667427383,0.99999999875,-0.19200555004246173,-9.169250518604688e-07,5.191391022924753e-07,-1.436064154152944e-06,0.3443272816628541,0.5919132972059361,0.5251511493967659,0.8,0.0,0.8,8002.500000000002,1.3466743936542576,0.7999999992,0.8,0.8,0.7425699961101123,1.0,8.829632251555278e-05,0.00015803517899072684,0.0,2.1849867553006093e-07,0.004999999999999893,8.829632251555278e-05,0.00011037040300647796,1,0.0,0.0010000000000012221,0.001000000000000334,-0.004999999999999005,4.880535142401866e-06,26500.59767873527,-0.5563909786364432,False,1.0,1.0,-0.006000000000000227,-0.00012031,5.65939659,5.66294508,-0.0035484900000000152,4807528.4,0.00044583307147446054,1.9464,-0.00012031,1,2,False,1.0709362836731646,0.5214606862172495,46,26,5,2,0,9,1,False,0,4055573763
1779859607000,1779859608051,9,164,False,5.6625,5.6625,5.6625,5.6625,0.0,0.0,0.0,0,0,0,5.662,5.663,0.001000000000000334,5.6625,5.662165416031913,5.663467841304901,3375.6,10501.9,19323.2,5194.4,16744.0,36164.9,19323.2,36164.9,-0.3035191329311996,0.0,-0.1838051949372519,-9.094768539533878e-07,5.214507680362392e-07,-1.430927621989627e-06,0.34824043353439116,0.6691679172908634,0.5343081274937707,0.0,0.0,0.0,8002.500000000002,1.3025211348459211,0.0,0.0,0.0,0.0,0.0,-8.829632251569661e-05,0.00015428330622492892,0.0,1.950630911513281e-07,0.0039999999999995595,-0.00017659264503124938,88296.32251569661,1,0.0,0.0,0.001000000000000334,0.004000000000001336,4.880535142401866e-06,26500.597678362945,-0.5563909786364432,False,1.0,1.0,0.004000000000001336,-0.00012031,5.65939659,5.66294508,-0.0035484900000000152,4807528.4,0.00044583307147446054,1.9464,-0.00012031,1,1,False,1.0842242961088815,0.49959836358168835,47,26,5,2,0,8,0,False,0,2737059258
1779859608000,1779859609094,9,165,False,5.663,5.663,5.663,5.663,99.2,99.2,0.0,1,1,0,5.663,5.664,0.0009999999999994458,5.6635,5.663284944906577,5.664933025918481,2898.4,9112.3,18956.4,6947.2,15533.1,35007.3,18956.4,35007.3,-0.29743883388277126,0.9999999999899193,-0.22133243374653572,-9.167403238795963e-07,5.404387073475441e-07,-1.4571790312271404e-06,0.35128058305860516,0.4301101591176742,0.5414984874583147,99.2,0.0,99.2,8101.700000000002,1.292602409113268,99.1999999008,99.2,99.2,0.7736330925704928,1.0,8.829632251555278e-05,0.0001504378920377369,0.0,2.028593317211113e-07,0.0045000000000001705,0.00017659264503124938,8.900838963171643e-07,1,0.0,0.0009999999999994458,0.0009999999999994458,-0.0030000000000001137,4.390210845202624e-06,30915.413803852764,-0.5087719159081624,False,1.0,1.0,-0.0039999999999995595,-0.00012031,5.65939659,5.66294508,-0.0035484900000000152,4807528.4,0.0004380883664939616,1.9464,-0.00012031,1,2,False,1.1124145721029208,0.5150958815530144,48,26,5,2,0,8,1,False,0,2132355343
1779859609000,1779859610091,9,166,False,5.6635,5.6635,5.6635,5.6635,0.0,0.0,0.0,0,0,0,5.663,5.664,0.0009999999999994458,5.6635,5.663280861230471,5.665008491347231,2645.5,8858.9,18716.6,6752.3,15695.1,35402.9,18716.6,35402.9,-0.30832324762792884,0.0,-0.24227883924565657,-9.204507533151957e-07,5.312328309950607e-07,-1.4516835843102565e-06,0.34583837618602636,0.43827751196067405,0.5286742046555358,0.0,0.0,0.0,8101.700000000002,1.2502220022570953,0.0,0.0,0.0,0.0,0.0,8.828852696332934e-05,0.00015172772508815095,0.0,2.1065488397228848e-07,0.002500000000000391,-7.795552223438095e-09,88288.52696332934,1,0.0,0.0,0.0009999999999994458,-0.002000000000000668,4.390210845202624e-06,30915.413803897256,-0.5461538733439082,False,1.0,1.0,-0.002000000000000668,-0.00012031,5.65939659,5.66294508,-0.0035484900000000152,4807528.4,0.0004380883664939616,1.9464,-0.00012031,1,1,False,1.1193299578610385,0.522167695340886,49,26,5,2,0,7,0,False,0,3339223710
1779859610000,1779859611093,9,167,False,5.663,5.663,5.663,5.663,4.4,0.0,4.4,1,0,1,5.663,5.664,0.0009999999999994458,5.6635,5.663299948886911,5.664470851091987,3415.1,9731.6,19570.1,5804.8,14582.8,33457.5,19570.1,33457.5,-0.2618900346234742,-0.9999999997727272,-0.18588344239370386,-8.993803303152297e-07,5.55042138507337e-07,-1.4544224688225666e-06,0.3690549826882535,0.4001021972396523,0.5849241575132457,0.0,4.4,-4.4,8097.300000000002,1.2420180021830922,4.3999999956,4.4,-4.4,0.8051413082879322,1.0,-8.828852696324022e-05,0.00014781560984100013,0.0,1.872179230171191e-07,0.001000000000000334,-0.00017657705392656956,2.0065574305266963e-05,1,0.0,0.0009999999999994458,0.0009999999999994458,0.004999999999999005,4.394978972366838e-06,35329.84015155434,-0.5461538733439082,False,1.0,1.0,0.0039999999999995595,-0.00012031,5.65939659,5.66294508,-0.0035484900000000152,4807528.4,0.0004380883664939616,1.9464,-0.00012031,1,1,False,1.1124145721029208,0.5070895639558993,50,26,5,2,0,8,1,False,0,284771511
1779859611000,1779859612059,9,168,False,5.664,5.665,5.664,5.665,149.9,149.9,0.0,3,3,0,5.665,5.666,0.001000000000000334,5.6655,5.6659222766174535,5.666355498169338,3556.3,7982.900000000001,19213.8,7596.5,15655.5,34568.6,19213.8,34568.6,-0.28549860177306546,0.999999999993329,-0.25534832263424956,-9.113490907594668e-07,5.947078960243777e-07,-1.5060569867838446e-06,0.357250699113458,-0.8445532435734054,0.5558165502797177,149.9,0.0,149.9,8247.200000000003,1.2996567562098762,49.96666665001111,104.4,149.9,2.308301775339858,7.380073746272518,0.0003531073483016769,0.00016285608136165175,0.00010602192708147183,2.1839325065857e-07,0.004000000000000448,0.0004413958752649171,2.35561940159654e-06,1,0.9999990000010001,0.0009999999999994458,0.001000000000000334,0.005000000000000782,3.911632134388361e-06,35329.8401511488,-0.5205127764908154,False,1.0,1.0,0.004000000000001336,-0.00012031,5.65939659,5.66294508,-0.0035484900000000152,4807528.4,0.0004380883664939616,1.9464,-0.00012031,2,2,False,1.1521777048287294,0.5308112381914994,51,26,5,2,0,9,3,False,0,1745510170
1779859612000,1779859613042,9,169,False,5.665,5.665,5.665,5.665,60.7,0.6,60.1,2,1,1,5.664,5.665,0.001000000000000334,5.6645,5.66461534331725,5.665523537625901,2922.1,8129.5,18623.3,6027.400000000001,14926.6,31618.7,18623.3,31618.7,-0.25865610445443543,-0.9802306424879699,-0.2192374027014003,-9.553684068697495e-07,6.025796917511898e-07,-1.5579480986209392e-06,0.3706719477727724,-0.23068669527773236,0.5889963850506001,0.6,60.1,-59.5,8187.700000000003,1.3226188297767656,30.349999984825,60.1,-59.5,1.5121514630374744,3.703703689986282,0.0,0.00016285608136165175,0.0,2.1839325065856997e-07,0.0030000000000001137,-0.0003531073483016769,0.0,1,0.0,0.0009999999999994458,0.001000000000000334,-0.005000000000000782,3.7753167941566285e-06,35329.8401511488,-0.5300751780296398,False,1.0,1.0,-0.006000000000000227,-0.00012031,5.65939659,5.66294508,-0.0035484900000000152,4807528.4,0.0004380883664939616,1.9464,-0.00012031,2,1,False,1.1758086455458938,0.5240886698365602,52,26,5,2,0,9,2,False,0,4257624293
1779859613000,1779859614008,9,170,False,5.665,5.665,5.665,5.665,11.7,11.7,0.0,2,2,0,5.664,5.665,0.001000000000000334,5.6645,5.664401471331243,5.6655424230090095,2886.9,8094.3,18588.1,5971.5,14570.7,31227.6,18588.1,31227.6,-0.2537252312022063,0.9999999999145299,-0.1971178620994188,-9.573647802063708e-07,6.122248269049992e-07,-1.5695896071113699e-06,0.37313738439888683,0.19705727798109796,0.5952458722412034,11.7,0.0,11.7,8199.400000000003,1.3448280484726094,5.849999997075,7.6,11.7,1.4871789748766202,1.8761726043599014,0.0,0.00015798896160506675,0.0,2.1839325065857e-07,0.0030000000000001137,0.0,0.0,1,0.0,0.0009999999999994458,0.001000000000000334,0.005000000000000782,3.365693311338145e-06,35329.84014838746,-0.5380835029908901,False,1.0,1.0,0.004000000000001336,-0.00012031,5.65939659,5.66294508,-0.0035484900000000152,4807528.4,0.00043962897029650554,1.9464,-0.00012031,1,2,False,1.1513549241914987,0.5240886698365602,53,26,5,2,0,8,2,False,0,2678679277
1779859614000,1779859615023,9,171,False,5.665,5.665,5.665,5.665,6.4,6.4,0.0,1,1,0,5.664,5.665,0.001000000000000334,5.6645,5.664226222787608,5.665383439800311,3107.3,8312.0,18805.8,5471.1,14055.1,30673.2,18805.8,30673.2,-0.23984720790637973,0.99999999984375,-0.14544676455497513,-9.531272917052306e-07,6.171302457222417e-07,-1.5702575374274722e-06,0.38007639604680005,0.5475543478223673,0.6131019913148738,6.4,0.0,6.4,8205.800000000003,1.3335222108177698,6.3999999936,6.4,6.4,0.7498937709007979,1.0,0.0,0.00015798896160506675,0.0,2.1839325065857e-07,0.002500000000000391,0.0,0.0,1,0.0,0.0009999999999994458,0.001000000000000334,0.006999999999999673,3.5237954909322783e-06,35329.84014838746,-0.5446859707179893,False,1.0,1.0,0.006000000000000227,-0.00012031,5.65939659,5.66294508,-0.0035484900000000152,4807448.3,0.00042296027744362927,1.9464,-0.00012031,1,2,False,1.1513549241914987,0.517189204426739,54,26,5,2,0,8,1,False,0,537883654
1779859615000,1779859616043,9,172,False,5.665,5.665,5.665,5.665,33.3,33.3,0.0,1,1,0,5.665,5.666,0.001000000000000334,5.6655,5.665872665267251,5.666683446141613,2977.0,7470.400000000001,20953.9,7468.299999999999,15781.599999999999,34312.0,20953.9,34312.0,-0.24170600677813547,0.99999999996997,-0.20131178931097143,-9.075347553006397e-07,5.961820762321809e-07,-1.5037168315328206e-06,0.37914699661092327,-0.7453305432839299,0.6106872231289168,33.3,0.0,33.3,8239.100000000002,1.3225870563647282,33.29999996669999,33.3,33.3,0.7560938952423388,1.0,0.0,0.00015798896160506678,0.0,2.1839325065857e-07,0.002500000000000391,0.0,0.0,1,0.0,0.0009999999999994458,0.001000000000000334,0.011000000000001009,3.265915312815842e-06,35329.84014838746,-0.5499999790674165,False,1.0,1.0,0.010000000000001563,-0.00012031,5.65939659,5.66294508,-0.0035484900000000152,4807448.3,0.00042296027744362927,1.9464,-0.00012031,1,2,False,1.121700100053733,0.5329090696808482,55,26,5,2,0,8,1,False,0,2241561749
1779859616000,1779859617009,9,173,False,5.666,5.666,5.661,5.662,1677.5,70.2,1607.3,8,2,6,5.662,5.663,0.001000000000000334,5.6625,5.662378181788767,5.663706859070679,2877.3,9169.6,20365.7,5265.200000000001,15534.9,30323.3,20365.7,30323.3,-0.1964449880644677,-0.9163040238444612,-0.13136298841815636,-8.658127727270356e-07,6.034319697143936e-07,-1.4692447424414293e-06,0.4017775059677563,0.24363636363509802,0.671618854148438,70.2,1607.3,-1537.1,6702.000000000002,1.541518628287196,209.68749997378907,760.7,-1537.1000000000001,5.1896875250214975,21.148035806537006,-0.0005297077902617727,0.000193464306513687,0.0005302032695334917,2.0277664825268278e-07,-0.001000000000000334,-0.0005297077902617727,3.157721551484095e-07,1,-0.7999998399999965,0.0009999999999994458,0.001000000000000334,-0.008999999999998565,2.5440776517707083e-06,35329.84014730276,-0.5835294285863323,False,1.0,1.0,-0.00999999999999801,-0.00012031,5.65939659,5.66294508,-0.0035484900000000152,4807448.3,0.00042296027744362927,1.9464,-0.00012031,2,1,False,0.8239031370362857,0.46783845949285396,56,26,5,2,0,9,8,False,0,597260822
1779859617000,1779859618130,9,174,False,5.662,5.663,5.662,5.663,78.6,27.2,51.4,2,1,1,5.662,5.663,0.001000000000000334,5.6625,5.662283413818238,5.6637966566786115,2705.8,9065.7,20263.8,5639.2,15940.5,30439.0,20263.8,30439.0,-0.20068319698320014,-0.307888040708551,-0.1610917215388787,-8.644394838151199e-07,6.073861465853593e-07,-1.4718256304004793e-06,0.39965840150839005,0.433172302735195,0.6657183218896591,27.2,51.4,-24.2,6677.800000000002,1.5565508044089273,39.299999980349995,51.4,-24.2,1.2848922072123257,4.132231387883341,0.00017660044196019195,0.0001964621881957153,0.00010605937411998869,2.9632327812266856e-07,0.0005000000000006111,0.0007063082322219646,2.2468249612970117e-06,1,0.9999990000010001,0.0010000000000012221,0.001000000000000334,-0.010999999999999233,2.509121175877087e-06,35329.84014362608,-0.5835294285863323,False,1.0,1.0,-0.012000000000000455,-0.00012031,5.65939659,5.66294508,-0.0035484900000000152,4807448.3,0.00042296027744362927,1.9464,-0.00012031,2,2,False,1.262565123097114,0.46416835384671534,57,26,5,2,0,9,2,False,0,3458818003
1779859618000,1779859619000,9,175,False,5.663,5.663,5.663,5.663,2.9,2.9,0.0,1,1,0,5.662,5.663,0.001000000000000334,5.6625,5.662569520011566,5.663631134899899,2659.3,9050.9,20249.0,5317.6,15618.9,30420.1,20249.0,30420.1,-0.20073575413811967,0.9999999996551724,-0.19983170738577552,-8.630385586055925e-07,6.070782590186775e-07,-1.47011681762427e-06,0.3996321229309303,-0.13904007916804037,0.6656454120794913,2.9,0.0,2.9,6680.700000000002,1.5383032370512575,2.8999999970999997,2.9,2.9,0.6500668888058851,1.0,0.0,0.0001964621881957153,0.0,2.963232781226685e-07,0.0,-0.00017660044196019195,0.0,1,0.0,0.0010000000000012221,0.001000000000000334,0.015000000000000568,2.408223393466595e-06,35329.840143626076,-0.6235293848968305,False,1.0,1.0,0.013999999999999346,-0.00012031,5.65939659,5.66294508,-0.0035484900000000152,4807448.3,0.0003965004661594928,1.9464,-0.00012031,2,1,False,1.0754641804348366,0.4641683538467153,58,26,5,2,0,8,1,False,0,2036124435
1779859619000,1779859620009,9,176,False,5.663,5.663,5.662,5.662,75.5,2.1,73.4,2,1,1,5.661,5.662,0.001000000000000334,5.6615,5.661885436865719,5.662719357079194,2466.9,8956.8,20532.7,4868.4,15485.4,30126.6,20532.7,30126.6,-0.1893808244488141,-0.9443708609146442,-0.19725742214900746,-8.534031187495629e-07,5.884458899641924e-07,-1.4418490087137553e-06,0.40530958777558307,-0.7708737864040249,0.6815472041318742,2.1,73.4,-71.30000000000001,6609.4000000000015,1.5534408358364622,37.749999981125,73.4,-71.30000000000001,1.2874645448827924,999.9990000010001,-0.00017660044196018615,0.0001743592334149548,0.00010605937411998869,2.1830232399180803e-07,-0.0015000000000000568,-0.00017660044196018615,2.339078701428438e-06,1,-0.9999990000010001,0.0009999999999994458,0.001000000000000334,-0.0129999999999999,2.3917988443879387e-06,13244.058613493713,-0.6258741276368482,False,1.0,1.0,-0.013999999999999346,-0.00012031,5.65939659,5.66294508,-0.0035484900000000152,4807448.3,0.0003965004661594928,1.9464,-0.00012031,2,1,False,1.250221844657892,0.4713829281914091,59,26,5,2,0,9,2,False,0,1337998646
1779859620000,1779859621056,9,177,False,5.661,5.661,5.661,5.661,14.5,0.0,14.5,1,0,1,5.659,5.66,0.001000000000000334,5.6594999999999995,5.659765347859665,5.6608106241522576,2214.2,7137.0,18526.7,4736.0,14531.0,32130.9,18526.7,32130.9,-0.2685520040428234,-0.9999999999310345,-0.28977865277648274,-9.193145811353555e-07,5.475705085108267e-07,-1.4668850896461823e-06,0.3657239979785784,-0.5306957708024981,0.5766007176891846,0.0,14.5,-14.5,6594.9000000000015,1.5352952346614963,14.499999985499999,14.5,-14.5,0.6513405218567884,1.0,-0.00017663163518511087,0.00017435923341496212,0.0,2.182968142815084e-07,-0.002000000000000668,-3.119322492472175e-08,1.2181492080891682e-05,-1,0.0,0.0030000000000001137,0.001000000000000334,-0.010999999999999233,2.370304062133402e-06,13244.058613586822,-0.6585648307376833,False,1.0,1.0,-0.013999999999999346,-0.00012031,5.65939659,5.66294508,-0.0035484900000000152,4807448.3,0.0003965004661594928,1.9464,-0.00012031,2,0,False,1.2528902471725292,0.4903962659964861,0,27,5,2,0,9,1,False,0,1185220850
1779859621000,1779859622005,9,178,False,5.66,5.66,5.657,5.657,55.900000000000006,0.0,55.900000000000006,4,0,4,5.657,5.658,0.001000000000000334,5.657500000000001,5.657889646332945,5.657990129425908,2704.2000000000003,8540.9,19794.5,3415.0,13357.4,31897.0,19794.5,31897.0,-0.23412940231952578,-0.999999999982111,-0.20802308227656713,-9.581722132893023e-07,5.388405927156666e-07,-1.497012806004969e-06,0.3829352988402275,-0.77929271409979,0.6205756027212396,0.0,55.900000000000006,-55.900000000000006,6539.000000000002,1.6161052269676768,13.97499999650625,37.7,-55.900000000000006,2.475086356245611,3.1545741225407755,-0.0007068386935041722,0.00023199623376550575,0.00031840304946229806,3.1194815397911716e-07,-0.008000000000000007,-0.0005302070583190613,1.2644699346896735e-05,-1,-0.9999996666667778,0.0010000000000012221,0.001000000000000334,-0.004999999999999005,2.138652617790963e-06,13244.058615936232,-0.695601805063115,False,1.0,1.0,-0.006000000000000227,-0.00012031,5.65939659,5.66294508,-0.0035484900000000152,4807448.3,0.0003965004661594928,1.9464,-0.00012031,2,0,False,1.2070016187249584,0.5493766998660272,1,27,5,2,0,8,4,False,0,3456147903
1779859622000,1779859623009,9,179,False,5.658,5.658,5.657,5.657,49.0,37.0,12.0,3,2,1,5.657,5.658,0.001000000000000334,5.657500000000001,5.657830798425307,5.6578560495260275,2870.7,8262.2,19488.9,3557.9,12752.1,30638.8,19488.9,30638.8,-0.22242991399964046,0.5102040816222407,-0.2029818855212656,-9.737048733307347e-07,5.607486951500775e-07,-1.5344535684808123e-06,0.38878504300016986,-0.6615969581686161,0.6360856169301463,37.0,12.0,25.0,6564.000000000002,1.6614788260834907,16.333333327888887,31.1,25.0,1.805620361269429,5.847953182175713,0.0,0.00022860952682242583,0.0001061531075487303,3.1194815397911716e-07,-0.008000000000000007,0.0007068386935041722,0.0,-1,-0.9999990000010001,0.0010000000000012221,0.001000000000000334,0.004999999999999005,2.0443462312915934e-06,13244.05861575889,-0.695852522165094,False,1.0,1.0,0.003999999999997783,-0.00012031,5.65939659,5.66294508,-0.0035484900000000152,4807448.3,0.0003965004661594928,1.9464,-0.00012031,2,1,False,1.1774557828932348,0.5493766998660271,2,27,5,2,0,10,3,False,0,2722088726
1779859623000,1779859624004,9,180,False,5.658,5.658,5.656,5.656,170.0,100.7,69.3,4,2,2,5.655,5.656,0.0009999999999994458,5.6555,5.6557049549231095,5.655757548946408,2688.2,7850.4,19432.1,3302.7,11268.8,29908.8,19432.1,29908.8,-0.21233297325342243,0.18470588235185473,-0.19759837885330594,-9.284872542680488e-07,5.667871542432183e-07,-1.4952744085112672e-06,0.3938335133732787,-0.40990990990760195,0.6497117905097948,100.7,69.3,31.400000000000006,6595.4000000000015,1.7381516514578026,42.499999989375,87.4,31.40000000000001,2.301295168545202,3.444316865289379,-0.0001767877667470485,0.00023200217989825846,0.00021232498166834387,3.1194815397911716e-07,-0.009000000000000341,-0.0001767877667470485,1.0399280396824034e-06,-1,-0.9999995000002501,0.0009999999999994458,0.0009999999999994458,0.0009999999999994458,2.0910460211682766e-06,13244.058615939288,-0.6609195469435776,False,1.0,1.0,0.0,-0.00012031,5.65939659,5.66294508,-0.0035484900000000152,4807448.3,-1.3520503417016026e-05,1.9464,-0.00012031,2,0,False,1.2166022153662108,0.5493861740728552,3,27,5,2,0,9,4,False,0,2338059357
1779859624000,1779859625001,9,181,False,5.656,5.656,5.656,5.656,2.9,2.9,0.0,1,1,0,5.655,5.656,0.0009999999999994458,5.6555,5.65563017749089,5.655546782734931,2880.9,8154.900000000001,19744.5,3046.5,11238.8,29812.3,19744.5,29812.3,-0.20315678171310084,0.9999999996551724,-0.16855052420798722,-9.171720896537723e-07,5.638666112455371e-07,-1.4810387008993094e-06,0.3984216091434395,-0.2603550295846984,0.6622937512368834,2.9,0.0,2.9,6598.300000000001,1.713949957967383,2.8999999970999997,2.9,2.9,0.5834476057880231,1.0,0.0,0.00023116040015971708,0.0,3.1194815397911716e-07,-0.009000000000000341,0.0001767877667470485,0.0,-1,0.0,0.0009999999999994458,0.0009999999999994458,-0.00300000000000189,2.0909436254017676e-06,13244.058615873093,-0.6609195469435776,False,1.0,1.0,-0.004000000000001336,-0.0001192,5.66127373,5.66548058,-0.004206850000000095,4808416.9,0.0001879557982711267,1.942,-0.0001192,2,1,False,1.2124201427616097,0.5294311643078374,4,27,5,2,0,8,1,False,0,3487494249
1779859625000,1779859626063,9,182,False,5.6555,5.6555,5.6555,5.6555,0.0,0.0,0.0,0,0,0,5.655,5.656,0.0009999999999994458,5.6555,5.655654715488481,5.655656854876312,2831.4,8108.6,19732.0,3151.2,11894.5,30485.6,19732.0,30485.6,-0.21414006244822106,0.0,-0.17799862628089866,-9.172365247155775e-07,5.527736560612853e-07,-1.4700101807768628e-06,0.39292996877587955,-0.30943102104322123,0.6472564095835198,0.0,0.0,0.0,6598.300000000001,1.6577548773782884,0.0,0.0,0.0,0.0,0.0,-8.840560497284269e-05,0.0002320041123590943,0.0,3.1194815397911716e-07,-0.009500000000000064,-8.840560497284269e-05,88405.60497284269,-1,0.0,0.0,0.0009999999999994458,0.0019999999999988916,2.0909436254017676e-06,13244.058617397324,-0.6609195469435776,False,1.0,1.0,0.0019999999999988916,-0.0001192,5.66127373,5.66548058,-0.004206850000000095,4808416.9,0.0001879557982711267,1.942,-0.0001192,2,0,False,1.226214704585853,0.5385965296457573,5,27,5,2,0,9,0,False,0,4050819753
1779859626000,1779859627034,9,183,False,5.656,5.656,5.655,5.655,91.39999999999999,15.8,75.6,3,2,1,5.654,5.655,0.001000000000000334,5.6545000000000005,5.65498082738996,5.6547270988653455,2710.7,8266.1,19509.4,2988.8,11227.5,29246.5,19509.4,29246.5,-0.19971121443763318,-0.6542669584173494,-0.194850178210172,-9.025716198527596e-07,5.660910456296587e-07,-1.4686626654824183e-06,0.4001443927811732,-0.9616548940367138,0.6670678542731381,15.8,75.6,-59.8,6538.500000000001,1.7017629141855577,30.46666665651111,75.6,-59.8,1.7628777623661427,8.658008583047545,-8.841342121482645e-05,0.00023200634210208184,0.00010619064732695064,3.1196815539954945e-07,-0.006999999999999673,-7.816241983767884e-09,9.673240833026163e-07,-1,-0.9999990000010001,0.0009999999999994458,0.001000000000000334,0.0029999999999983373,2.090082436407976e-06,13249.913552361011,-0.6275861746708276,False,1.0,1.0,0.0019999999999988916,-0.0001192,5.66127373,5.66548058,-0.004206850000000095,4808416.9,0.0001879557982711267,1.942,-0.0001192,2,0,False,1.2411063743778843,0.5478492633965044,6,27,5,2,0,9,3,False,0,990655186
1779859627000,1779859628013,9,184,False,5.6545000000000005,5.6545000000000005,5.6545000000000005,5.6545000000000005,0.0,0.0,0.0,0,0,0,5.654,5.655,0.001000000000000334,5.6545000000000005,5.65450695082804,5.654899178635269,2848.6,8492.3,19740.5,3263.2000000000003,11370.5,29722.3,19740.5,29722.3,-0.20180418415455245,0.0,-0.14735895894001866,-8.966722600751283e-07,5.589433705135766e-07,-1.4556156305887049e-06,0.39909790792271366,-0.013901760889583857,0.6641646171392973,0.0,0.0,0.0,6538.500000000001,1.6459674088024248,0.0,0.0,0.0,0.0,0.0,-8.842123883911018e-05,0.00023200872078650534,0.0,3.119895390635853e-07,-0.00849999999999973,-7.817624283722722e-09,88421.23883911017,-1,0.0,0.0,0.001000000000000334,0.003999999999997783,2.090082436407976e-06,13249.91354689086,-0.6264367598884254,False,1.0,1.0,0.003999999999997783,-0.0001192,5.66127373,5.66548058,-0.004206850000000095,4808416.9,0.0001879557982711267,1.942,-0.0001192,2,0,False,1.247352425771517,0.5563373541576025,7,27,5,2,0,8,0,False,0,326413039
1779859628000,1779859629019,9,185,False,5.655,5.656,5.655,5.656,50.3,45.9,4.4,3,2,1,5.655,5.656,0.0009999999999994458,5.6555,5.655465711303424,5.655847614085564,2840.6,7129.3,19476.4,3496.6,11851.8,30331.3,19476.4,30331.3,-0.21793618255811414,0.825049701772862,-0.18458899692253233,-9.180329074609512e-07,5.597204023318802e-07,-1.4777533097928313e-06,0.39103190872093296,0.06857727737903199,0.642122164232966,45.9,4.4,41.5,6580.000000000001,1.6903619199892306,16.766666661077778,44.3,41.5,1.7747678545931425,2.945508091471257,0.0002652402650268381,0.00023865425703740846,0.00010619064732695064,3.27646859636095e-07,-0.007000000000000561,0.00035366150386594833,5.273166302615606e-06,-1,0.9999990000010001,0.0009999999999994458,0.0009999999999994458,-0.0009999999999994458,1.9934667123126746e-06,22097.11067245513,-0.5921659004098659,False,1.0,1.0,-0.0019999999999988916,-0.0001192,5.66127373,5.66548058,-0.004206850000000095,4808416.9,0.00019134697327951995,1.942,-0.0001192,2,1,False,1.2433350026663692,0.5561689780785604,8,27,5,2,0,7,3,False,0,1022014946
1779859629000,1779859630016,9,186,False,5.656,5.656,5.655,5.656,45.5,42.6,2.9,3,2,1,5.657,5.658,0.001000000000000334,5.657500000000001,5.657099955550168,5.6585654747129,2379.2,7789.1,19705.8,4480.7,14906.0,39464.9,19705.8,39464.9,-0.3339338557765866,0.8725274725082962,-0.24702682471820583,-9.516081867321626e-07,4.931134585710761e-07,-1.4447216453032386e-06,0.3330330721116983,0.8000888493967122,0.49932471639354215,42.6,2.9,39.7,6619.700000000001,1.7333008734322066,15.16666666161111,34.5,39.7,1.7308016422611785,5.2083333062065975,0.0,0.00023783631178272527,0.00010619064732695064,3.198519956427483e-07,-0.006000000000000227,-0.0002652402650268381,0.0,-1,0.0,0.00300000000000189,0.001000000000000334,-0.00300000000000189,1.735909523357974e-05,22097.11067241063,-0.5921659004098659,False,1.0,1.0,-0.00600000000000378,-0.0001192,5.66127373,5.66548058,-0.004206850000000095,4808300.4,0.00016711398883876004,1.942,-0.0001192,2,0,False,1.2380295539095887,0.5590347692067138,9,27,5,2,0,8,3,False,0,234642986
1779859630000,1779859630995,9,187,False,5.657,5.658,5.657,5.657,125.1,73.6,51.5,4,2,2,5.656,5.657,0.001000000000000334,5.656499999999999,5.656976600915554,5.657216878742777,2740.3,7512.5,19590.6,3884.6,12224.7,35790.4,19590.6,35790.4,-0.29251548364962193,0.17665867306013858,-0.2630803077867455,-9.366745434989756e-07,5.231474008646176e-07,-1.459821944363593e-06,0.35374225817518007,-0.9532019704316106,0.5473702445348321,73.6,51.5,22.099999999999994,6641.800000000001,1.8076188775819704,31.274999992181247,60.3,22.099999999999998,2.212855844445426,3.5545023570337584,0.00017678776674706317,0.0002402895414418061,0.0001061531075487303,2.8867666800129744e-07,-0.0039999999999995595,0.00017678776674706317,1.4131715966878498e-06,-1,0.0,0.0010000000000012221,0.001000000000000334,-0.0010000000000012221,1.6932725833505353e-05,17682.68432444289,-0.6244239461062737,False,1.0,1.0,-0.0020000000000024443,-0.0001192,5.66127373,5.66548058,-0.004206850000000095,4808300.4,0.00016711398883876004,1.942,-0.0001192,2,1,False,1.2345486481550187,0.559889447620411,10,27,5,2,0,9,4,False,0,152999595
1779859631000,1779859632009,9,188,False,5.656499999999999,5.656499999999999,5.656499999999999,5.656499999999999,0.0,0.0,0.0,0,0,0,5.656,5.657,0.001000000000000334,5.656499999999999,5.656711894223289,5.657191905157624,2669.2,7619.3,19786.0,3665.7000000000003,12058.1,35501.0,19786.0,35501.0,-0.28424403566841605,0.0,-0.22536766129892344,-9.21329584248161e-07,5.236491850718195e-07,-1.4449787693199803e-06,0.357877982165783,-0.4237885462517727,0.5573364130587715,0.0,0.0,0.0,6641.800000000001,1.7483526848743647,0.0,0.0,0.0,0.0,0.0,-8.838997663433144e-05,0.00022780575750747006,0.0,3.0430293457330604e-07,-0.0005000000000006111,-0.0002651777433813946,88389.97663433144,-1,0.0,0.0,0.001000000000000334,0.004000000000001336,1.6932725833505353e-05,17682.684320465636,-0.6215277505864175,False,1.0,1.0,0.004000000000001336,-0.0001192,5.66127373,5.66548058,-0.004206850000000095,4808300.4,0.00016711398883876004,1.942,-0.0001192,2,0,False,1.2661661671600233,0.5543003431575595,11,27,5,2,0,9,0,False,0,1406482727
1779859632000,1779859633089,9,189,False,5.656499999999999,5.656499999999999,5.656499999999999,5.656499999999999,0.0,0.0,0.0,0,0,0,5.656,5.657,0.001000000000000334,5.656499999999999,5.656711894223289,5.657184181627156,2692.1,7642.2,19808.9,3773.7999999999997,12104.4,35459.1,19808.9,35459.1,-0.2831692842150922,0.0,-0.23167880493807996,-9.20690091421391e-07,5.265288049226924e-07,-1.4472188963440834e-06,0.3584153578924449,-0.4237885462517727,0.5586408002459015,0.0,0.0,0.0,6641.800000000001,1.6910296460260248,0.0,0.0,0.0,0.0,0.0,0.0,0.00022780575750747006,0.0,3.0430293457330604e-07,-0.0005000000000006111,8.838997663433144e-05,0.0,-1,0.0,0.0,0.001000000000000334,0.0,1.6932725833505353e-05,17682.684320465632,-0.6561771562010413,False,1.0,1.0,0.0,-0.0001192,5.66127373,5.66548058,-0.004206850000000095,4808300.4,0.00016711398883876004,1.942,-0.0001192,2,1,False,1.247352425771517,0.5543003431575595,12,27,5,2,0,8,0,False,0,1682204392
1779859633000,1779859634112,9,190,False,5.656499999999999,5.656499999999999,5.656499999999999,5.656499999999999,0.0,0.0,0.0,0,0,0,5.656,5.657,0.001000000000000334,5.656499999999999,5.656144736795591,5.657084094945263,2823.7000000000003,7796.0,19995.2,3478.7,11456.0,35113.4,19995.2,35113.4,-0.27433467734618056,0.0,-0.15314278717002777,-9.158522653499095e-07,5.28459893144276e-07,-1.4443121584941854e-06,0.3628326613269006,0.7105263157836306,0.5694464221636023,0.0,0.0,0.0,6641.800000000001,1.6355860510743518,0.0,0.0,0.0,0.0,0.0,0.0,0.00022780575750747006,0.0,3.0430293457330604e-07,0.0004999999999997229,0.0,0.0,-1,0.0,0.0,0.001000000000000334,0.0,1.6932725833505353e-05,17682.684320465636,-0.6561771562010413,False,1.0,1.0,0.0,-0.0001192,5.66127373,5.66548058,-0.004206850000000095,4808300.4,0.00017021384229402435,1.942,-0.0001192,2,0,False,1.2540921523398818,0.5543003431575595,13,27,5,2,0,8,0,False,0,104155187
1779859634000,1779859634997,9,191,False,5.657,5.658,5.657,5.658,16.4,16.4,0.0,2,2,0,5.657,5.658,0.001000000000000334,5.657500000000001,5.657277129488581,5.658231955089835,2454.1000000000004,7836.3,19934.5,3585.0,13385.1,36245.0,19934.5,36245.0,-0.2903283226087756,0.9999999999390243,-0.19056553875757865,-9.390334376559122e-07,5.121011272922295e-07,-1.4511345649481418e-06,0.3548358386956033,0.44574095682353715,0.549993102496881,16.4,0.0,16.4,6658.200000000001,1.647534049399783,8.199999995899999,12.7,16.4,1.213935456760174,17.85714253826531,0.0002651464949912642,0.00023539455461811314,0.0001061531075487303,3.0430293457330604e-07,0.002000000000000668,0.0002651464949912642,1.6167469205798583e-05,-1,0.9999990000010001,0.0009999999999994458,0.001000000000000334,-0.004999999999999005,1.731506656333456e-05,30940.009070028842,-0.6561771562010413,False,1.0,1.0,-0.005999999999998451,-0.0001192,5.66127373,5.66548058,-0.004206850000000095,4808309.9,0.00017218992869484526,1.942,-0.0001192,2,1,False,1.2406760994258024,0.5635878031888522,14,27,5,2,0,7,2,False,0,2881614830
1779859635000,1779859636095,9,192,False,5.657500000000001,5.657500000000001,5.657500000000001,5.657500000000001,0.0,0.0,0.0,0,0,0,5.657,5.658,0.001000000000000334,5.657500000000001,5.657238002880965,5.657865168366708,3048.4,8554.7,20618.3,3559.1,13339.7,36159.3,20618.3,36159.3,-0.2737170997012859,0.0,-0.16260310812007545,-9.188176609899632e-07,5.133225306177859e-07,-1.4321401916077491e-06,0.36314145014934823,0.5239941832257684,0.5702073878642404,0.0,0.0,0.0,6658.200000000001,1.5935165395833966,0.0,0.0,0.0,0.0,0.0,-8.837435382002317e-05,0.00023622255960114224,0.0,3.27735084735803e-07,0.002000000000000668,-0.0003535208488112874,88374.35382002317,-1,0.0,0.0,0.001000000000000334,0.005999999999998451,1.731506656333456e-05,30940.009070298274,-0.6864801847652344,False,1.0,1.0,0.005999999999998451,-0.0001192,5.66127373,5.66548058,-0.004206850000000095,4808309.9,0.00017218992869484526,1.942,-0.0001192,2,0,False,1.2608954291947052,0.5607530689439284,15,27,5,2,0,9,0,False,0,3146659794
1779859636000,1779859637049,9,193,False,5.658,5.658,5.658,5.658,27.5,27.5,0.0,1,1,0,5.658,5.659,0.0009999999999994458,5.6585,5.658218025726789,5.658531320006178,2795.0,7826.8,20531.5,2873.9,14135.300000000001,35386.5,20531.5,35386.5,-0.2656568546800625,0.9999999999636363,-0.15781240869528607,-9.546366859803362e-07,5.065768331124056e-07,-1.4612135190927417e-06,0.3671715726599598,0.5639484978516568,0.5802071411413794,27.5,0.0,27.5,6685.700000000001,1.5740569809085312,27.4999999725,27.5,27.5,0.6353010160963221,1.0,8.837435382000836e-05,0.00020533407372370005,0.0,2.419984812789226e-07,0.0030000000000001137,0.00017674870764003154,3.2136128660652634e-06,-1,0.0,0.0009999999999994458,0.0009999999999994458,-0.004999999999999005,1.817903293573003e-05,35358.72676050333,-0.6529411904886101,False,1.0,1.0,-0.005999999999998451,-0.0001192,5.66127373,5.66548058,-0.004206850000000095,4808309.9,0.00017218992869484526,1.942,-0.0001192,2,1,False,1.264399830872486,0.562605871800326,16,27,5,2,0,7,1,False,0,1380156828
1779859637000,1779859638153,9,194,False,5.659,5.66,5.659,5.66,78.4,60.4,18.0,3,2,1,5.659,5.66,0.001000000000000334,5.6594999999999995,5.659125378132238,5.659721823797885,3482.8,8566.2,18949.0,3377.6000000000004,13805.2,35550.6,18949.0,35550.6,-0.3046187494954036,0.540816326523714,-0.16579644045419745,-9.856987320124607e-07,5.050846999935097e-07,-1.4907834320059705e-06,0.34769062525228905,0.7492436974764731,0.5330149139536173,60.4,18.0,42.4,6728.1,1.6208092110426777,26.133333324622225,40.4,42.4,1.8509272884864418,23.8095232426304,0.00035341933571599423,0.00021644388965697293,0.00010611559430266518,2.732316867003202e-07,0.005499999999999616,0.0002650449818959859,4.507899690197529e-06,1,0.9999990000010001,0.0010000000000012221,0.001000000000000334,-0.0009999999999994458,1.7851748341341527e-05,35358.72676114065,-0.6129411348837899,False,1.0,1.0,-0.002000000000000668,-0.0001192,5.66127373,5.66548058,-0.004206850000000095,4808309.9,0.00017218992869484526,1.942,-0.0001192,2,2,False,1.2740950856143682,0.5693546691098013,17,27,5,2,0,8,3,False,0,3214683327
1779859638000,1779859639083,9,195,False,5.66,5.66,5.66,5.66,9.9,9.9,0.0,1,1,0,5.659,5.66,0.001000000000000334,5.6594999999999995,5.659057246356308,5.659660880818896,3519.0,8859.4,19064.3,3279.2,13649.8,34911.9,19064.3,34911.9,-0.2936034770880446,0.9999999998989899,-0.1486950268009138,-9.796657288320708e-07,5.09800189897658e-07,-1.4894659187297288e-06,0.3531982614559685,0.8855072463736032,0.5460688189413768,9.9,0.0,9.9,6738.0,1.6004548106806227,9.8999999901,9.9,9.9,0.6248223896742885,1.0,0.0,0.00021644388965697293,0.0,2.732316867003202e-07,0.004000000000000448,-0.00035341933571599423,0.0,1,0.0,0.0010000000000012221,0.001000000000000334,-0.0009999999999994458,1.7339246358721862e-05,35358.72676114065,-0.6071428421910119,False,1.0,1.0,-0.002000000000000668,-0.0001192,5.66127373,5.66548058,-0.004206850000000095,4808309.9,0.00018257147755514598,1.942,-0.0001192,2,1,False,1.2917182184275198,0.5728412261870677,18,27,5,2,0,7,1,False,0,1956729459
1779859639000,1779859640097,9,196,False,5.66,5.661,5.66,5.661,91.0,91.0,0.0,3,3,0,5.66,5.661,0.0009999999999994458,5.6605,5.660266149846424,5.661144353026578,2807.6,9052.7,17966.3,3743.7,15178.9,35038.3,17966.3,35038.3,-0.3220852529780374,0.9999999999890109,-0.20586447963068272,-9.835759242896343e-07,5.072144282386455e-07,-1.49079035252828e-06,0.3389573735109719,0.46770025839591867,0.5127617492857669,91.0,0.0,91.0,6829.0,1.6463415381992907,30.33333332322222,58.6,91.0,1.822222138341398,3.690036886752631,0.00017666283943111298,0.00021644643565234883,0.00010609684762027611,2.420384618624792e-07,0.004999999999999893,0.00017666283943111298,1.941349883837051e-06,1,0.9999990000010001,0.0009999999999994458,0.0009999999999994458,0.0009999999999994458,1.603605639187411e-05,35358.72675898806,-0.5724637750407097,False,1.0,1.0,0.0,-0.0001192,5.66127373,5.66548058,-0.004206850000000095,4808349.9,0.00019089192771146852,1.942,-0.0001192,2,2,False,1.2940510042851265,0.5744615157191371,19,27,5,2,0,8,3,False,0,1243105780
1779859640000,1779859641093,9,197,False,5.66,5.66,5.66,5.66,1.3,0.0,1.3,1,0,1,5.66,5.661,0.0009999999999994458,5.6605,5.6602745602502775,5.6611230420637435,2844.5,9037.6,17951.2,3776.0,15405.5,35546.1,17951.2,35546.1,-0.3288932338641328,-0.9999999992307692,-0.21907967179107177,-9.86322081571206e-07,4.991876437186621e-07,-1.485509725289868e-06,0.33555338306792426,0.45087945087751663,0.5050118015759675,0.0,1.3,-1.3,6827.7,1.625150012356691,1.2999999987,1.3,-1.3,0.615327810836696,1.0,-0.00017666283943114163,0.00021644770897607518,0.0,1.4839814645259816e-07,0.0030000000000001137,-0.00035332567886225464,0.0001358944917655747,1,0.0,0.0009999999999994458,0.0009999999999994458,-0.0010000000000012221,1.636422833672338e-05,35358.72675896816,-0.6159420082112045,False,1.0,1.0,-0.002000000000000668,-0.0001192,5.66127373,5.66548058,-0.004206850000000095,4808349.9,0.00019089192771146852,1.942,-0.0001192,2,1,False,1.3016559413482724,0.5700953542131394,20,27,5,2,0,8,1,False,0,864479622
1779859641000,1779859642101,9,198,False,5.66,5.66,5.66,5.66,17.7,0.0,17.7,1,0,1,5.66,5.661,0.0009999999999994458,5.6605,5.660829328867764,5.661394874607084,2654.6,8521.8,17435.4,4451.2,16583.2,36695.5,17435.4,36695.5,-0.355806018373972,-0.9999999999435029,-0.31982117786983066,-1.0067889249267469e-06,5.119137688813341e-07,-1.518702693808081e-06,0.32209699081300475,-0.6586578293234577,0.47513727841287157,0.0,17.7,-17.7,6810.0,1.6046532906400783,17.6999999823,17.7,-17.7,0.6231875790301863,1.0,0.0,0.00014788023461320815,0.0,1.4839814645259816e-07,0.0035000000000007248,0.00017666283943114163,0.0,1,0.0,0.0009999999999994458,0.0009999999999994458,0.0009999999999994458,1.7353347868394238e-05,35358.72675653077,-0.6202380738071169,False,1.0,1.0,0.0,-0.0001192,5.66127373,5.66548058,-0.004206850000000095,4808349.9,0.00019089192771146852,1.942,-0.0001192,1,2,False,1.2752513547219446,0.5700953542131394,21,27,5,2,0,8,1,False,0,1673165062
1779859642000,1779859643108,9,199,False,5.6605,5.6605,5.6605,5.6605,0.0,0.0,0.0,0,0,0,5.66,5.661,0.0009999999999994458,5.6605,5.660988472568097,5.661540939341326,2635.2000000000003,8502.3,17415.9,4772.1,17724.1,37605.4,17415.9,37605.4,-0.3669397124386307,0.0,-0.3385763067896814,-1.0067453584392156e-06,4.981104545363447e-07,-1.5048558129755604e-06,0.31653014378067557,-0.9769452449473875,0.46312231753949007,0.0,0.0,0.0,6810.0,1.5520417073404036,0.0,0.0,0.0,0.0,0.0,8.83353209354059e-05,0.000149193566334127,0.0,1.483981464525982e-07,0.004000000000000448,8.83353209354059e-05,88335.32093540589,1,0.0,0.0,0.0009999999999994458,0.0,1.7353347868394238e-05,35358.72675678031,-0.6235293848968305,False,1.0,1.0,0.0,-0.0001192,5.66127373,5.66548058,-0.004206850000000095,4808349.9,0.00019089192771146852,1.942,-0.0001192,1,2,False,1.2814491799297585,0.5684376758232014,22,27,5,2,0,8,0,False,0,1020824741
1779859643000,1779859644057,9,200,False,5.661,5.661,5.66,5.66,36.4,35.3,1.1,2,1,1,5.66,5.661,0.0009999999999994458,5.6605,5.660789719560037,5.661547587563145,2652.0,8519.1,17432.7,4759.6,17292.5,37122.6,17432.7,37122.6,-0.36091635459798843,0.9395604395346274,-0.31391475918718104,-1.0064892250352103e-06,5.054537601415365e-07,-1.5119429851767468e-06,0.3195418227009966,-0.5794392523296794,0.46959803462040733,35.3,1.1,34.199999999999996,6844.2,1.5667288644767838,18.1999999909,35.3,34.199999999999996,1.2765450640952887,1.6583747899529442,-8.833532093541495e-05,0.00014521081556882477,0.00010609684762027611,1.5620127537736011e-07,0.0035000000000007248,-0.00017667064187082085,2.4267945311260486e-06,1,-0.9999990000010001,0.0009999999999994458,0.0009999999999994458,-0.0009999999999994458,1.7515680751297388e-05,39775.49280337067,-0.6258741276368482,False,1.0,1.0,-0.0019999999999988916,-0.0001192,5.66127373,5.66548058,-0.004206850000000095,4808349.9,0.00019648852989377839,1.942,-0.0001192,1,1,False,1.2881371664216117,0.560617805892756,23,27,5,2,0,6,2,False,0,2591507290
1779859644000,1779859645058,9,201,False,5.6605,5.6605,5.6605,5.6605,0.0,0.0,0.0,0,0,0,5.66,5.661,0.0009999999999994458,5.6605,5.660781065046887,5.661254941144584,2616.4,8483.5,17398.1,4188.7,16467.399999999998,36367.2,17398.1,36367.2,-0.3528130597243882,0.0,-0.30568511767516504,-1.0071229017497006e-06,5.158939068696419e-07,-1.5230168086193425e-06,0.32359347013779666,-0.5621301775106352,0.47840086671504883,0.0,0.0,0.0,6844.2,1.5153607049857418,0.0,0.0,0.0,0.0,0.0,8.83353209354059e-05,0.00014654807199141617,0.0,1.640044043021221e-07,0.0024999999999995026,0.00017667064187082085,88335.32093540589,1,0.0,0.0,0.0009999999999994458,0.002000000000000668,1.7515680751297388e-05,39775.49280349201,-0.6585648307376833,False,1.0,1.0,0.002000000000000668,-0.0001192,5.66127373,5.66548058,-0.004206850000000095,4808387.7,0.0002043513992881716,1.942,-0.0001192,1,2,False,1.2876860581380225,0.5667739064894053,24,27,5,2,0,8,0,False,0,1901676035
1779859645000,1779859646109,9,202,False,5.66,5.66,5.66,5.66,12.7,0.0,12.7,1,0,1,5.659,5.66,0.001000000000000334,5.6594999999999995,5.659456909340046,5.66030609638123,2848.2,8762.1,18257.0,3885.2999999999997,14298.8,32589.2,18257.0,32589.2,-0.28187357167300053,-0.9999999999212599,-0.18640039118481658,-1.005998073604159e-06,5.448955729029687e-07,-1.5508936465071278e-06,0.35906321416348996,0.08618127786000672,0.5602162679660574,0.0,12.7,-12.7,6831.5,1.4984636326911274,12.699999987299998,12.7,-12.7,0.6673501962384802,1.0,-8.833532093541495e-05,0.0001465459528649929,0.0,1.6399129123666855e-07,0.0024999999999995026,-0.00017667064187082085,6.955537080981057e-06,1,0.0,0.0010000000000012221,0.001000000000000334,-0.0010000000000012221,1.666355537554198e-05,44192.25884873852,-0.6215277505864175,False,1.0,1.0,-0.0020000000000024443,-0.0001192,5.66127373,5.66548058,-0.004206850000000095,4808387.7,0.0002043513992881716,1.942,-0.0001192,1,1,False,1.2814491799297585,0.5766075657976181,25,27,5,2,0,7,1,False,0,2506197760
1779859646000,1779859647102,9,203,False,5.66,5.66,5.66,5.66,30.3,29.2,1.1,2,1,1,5.66,5.661,0.0009999999999994458,5.6605,5.660338164212144,5.6613630186112225,2639.8,8404.5,17498.1,4188.5,15704.2,35184.0,17498.1,35184.0,-0.33570985211295046,0.9273927392433203,-0.23279915637226717,-1.0014684511582078e-06,5.349984661683208e-07,-1.5364669173265286e-06,0.33214507394351533,0.32367149758230734,0.49733117326055887,29.2,1.1,28.099999999999998,6859.6,1.5149074480127298,15.149999992425,29.2,28.099999999999998,1.3202126646769123,111.11109876543348,0.0,0.00014520630030602394,0.0,1.5617366700284954e-07,0.0019999999999997797,8.833532093541495e-05,0.0,1,0.0,0.0009999999999994458,0.0009999999999994458,0.0010000000000012221,1.6184222005550522e-05,39771.587787997196,-0.5874125874412496,False,1.0,1.0,1.7763568394002505e-15,-0.0001192,5.66127373,5.66548058,-0.004206850000000095,4808387.7,0.0002043513992881716,1.942,-0.0001192,1,2,False,1.274238302004359,0.5766075657976181,26,27,5,2,0,6,2,False,0,1939806074
1779859647000,1779859648028,9,204,False,5.661,5.661,5.661,5.661,4.7,4.7,0.0,1,1,0,5.66,5.661,0.0009999999999994458,5.6605,5.660336686749428,5.6614112220510915,2789.5,8610.9,17503.5,4581.7,16097.4,35577.2,17503.5,35577.2,-0.3404947560977843,0.999999999787234,-0.23401757977346954,-1.00847442336381e-06,5.31811446909344e-07,-1.540285870273154e-06,0.32975262195109845,0.32662642521578383,0.49198644075417713,4.7,0.0,4.7,6864.3,1.4980252366024764,4.6999999953,4.7,4.7,0.6675454958291998,1.0,0.00017666283943111298,0.00014917922716137195,0.0,1.3272079417916262e-07,0.0009999999999994458,0.00017666283943111298,3.758783816883514e-05,1,0.0,0.0009999999999994458,0.0009999999999994458,0.0009999999999994458,1.709818261128116e-05,39771.587788240344,-0.5874125874412496,False,1.0,1.0,0.0,-0.0001192,5.66127373,5.66548058,-0.004206850000000095,4808387.7,0.0002043513992881716,1.942,-0.0001192,1,2,False,1.2664939404058273,0.5766067849201315,27,27,5,2,0,8,1,False,0,930562641
1779859648000,1779859649007,9,205,False,5.6605,5.6605,5.6605,5.6605,0.0,0.0,0.0,0,0,0,5.66,5.661,0.0009999999999994458,5.6605,5.66061181097905,5.661456105563109,2667.2000000000003,8488.6,17398.8,4645.8,16306.4,36030.4,17398.8,36030.4,-0.3487156835587966,0.0,-0.2758353186405385,-1.0091608269540265e-06,5.247771489379886e-07,-1.533937975892015e-06,0.3256421582205924,-0.22362204724233373,0.48289222434387397,0.0,0.0,0.0,6864.3,1.4489096550745264,0.0,0.0,0.0,0.0,0.0,-8.832751849577692e-05,0.00013830007025692338,0.0,1.483249843965307e-07,0.0004999999999997229,-0.0002649903579268899,88327.51849577692,1,0.0,0.0,0.0009999999999994458,-0.0,1.709818261128116e-05,26509.57453783809,-0.5874125874412496,False,1.0,1.0,-0.0,-0.0001192,5.66127373,5.66548058,-0.004206850000000095,4808387.7,0.00019334541483896828,1.942,-0.0001192,1,1,False,1.2647238856425076,0.5810572407390614,28,27,5,2,0,6,0,False,0,1525749615
1779859649000,1779859650021,9,206,False,5.66,5.66,5.66,5.66,52.099999999999994,2.8,49.3,2,1,1,5.659,5.66,0.001000000000000334,5.6594999999999995,5.659498107995667,5.660551215925796,2611.7,8511.4,18010.4,4193.8,14484.1,32774.9,18010.4,32774.9,-0.29072389057462905,-0.8925143953763435,-0.20880687287849212,-1.0122194166901463e-06,5.445477691229327e-07,-1.5567671858130791e-06,0.3546380547126757,0.0037839697282291375,0.5495180763327867,2.8,49.3,-46.5,6817.8,1.4669781909737223,26.049999986974996,49.3,-46.5,1.3633467838462765,2.004008012016016,-8.833532093541495e-05,0.00013970349272408362,0.0,1.5612742409028398e-07,-0.0009999999999994458,-7.802439638026942e-09,1.6954956033343467e-06,1,0.0,0.0010000000000012221,0.001000000000000334,0.0009999999999994458,1.9343190077341614e-05,30926.340584608835,-0.5489510472456509,False,1.0,1.0,-1.7763568394002505e-15,-0.0001192,5.66127373,5.66548058,-0.004206850000000095,4808380.0,0.0001917437368461807,1.942,-0.0001192,1,1,False,1.2602857625646786,0.5775689456557983,29,27,5,2,0,8,2,False,0,750069694
1779859650000,1779859651100,9,207,False,5.6594999999999995,5.6594999999999995,5.6594999999999995,5.6594999999999995,0.0,0.0,0.0,0,0,0,5.659,5.66,0.001000000000000334,5.6594999999999995,5.659498317612182,5.660512210454697,2741.1,8640.8,18140.8,4257.0,14499.7,32825.7,18140.8,32825.7,-0.2881284765483153,0.0,-0.2043862131953739,-1.0090145608858578e-06,5.442065455485479e-07,-1.5532211064344058e-06,0.3559357617258325,0.003364737550459742,0.5526401569501778,0.0,0.0,0.0,6817.8,1.4188805453680264,0.0,0.0,0.0,0.0,0.0,-8.834312475391059e-05,0.00013544222214768048,0.0,1.4830497579584952e-07,-0.0005000000000006111,-7.803818495639883e-09,88343.12475391058,1,0.0,0.0,0.001000000000000334,0.002000000000000668,1.9343190077341614e-05,30926.340584499343,-0.5435293729815119,False,1.0,1.0,0.002000000000000668,-0.0001192,5.66127373,5.66548058,-0.004206850000000095,4808380.0,0.0001917437368461807,1.942,-0.0001192,1,1,False,1.2664939404058273,0.5698803374369593,30,27,5,2,0,6,0,False,0,3080431996
1779859651000,1779859652138,9,208,False,5.66,5.66,5.659,5.659,15.600000000000001,14.3,1.3,2,1,1,5.659,5.66,0.001000000000000334,5.6594999999999995,5.659287835221938,5.660359657576148,2952.7,8940.7,20510.8,3997.8,14328.3,32320.1,20510.8,32320.1,-0.22353016889736457,0.8333333332799144,-0.1187678643231872,-9.28438569193192e-07,5.508102711842177e-07,-1.4792488403774098e-06,0.3882349155513083,0.42432950191367663,0.6346143730990735,14.3,1.3,13.0,6830.8,1.437933642241206,7.7999999961,14.3,13.0,1.39088476676285,5.050505024997449,-8.83509299509308e-05,0.00013544094832431756,0.00010611559430266518,1.5611017302262862e-07,-0.001000000000000334,-7.805197020213021e-09,5.663521150337646e-06,1,-0.9999990000010001,0.0009999999999994458,0.001000000000000334,-0.005000000000000782,2.026696102167798e-05,35343.88708201055,-0.5369047474513114,False,1.0,1.0,-0.006000000000000227,-0.0001192,5.66127373,5.66548058,-0.004206850000000095,4808380.0,0.0001917437368461807,1.942,-0.0001192,1,1,False,1.2537732085124702,0.574419039311123,31,27,5,2,0,7,2,False,0,1914234795
1779859652000,1779859653050,9,209,False,5.659,5.66,5.659,5.66,69.9,68.9,1.0,2,1,1,5.66,5.661,0.0009999999999994458,5.6605,5.660176349585295,5.660845604121599,3072.2999999999997,8783.4,20363.3,3406.5,14895.6,34397.2,20363.3,34397.2,-0.2562777914737766,0.9713876966956883,-0.14169316553953754,-9.486203635837383e-07,5.42761726683612e-07,-1.4913820902673503e-06,0.3718611042631026,0.6473007712048982,0.5920045817682663,68.9,1.0,67.9,6898.7,1.4563620474136254,34.949999982525,68.9,67.9,1.3732848931201855,2.4449877690831596,0.00017669405470484685,0.00014108610821548815,0.00010611559430266518,1.7172125707260246e-07,-0.0004999999999997229,0.0002650449846557777,2.5278119413779543e-06,1,0.9999990000010001,0.0009999999999994458,0.0009999999999994458,-0.0030000000000001137,1.8707245946292756e-05,35343.88708257688,-0.5012077375474946,False,1.0,1.0,-0.0039999999999995595,-0.0001192,5.66127373,5.66548058,-0.004206850000000095,4808380.0,0.0001917437368461807,1.942,-0.0001192,1,2,False,1.2818974645014636,0.5785369254420467,32,27,5,2,0,8,2,False,0,1112710337
1779859653000,1779859653993,9,210,False,5.661,5.661,5.661,5.661,93.4,93.4,0.0,1,1,0,5.66,5.661,0.0009999999999994458,5.6605,5.660243936540764,5.661038351929298,2939.5,8861.9,20263.9,3727.7000000000003,15216.8,34701.8,20263.9,34701.8,-0.2626710839669055,0.9999999999892933,-0.16474892544135672,-9.511325313204094e-07,5.407396955219237e-07,-1.491872226842333e-06,0.3686644580165382,0.5121268656692533,0.5839437723691399,93.4,0.0,93.4,6992.099999999999,1.44139935733449,93.3999999066,93.4,93.4,0.6937702547304316,1.0,0.00017666283943111298,0.00014651204002806594,0.0,2.0293653048735714e-07,0.0009999999999994458,-3.121527373387066e-08,1.891465090248624e-06,1,0.0,0.0009999999999994458,0.0009999999999994458,-0.0010000000000012221,1.62334047498704e-05,35343.88708270325,-0.5012077375474946,False,1.0,1.0,-0.002000000000000668,-0.0001192,5.66127373,5.66548058,-0.004206850000000095,4808380.0,0.00020129332364527712,1.942,-0.0001192,1,1,False,1.303350378748584,0.5785361653505054,33,27,5,2,0,8,1,False,0,2278744930
1779859654000,1779859655097,9,211,False,5.6605,5.6605,5.6605,5.6605,0.0,0.0,0.0,0,0,0,5.66,5.661,0.0009999999999994458,5.6605,5.660242129603424,5.6611009599394775,2873.7,8656.6,20079.8,3751.7000000000003,15240.8,34743.4,20079.8,34743.4,-0.26747070583256244,0.0,-0.16846244517869277,-9.618824111543716e-07,5.402514473666329e-07,-1.5021338585210047e-06,0.3662646470837097,0.5157407407383531,0.5779457393346483,0.0,0.0,0.0,6992.099999999999,1.3941403620120478,0.0,0.0,0.0,0.0,0.0,-8.832751849577692e-05,0.00013542795948052623,0.0,1.951085705422282e-07,0.0,-0.0002649903579268899,88327.51849577692,1,0.0,0.0,0.0009999999999994458,0.002000000000000668,1.62334047498704e-05,22086.562333187332,-0.5012077375474946,False,1.0,1.0,0.002000000000000668,-0.0001192,5.661,5.66521212,-0.004212120000000041,4808364.2,0.00019800673222897323,1.942,-0.0001192,1,1,False,1.3160213230256945,0.5750267612113803,34,27,5,2,0,9,0,False,0,2176700961
1779859655000,1779859655997,9,212,False,5.661,5.661,5.661,5.661,2.1,2.1,0.0,1,1,0,5.66,5.661,0.0009999999999994458,5.6605,5.6602794612522365,5.661153225192027,2792.8,8575.6,19998.8,3797.5,15286.6,35060.2,19998.8,35060.2,-0.2735501916126287,0.9999999995238095,-0.1871020807725456,-9.641564405134913e-07,5.34225451157234e-07,-1.4983818916707251e-06,0.36322490419367653,0.4410774410753196,0.570413175053178,2.1,0.0,2.1,6994.2,1.3812177271919808,2.0999999979,2.1,2.1,0.7239988161091762,1.0,8.832751849582713e-05,0.00013542643174279257,0.0,1.951002946527491e-07,0.0009999999999994458,0.00017665503699160407,4.20607230732221e-05,1,0.0,0.0009999999999994458,0.0009999999999994458,-0.0010000000000012221,1.611715872838188e-05,26502.938257709255,-0.5012077375474946,False,1.0,1.0,-0.002000000000000668,-0.0001192,5.661,5.66521212,-0.004212120000000041,4808364.2,0.00019800673222897323,1.942,-0.0001192,1,2,False,1.3160213230256945,0.5775699616053018,35,27,5,2,0,6,1,False,0,2584101435
1779859656000,1779859657005,9,213,False,5.6615,5.6615,5.6615,5.6615,0.0,0.0,0.0,0,0,0,5.661,5.662,0.001000000000000334,5.6615,5.6612514136334875,5.662444762334698,2516.7,8072.2,18010.6,4089.3,15884.6,35627.3,18010.6,35627.3,-0.32843754136533454,0.0,-0.21870220272326502,-9.968193883378632e-07,5.239558525764382e-07,-1.5207752409143014e-06,0.33578122931732346,0.4971726837733921,0.505528064153037,0.0,0.0,0.0,6994.2,1.3359319000709322,0.0,0.0,0.0,0.0,0.0,8.831971743451866e-05,0.00013542464959642953,0.0,1.7166815070659522e-07,0.0015000000000000568,-7.80106130847467e-09,88319.71743451865,1,0.0,0.0,0.001000000000000334,0.0,1.611715872838188e-05,22084.22056881169,-0.4577294406691378,False,1.0,1.0,0.0,-0.0001192,5.661,5.66521212,-0.004212120000000041,4808364.2,0.00019800673222897323,1.942,-0.0001192,1,1,False,1.3224157908870346,0.5879904006651434,36,27,5,2,0,5,0,False,0,569826089
1779859657000,1779859658061,9,214,False,5.661,5.661,5.661,5.661,7.9,7.9,0.0,1,1,0,5.661,5.662,0.001000000000000334,5.6615,5.6610046391460775,5.662429795005168,2637.1,8254.7,18033.4,4041.2000000000003,15925.4,35248.5,18033.4,35248.5,-0.32309470946042984,0.9999999998734177,-0.17465996019816854,-1.003564187899256e-06,5.313556740042018e-07,-1.5349198619034577e-06,0.33845264526977575,0.9907216494794293,0.5116075861384028,7.9,0.0,7.9,7002.099999999999,1.3249177394128688,7.8999999921,7.9,7.9,0.7547638389145438,1.0,-8.831971743444136e-05,0.00011173447543083543,0.0,1.794685231943016e-07,0.0,-0.00017663943486896002,1.1179711066235651e-05,1,0.0,0.0010000000000012221,0.001000000000000334,0.0009999999999994458,1.6038245074119115e-05,26500.20643989117,-0.44717442700625865,False,1.0,1.0,-1.7763568394002505e-15,-0.0001192,5.661,5.66521212,-0.004212120000000041,4808364.2,0.00019800673222897323,1.942,-0.0001192,0,1,True,1.3160213230256945,0.5820317660884995,37,27,5,2,0,7,1,False,0,1058875467
1779859658000,1779859659087,9,215,False,5.662,5.662,5.662,5.662,49.8,49.8,0.0,1,1,0,5.661,5.662,0.001000000000000334,5.6615,5.661201711468373,5.662555773337707,2514.4,8396.3,18212.3,4271.1,16027.4,35572.5,18212.3,35572.5,-0.32277148934270794,0.9999999999799197,-0.20960969541922933,-9.83268592243501e-07,5.274311415019729e-07,-1.5106997337454739e-06,0.3386142553286367,0.5965770171124835,0.511976948485473,49.8,0.0,49.8,7051.9,1.3142646987763813,49.7999999502,49.8,49.8,0.7608817311840965,1.0,0.00017663163518496638,0.00011850961871177258,0.0,1.9506857930382116e-07,0.0015000000000000568,0.0002649513526194077,3.5468199835626423e-06,1,0.0,0.0009999999999994458,0.001000000000000334,0.0030000000000001137,1.6741393647612778e-05,26500.20644100909,-0.4824561417425171,False,1.0,1.0,0.002000000000000668,-0.0001192,5.661,5.66521212,-0.004212120000000041,4808364.2,0.00019800673222897323,1.942,-0.0001192,0,2,False,1.3326628174332267,0.5860529094692586,38,27,5,2,0,7,1,False,0,4208340967
1779859659000,1779859660101,9,216,False,5.6615,5.6615,5.6615,5.6615,0.0,0.0,0.0,0,0,0,5.661,5.662,0.001000000000000334,5.6615,5.661509240217343,5.662595185087624,2413.2,8207.1,18023.1,4594.2,16703.7,36337.0,18023.1,36337.0,-0.33689967457748726,0.0,-0.2775624400824815,-9.898590024840831e-07,5.190109461667968e-07,-1.50886994865088e-06,0.3315501627112472,-0.01848049281304686,0.4959985689517435,0.0,0.0,0.0,7051.9,1.2711740529148605,0.0,0.0,0.0,0.0,0.0,-8.831191775063096e-05,0.00011346361322581027,0.0,1.794574989065671e-07,0.0015000000000000568,-0.00026494355293559733,88311.91775063095,1,0.0,0.0,0.001000000000000334,-0.004000000000001336,1.6741393647612778e-05,26500.206440205522,-0.4824561417425171,False,1.0,1.0,-0.004000000000001336,-0.0001192,5.661,5.66521212,-0.004212120000000041,4808240.2,0.00017221322997413232,1.942,-0.0001192,0,1,True,1.3390392268100346,0.5800276188060951,39,27,5,2,0,8,0,False,0,1104379663
1779859660000,1779859661102,9,217,False,5.662,5.662,5.662,5.662,0.9,0.9,0.0,1,1,0,5.661,5.662,0.001000000000000334,5.6615,5.6615412667674585,5.6626564844406815,2270.1,8066.400000000001,17882.4,4607.9,16916.9,36567.8,17882.4,36567.8,-0.3431649470525298,0.9999999988888889,-0.2971536356369301,-9.922910142393696e-07,5.154837872034835e-07,-1.5077748014428531e-06,0.32841752647372596,-0.08253358925104354,0.4890203949923023,0.9,0.0,0.9,7052.799999999999,1.262283100360275,0.8999999991,0.9,0.9,0.7922153112264351,1.0,8.831191775059242e-05,0.00010818250008805478,0.0,1.8725649372335794e-07,0.002500000000000391,0.00017662383550122337,9.812435294718673e-05,1,0.0,0.0009999999999994458,0.001000000000000334,0.005000000000000782,1.6037165384998335e-05,30915.802327638077,-0.4824561417425171,False,1.0,1.0,0.004000000000001336,-0.0001192,5.661,5.66521212,-0.004212120000000041,4808240.2,0.00017221322997413232,1.942,-0.0001192,0,2,False,1.2324125909043138,0.5785334282960195,40,27,5,2,0,5,1,False,0,1842281587
1779859661000,1779859662009,9,218,False,5.661,5.661,5.66,5.661,265.4,120.5,144.9,4,2,2,5.661,5.662,0.001000000000000334,5.6615,5.661997243474237,5.662780057243048,2149.0,7575.0,17555.4,5152.9,17709.899999999998,37345.799999999996,17555.4,37345.799999999996,-0.36047299512578296,-0.09193669932143207,-0.3526505154277576,-1.0079578279456288e-06,5.070454013969618e-07,-1.5150032293425906e-06,0.31976350243709944,-0.994486983151625,0.470076956444889,120.5,144.9,-24.400000000000006,7028.4,1.3520443101845283,66.34999998341249,98.1,-24.400000000000006,2.958482918725935,11.070110578559662,-0.00017663163518511087,0.00011516679231753516,0.00010609684762027611,2.028551721619781e-07,0.0019999999999997797,-0.0002649435529357033,6.655298989617384e-07,1,0.0,0.0010000000000012221,0.001000000000000334,-0.0009999999999994458,1.2117946306231137e-05,30915.802337450947,-0.4824561417425171,False,1.0,1.0,-0.002000000000000668,-0.0001192,5.661,5.66521212,-0.004212120000000041,4808240.2,0.00017221322997413232,1.942,-0.0001192,0,1,True,1.2667148921938842,0.5785334282960195,41,27,5,2,0,7,4,False,0,2831613243
1779859662000,1779859663257,9,219,False,5.661,5.661,5.661,5.661,0.9,0.0,0.9,1,0,1,5.66,5.661,0.0009999999999994458,5.6605,5.660902026963278,5.661596229419559,2571.9,8350.2,19709.7,4832.8,16659.9,36108.6,19709.7,36108.6,-0.29379074604564637,-0.9999999988888889,-0.2874692406548477,-9.670152854603155e-07,5.201144953844749e-07,-1.4871297808447904e-06,0.3531046269771678,-0.8040540540449993,0.5458450341469749,0.0,0.9,-0.9,7027.5,1.3405018737850356,0.8999999991,0.9,-0.9,0.7459892588067891,1.0,0.0,0.00011346027325223669,0.0,1.9505204323721612e-07,0.0009999999999994458,0.00017663163518511087,0.0,1,0.0,0.0009999999999994458,0.0009999999999994458,-0.0009999999999994458,1.228544518700499e-05,30915.802337201418,-0.45614034113571367,False,1.0,1.0,-0.0019999999999988916,-0.0001192,5.661,5.66521212,-0.004212120000000041,4808240.2,0.00017221322997413232,1.942,-0.0001192,0,2,False,1.292505036375409,0.5760347148210119,42,27,5,2,0,9,1,False,0,3663043626
1779859663000,1779859664085,9,220,False,5.66,5.66,5.66,5.66,4.9,0.0,4.9,1,0,1,5.66,5.661,0.0009999999999994458,5.6605,5.660988888818999,5.661577012605526,2600.2,8558.4,19917.9,4831.7,17047.2,36495.9,19917.9,36495.9,-0.29386426725375187,-0.9999999997959184,-0.29390883085261493,-9.533952974552431e-07,5.130274365877318e-07,-1.4664227340429748e-06,0.3530678663731152,-0.9777777777657063,0.545757194643767,0.0,4.9,-4.9,7022.6,1.3293378779232312,4.8999999951,4.9,-4.9,0.7522541980147318,1.0,-0.00017666283943114163,0.0001185055488237903,0.0,1.8724891431245417e-07,-0.0009999999999994458,-0.00017666283943114163,3.60536406928751e-05,1,0.0,0.0009999999999994458,0.0009999999999994458,0.0009999999999994458,1.2183562783857833e-05,26499.036300245265,-0.4656019324252955,False,1.0,1.0,0.0,-0.0001192,5.661,5.66521212,-0.004212120000000041,4808240.2,0.00014805944776110185,1.942,-0.0001192,0,1,True,1.292505036375409,0.5691914721544145,43,27,5,2,0,6,1,False,0,4180435627
1779859664000,1779859665093,9,221,False,5.66,5.66,5.659,5.659,1.4,0.0,1.4,2,0,2,5.659,5.66,0.001000000000000334,5.6594999999999995,5.65929965326568,5.660217841983678,2987.7000000000003,8992.7,20657.8,3775.0,14728.199999999999,32352.5,20657.8,32352.5,-0.22061184335873935,-0.9999999992857143,-0.1155401861370203,-9.252634614870741e-07,5.45591440490989e-07,-1.470854901978063e-06,0.3896940783206209,0.40069341257850083,0.6385225253071435,0.0,1.4,-1.4,7021.200000000001,1.3513267999585352,0.6999999996499999,0.9,-1.4,1.4800268880786958,999999999.9999999,-0.00017669405470483097,0.0001233468609417823,0.00010611559430266518,2.1066105880244908e-07,-0.0015000000000000568,-3.1215273689337054e-08,0.00012621003898472924,-1,-0.9999990000010001,0.0009999999999994458,0.001000000000000334,0.0030000000000001137,1.234758879055779e-05,26499.03630192693,-0.4299517000542796,False,1.0,1.0,0.002000000000000668,-0.0001192,5.661,5.66521212,-0.004212120000000041,4808240.2,0.00014805944776110185,1.942,-0.0001192,0,0,False,1.2617687559259305,0.5605201019960288,44,27,5,2,0,8,2,False,0,516715854
1779859665000,1779859666005,9,222,False,5.659,5.659,5.659,5.659,1.0,0.0,1.0,1,0,1,5.659,5.66,0.001000000000000334,5.6594999999999995,5.6593076922797865,5.660325710733707,2962.7000000000003,8795.9,20549.6,3959.7,14462.1,31955.0,20549.6,31955.0,-0.21722668109079557,-0.9999999989999999,-0.11297630315715664,-9.304387512690198e-07,5.542740473908022e-07,-1.484712798659822e-06,0.3913866594545927,0.3846153846134881,0.6430793303082258,0.0,1.0,-1.0,7020.200000000001,1.3398078884844848,0.9999999989999999,1.0,-1.0,0.7463756616515879,1.0,0.0,0.00012175504777196403,0.0,2.1066105880244908e-07,-0.0019999999999997797,0.00017669405470483097,0.0,-1,0.0,0.0009999999999994458,0.001000000000000334,0.0030000000000001137,1.2339463389248383e-05,22082.27025515618,-0.4299517000542796,False,1.0,1.0,0.002000000000000668,-0.0001192,5.661,5.66521212,-0.004212120000000041,4808240.2,0.00014805944776110185,1.942,-0.0001192,0,1,True,1.2617687559259305,0.5605201019960289,45,27,5,2,0,7,1,False,0,893117865
1779859666000,1779859666995,9,223,False,5.66,5.66,5.66,5.66,25.2,25.2,0.0,1,1,0,5.66,5.661,0.0009999999999994458,5.6605,5.660829977565315,5.661398618875756,2693.9,8540.7,19974.6,4387.3,16128.5,35358.6,19974.6,35358.6,-0.27802476632473316,0.9999999999603174,-0.256439095586381,-9.519823428531575e-07,5.29494127235136e-07,-1.4814764700882936e-06,0.3609876168376244,-0.6599552572633114,0.5649149004768129,25.2,0.0,25.2,7045.400000000001,1.328666646239092,25.199999974799997,25.2,25.2,0.7526342307741026,1.0,0.00017669405470484685,0.00012800519952859421,0.0,2.1066105880244908e-07,-0.0015000000000000568,0.00017669405470484685,7.011668837215682e-06,-1,0.0,0.0009999999999994458,0.0009999999999994458,-0.0030000000000001137,1.2181014245977318e-05,22082.270263990886,-0.40217389573155926,False,1.0,1.0,-0.0039999999999995595,-0.0001192,5.661,5.66521212,-0.004212120000000041,4808240.2,0.00014805944776110185,1.942,-0.0001192,1,1,False,1.2695131175244623,0.5613053894299752,46,27,5,2,0,8,1,False,0,2041393056
1779859667000,1779859668009,9,224,False,5.6605,5.6605,5.6605,5.6605,0.0,0.0,0.0,0,0,0,5.66,5.661,0.0009999999999994458,5.6605,5.6606733211827525,5.661368483426473,2780.9,8657.1,20091.0,4391.2,16234.800000000001,35464.9,20091.0,35464.9,-0.2767284842833925,0.0,-0.2342242339714749,-9.490477929773584e-07,5.274284614893146e-07,-1.476476254466673e-06,0.36163575785829477,-0.34664246823641887,0.5665037826132158,0.0,0.0,0.0,7045.400000000001,1.2851038053787938,0.0,0.0,0.0,0.0,0.0,8.83353209354059e-05,0.00012334909651391904,0.0,2.106651946148118e-07,-0.0004999999999997229,-8.835873376944096e-05,88335.32093540589,-1,0.0,0.0,0.0009999999999994458,-0.002000000000000668,1.2181014245977318e-05,22082.270263874627,-0.43809524208239686,False,1.0,1.0,-0.002000000000000668,-0.0001192,5.661,5.66521212,-0.004212120000000041,4808240.2,0.00014805944776110185,1.942,-0.0001192,0,0,False,1.2758069381766726,0.5660140866998523,47,27,5,2,0,6,0,False,0,3875956765
1779859668000,1779859669029,9,225,False,5.66,5.66,5.66,5.66,0.2,0.0,0.2,1,0,1,5.66,5.661,0.0009999999999994458,5.6605,5.6607227505072375,5.661459418254097,2723.0,8599.2,20033.1,4689.2,16404.6,35634.7,20033.1,35634.7,-0.28026255752876383,-0.999999995,-0.25402249358013623,-9.513028803750062e-07,5.282147644157494e-07,-1.4795176447907557e-06,0.35986872123560915,-0.4455010972900842,0.5621795609335687,0.0,0.2,-0.2,7045.200000000001,1.2757561396286694,0.1999999998,0.2,-0.2,0.7838488627671572,1.0,-8.833532093541495e-05,0.00012334937588353318,0.0,2.106658838458205e-07,-0.0019999999999997797,-0.00017667064187082085,0.0004416766024686917,-1,0.0,0.0009999999999994458,0.0009999999999994458,0.0030000000000001137,1.1977102892312437e-05,26499.036309705727,-0.43809524208239686,False,1.0,1.0,0.002000000000000668,-0.0001192,5.661,5.66521212,-0.004212120000000041,4808240.2,0.00014805944776110185,1.942,-0.0001192,0,0,False,1.2695131175244623,0.5613044656749626,48,27,5,2,0,7,1,False,0,3277209616
1779859669000,1779859670097,9,226,False,5.661,5.661,5.661,5.661,1.0,1.0,0.0,1,1,0,5.66,5.661,0.0009999999999994458,5.6605,5.66072456391235,5.661561117449727,2583.7,8459.9,19892.8,4775.9,16439.0,35673.1,19892.8,35673.1,-0.28399252059266056,0.9999999989999999,-0.26563053875993364,-9.54201465712129e-07,5.279210682012305e-07,-1.4821225339133595e-06,0.3580037397036608,-0.44912790697348026,0.5576414721456628,1.0,0.0,1.0,7046.200000000001,1.2667149547228114,0.9999999989999999,1.0,1.0,0.7894435883007169,1.0,0.00017666283943111298,0.00012800546873634807,0.0,2.1846763418675546e-07,-0.0005000000000006111,0.0002649981603665279,0.00017666283925445013,1,0.0,0.0009999999999994458,0.0009999999999994458,-0.0010000000000012221,1.1979513120631251e-05,22082.270307100687,-0.43809524208239686,False,1.0,1.0,-0.002000000000000668,-0.0001192,5.661,5.66521212,-0.004212120000000041,4808015.1,0.00010123705145439282,1.942,-0.0001192,1,2,False,1.2346038044159482,0.5621052840726622,49,27,5,2,0,6,1,False,0,3699478839
1779859670000,1779859671069,9,227,False,5.66,5.66,5.66,5.66,5.5,0.0,5.5,1,0,1,5.66,5.661,0.0009999999999994458,5.6605,5.660293166747537,5.661240892179269,2666.0,8480.1,19913.0,3839.4,15534.0,34768.1,19913.0,34768.1,-0.2716679071927911,-0.9999999998181818,-0.2018516620570579,-9.56736428557954e-07,5.358855331916834e-07,-1.4926219617496376e-06,0.36416604640359534,0.4136664217456748,0.572737653193572,0.0,5.5,-5.5,7040.700000000001,1.2579702021089487,5.4999999944999995,5.5,-5.5,0.7949313883020432,1.0,-0.00017666283943114163,0.00013249778331595437,0.0,2.4187219579584463e-07,-0.0019999999999997797,-0.00035332567886225464,3.212051625436747e-05,-1,0.0,0.0009999999999994458,0.0009999999999994458,0.0030000000000001137,1.1792020348857358e-05,22082.270315849044,-0.4797618843277162,False,1.0,1.0,0.002000000000000668,-0.0001192,5.661,5.66521212,-0.004212120000000041,4808015.1,0.00010123705145439282,1.942,-0.0001192,1,0,False,1.2346038044159482,0.5582041397795072,50,27,5,2,0,6,1,False,0,3841943507
1779859671000,1779859671993,9,228,False,5.661,5.661,5.661,5.661,74.9,74.9,0.0,2,2,0,5.661,5.662,0.001000000000000334,5.6615,5.661328687539713,5.662159341851894,4035.0,9800.8,19671.1,4704.7,16833.399999999998,36537.5,19671.1,36537.5,-0.3000679611304979,0.9999999999866488,-0.21283834140963487,-9.707626576504193e-07,5.189540907801793e-07,-1.4897167484305986e-06,0.3499660194347422,0.3426248548179871,0.538381115292493,74.9,0.0,74.9,7115.6,1.2822990479414422,37.449999981275,40.3,74.9,1.5596985755008015,2.5125628077573796,0.00017666283943111298,0.00013684245022753372,0.0,2.57470870581739e-07,0.0,0.00035332567886225464,2.3586493915721537e-06,1,0.0,0.0010000000000012221,0.001000000000000334,-0.0010000000000012221,1.1997618464332273e-05,17664.723819908526,-0.4447059047817763,False,1.0,1.0,-0.0020000000000024443,-0.0001192,5.661,5.66521212,-0.004212120000000041,4808015.1,0.00010123705145439282,1.942,-0.0001192,1,2,False,1.2429496490808163,0.559752285650902,51,27,5,2,0,7,2,False,0,2321835880
1779859672000,1779859673054,9,229,False,5.6615,5.6615,5.6615,5.6615,0.0,0.0,0.0,0,0,0,5.661,5.662,0.001000000000000334,5.6615,5.661272389764914,5.662166926805158,3897.1,9625.8,19497.5,4495.8,16475.9,35994.6,19497.5,35994.6,-0.2972873616244421,0.0,-0.2125819584373964,-9.77756306949866e-07,5.267104463826338e-07,-1.5044667533324998e-06,0.35135631918777,0.45522041763129834,0.5416784739933063,0.0,0.0,0.0,7115.6,1.2402564562056573,0.0,0.0,0.0,0.0,0.0,8.831971743451866e-05,0.00013249466162928503,0.0,2.4185840922672e-07,0.0005000000000006111,-8.834312199659432e-05,88319.71743451865,1,0.0,0.0,0.001000000000000334,0.0,1.1997618464332273e-05,17664.72381940116,-0.4447059047817763,False,1.0,1.0,0.0,-0.0001192,5.661,5.66521212,-0.004212120000000041,4808015.1,0.00010123705145439282,1.942,-0.0001192,1,1,False,1.1979956038253106,0.5615794227777744,52,27,5,2,0,7,0,False,0,264463187
1779859673000,1779859674014,9,230,False,5.6615,5.6615,5.6615,5.6615,0.0,0.0,0.0,0,0,0,5.661,5.662,0.001000000000000334,5.6615,5.66124569316792,5.662166652904691,3948.2,9676.9,19554.6,4530.5,16510.6,36031.299999999996,19554.6,36031.299999999996,-0.2964186961081804,0.0,-0.20804119022343942,-9.767083164734349e-07,5.262933643848918e-07,-1.5030016808583267e-06,0.35179065194590087,0.508613617717356,0.5427114758556993,0.0,0.0,0.0,7115.6,1.1995923101005537,0.0,0.0,0.0,0.0,0.0,0.0,0.00012646876064256174,0.0,2.2625421900935191e-07,0.0015000000000000568,-8.831971743451866e-05,0.0,1,0.0,0.0,0.001000000000000334,0.0,1.1997618464332273e-05,17664.723819274794,-0.4447059047817763,False,1.0,1.0,0.0,-0.0001192,5.661,5.66521212,-0.004212120000000041,4808015.1,0.00011790038386888397,1.942,-0.0001192,1,1,False,1.1892463944219784,0.5615794227777745,53,27,5,2,0,6,0,False,0,4231038833
1779859674000,1779859674999,9,231,False,5.6615,5.6615,5.6615,5.6615,0.0,0.0,0.0,0,0,0,5.661,5.662,0.001000000000000334,5.6615,5.661246928723746,5.662190565431461,3899.7999999999997,9663.9,19543.6,4530.9,16490.9,36055.7,19543.6,36055.7,-0.2969839548339584,0.0,-0.20940841382082204,-9.755545542761733e-07,5.258684007724739e-07,-1.5014229550486473e-06,0.35150802258301184,0.5061425061404335,0.5420391228016502,0.0,0.0,0.0,7115.6,1.1602614146874208,0.0,0.0,0.0,0.0,0.0,0.0,0.00012491701202111937,0.0,2.1845246848572568e-07,0.002500000000000391,0.0,0.0,1,0.0,0.0,0.001000000000000334,0.0,1.1997618464332273e-05,17664.72381922751,-0.4447059047817763,False,1.0,1.0,0.0,-0.0001192,5.661,5.66521212,-0.004212120000000041,4808020.5,0.0001190236408782984,1.942,-0.0001192,0,2,False,1.1953945516965943,0.5615794227777745,54,27,5,2,0,6,0,False,0,3168992594
1779859675000,1779859676030,9,232,False,5.6615,5.6615,5.6615,5.6615,0.0,0.0,0.0,0,0,0,5.661,5.662,0.001000000000000334,5.6615,5.661459175987555,5.662244621444476,3717.7,9481.800000000001,19362.9,4555.9,16971.8,36883.2,19362.9,36883.2,-0.3114935968893787,0.0,-0.24039592839637983,-9.776482437341334e-07,5.118279635392753e-07,-1.4894762072734088e-06,0.34425320155530176,0.08164794007429482,0.524978852160319,0.0,0.0,0.0,7115.6,1.1222200568288168,0.0,0.0,0.0,0.0,0.0,0.0,0.00012334574320219954,0.0,2.10651407010482e-07,0.002500000000000391,0.0,0.0,1,0.0,0.0,0.001000000000000334,0.0,1.1997618464332273e-05,13248.347894436156,-0.4447059047817763,False,1.0,1.0,0.0,-0.0001192,5.661,5.66521212,-0.004212120000000041,4808020.5,0.0001190236408782984,1.942,-0.0001192,0,2,False,1.1953945516965943,0.5615794227777744,55,27,5,2,0,8,0,False,0,3205722535
1779859676000,1779859677023,9,233,False,5.661,5.661,5.661,5.661,5.5,0.0,5.5,1,0,1,5.661,5.662,0.001000000000000334,5.6615,5.661475562407593,5.662206499464731,3789.4,9425.9,19306.9,4555.9,16869.1,36762.9,19306.9,36762.9,-0.3113262397939655,-0.9999999998181818,-0.24171510103346344,-9.81968602146036e-07,5.137692320913006e-07,-1.4957378342373367e-06,0.34433688010300834,0.04887509697401958,0.5251734765211525,0.0,5.5,-5.5,7110.1,1.1182128418508228,5.4999999944999995,5.5,-5.5,0.8942841306048268,1.0,-8.831971743444136e-05,0.00012334574320219674,0.0,2.0285103452277562e-07,0.0009999999999994458,-8.831971743444136e-05,1.605813043970604e-05,1,0.0,0.0010000000000012221,0.001000000000000334,0.005000000000000782,1.2079293907092222e-05,17664.333764055373,-0.4447059047817763,False,1.0,1.0,0.0039999999999995595,-0.0001192,5.661,5.66521212,-0.004212120000000041,4808020.5,0.0001190236408782984,1.942,-0.0001192,0,1,True,1.1811052159775595,0.5423393172075195,56,27,5,2,0,6,1,False,0,2326827640
1779859677000,1779859678101,9,234,False,5.6615,5.6615,5.6615,5.6615,0.0,0.0,0.0,0,0,0,5.661,5.662,0.001000000000000334,5.6615,5.661476299650905,5.662223575674158,3766.2999999999997,9402.8,19283.8,4574.5,17087.2,37033.7,19283.8,37033.7,-0.31517556709725547,0.0,-0.24532877601311287,-9.832264783323798e-07,5.09463816386548e-07,-1.492690294718928e-06,0.3424122164513634,0.047400611620432735,0.520709515927371,0.0,0.0,0.0,7110.1,1.0815501257245663,0.0,0.0,0.0,0.0,0.0,8.831971743451866e-05,0.00012334574320219954,0.0,1.9505135090096244e-07,0.001000000000000334,0.00017663943486896002,88319.71743451865,1,0.0,0.0,0.001000000000000334,-0.0019999999999988916,1.2079293907092222e-05,13248.34789313621,-0.4447059047817763,False,1.0,1.0,-0.0019999999999988916,-0.0001192,5.661,5.66521212,-0.004212120000000041,4808020.5,0.0001190236408782984,1.942,-0.0001192,0,2,False,1.6265445706014114,0.5435639473947071,57,27,5,2,0,8,0,False,0,3845726750
1779859678000,1779859679001,9,235,False,5.661,5.661,5.661,5.661,2.1,0.0,2.1,1,0,1,5.661,5.662,0.001000000000000334,5.6615,5.661495823799077,5.662219848776043,3764.2,9400.7,19282.7,4554.7,16691.3,36586.1,19282.7,36586.1,-0.3097149034881667,-0.9999999995238095,-0.24259275238774966,-9.835555926486068e-07,5.164388705186694e-07,-1.4999944631672763e-06,0.3451425482559077,0.0083523158693368,0.5270498905321823,0.0,2.1,-2.1,7108.0,1.078876351110646,2.0999999979,2.1,-2.1,0.9268902762060385,1.0,-8.831971743444136e-05,0.00011850845650451354,0.0,1.8725304495005462e-07,0.0009999999999994458,-0.00017663943486896002,4.205700828208778e-05,1,0.0,0.0010000000000012221,0.001000000000000334,0.0030000000000001137,1.2074221922750354e-05,17664.333763740357,-0.4447059047817763,False,1.0,1.0,0.0019999999999988916,-0.0001192,5.661,5.66521212,-0.004212120000000041,4808020.5,0.0001190236408782984,1.942,-0.0001192,0,1,True,1.5953042998255258,0.5528187232914691,58,27,5,2,0,6,1,False,0,2765866568
1779859679000,1779859680003,9,236,False,5.662,5.662,5.662,5.662,3.8,3.8,0.0,1,1,0,5.661,5.662,0.001000000000000334,5.6615,5.661511045613686,5.662139694283327,3892.7,9529.2,19411.2,4540.0,16500.0,36394.799999999996,19411.2,36394.799999999996,-0.30433286743360377,0.9999999997368421,-0.238363207983387,-9.783954486076212e-07,5.194343208887156e-07,-1.497829769496337e-06,0.3478335662831892,-0.02209131075094189,0.533350918263034,3.8,0.0,3.8,7111.8,1.0762902412381659,3.7999999961999995,3.8,3.8,0.9291174078847738,1.0,0.00017663163518496638,0.00012334602243140318,0.0,1.9505410624278337e-07,0.001000000000000334,0.0002649513526194077,4.648200924696957e-05,1,0.0,0.0009999999999994458,0.001000000000000334,-0.0009999999999994458,1.205114839615965e-05,17664.333767857206,-0.4447059047817763,False,1.0,1.0,-0.0019999999999988916,-0.0001192,5.661,5.66521212,-0.004212120000000041,4808020.5,0.0001190236408782984,1.942,-0.0001192,0,2,False,1.5953042998255258,0.5173582418012602,59,27,5,2,0,5,1,False,0,1143960335
1779859680000,1779859681089,9,237,False,5.6615,5.6615,5.6615,5.6615,0.0,0.0,0.0,0,0,0,5.661,5.662,0.001000000000000334,5.6615,5.661491992276352,5.661982893218779,4113.9,10305.2,20317.9,4391.5,16383.3,35416.299999999996,20317.9,35416.299999999996,-0.2709000936588257,0.0,-0.19931069531693735,-9.267073104893325e-07,5.275726501383429e-07,-1.4542799606276755e-06,0.3645499531705782,0.016015374759666783,0.573687821709197,0.0,0.0,0.0,7111.8,1.0410020366074064,0.0,0.0,0.0,0.0,0.0,-8.831191775063096e-05,0.00012334602243140456,0.0,1.9505410624277744e-07,0.0015000000000000568,-0.00026494355293559733,88311.91775063095,1,0.0,0.0,0.001000000000000334,0.0039999999999995595,1.205114839615965e-05,13248.737881489582,-0.4447059047817763,False,1.0,1.0,0.0039999999999995595,-0.0001192,5.661,5.66521212,-0.004212120000000041,4808020.5,0.0001190236408782984,1.942,-0.0001192,0,1,True,1.5736784694447317,0.510734313432915,0,28,5,2,0,9,0,False,0,2561223258
1779859681000,1779859682055,9,238,False,5.662,5.664,5.662,5.664,439.3,439.3,0.0,4,4,0,5.663,5.664,0.0009999999999994458,5.6635,5.66378357025542,5.664602432695651,3815.2,9883.2,20121.6,7209.6,16454.4,35838.4,20121.6,35838.4,-0.28085775553966624,0.9999999999977237,-0.27683400234050476,-8.834539294408216e-07,5.289094319193791e-07,-1.4123633613602008e-06,0.35957112223015797,-0.5671406003114761,0.5614536363230345,439.3,0.0,439.3,7551.1,1.1380183632760161,109.82499997254375,280.2,439.3,3.5148817677865134,13.953488177393188,0.00044148161946143253,0.00015296929606412757,0.00021210002141461743,2.3404219470907083e-07,0.0030000000000001137,0.0005297935372120634,1.004966126702544e-06,1,0.9999995000002501,0.0009999999999994458,0.0009999999999994458,0.0009999999999994458,6.112681663170436e-06,35322.81884474833,-0.41529409918999666,False,1.0,1.0,0.0,-0.0001192,5.661,5.66521212,-0.004212120000000041,4808020.5,0.0001190236408782984,1.942,-0.0001192,1,2,False,0.8263457407060858,0.456080711743875,1,28,5,2,0,9,4,False,0,3162243784
1779859682000,1779859683075,9,239,False,5.664,5.664,5.662,5.662,90.8,9.8,81.0,3,1,2,5.662,5.663,0.001000000000000334,5.6625,5.662928079549875,5.663265927508218,3703.2999999999997,9604.4,19936.0,5180.7,16814.2,35413.5,19936.0,35413.5,-0.2796321556653578,-0.7841409691543597,-0.23924758916489758,-9.030001457567302e-07,5.360168931993668e-07,-1.439017038956097e-06,0.3601839221673121,-0.8561591430724708,0.5629491578070351,9.8,81.0,-71.2,7479.900000000001,1.1990669415292614,30.266666656577776,80.1,-71.19999999999999,2.5019453823586577,999.9990000010001,-0.0003531697017106852,0.0001721512342351208,0.00021210002141461743,3.899601265650152e-07,0.0004999999999997229,-0.0007946513211721177,3.889534159766472e-06,1,-0.9999995000002501,0.0009999999999994458,0.001000000000000334,0.006999999999999673,6.1931036221688025e-06,35322.81884478854,-0.41142190972606746,False,1.0,1.0,0.006000000000000227,-0.0001192,5.661,5.66521212,-0.004212120000000041,4808020.5,0.0001190236408782984,1.942,-0.0001192,2,1,False,1.5747652298541932,0.46068403356923443,2,28,5,2,0,9,3,False,0,125200528
1779859683000,1779859684137,9,240,False,5.663,5.663,5.663,5.663,6.9,6.9,0.0,1,1,0,5.662,5.663,0.001000000000000334,5.6625,5.6624092826526375,5.663238934257885,3868.4,9871.0,20230.3,4996.8,16343.5,34963.4,20230.3,34963.4,-0.2669344508521758,0.9999999998550725,-0.17814333702922633,-8.943527860511557e-07,5.418012875340557e-07,-1.4361540735852113e-06,0.3665327745739031,0.18143459915458704,0.5786136359736016,6.9,0.0,6.9,7486.8,1.192540156561089,6.8999999931,6.9,6.9,0.8385461853503865,1.0,0.00017660044196019195,0.0001721480331340109,0.0,4.2111477855931445e-07,0.0015000000000000568,0.0005297701436708771,2.559426694704314e-05,1,0.0,0.0010000000000012221,0.001000000000000334,-0.0030000000000001137,6.111632957307102e-06,35322.818835071186,-0.40470584917695596,False,1.0,1.0,-0.004000000000001336,-0.0001192,5.661,5.66521212,-0.004212120000000041,4808020.5,-8.243877522358189e-05,1.942,-0.0001192,2,2,False,1.5305455922165612,0.44345058665866194,3,28,5,2,0,8,1,False,0,31663901
1779859684000,1779859685097,9,241,False,5.6625,5.6625,5.6625,5.6625,0.0,0.0,0.0,0,0,0,5.662,5.663,0.001000000000000334,5.6625,5.662381777065795,5.663226265449186,3909.6,9912.2,20243.8,5029.9,16026.4,34821.5,20243.8,34821.5,-0.2647347785265809,0.0,-0.1791970971427872,-8.943939551433604e-07,5.452914643392617e-07,-1.4396854194826221e-06,0.36763261073670045,0.2364457831307496,0.5813592177246649,0.0,0.0,0.0,7486.8,1.153440479296791,0.0,0.0,0.0,0.0,0.0,-8.829632251569661e-05,0.00016871193760963277,0.0,4.3670794813904614e-07,0.0009999999999994458,-0.00026489676447588855,88296.32251569661,1,0.0,0.0,0.001000000000000334,0.004000000000001336,6.111632957307102e-06,35322.818833908015,-0.3964285579719107,False,1.0,1.0,0.004000000000001336,-0.00011871,5.663,5.66740276,-0.004402759999999617,4808023.4,-8.183566612121338e-05,1.942,-0.00011871,2,1,False,1.4762694256794282,0.4471061248332719,4,28,5,2,0,8,0,False,0,474379031
1779859685000,1779859685999,9,242,False,5.6635,5.6635,5.6635,5.6635,0.0,0.0,0.0,0,0,0,5.663,5.664,0.0009999999999994458,5.6635,5.663351454780527,5.664601352964485,3636.5,9447.9,19912.2,7243.3,15972.8,36405.7,19912.2,36405.7,-0.29286425807779953,0.0,-0.24313510527053706,-8.889202931144038e-07,5.334093096487827e-07,-1.4223296027631864e-06,0.35356787096109143,0.2970903522182459,0.5469528123343174,0.0,0.0,0.0,7486.8,1.1156227586641092,0.0,0.0,0.0,0.0,0.0,0.00017658484947884933,0.00017327096798156933,0.0,4.5229974096001635e-07,0.0019999999999997797,0.00026488117199454595,176584.84947884933,1,0.0,0.0,0.0009999999999994458,-0.002000000000000668,6.111632957307102e-06,44152.06130785048,-0.40217389573155926,False,1.0,1.0,-0.002000000000000668,-0.00011871,5.663,5.66740276,-0.004402759999999617,4808023.4,-8.183566612121338e-05,1.942,-0.00011871,2,2,False,1.4762694256794282,0.45807764185409766,5,28,5,2,0,7,0,False,0,880004515
1779859686000,1779859686998,9,243,False,5.663,5.663,5.663,5.663,50.7,50.7,0.0,1,1,0,5.663,5.664,0.0009999999999994458,5.6635,5.663788226807869,5.664627767636654,3695.6000000000004,9482.2,19843.8,7153.0,16844.3,37506.5,19843.8,37506.5,-0.30797920847841587,0.9999999999802762,-0.31140750414187635,-8.935344317277218e-07,5.115873934030722e-07,-1.405121825130794e-06,0.34601039576078335,-0.5764536970525739,0.5290762934424559,50.7,0.0,50.7,7537.5,1.1118318485439744,50.6999999493,50.7,50.7,0.8994165803130724,1.0,-8.828852696324022e-05,0.00016985738752416682,0.0,4.5228183117479864e-07,0.002000000000000668,-0.0002648733764420895,1.7413910643293655e-06,1,0.0,0.0009999999999994458,0.0009999999999994458,-0.0030000000000001137,6.0351491654938486e-06,48566.48764717779,-0.4095237895880158,False,1.0,1.0,-0.0039999999999995595,-0.00011871,5.663,5.66740276,-0.004402759999999617,4808023.4,-8.183566612121338e-05,1.942,-0.00011871,2,1,False,1.5055101990938853,0.45809396651341594,6,28,5,2,0,8,1,False,0,1702331366
1779859687000,1779859688010,9,244,False,5.664,5.666,5.664,5.666,1738.5,1738.5,0.0,3,3,0,5.665,5.666,0.001000000000000334,5.6655,5.665995715883505,5.66674757753693,2887.3,9203.300000000001,19782.7,7185.1,16711.1,37604.5,19782.7,37604.5,-0.31055357292217933,0.9999999999994248,-0.2982118583686242,-8.823104433646677e-07,5.096464877653651e-07,-1.3919569311300328e-06,0.3447232135389017,-0.9914317925569529,0.5260726774720971,1738.5,0.0,1738.5,9276.0,1.1737390010507294,579.4999998068333,949.2,1738.5,2.555934492045054,999999999.9999999,0.0005296142766569505,0.00020612117735021836,0.0002120251405582076,4.912375665947808e-07,0.0045000000000001705,0.0006179028036201907,3.0463864058478334e-07,1,0.9999995000002501,0.0010000000000012221,0.001000000000000334,0.0030000000000001137,1.4890269872677181e-06,48566.48764752482,-0.40470584917695596,False,1.0,1.0,0.0019999999999988916,-0.00011871,5.663,5.66740276,-0.004402759999999617,4808023.4,-8.183566612121338e-05,1.942,-0.00011871,2,2,False,0.33524358696296075,0.5139113064711478,7,28,5,2,0,9,3,False,0,754574615
1779859688000,1779859689015,9,245,False,5.665,5.665,5.665,5.665,1.9,0.0,1.9,1,0,1,5.664,5.665,0.001000000000000334,5.6645,5.664860430544434,5.664472972690583,4523.5,9700.7,20531.3,5107.5,15047.6,34799.5,20531.3,34799.5,-0.2578708422795214,-0.9999999994736841,-0.22306652282103037,-8.73145730146766e-07,5.30140069723031e-07,-1.403285799869797e-06,0.37106457886023025,-0.7208611729716343,0.5899883619017345,0.0,1.9,-1.9,9274.1,1.1680426403605415,1.8999999980999998,1.9,-1.9,0.8561331278412878,1.0,-0.0001765069283551846,0.0002089342434687793,0.0,5.69112587162043e-07,0.004000000000000448,-0.0007061212050121351,9.289838329594012e-05,1,0.0,0.0009999999999994458,0.001000000000000334,-0.0009999999999994458,1.4570179188974996e-06,44149.72160075915,-0.43809524208239686,False,1.0,1.0,-0.0019999999999988916,-0.00011871,5.663,5.66740276,-0.004402759999999617,4808023.4,-5.760871346557297e-05,1.942,-0.00011871,2,1,False,0.46765263974327786,0.45712216247163534,8,28,5,2,0,8,1,False,0,1599140278
1779859689000,1779859690011,9,246,False,5.6645,5.6645,5.6645,5.6645,0.0,0.0,0.0,0,0,0,5.664,5.665,0.001000000000000334,5.6645,5.6648293102959935,5.664497868345777,4593.7,9772.3,20561.7,5210.9,14240.0,33974.3,20561.7,33974.3,-0.245940296318024,0.0,-0.21570993419838155,-8.725356004922127e-07,5.450041541411336e-07,-1.4175397546333464e-06,0.37702985184097887,-0.6586206896494947,0.6052133524458015,0.0,0.0,0.0,9274.1,1.1297461603487204,0.0,0.0,0.0,0.0,0.0,-8.826514856336e-05,0.00020611299564710515,0.0,5.534822385799075e-07,0.002500000000000391,8.82417797918246e-05,88265.14856336,1,0.0,0.0,0.001000000000000334,-0.0,1.4570179188974996e-06,44149.7215589162,-0.43809524208239686,False,1.0,1.0,-0.0,-0.00011871,5.663,5.66740276,-0.004402759999999617,4808442.4,2.953226466466196e-05,1.942,-0.00011871,2,2,False,0.4787534834700151,0.44700258665588277,9,28,5,2,0,7,0,False,0,3714882110
1779859690000,1779859691090,9,247,False,5.6645,5.6645,5.6645,5.6645,0.0,0.0,0.0,0,0,0,5.664,5.665,0.001000000000000334,5.6645,5.664655518347285,5.664489846456925,4676.0,9869.4,20659.8,5217.1,14070.5,33735.2,20659.8,33735.2,-0.24037871127860572,0.0,-0.1911972952552611,-8.707154599557075e-07,5.491887449482906e-07,-1.4199042049039982e-06,0.37981064436068795,-0.31103678929505824,0.6124107756882837,0.0,0.0,0.0,9274.1,1.092705302632369,0.0,0.0,0.0,0.0,0.0,0.0,0.00020229206369215257,0.0,5.222724797440392e-07,0.0030000000000001137,8.826514856336e-05,0.0,1,0.0,0.0,0.001000000000000334,0.0,1.4570179188974996e-06,44149.721550083064,-0.43809524208239686,False,1.0,1.0,0.0,-0.00011871,5.663,5.66740276,-0.004402759999999617,4808442.4,2.953226466466196e-05,1.942,-0.00011871,2,2,False,0.486482029831628,0.4294624941589143,10,28,5,2,0,8,0,False,0,4171105155
1779859691000,1779859692050,9,248,False,5.665,5.665,5.665,5.665,2.1,2.1,0.0,1,1,0,5.664,5.665,0.001000000000000334,5.6645,5.664649957470988,5.664429503300718,4690.3,9871.3,20661.7,5090.3,14002.6,33667.3,20661.7,33667.3,-0.23938596329768197,0.9999999995238095,-0.18766939679882705,-8.712010543403397e-07,5.498936982523083e-07,-1.421094752592648e-06,0.3803070183511499,-0.29991503823024707,0.6137023164910577,2.1,0.0,2.1,9276.2,1.089665784513275,2.0999999979,2.1,2.1,0.9177125805863136,1.0,8.82651485634044e-05,0.00019937684899100683,0.0,5.066696676843036e-07,0.001000000000000334,8.82651485634044e-05,4.203102310541589e-05,1,0.0,0.0009999999999994458,0.001000000000000334,0.0009999999999994458,1.4633303187474313e-06,48562.97897664725,-0.43809524208239686,False,1.0,1.0,0.0,-0.00011871,5.663,5.66740276,-0.004402759999999617,4808442.4,2.953226466466196e-05,1.942,-0.00011871,2,2,False,0.49448980480577437,0.4495100865186064,11,28,5,2,0,7,1,False,0,2008935116
1779859692000,1779859693083,9,249,False,5.665,5.665,5.665,5.665,11.3,11.3,0.0,1,1,0,5.664,5.665,0.001000000000000334,5.6645,5.66451040859164,5.664432341511554,4700.0,9886.4,20662.6,5080.0,13879.6,33526.7,20662.6,33526.7,-0.2373918836375403,0.9999999999115045,-0.17312127184749188,-8.71822699448858e-07,5.52333392654243e-07,-1.424156092103101e-06,0.38130405818122065,-0.02081727062435764,0.6163028272988211,11.3,0.0,11.3,9287.5,1.0867259227259545,11.2999999887,11.3,11.3,0.9201952195742183,1.0,0.0,0.00019839634394110462,0.0,5.066696676843036e-07,0.0030000000000001137,-8.82651485634044e-05,0.0,1,0.0,0.0009999999999994458,0.001000000000000334,0.0009999999999994458,1.5059275395384418e-06,48562.97897658829,-0.43809524208239686,False,1.0,1.0,0.0,-0.00011871,5.663,5.66740276,-0.004402759999999617,4808442.4,2.953226466466196e-05,1.942,-0.00011871,2,1,False,0.49448980480577437,0.4495100865186064,12,28,5,2,0,9,1,False,0,1792116843
1779859693000,1779859694151,9,250,False,5.664,5.664,5.664,5.664,1.5,0.0,1.5,1,0,1,5.664,5.665,0.001000000000000334,5.6645,5.6644084506572945,5.664436320417589,4736.3,9871.0,20681.8,5108.3,13907.9,33537.4,20681.8,33537.4,-0.2371041992504457,-0.9999999993333333,-0.16541733923776641,-8.713806736450687e-07,5.521715467628984e-07,-1.4235522204079672e-06,0.381447900374768,0.18309859154777886,0.6166786930411834,0.0,1.5,-1.5,9286.0,1.0838824498496937,1.4999999984999999,1.5,-1.5,0.922609273003788,1.0,-0.00017653808855110927,0.00020228542736603903,0.0,5.066696676843036e-07,0.0009999999999994458,-0.00017653808855110927,0.00011769205895561147,1,0.0,0.0010000000000012221,0.001000000000000334,0.0010000000000012221,1.5668850635789037e-06,48562.97897736943,-0.43809524208239686,False,1.0,1.0,0.0,-0.00011871,5.663,5.66740276,-0.004402759999999617,4808442.4,2.755646011917825e-05,1.942,-0.00011871,2,1,False,0.49448980480577437,0.42697857149300766,13,28,5,2,0,7,1,False,0,4052496728
1779859694000,1779859695060,9,251,False,5.664,5.664,5.664,5.664,2.1,0.0,2.1,2,0,2,5.664,5.665,0.001000000000000334,5.6645,5.664413209096829,5.66443198582888,4793.8,9928.5,20739.3,5143.1,14014.0,33666.1,20739.3,33666.1,-0.23760141456546158,-0.9999999995238095,-0.166803210771336,-8.695584852569329e-07,5.497734813953835e-07,-1.4193319666523164e-06,0.38119929271726005,0.17358171041343284,0.6160291806891617,0.0,2.1,-2.1,9283.9,1.1139190908382284,1.049999999475,1.1,-2.1,1.7954625382167835,1.8587360560246542,0.0,0.00020228542736603903,0.0,5.066696676843037e-07,0.0015000000000000568,0.00017653808855110927,0.0,1,0.0,0.0010000000000012221,0.001000000000000334,0.0010000000000012221,1.503568762544354e-06,48562.97897736944,-0.43809524208239686,False,1.0,1.0,0.0,-0.00011871,5.663,5.66740276,-0.004402759999999617,4809888.1,0.0003282234366797478,1.942,-0.00011871,2,2,False,0.4904500632551179,0.40979984560035604,14,28,5,2,0,5,2,False,0,1618093613
1779859695000,1779859696034,9,252,False,5.6645,5.6645,5.6645,5.6645,0.0,0.0,0.0,0,0,0,5.664,5.665,0.001000000000000334,5.6645,5.664321899698784,5.664423505946441,4858.8,9758.9,20535.1,5119.1,14008.3,33290.9,20535.1,33290.9,-0.2369821275963246,0.0,-0.15594818486344234,-8.842113847800035e-07,5.573226831762719e-07,-1.4415340679562753e-06,0.38150893620182846,0.3562005277021359,0.6168382350732297,0.0,0.0,0.0,9283.9,1.0773971534336964,0.0,0.0,0.0,0.0,0.0,8.827293998769917e-05,0.00020324615548975253,0.0,5.066696676843036e-07,0.001000000000000334,8.827293998769917e-05,88272.93998769917,1,0.0,0.0,0.001000000000000334,0.0,1.503568762544354e-06,48562.978979471176,-0.46666665271161106,False,1.0,1.0,0.0,-0.00011871,5.663,5.66740276,-0.004402759999999617,4809888.1,0.0003282234366797478,1.942,-0.00011871,2,2,False,0.4986032414134263,0.42206571741844967,15,28,5,2,0,6,0,False,0,4230359106
1779859696000,1779859697020,9,253,False,5.664,5.664,5.664,5.664,6.1,0.0,6.1,2,0,2,5.664,5.665,0.001000000000000334,5.6645,5.664392569624368,5.664420385607042,4854.1,9754.2,20530.4,5135.3,14117.0,33373.1,20530.4,33373.1,-0.2382535456881234,-0.9999999998360656,-0.1644785412991401,-8.842113847800036e-07,5.563355729509977e-07,-1.4405469577310013e-06,0.38087322715592903,0.21486068111322065,0.6151780925355868,0.0,6.1,-6.1,9277.8,1.107646427091608,3.0499999984749997,5.1,-6.1,1.8056303431103464,1.233045621167638,-8.827293998768262e-05,0.00020324513940973626,0.0,5.066614071306677e-07,0.0009999999999994458,-0.0001765458799753818,1.4470973766100271e-05,1,0.0,0.0010000000000012221,0.001000000000000334,0.0030000000000001137,1.4429934501892447e-06,48560.64010713324,-0.5012077375474946,False,1.0,1.0,0.0019999999999988916,-0.00011871,5.663,5.66740276,-0.004402759999999617,4809888.1,0.0003282234366797478,1.942,-0.00011871,2,1,False,0.4904500632551179,0.409802804870305,16,28,5,2,0,6,2,False,0,378517812
1779859697000,1779859698087,9,254,False,5.6645,5.6645,5.6645,5.6645,0.0,0.0,0.0,0,0,0,5.664,5.665,0.001000000000000334,5.6645,5.66427902020413,5.664315909809071,5132.3,10126.0,20902.2,4970.9,13896.2,33135.0,20902.2,33135.0,-0.22637738446847308,0.0,-0.13690896195954405,-8.728312267561632e-07,5.586567615989133e-07,-1.4314879883550764e-06,0.3868113077657543,0.4419595314140471,0.6308193752829145,0.0,0.0,0.0,9277.8,1.0713301507935225,0.0,0.0,0.0,0.0,0.0,8.827293998769917e-05,0.000203244123324639,0.0,5.066531465770317e-07,-0.0015000000000000568,0.0001765458799753818,88272.93998769917,1,0.0,0.0,0.001000000000000334,-0.0019999999999988916,1.4429934501892447e-06,48560.640107053885,-0.5012077375474946,False,1.0,1.0,-0.0019999999999988916,-0.00011871,5.663,5.66740276,-0.004402759999999617,4809888.1,0.0003282234366797478,1.942,-0.00011871,2,2,False,0.49448980480577437,0.44566903324901097,17,28,5,2,0,8,0,False,0,3158794423
1779859698000,1779859699035,9,255,False,5.6645,5.6645,5.6645,5.6645,0.0,0.0,0.0,0,0,0,5.664,5.665,0.001000000000000334,5.6645,5.664488076266577,5.66442277733381,4797.8,9707.3,20618.6,5126.1,14051.4,33291.2,20618.6,33291.2,-0.23507043246310996,0.0,-0.17533629583670773,-8.775594135861273e-07,5.580938598776345e-07,-1.4356532734637619e-06,0.3824647837684358,0.023847376788363746,0.619340846830375,0.0,0.0,0.0,9277.8,1.0362045720789808,0.0,0.0,0.0,0.0,0.0,0.0,0.00020228236463324252,0.0,4.910530904675122e-07,-0.0004999999999997229,-8.827293998769917e-05,0.0,1,0.0,0.0,0.001000000000000334,0.0,1.4429934501892447e-06,44144.65423533182,-0.5289854781623529,False,1.0,1.0,0.0,-0.00011871,5.663,5.66740276,-0.004402759999999617,4809888.1,0.00031990184408153295,1.942,-0.00011871,2,1,False,0.502792432308419,0.44566903324901097,18,28,5,2,0,8,0,False,0,3249776806
1779859699000,1779859700091,9,256,False,5.665,5.665,5.665,5.665,38.1,38.1,0.0,1,1,0,5.664,5.665,0.001000000000000334,5.6645,5.664434668380403,5.664423989501189,4898.5,9808.0,23115.1,5237.6,14073.300000000001,32809.5,23115.1,32809.5,-0.17334768599149264,0.9999999999737533,-0.12359422760526513,-8.225879483375998e-07,5.674450429786946e-07,-1.3900329913162943e-06,0.4133261570042448,0.13066316480544535,0.7045246041542631,38.1,0.0,38.1,9315.9,1.0350175369288503,38.0999999619,38.1,38.1,0.9661672033123968,1.0,8.82651485634044e-05,0.00019936839051553864,0.0,4.7545441202889796e-07,0.0004999999999997229,8.82651485634044e-05,2.3166705659078144e-06,1,0.0,0.0009999999999994458,0.001000000000000334,nan,1.4525338263167003e-06,48557.91165929652,-0.5196559975718533,False,1.0,1.0,nan,-0.00011871,5.663,5.66740276,-0.004402759999999617,4809876.3,0.0003174477797465282,1.942,-0.00011871,2,2,False,0.4986032414134263,0.45581316876939926,19,28,5,2,0,6,1,False,0,1619333803
1779859700000,1779859701030,9,257,False,5.665,5.666,5.664,5.664,347.6,105.3,242.3,4,2,2,5.664,5.665,0.001000000000000334,5.6645,5.664085903846277,5.664631563755307,5317.7,10548.6,23673.1,5423.1,13844.3,32601.4,23673.1,32601.4,-0.1586562297310477,-0.3941311852692919,-0.07153490046584624,-8.245756415079198e-07,5.694416978466983e-07,-1.394017339354618e-06,0.4206718851344673,0.8281922942604725,0.7261375278362056,105.3,242.3,-137.0,9178.9,1.1322300767016749,86.899999978275,180.3,-137.0,3.532850856708947,3.8961038809242705,-0.00017653808855110927,0.00020227726078672457,0.0002120251405582076,4.5204848417566773e-07,-0.0005000000000006111,-0.00026480323711451366,5.078771247140431e-07,1,-0.49999975000012503,0.0010000000000012221,0.001000000000000334,nan,1.7089379132389612e-06,48557.911658366196,-0.5087719159081624,False,1.0,1.0,nan,-0.00011871,5.663,5.66740276,-0.004402759999999617,4809876.3,0.0003174477797465282,1.942,-0.00011871,2,1,False,0.604392443030391,0.45580599262834465,20,28,5,2,0,8,4,False,0,2591531058
1779859701000,1779859702023,9,258,False,5.665,5.665,5.665,5.665,30.8,30.8,0.0,1,1,0,5.665,5.666,0.001000000000000334,5.6655,5.665519015628268,5.6662367658274295,3665.7,10228.1,23354.5,5891.0,13860.9,33423.4,23354.5,33423.4,-0.17733836580782003,0.9999999999675324,-0.12847346305412521,-8.331426327409901e-07,5.78252093611274e-07,-1.4113947263522641e-06,0.4113308170960812,-0.03803131991030182,0.6987469856447669,30.8,0.0,30.8,9209.699999999999,1.1278946643508003,30.799999969199998,30.8,30.8,0.8866076156934191,1.0,0.00017653808855100912,0.0001809117852731776,0.0,3.272962490289849e-07,0.0,0.00035307617710211836,5.731756121599914e-06,1,0.0,0.0009999999999994458,0.001000000000000334,nan,1.67858092653131e-06,26483.83068531997,-0.4961538228480788,False,1.0,1.0,nan,-0.00011871,5.663,5.66740276,-0.004402759999999617,4809876.3,0.0003174477797465282,1.942,-0.00011871,2,2,False,0.5832433616779551,0.43669018105184054,21,28,5,2,0,8,1,False,0,3610814225
1779859702000,1779859703001,9,259,False,5.666,5.667,5.666,5.666,142.4,108.6,33.8,4,2,2,5.665,5.666,0.001000000000000334,5.6655,5.6656734693326944,5.666338682219026,4493.6,10915.3,23592.7,6667.6,15022.1,34781.9,23592.7,34781.9,-0.19167925775936467,0.5252808988727157,-0.1525367332908676,-8.52431195440928e-07,5.536357743893737e-07,-1.4060669698303018e-06,0.4041603711203091,-0.3469387755068324,0.678303945442869,108.6,33.8,74.8,9284.499999999998,1.2220620524048724,35.5999999911,92.8,74.8,3.2731562107303147,11.999999856000002,0.0001765069283552805,0.00016748243767117317,0.00010598450647699826,2.9608651936777993e-07,0.001000000000000334,-3.116019572861725e-08,1.2395149463064677e-06,1,0.0,0.0010000000000012221,0.001000000000000334,nan,1.7703931538746503e-06,26483.830685566307,-0.48157894185230843,False,1.0,1.0,nan,-0.00011871,5.663,5.66740276,-0.004402759999999617,4809876.3,0.0003174477797465282,1.942,-0.00011871,1,1,False,0.5892778164447534,0.4260606621860646,22,28,5,2,0,9,4,False,0,3543515068
1779859703000,1779859707083,9,260,False,5.666,5.666,5.666,5.666,42.9,42.9,0.0,1,1,0,5.665,5.666,0.001000000000000334,5.6655,5.665750556750812,5.666307512965877,4517.6,10939.3,23605.9,6548.6,14622.7,34382.5,23605.9,34382.5,-0.18584061639913868,0.9999999999766901,-0.15707593801966876,-8.522952151981894e-07,5.603494849845703e-07,-1.4126447001827598e-06,0.4070796918004221,-0.5011135857423823,0.6865672944084729,42.9,0.0,42.9,9327.399999999998,1.2147813293752046,42.89999995709999,42.9,42.9,0.8231934217256484,1.0,0.0,0.00016276050234393985,0.0,2.8049334978804824e-07,0.002000000000000668,-0.0001765069283552805,0.0,1,0.0,0.0010000000000012221,0.001000000000000334,nan,1.7724497829792687e-06,26483.83068546906,-0.46476960820650265,False,1.0,1.0,nan,-0.00011871,5.663,5.66740276,-0.004402759999999617,4809876.3,0.00030958402127175124,1.942,-0.00011871,1,1,False,0.5702213381063097,0.41785077396437814,23,28,5,2,0,7,1,False,0,3750751196
1779860479000,1779860480099,9,1,True,5.6625,5.6625,5.6625,5.6625,0.0,0.0,0.0,0,0,0,5.662,5.663,0.001000000000000334,5.6625,5.662207015782301,5.662217183658796,5045.9,10696.6,25418.8,3622.8,11689.3,26730.9,25418.8,26730.9,-0.025160259790564035,0.0,0.0080435276515206,-7.654151457755975e-07,6.566433939812952e-07,-1.4220585397568927e-06,0.48741987010470844,0.5859683794437452,0.9509144847348592,0.0,0.0,0.0,0.0,0.0,0.0,0.0,0.0,0.0,0.0,0.0,0.0,0.0,0.0,0.0,0.0,0.0,0,0.0,0.0,0.001000000000000334,0.0,0.0,0.0,0.0,False,0.0,0.0,0.0,-0.00012047,5.66315217,5.66875773,-0.0056055600000002315,4826542.0,0.0,1.907,-0.00012047,1,1,False,0.0,0.5,19,41,5,2,0,4,0,False,0,2472766498
1779860480000,1779860481059,9,2,True,5.6625,5.6625,5.6625,5.6625,0.0,0.0,0.0,0,0,0,5.662,5.663,0.001000000000000334,5.6625,5.662216363610628,5.662152456986732,5264.5,10915.2,25655.2,3628.5,11695.0,26736.6,25655.2,26736.6,-0.020640634603124482,0.0,0.011090269480029013,-7.612076176427671e-07,6.566951855579077e-07,-1.417902803200675e-06,0.4896796826984282,0.5672727272701489,0.9595535707606443,0.0,0.0,0.0,0.0,0.0,0.0,0.0,0.0,0.0,0.0,0.0,0.0,0.0,0.0,0.0,0.0,0.0,0,0.0,0.0,0.001000000000000334,0.0,0.0,0.0,0.0,False,0.0,0.0,0.0,-0.00012047,5.66315217,5.66875773,-0.0056055600000002315,4826542.0,0.0,1.907,-0.00012047,1,1,False,0.0,0.5,20,41,5,2,0,7,0,False,0,260924867
1779860481000,1779860482091,9,3,True,5.663,5.664,5.662,5.662,123.2,79.0,44.2,4,2,2,5.662,5.663,0.001000000000000334,5.6625,5.662331879608974,5.661802127785419,5498.2,11030.4,25773.3,2820.3,10890.8,26070.600000000002,25773.3,26070.600000000002,-0.005734522287096403,0.2824675324652397,0.015510625475087955,-7.628544785141187e-07,6.623509327670161e-07,-1.4252054112811346e-06,0.49713273885644216,0.3362407326631651,0.9885963499113564,79.0,44.2,34.8,34.8,0.13114754098360656,30.799999992300002,47.6,34.8,30.4999997674375,7.263922465395235,-8.830411944445674e-05,0.0,0.00021210002141461743,0.0,0.0,-8.830411944445674e-05,7.167542162641232e-07,0,-0.4999997500003471,0.0009999999999994458,0.001000000000000334,-0.0030000000000001137,0.0,0.0,0.0,False,0.2824675321827709,0.0,-0.0039999999999995595,-0.00012047,5.66315217,5.66875773,-0.0056055600000002315,4826542.0,0.0,1.907,-0.00012047,1,1,False,1.329661471678482,0.5,21,41,5,2,0,8,4,False,0,3192636842
1779860482000,1779860482997,9,4,True,5.662,5.662,5.662,5.662,20.3,0.0,20.3,1,0,1,5.662,5.663,0.001000000000000334,5.6625,5.6623565819599895,5.662191238506549,4853.099999999999,10467.5,25238.8,3348.7,11495.5,26693.0,25238.8,26693.0,-0.028002110460256968,-0.999999999950739,0.002024644586501231,-7.688823483386429e-07,6.533659053608234e-07,-1.4222482536994664e-06,0.4859989447698619,0.28683602771230104,0.9455212977184675,0.0,20.3,-20.3,14.499999999999996,0.15963450685299652,20.2999999797,20.3,-20.3,6.264309725068188,1.0,0.0,0.0,0.0,0.0,0.0,8.830411944445674e-05,0.0,0,0.0,0.0009999999999994458,0.001000000000000334,0.0030000000000001137,0.0,0.0,0.0,False,0.2824675321827709,0.0,0.002000000000000668,-0.00012047,5.66315217,5.66875773,-0.0056055600000002315,4826542.0,0.0,1.907,-0.00012047,1,1,False,0.0,0.5,22,41,5,2,0,6,1,False,0,1820507403
1779860483000,1779860484083,9,5,True,5.662,5.663,5.662,5.663,24.200000000000003,2.1,22.1,2,1,1,5.662,5.663,0.001000000000000334,5.6625,5.662162296203671,5.662327486168778,4596.4,10211.8,24984.1,3538.6,11685.4,26765.3,24984.1,26765.3,-0.03441972274074611,-0.8264462809575848,0.014216215411972788,-7.720425125883844e-07,6.54042771596387e-07,-1.4260852841847715e-06,0.48279013862961734,0.6754075123977649,0.9334511475678982,2.1,22.1,-20.0,-5.5000000000000036,0.2199743590873245,12.099999993950002,22.1,-20.0,9.091968714926814,58.82352595155729,0.00017660044196019195,0.0,0.00010605937411998869,0.0,0.0,0.00017660044196019195,7.297538923673322e-06,0,0.9999990000010001,0.0010000000000012221,0.001000000000000334,0.0009999999999994458,0.0,0.0,0.0,False,0.2824675321827709,0.0,-1.7763568394002505e-15,-0.00012047,5.66315217,5.66875773,-0.0056055600000002315,4826542.0,0.0,1.907,-0.00012047,1,1,False,1.2148897784438093,0.5,23,41,5,2,0,6,2,False,0,2653845824
1779860484000,1779860485097,9,6,True,5.663,5.663,5.662,5.662,37.400000000000006,18.8,18.6,2,1,1,5.662,5.663,0.001000000000000334,5.6625,5.662376276102759,5.6623783089500614,4611.9,10227.3,24996.7,3680.0,11826.8,26906.7,24996.7,26906.7,-0.03679913069278628,0.005347593582744697,-0.009474849042836643,-7.720465374232373e-07,6.524340901301019e-07,-1.4244806275533393e-06,0.48160043465359725,0.2474477394251461,0.929013963064927,18.8,18.6,0.1999999999999993,-5.300000000000004,0.2783358555106909,18.699999990650003,18.8,0.1999999999999993,7.185563603168676,6.32911388399295,-0.00017660044196018615,0.0,0.00010605937411998869,0.0,0.0,-0.0003532008839203781,4.721936950680861e-06,0,-0.9999990000010001,0.0009999999999994458,0.001000000000000334,-0.0030000000000001137,0.0,0.0,0.0,False,0.2824675321827709,0.0,-0.0039999999999995595,-0.00012047,5.66315217,5.66875773,-0.0056055600000002315,4826596.3,0.0,1.907,-0.00012047,1,1,False,1.3421133015532423,0.5,24,41,5,2,0,8,2,False,0,2951995232
1779860485000,1779860486009,9,7,True,5.663,5.663,5.663,5.663,60.7,60.7,0.0,1,1,0,5.663,5.664,0.0009999999999994458,5.6635,5.663040473190144,5.663286493053961,4606.4,10502.1,25137.6,3868.5,11914.4,29872.9,25137.6,29872.9,-0.08607993019514305,0.9999999999835256,-0.016647954297065937,-7.906803915307778e-07,6.342627700711127e-07,-1.4249431616018905e-06,0.45696003490241943,0.919053549184813,0.8414850918390634,60.7,0.0,60.7,55.4,0.3019969750021437,60.6999999393,60.7,60.7,3.3112914348947045,1.0,0.00017660044196019195,0.0,0.0,0.0,0.0,0.0003532008839203781,2.909397725820141e-06,0,0.0,0.0009999999999994458,0.0009999999999994458,-0.004999999999999005,2.1665811074128002e-05,0.0,0.0,False,0.2824675321827709,0.0,-0.005999999999998451,-0.00012047,5.66315217,5.66875773,-0.0056055600000002315,4826596.3,0.0,1.907,-0.00012047,1,1,False,1.5171064990596241,0.5,25,41,5,2,0,7,1,False,0,2503474139
1779860486000,1779860486999,9,8,True,5.664,5.665,5.664,5.664,33.0,31.2,1.8,5,3,2,5.663,5.664,0.0009999999999994458,5.6635,5.663134027738451,5.663439216599356,5343.4,10700.0,25247.5,4516.2,12576.8,30444.3,25247.5,30444.3,-0.09331355783077412,0.8909090908820937,-0.029685982506709202,-8.003903463887737e-07,6.212562474817735e-07,-1.4216465938705472e-06,0.45334322108460395,0.7319444444393616,0.8293013798970307,31.2,1.8,29.4,84.8,0.4560298610676472,6.5999999986799995,19.3,29.4,10.964194268616344,4.357298455959484,0.00017656925975057455,0.0,0.00010602192708147183,0.0,0.0,-3.118220961740312e-08,5.350583628643151e-06,0,0.0,0.0009999999999994458,0.0009999999999994458,-0.0030000000000001137,2.373146449303659e-05,0.0,0.0,False,0.2824675321827709,0.0,-0.0039999999999995595,-0.00012047,5.66315217,5.66875773,-0.0056055600000002315,4826596.3,0.0,1.907,-0.00012047,1,1,False,1.5136027805081829,0.5,26,41,5,2,0,8,5,False,0,434650156
1779860487000,1779860488103,9,9,True,5.663,5.664,5.663,5.663,35.8,17.9,17.9,3,1,2,5.663,5.664,0.0009999999999994458,5.6635,5.663188734434297,5.662438731735531,5443.6,10998.4,25512.3,2598.9,10626.4,28861.8,25512.3,28861.8,-0.06160101960308196,0.0,-0.0008767869686336055,-7.925918897944714e-07,6.4371727240393e-07,-1.4363091621984015e-06,0.46919949019844986,0.6225310899757771,0.8839469471758212,17.9,17.9,0.0,84.8,0.5394387180818228,11.933333329355554,17.9,-1.3322676295501878e-15,5.561336058906361,2.314814809456447,-0.0001765692597505923,0.0,0.00010604064729462522,0.0,0.0,-0.0003531385195011668,4.932102227532409e-06,0,0.0,0.0009999999999994458,0.0009999999999994458,0.004999999999999005,2.664595508871112e-05,0.0,0.0,False,0.2815494191105966,0.0,0.0039999999999995595,-0.00012047,5.66315217,5.66875773,-0.0056055600000002315,4826596.3,0.0,1.907,-0.00012047,1,1,False,1.6385065267640413,0.5,27,41,5,2,0,9,3,False,0,1433184650
1779860488000,1779860489058,9,10,True,5.664,5.664,5.664,5.664,1.0,1.0,0.0,1,1,0,5.663,5.664,0.0009999999999994458,5.6635,5.6632007207003126,5.662415355215126,5613.1,11167.9,25681.8,2603.0,10573.7,28809.1,25681.8,28809.1,-0.05739123413267064,0.9999999989999999,0.0031891834158702475,-7.900934062594038e-07,6.449537292153622e-07,-1.435047135474766e-06,0.47130438293365556,0.5985585585564017,0.8914474940209555,1.0,0.0,1.0,85.8,0.5545390879807793,0.9999999989999999,1.0,1.0,1.803299388394712,1.0,0.00017656925975057455,0.0,0.0,0.0,0.0,0.0003531385195011668,0.00017656925957400529,0,0.0,0.0009999999999994458,0.0009999999999994458,-0.0030000000000001137,2.650498414381755e-05,0.0,-0.8333333482344941,False,0.2815494191105966,0.2,-0.0039999999999995595,-0.00012047,5.66315217,5.66875773,-0.0056055600000002315,4826596.3,0.0,1.907,-0.00012047,1,1,False,1.3701081559547652,0.5,28,41,5,2,0,7,1,False,0,1892056023
1779860489000,1779860490077,9,11,True,5.663,5.663,5.663,5.663,17.0,0.0,17.0,1,0,1,5.663,5.664,0.0009999999999994458,5.6635,5.663097064690917,5.6622219606675595,6369.8,11948.6,26464.4,2508.7999999999997,10531.199999999999,28802.2,26464.4,28802.2,-0.042300412907614306,-0.9999999999411765,0.029019281453943134,-7.737633689320618e-07,6.431950050146417e-07,-1.4169583739467036e-06,0.4788497935461838,0.8058705803842365,0.9188325891771837,0.0,17.0,-17.0,68.8,0.5691443637846882,16.999999983,17.0,-17.0,1.7570234581489845,1.0,-0.0001765692597505923,0.0,0.0,0.0,0.0005000000000006111,-0.0003531385195011668,1.0386427043541522e-05,0,0.0,0.0009999999999994458,0.0009999999999994458,0.004999999999999005,2.7666378598202484e-05,0.0,-0.8333333002196431,False,0.2815494191105966,0.18181818181818182,0.0039999999999995595,-0.00012047,5.66315217,5.66875773,-0.0056055600000002315,4826603.3,0.0,1.907,-0.00012047,1,1,False,1.4927378967828475,0.5,29,41,5,2,0,9,1,False,0,3668418030
1779860490000,1779860491037,9,12,True,5.664,5.665,5.664,5.665,24.4,24.4,0.0,2,2,0,5.665,5.666,0.001000000000000334,5.6655,5.665266473528854,5.666164344960111,3342.2000000000003,10387.0,22877.7,4855.8,13310.5,30396.399999999998,22877.7,30396.399999999998,-0.14113237013858249,0.9999999999590163,-0.09433011285429634,-8.243021123062003e-07,6.059299516456619e-07,-1.4302320639518622e-06,0.42943381493069943,0.46705286024281645,0.7526450500716944,24.4,0.0,24.4,93.19999999999999,0.6160576633327313,12.199999993899999,16.5,24.4,3.2464493436117774,14.705882136678204,0.0003531073483016769,0.0,0.00010602192708147183,0.0,0.002500000000000391,0.0005296766080522692,1.4471612634721528e-05,0,0.9999990000010001,0.0009999999999994458,0.001000000000000334,-0.0009999999999994458,2.912733342663992e-05,0.0,-0.6333333362473381,False,0.2815494191105966,0.16666666666666666,-0.0019999999999988916,-0.00012047,5.66315217,5.66875773,-0.0056055600000002315,4826603.3,0.0,1.907,-0.00012047,1,1,False,1.5155541837129707,0.5,30,41,5,2,0,8,2,False,0,3075029010
1779860491000,1779860492051,9,13,True,5.665,5.665,5.665,5.665,16.8,0.0,16.8,1,0,1,5.665,5.666,0.001000000000000334,5.6655,5.665421345160282,5.666151313800337,3327.7999999999997,10191.3,22683.0,4618.6,13306.0,30488.8,22683.0,30488.8,-0.14680338073941174,-0.9999999999404762,-0.10067413887307981,-8.329477224008318e-07,5.996757550386971e-07,-1.4326234774395288e-06,0.4265983096302847,0.1573096164527109,0.7439781165542513,0.0,16.8,-16.8,76.39999999999999,0.6286459366660844,16.7999999832,16.8,-16.8,1.5907205313576154,1.0,0.0,0.0,0.0,0.0,0.0030000000000001137,-0.0003531073483016769,0.0,0,0.0,0.0009999999999994458,0.001000000000000334,0.0009999999999994458,2.8223361052630512e-05,0.0,-0.6571428664849726,False,0.2815494191105966,0.15384615384615385,0.0,-0.00012047,5.66315217,5.66875773,-0.0056055600000002315,4826603.3,0.0,1.907,-0.00012047,1,1,False,1.5905607258601835,0.5,31,41,5,2,0,8,1,False,0,710206892
1779860492000,1779860492993,9,14,True,5.666,5.666,5.666,5.666,30.4,30.4,0.0,1,1,0,5.665,5.666,0.001000000000000334,5.6655,5.6655054944815495,5.666277057157259,3333.5,10197.0,22688.7,5008.1,13737.1,30843.9,22688.7,30843.9,-0.15234081662388615,0.9999999999671053,-0.10870679871882458,-8.331341368445925e-07,5.9587730375653e-07,-1.4290114406011225e-06,0.42382959168804757,-0.01098901098896452,0.7355976384309139,30.4,0.0,30.4,106.79999999999998,0.6408214797262127,30.399999969599996,30.4,30.4,1.5604970027951424,1.0,0.0001765069283552805,0.0,0.0,0.0,0.004000000000000448,0.0001765069283552805,5.806148958864288e-06,0,0.0,0.0010000000000012221,0.001000000000000334,0.0010000000000012221,2.8469064418951037e-05,0.0,-0.6750000121071931,False,0.2815494191105966,0.14285714285714285,0.0,-0.00012047,5.66315217,5.66875773,-0.0056055600000002315,4826603.3,0.0,1.907,-0.00012047,1,1,False,1.5961777106750679,0.5,32,41,5,2,0,8,1,False,0,1632061250
1779860493000,1779860494036,9,15,True,5.665,5.665,5.665,5.665,16.7,0.0,16.7,2,0,2,5.665,5.666,0.001000000000000334,5.6655,5.665331976455607,5.666133494218594,3328.0,10191.5,22701.9,4545.0,13238.800000000001,30348.6,22701.9,30348.6,-0.1441400175304635,-0.9999999999401198,-0.09347925077186796,-8.333170975941993e-07,6.025854034288977e-07,-1.435902501023097e-06,0.42792999123475883,0.3360470375380549,0.7480378007551998,0.0,16.7,-16.7,90.09999999999998,0.6853847098991238,8.349999995825,15.7,-16.7,2.9180691780770753,5.813953454570038,-0.0001765069283551846,0.0,0.0,0.0,0.0019999999999997797,-0.0003530138567104651,1.0569277146384152e-05,0,0.0,0.0009999999999994458,0.001000000000000334,0.0009999999999994458,2.950748998939468e-05,0.0,-0.6888888905372148,False,0.2815494191105966,0.13333333333333333,0.0,-0.00012047,5.66315217,5.66875773,-0.0056055600000002315,4826603.3,0.0,1.907,-0.00012047,1,1,False,1.619303008406191,0.5,33,41,5,2,0,7,2,False,0,1268347935
1779860494000,1779860495003,9,16,True,5.6655,5.6655,5.6655,5.6655,0.0,0.0,0.0,0,0,0,5.665,5.666,0.001000000000000334,5.6655,5.665223476279699,5.665837092641502,4014.1,10877.6,23380.5,4498.1,12962.6,30072.4,23380.5,30072.4,-0.12519245915562816,0.0,-0.056312832521756284,-8.188856933644454e-07,6.073758451412336e-07,-1.426261538505679e-06,0.4374037704221766,0.5530474040614219,0.7774736968116686,0.0,0.0,0.0,90.09999999999998,0.6629130800663656,0.0,0.0,0.0,0.0,0.0,8.825735851449385e-05,0.0,0.0,0.0,0.0034999999999998366,0.00026476428686967847,88257.35851449386,0,0.0,0.0,0.001000000000000334,0.0,2.950748998939468e-05,0.0,-0.7000000089406964,False,0.2815494191105966,0.125,0.0,-0.00012047,5.66315217,5.66875773,-0.0056055600000002315,4826626.0,0.0,1.907,-0.00012047,1,1,False,1.5463860033442447,0.5,34,41,5,2,0,6,0,False,0,2145677612
1779860495000,1779860496059,9,17,True,5.6655,5.6655,5.6655,5.6655,0.0,0.0,0.0,0,0,0,5.665,5.666,0.001000000000000334,5.6655,5.6652254499347485,5.665681725647957,4425.4,11288.9,23791.8,4515.0,12979.5,30356.8,23791.8,30356.8,-0.12124043834928104,0.0,-0.05124604924219258,-8.093324334842973e-07,6.005907515961239e-07,-1.409923185080421e-06,0.4393797808253503,0.549100094725137,0.7837387339903816,0.0,0.0,0.0,90.09999999999998,0.6411782249822224,0.0,0.0,0.0,0.0,0.0,0.0,0.0,0.0,0.0,0.0024999999999995026,-8.825735851449385e-05,0.0,0,0.0,0.0,0.001000000000000334,0.0,2.950748998939468e-05,0.0,-0.7090909090909091,False,0.2815494191105966,0.11764705882352941,0.0,-0.00012047,5.66315217,5.66875773,-0.0056055600000002315,4826626.0,0.0,1.907,-0.00012047,1,1,False,1.565493806063175,0.5,35,41,5,2,0,7,0,False,0,3117846350
1779860496000,1779860497061,9,18,True,5.665,5.665,5.665,5.665,15.4,0.0,15.4,1,0,1,5.665,5.666,0.001000000000000334,5.6655,5.665231236008734,5.665771256564728,4221.3,11084.8,23587.7,4516.0,13192.2,30569.5,23587.7,30569.5,-0.12891730000812213,-0.9999999999350649,-0.059727652417334874,-8.14871586421819e-07,5.96443869279126e-07,-1.411315455700945e-06,0.43554134999592975,0.5375279463413045,0.7716089566397628,0.0,15.4,-15.4,74.69999999999997,0.652942873343461,15.399999984599999,15.4,-15.4,1.5315275490302387,1.0,-8.825735851445274e-05,0.0,0.0,0.0,0.001000000000000334,-8.825735851445274e-05,5.730997305761152e-06,0,0.0,0.0009999999999994458,0.001000000000000334,0.0009999999999994458,2.8847671201979928e-05,0.0,-0.7166666737033259,False,0.27647617727855567,0.16666666666666666,0.0,-0.00012047,5.66315217,5.66875773,-0.0056055600000002315,4826626.0,0.0,1.907,-0.00012047,1,1,False,1.5870103409269114,0.5,36,41,5,2,0,6,1,False,0,511801611
1779860497000,1779860498003,9,19,True,5.665,5.665,5.665,5.665,44.2,0.0,44.2,2,0,2,5.665,5.666,0.001000000000000334,5.6655,5.665248541003552,5.665841252356141,3994.2999999999997,10857.8,23360.7,4540.0,13244.5,30621.8,23360.7,30621.8,-0.13450840550178048,-0.9999999999773757,-0.07138606444181339,-8.183101792768405e-07,5.956702574645691e-07,-1.4139804367414095e-06,0.4327457972491005,0.502917953997587,0.7628780803218373,0.0,44.2,-44.2,30.49999999999997,0.6971086807748229,22.09999998895,22.1,-44.2,2.8689931029234144,1.4684287790478285,0.0,0.0,0.0,0.0,0.0019999999999997797,8.825735851445274e-05,0.0,0,0.0,0.0009999999999994458,0.001000000000000334,0.0009999999999994458,2.6654425859326572e-05,0.0,-0.7230769271399142,False,0.27647617727855567,0.21052631578947367,0.0,-0.00012047,5.66315217,5.66875773,-0.0056055600000002315,4826626.0,0.0,1.907,-0.00012047,1,1,False,1.6174883095095924,0.5,37,41,5,2,0,6,2,False,0,4199001954
1779860498000,1779860499089,9,20,True,5.665,5.665,5.665,5.665,48.2,0.0,48.2,3,0,3,5.665,5.666,0.001000000000000334,5.6655,5.665470930216089,5.666384146412183,3154.2,10035.199999999999,22538.1,5227.5,14055.3,31349.3,22538.1,31349.3,-0.16351132175610325,-0.9999999999792532,-0.13853086601736517,-8.355949026579052e-07,5.881456248730397e-07,-1.423740527530945e-06,0.41824433912193915,0.05813953488355192,0.718934713055771,0.0,48.2,-48.2,-17.70000000000003,0.7726133141920418,16.06666666131111,22.1,-48.2,3.8829255735183854,3.0534351051803506,0.0,0.0001463968055271844,0.0,2.961683860918671e-07,0.001000000000000334,0.0,0.0,1,0.0,0.0009999999999994458,0.001000000000000334,0.0009999999999994458,2.4083100684003587e-05,0.0,-0.7285714294959088,False,0.27647617727855567,0.25,0.0,-0.00012047,5.66315217,5.66875773,-0.0056055600000002315,4826626.0,0.0,1.907,-0.00012047,1,2,False,1.6311527216375148,0.5,38,41,5,2,0,9,3,False,0,3115745722
1779860499000,1779860500049,9,21,True,5.665,5.665,5.665,5.665,138.3,0.0,138.3,2,0,2,5.665,5.666,0.001000000000000334,5.6655,5.6657769962529345,5.666572484526173,2704.4,9538.8,22041.7,5358.7,14190.4,31484.4,22041.7,31484.4,-0.1764130022549714,-0.9999999999927695,-0.20427890571021345,-8.430548281577302e-07,5.875103251857154e-07,-1.4305651533434456e-06,0.41179349887250494,-0.5539925527490526,0.7000832158147939,0.0,138.3,-138.3,-156.00000000000006,0.8128555006119749,69.149999965425,136.8,-138.3,2.4604619099382328,2.0876826678754017,0.0,0.0001463968055271844,0.0,2.961683860918671e-07,0.0019999999999997797,0.0,0.0,1,0.0,0.0009999999999994458,0.001000000000000334,0.0009999999999994458,8.984494205331697e-06,8828.073910587886,-0.7333333333333334,False,0.28950297912952033,1.0,0.0,-0.00012047,5.66315217,5.66875773,-0.0056055600000002315,4826583.2,0.0,1.907,-0.00012047,1,2,False,1.1549893460294658,0.5,39,41,5,2,0,8,2,False,0,2218394165
1779860500000,1779860501010,9,22,True,5.665,5.665,5.665,5.665,13.3,0.0,13.3,1,0,1,5.665,5.666,0.001000000000000334,5.6655,5.665697802173857,5.666589440929052,2641.3,9549.300000000001,22052.2,5296.900000000001,14075.8,31479.899999999998,22052.2,31479.899999999998,-0.176113023774517,-0.999999999924812,-0.19992471210854568,-8.416096651566658e-07,5.868124539242908e-07,-1.4284221190809565e-06,0.4119434881127322,-0.3956043956027236,0.700516837728179,0.0,13.3,-13.3,-169.30000000000007,0.8189913858378117,13.2999999867,13.3,-13.3,1.2210140620172776,1.0,0.0,0.0001463968055271844,0.0,2.961683860918671e-07,0.0,0.0,0.0,1,0.0,0.0009999999999994458,0.001000000000000334,0.0009999999999994458,9.020179440020632e-06,8828.073910587886,-0.7375000048894435,False,0.28950297912952033,1.0,0.0,-0.00012047,5.66315217,5.66875773,-0.0056055600000002315,4826583.2,0.0,1.907,-0.00012047,1,2,False,1.6982668040016013,0.5,40,41,5,2,0,7,1,False,0,1255800903
1779860501000,1779860501993,9,23,True,5.665,5.665,5.665,5.665,1.0,0.0,1.0,1,0,1,5.665,5.666,0.001000000000000334,5.6655,5.665683465199227,5.6664964478893305,2663.7000000000003,9571.7,22107.2,5007.8,13649.1,31053.2,22107.2,31053.2,-0.16828315814026668,-0.9999999989999999,-0.18573970833144898,-8.403458394286725e-07,5.932625628350746e-07,-1.4336084022637471e-06,0.4158584209298573,-0.3669304456461186,0.7119137480195048,0.0,1.0,-1.0,-170.30000000000007,0.8249260944988671,0.9999999989999999,1.0,-1.0,1.2122298051381906,1.0,0.0,0.00014505910448166018,0.0,2.961683860918671e-07,0.0,0.0,0.0,1,0.0,0.0009999999999994458,0.001000000000000334,0.005000000000000782,8.76142621374575e-06,4412.867938365048,-0.7411764713142157,False,0.28950297912952033,1.0,0.004000000000001336,-0.00012047,5.66315217,5.66875773,-0.0056055600000002315,4826583.2,0.0,1.907,-0.00012047,1,2,False,1.6889420580440624,0.5,41,41,5,2,0,7,1,False,0,2215348611
1779860502000,1779860503033,9,24,True,5.665,5.666,5.665,5.666,31.400000000000002,5.2,26.200000000000003,3,1,2,5.665,5.666,0.001000000000000334,5.6655,5.665660330555101,5.66642261400685,2719.1,9565.0,22012.6,4841.700000000001,13547.9,31027.6,22012.6,31027.6,-0.169965422453155,-0.6687898088958985,-0.17769692926713707,-8.449822917466953e-07,5.918830731850027e-07,-1.436865364931698e-06,0.4150172887734131,-0.32066115702346837,0.7094522296277923,5.2,26.200000000000003,-21.000000000000004,-191.30000000000007,0.8962399930398879,10.466666663177778,14.9,-21.0,3.347317705023642,2.200220017161232,0.0001765069283552805,0.00015033255994924058,0.00010600321347679591,2.961683860918671e-07,0.0,0.0001765069283552805,5.621239756358575e-06,1,0.9999990000010001,0.0010000000000012221,0.001000000000000334,0.0030000000000001137,8.105264185044876e-06,4412.867947190394,-0.744444461369219,False,0.3015848638850892,0.9583333333333334,0.0019999999999988916,-0.00012047,5.66315217,5.66875773,-0.0056055600000002315,4826583.2,0.0,1.907,-0.00012047,1,2,False,1.667215133534099,0.5,42,41,5,2,0,7,3,False,0,734170768
1779860503000,1779860504423,9,25,True,5.6655,5.6655,5.6655,5.6655,0.0,0.0,0.0,0,0,0,5.665,5.666,0.001000000000000334,5.6655,5.66548921773503,5.666362241976105,2681.9,9572.2,22019.8,4483.2,12995.4,30563.3,22019.8,30563.3,-0.16247615678801436,0.0,-0.15312045030630875,-8.461237919788915e-07,5.980033395517959e-07,-1.4441271315306874e-06,0.41876192160598336,0.021564482029507104,0.720465394770829,0.0,0.0,0.0,-191.30000000000007,0.8668550752353014,0.0,0.0,0.0,0.0,0.0,-8.824956984073871e-05,0.00014638952184059837,0.0,2.8055733049259653e-07,0.0004999999999997229,-0.0002647564981960192,88249.56984073871,1,0.0,0.0,0.001000000000000334,0.004000000000001336,8.105264185044876e-06,4412.8679468959435,-0.7473684311969785,False,0.3015848638850892,0.92,0.004000000000001336,-0.00012047,5.66315217,5.66875773,-0.0056055600000002315,4826583.2,0.0,1.907,-0.00012047,1,1,False,1.6608283402365522,0.5,43,41,5,2,0,7,0,False,0,435572167
1779860504000,1779860505042,9,26,True,5.665,5.665,5.665,5.665,3.2,0.0,3.2,2,0,2,5.665,5.666,0.001000000000000334,5.6655,5.665153846117532,5.666314221115135,2766.2000000000003,9656.5,22104.100000000002,4354.9,12721.5,30289.399999999998,22104.100000000002,30289.399999999998,-0.15622739461955854,-0.9999999996875,-0.1127928609855227,-8.449684998624741e-07,6.007941379943612e-07,-1.4457626378568353e-06,0.4218863026902112,0.6923076923032545,0.7297635476437062,0.0,3.2,-3.2,-194.50000000000006,0.9040073678505374,1.5999999992,2.1,-3.2,2.2123713466440416,2.164502159817095,-8.825735851445274e-05,0.00014233753674379012,0.0,2.571582883162428e-07,-0.0004999999999997229,-7.788673714025107e-09,2.7580424527147594e-05,1,0.0,0.0009999999999994458,0.001000000000000334,0.005000000000000782,6.8547377847825674e-06,8825.735872253703,-0.7500000037252902,False,0.3015848638850892,0.8846153846153846,0.004000000000001336,-0.00012047,5.66315217,5.66875773,-0.0056055600000002315,4826484.4,0.0,1.907,-0.00012047,1,1,False,1.6354687716631688,0.5,44,41,5,2,0,4,2,False,0,4217745957
1779860505000,1779860506031,9,27,True,5.665,5.665,5.665,5.665,16.6,0.0,16.6,2,0,2,5.665,5.666,0.001000000000000334,5.6655,5.665367586883101,5.666313164746987,2888.6,9705.3,22120.3,4482.6,12930.9,30498.8,22120.3,30498.8,-0.15922925325594398,-0.9999999999397591,-0.12583305902262315,-8.47469702610605e-07,5.9711615870021e-07,-1.4445858613108149e-06,0.42038537337201853,0.2648261758677667,0.7252842734795885,0.0,16.6,-16.6,-211.10000000000005,0.9399415525111755,8.299999995850001,11.3,-16.6,2.1277918744297977,7.462686511472488,0.0,0.0001367500952879487,0.0,2.2597607900770734e-07,-0.0004999999999997229,8.825735851445274e-05,0.0,1,0.0,0.0009999999999994458,0.001000000000000334,0.005000000000000782,6.2286775796377526e-06,8825.735872017607,-0.7523809613770636,False,0.3015848638850892,0.8518518518518519,0.004000000000001336,-0.00012047,5.66315217,5.66875773,-0.0056055600000002315,4826484.4,0.0,1.907,-0.00012047,1,2,False,1.6178186782998647,0.5,45,41,5,2,0,8,2,False,0,2592620849
1779860506000,1779860507111,9,28,True,5.666,5.667,5.666,5.667,36.5,36.5,0.0,2,2,0,5.667,5.668,0.001000000000000334,5.6675,5.667417280605041,5.6682753863268,2723.7,9655.4,20405.5,4278.1,13179.300000000001,31048.0,20405.5,31048.0,-0.20683724139270981,0.9999999999726028,-0.16535872423710735,-8.737508248831734e-07,5.873362531593181e-07,-1.4610870780424916e-06,0.3965813793036354,0.16543871399755233,0.6572242978613547,36.5,0.0,36.5,-174.60000000000005,0.9746975671829402,18.249999990875,26.7,36.5,2.0519185286657264,11.764705743944637,0.00035298270751254996,0.00015287770595140507,0.00010598450647699826,1.9479937551883837e-07,0.0019999999999997797,0.00035298270751254996,9.670759109667924e-06,1,0.9999990000010001,0.0010000000000012221,0.001000000000000334,-0.0010000000000012221,8.127831191994185e-06,8825.735872935362,-0.7545454770228074,False,0.3015848638850892,0.8214285714285714,-0.0020000000000024443,-0.00012047,5.66315217,5.66875773,-0.0056055600000002315,4826484.4,0.0,1.907,-0.00012047,1,2,False,1.6357717874989026,0.5,46,41,5,2,0,9,2,False,0,2012215520
1779860507000,1779860508065,9,29,True,5.667,5.668,5.667,5.668,54.7,44.1,10.6,2,1,1,5.667,5.668,0.001000000000000334,5.6675,5.66727508851436,5.668198235734887,2774.7,9635.3,20372.2,3993.0,12629.0,30495.7,20372.2,30495.7,-0.19901548913951236,0.6124314442301201,-0.13639748724890594,-8.786186432559884e-07,5.931329588869781e-07,-1.4717516021429665e-06,0.40049225543023403,0.4498229043657035,0.6680351656134909,44.1,10.6,33.5,-141.10000000000005,1.008314040390057,27.349999986325,44.1,33.5,1.9835090238779272,3.9062499847412107,0.00017644464095180527,0.00015287051176911536,0.0001059658060787463,2.2590457911921734e-07,0.0030000000000001137,-0.0001765380665607447,3.225678993575495e-06,1,0.9999990000010001,0.0009999999999994458,0.001000000000000334,0.02900000000000169,8.691930282221057e-06,8825.735872909538,-0.7565217573025264,False,0.30245231201031464,0.9655172413793104,0.028000000000002245,-0.00012047,5.66315217,5.66875773,-0.0056055600000002315,4826484.4,0.0,1.907,-0.00012047,1,1,False,1.6723043727318514,0.5,47,41,5,2,0,8,2,False,0,2130462109
1779860508000,1779860509007,9,30,True,5.6675,5.6675,5.6675,5.6675,0.0,0.0,0.0,0,0,0,5.667,5.668,0.001000000000000334,5.6675,5.667300353328282,5.66817069304919,2789.5,9702.5,20439.4,3961.8,12871.8,30738.5,20439.4,30738.5,-0.2012411607353916,0.0,-0.14175763248585102,-8.763457536569805e-07,5.889450215143395e-07,-1.46529077517132e-06,0.39937941963229445,0.39929328621706567,0.6649446134326443,0.0,0.0,0.0,-141.10000000000005,0.9752545636559568,0.0,0.0,0.0,0.0,0.0,-8.821842888693335e-05,0.00014899557964541057,0.0,2.1029354464063564e-07,0.002500000000000391,-0.00026466306983873863,88218.42888693334,1,0.0,0.0,0.001000000000000334,-0.0259999999999998,8.691930282221057e-06,8825.73587274357,-0.75833333765467,False,0.30245231201031464,0.9333333333333333,-0.0259999999999998,-0.00012047,5.66315217,5.66875773,-0.0056055600000002315,4826484.4,0.0,1.907,-0.00012047,1,1,False,1.664261764108454,0.5,48,41,5,2,0,6,0,False,0,2695700604
1779860509000,1779860510057,9,31,True,5.667,5.667,5.667,5.667,10.3,0.0,10.3,1,0,1,5.667,5.668,0.001000000000000334,5.6675,5.667657370489702,5.6685002703840865,2550.7,9463.7,20211.4,4661.2,13818.0,31504.1,20211.4,31504.1,-0.21836199978729354,-0.9999999999029127,-0.19942263366671623,-8.781564396783882e-07,5.81870807469637e-07,-1.4600272471480252e-06,0.3908190001063436,-0.3147410358550063,0.6415482429270908,0.0,10.3,-10.3,-151.40000000000006,0.9760658894377287,10.2999999897,10.3,-10.3,1.0245209978104428,1.0,-8.822621206487113e-05,0.00014501738104170158,0.0,1.5572881935352237e-07,0.0019999999999997797,-7.78317793778704e-09,8.565651655951988e-06,1,0.0,0.0010000000000012221,0.001000000000000334,-0.02499999999999858,8.510710754521586e-06,13237.046467158663,-0.7600000114440912,False,0.30245231201031464,0.9032258064516129,-0.0259999999999998,-0.00012047,5.668,5.66934702,-0.0013470199999998655,4826447.2,0.0,1.907,-0.00012047,1,1,False,1.6493974089859116,0.5,49,41,5,2,0,6,1,False,0,1765766856
1779860510000,1779860511033,9,32,True,5.668,5.668,5.667,5.667,9.399999999999999,2.3,7.1,2,1,1,5.667,5.668,0.001000000000000334,5.6675,5.667502384692627,5.668349861082069,2567.5,9480.5,20229.2,4235.2,13402.3,31269.3,20229.2,31269.3,-0.21437711778012533,-0.5106382978180173,-0.1832769049390794,-8.779129040967936e-07,5.821028712609403e-07,-1.460015775357734e-06,0.39281144110992766,-0.0047694753576727495,0.6469348530347451,2.3,7.1,-4.8,-156.20000000000007,1.0096374996200983,4.699999997649999,7.1,-4.8,1.9809089883959754,5.6179774965282165,0.0,0.00012163799091140061,0.0001059658060787463,1.5572881935352237e-07,0.0019999999999997797,8.822621206487113e-05,0.0,1,-0.9999990000010001,0.0010000000000012221,0.001000000000000334,-0.02499999999999858,7.729807112309185e-06,13237.046466120111,-0.7615384747678704,False,0.30245231201031464,0.875,-0.0259999999999998,-0.00012047,5.668,5.66934702,-0.0013470199999998655,4826447.2,0.0,1.907,-0.00012047,1,2,False,1.6346096886625883,0.5,50,41,5,2,0,7,2,False,0,2836326484
1779860511000,1779860512103,9,33,True,5.667,5.667,5.667,5.667,22.1,0.0,22.1,1,0,1,5.667,5.668,0.001000000000000334,5.6675,5.66763202930521,5.668478768007511,2541.1,9592.3,20211.0,4566.1,13714.3,31585.3,20211.0,31585.3,-0.21959676656440286,-0.9999999999547511,-0.20260464470141432,-8.762426975897773e-07,5.785135851256168e-07,-1.4547562827153941e-06,0.3902016167177889,-0.2640586797049874,0.6398862762107487,0.0,22.1,-22.1,-178.30000000000007,1.0093215160259967,22.0999999779,22.1,-22.1,0.990764571180982,1.0,0.0,0.00012163799091140061,0.0,1.5572881935352237e-07,0.0019999999999997797,0.0,0.0,1,0.0,0.0010000000000012221,0.001000000000000334,-0.02499999999999858,7.17134936224018e-06,13237.046466120115,-0.762962962962963,False,0.30245231201031464,0.8484848484848485,-0.0259999999999998,-0.00012047,5.668,5.66934702,-0.0013470199999998655,4826447.2,0.0,1.907,-0.00012047,1,2,False,1.6503571593594824,0.5,51,41,5,2,0,8,1,False,0,2059587057
1779860512000,1779860513045,9,34,True,5.667,5.667,5.65,5.653,11279.8,328.3,10951.5,50,7,43,5.653,5.654,0.001000000000000334,5.653499999999999,5.653315024202191,5.654652034641513,2312.7000000000003,6622.5,15207.7,4118.4,11350.699999999999,26042.0,15207.7,26042.0,-0.26265160716319724,-0.9417897480450947,-0.2044916329876111,-1.2272417953073215e-06,6.958225028395838e-07,-1.9230642981469053e-06,0.36867419641838933,0.36995153473144887,0.5839682052069509,328.3,10951.5,-10623.2,-10801.5,2.615573269598915,225.59599999548809,2562.2,-10623.2,19.116268147422602,80.32786239989301,-0.0024734994943284632,0.000564931901619345,0.0018042852618129564,1.2457412359612314e-07,-0.013000000000000789,-0.0024734994943284632,2.192857581099172e-07,-1,-0.8235293633218421,0.0009999999999994458,0.001000000000000334,0.00300000000000189,5.965703440023079e-06,13237.046471190948,-0.7642857312456672,False,0.9415957265665944,0.9705882352941176,0.0020000000000024443,-0.00012047,5.668,5.66934702,-0.0013470199999998655,4826447.2,0.0,1.907,-0.00012047,1,0,False,0.5032826727051336,0.5,52,41,5,2,0,9,50,False,0,134358224
1779860513000,1779860514101,9,35,True,5.654,5.654,5.654,5.654,69.4,23.3,46.1,4,1,3,5.654,5.655,0.001000000000000334,5.6545000000000005,5.654276522671871,5.655323081821386,2527.9,6425.9,15205.0,4378.4,11620.1,27980.3,15205.0,27980.3,-0.2958251997786215,-0.32853025936126035,-0.26306280036112417,-1.2081561811460479e-06,6.667441200187695e-07,-1.8749003011648173e-06,0.3520874001106777,0.4469546358206273,0.5434180476978251,23.3,46.1,-22.8,-10824.3,2.6609643099399345,17.3499999956625,23.3,-22.8,1.5032144488202763,6.036217267387018,0.0001768815782448808,0.0005649377605679233,0.0,5.465125826847207e-07,-0.011499999999999844,0.002650381072573344,2.5487259112727958e-06,-1,0.0,0.0010000000000012221,0.001000000000000334,0.0010000000000012221,5.330297711446673e-06,13237.046470901423,-0.7655172552591831,False,0.9415957265665944,0.9428571428571428,0.0,-0.00012047,5.668,5.66934702,-0.0013470199999998655,4826447.2,0.0,1.907,-0.00012047,1,1,False,1.0228264636660709,0.5,53,41,5,2,0,10,4,False,0,2568978717
1779860514000,1779860515103,9,36,True,5.654,5.654,5.654,5.654,304.8,0.0,304.8,2,0,2,5.654,5.655,0.001000000000000334,5.6545000000000005,5.654573200224879,5.655382818989518,2422.1,6378.0,15194.5,4557.7,11847.7,28202.8,15194.5,28202.8,-0.2997490627297021,-0.9999999999967192,-0.28494632743626747,-1.197687766492439e-06,6.62653347572834e-07,-1.8603411140652728e-06,0.35012546863513744,-0.14640048396809924,0.5387585629795432,0.0,304.8,-304.8,-11129.099999999999,2.6392933489582973,152.3999999238,300.0,-304.8,0.7577785925280346,3.2362459442192684,0.0,0.0005645929553659897,0.0,5.465125826847207e-07,-0.01100000000000012,-0.0001768815782448808,0.0,-1,0.0,0.0010000000000012221,0.001000000000000334,0.004999999999999005,4.207460340291196e-06,13237.04647063718,-0.766666668984625,False,0.9415957265665944,0.9166666666666666,0.003999999999997783,-0.00012047,5.668,5.66934702,-0.0013470199999998655,4826404.8,0.0,1.907,-0.00012047,1,0,False,0.9897833710423201,0.5,54,41,5,2,0,9,2,False,0,3019235154
1779860515000,1779860516045,9,37,True,5.6545000000000005,5.6545000000000005,5.6545000000000005,5.6545000000000005,0.0,0.0,0.0,0,0,0,5.654,5.655,0.001000000000000334,5.6545000000000005,5.654537934952496,5.6554144243437,2383.7,6587.6,15404.1,4510.2,11917.2,28267.4,15404.1,28267.4,-0.29454678680603386,0.0,-0.2716493173072557,-1.1795918520573346e-06,6.600365215527118e-07,-1.8396283736100463e-06,0.3527266065969717,-0.07586993725021142,0.5449422302723086,0.0,0.0,0.0,-11129.099999999999,2.55275914079573,0.0,0.0,0.0,0.0,0.0,8.842905784619465e-05,0.0005649391030566752,0.0,5.465125826847207e-07,-0.01049999999999951,8.842905784619465e-05,88429.05784619464,-1,0.0,0.0,0.001000000000000334,-0.003999999999997783,4.207460340291196e-06,13237.046470651685,-0.7677419369128938,False,0.9415957265665944,0.8918918918918919,-0.003999999999997783,-0.00012047,5.668,5.66934702,-0.0013470199999998655,4826404.8,0.0,1.907,-0.00012047,1,1,False,1.0767842190526062,0.5,55,41,5,2,0,8,0,False,0,3897388347
1779860516000,1779860517023,9,38,True,5.654,5.654,5.654,5.654,12.2,0.0,12.2,1,0,1,5.654,5.655,0.001000000000000334,5.6545000000000005,5.65450105040532,5.655130814109689,2918.3,7123.2,15942.7,4417.3,11798.8,28153.9,15942.7,28153.9,-0.27691930897166045,-0.9999999999180328,-0.24602335281254537,-1.1602044039076728e-06,6.610191917582787e-07,-1.8212235956659515e-06,0.3615403455141584,-0.0021008403361289668,0.5662696819978559,0.0,12.2,-12.2,-11141.3,2.5018490050319357,12.199999987799998,12.2,-12.2,0.399704377677873,1.0,-8.842905784613801e-05,0.0005649404455422369,0.0,5.543322809562814e-07,-0.0129999999999999,-0.00017685811569233267,7.248283429417191e-06,-1,0.0,0.0010000000000012221,0.001000000000000334,0.004999999999999005,4.247983804084846e-06,13245.631437235954,-0.7687500279117342,False,0.9415957265665944,0.868421052631579,0.003999999999997783,-0.00012047,5.668,5.66934702,-0.0013470199999998655,4826404.8,0.0,1.907,-0.00012047,1,0,False,1.071709774356926,0.5,56,41,5,2,0,8,1,False,0,1611233408
1779860517000,1779860518091,9,39,True,5.654,5.654,5.654,5.654,181.6,0.0,181.6,2,0,2,5.654,5.655,0.001000000000000334,5.6545000000000005,5.654922932304253,5.655856169938817,2089.0,6270.900000000001,15160.5,5428.900000000001,13192.1,29019.9,15160.5,29019.9,-0.31370019284568923,-0.9999999999944934,-0.33743279403217624,-1.180717107793823e-06,6.515131800777164e-07,-1.8322302878715396e-06,0.3431499035771441,-0.8458646616501604,0.5224173756628891,0.0,181.6,-181.6,-11322.9,2.4853949392931836,90.7999999546,174.5,-181.6,0.8047010829450207,2.652519886863342,0.0,0.0005649404455422369,0.0,5.543322809562813e-07,-0.014000000000000234,8.842905784613801e-05,0.0,-1,0.0,0.0010000000000012221,0.001000000000000334,0.004999999999999005,4.00586668079241e-06,13245.631437235954,-0.7696969700297486,False,0.9415957265665944,0.8461538461538461,0.003999999999997783,-0.00012047,5.668,5.66934702,-0.0013470199999998655,4826404.8,0.0,1.907,-0.00012047,1,1,False,1.1091804336144637,0.5,57,41,5,2,0,9,2,False,0,3895091645
1779860518000,1779860519021,9,40,True,5.654,5.654,5.654,5.654,1.6,0.0,1.6,1,0,1,5.654,5.655,0.001000000000000334,5.6545000000000005,5.654880376318752,5.6562091053069095,1591.3,5717.1,14675.7,5479.3,13091.0,29073.5,14675.7,29073.5,-0.32909858923133845,-0.999999999375,-0.35253813595896066,-1.2071570551581692e-06,6.517327541204873e-07,-1.8588898092786566e-06,0.3354507053843194,-0.7607526881686347,0.5047792663421843,0.0,1.6,-1.6,-11324.5,2.4366934658737347,1.5999999984,1.6,-1.6,0.4103922030385688,1.0,0.0,0.0005649404455422368,0.0,5.543322809562813e-07,-0.013500000000000512,0.0,0.0,-1,0.0,0.0010000000000012221,0.001000000000000334,0.009000000000000341,3.953254084152959e-06,13245.631437235952,-0.770588237305001,False,0.9415957265665944,0.825,0.007999999999999119,-0.00012047,5.668,5.66934702,-0.0013470199999998655,4826404.8,0.0,1.907,-0.00012047,1,0,False,1.1369004377634933,0.5,58,41,5,2,0,8,1,False,0,4170218556
1779860519000,1779860520011,9,41,True,5.655,5.655,5.655,5.655,103.39999999999999,103.39999999999999,0.0,3,3,0,5.656,5.657,0.001000000000000334,5.656499999999999,5.656671181664378,5.658131159475604,1834.3,5834.8,14452.5,5719.099999999999,14172.699999999999,29323.6,14452.5,29323.6,-0.33970819693850435,0.9999999999903287,-0.33228721824900537,-1.2280945955990352e-06,6.278228867506484e-07,-1.8559174823496836e-06,0.3301459015307364,-0.3423633815957853,0.4928624043432426,103.39999999999999,0.0,103.39999999999999,-11221.1,2.455162532566399,34.466666655177775,100.1,103.39999999999999,1.2219150296506698,2.9069767357355327,0.00017685029668531804,0.0005663227952160722,0.0,5.543322809562813e-07,-0.011999999999999567,0.00017685029668531804,1.7103510317563607e-06,-1,0.0,0.0029999999999983373,0.001000000000000334,-0.006999999999999673,3.715431384162886e-06,13245.631442762528,-0.7714285714285715,False,0.9415957265665944,0.8048780487804879,-0.00999999999999801,-0.00012047,5.668,5.66934702,-0.0013470199999998655,4831792.1,0.0,1.907,-0.00012047,1,1,False,1.153553913125846,0.5,59,41,5,2,0,8,3,False,0,3086584874
1779860520000,1779860521009,9,42,True,5.656,5.656,5.656,5.656,551.1999999999999,548.9,2.3,2,1,1,5.656,5.657,0.001000000000000334,5.656499999999999,5.656762170767532,5.6577591159271,2424.7,6622.5,15151.3,5895.9,14375.6,29409.8,15151.3,29409.8,-0.31997639196518224,0.9916545718414522,-0.31906197242641976,-1.1913439283768238e-06,6.281511463426886e-07,-1.8194950747195124e-06,0.3400118040173977,-0.5243415802054097,0.5151786139313931,548.9,2.3,546.6,-10674.5,2.4402391708429105,275.5999998622,548.9,546.6,0.8195917937378103,1.059322032776142,0.00017681902618774722,0.0005677012918625819,0.0,5.856027781971935e-07,-0.01100000000000012,-3.1270497570821476e-08,3.2078923473771125e-07,-1,0.0,0.0009999999999994458,0.001000000000000334,-0.005000000000000782,2.4544131034976754e-06,13245.63144284803,-0.7722222523924706,False,0.9415957265665944,0.7857142857142857,-0.006000000000000227,-0.00012047,5.668,5.66934702,-0.0013470199999998655,4831792.1,0.0,1.907,-0.00012047,1,0,False,0.9392592102362588,0.5,0,42,5,2,0,8,2,False,0,3734793622
1779860521000,1779860522021,9,43,True,5.656499999999999,5.656499999999999,5.656499999999999,5.656499999999999,0.0,0.0,0.0,0,0,0,5.656,5.657,0.001000000000000334,5.656499999999999,5.656718705015623,5.658019103744962,2087.9,6555.1,15083.9,5921.0,15428.4,30954.3,15083.9,30954.3,-0.3447224261591387,0.0,-0.3354489026142956,-1.1849097352547226e-06,5.945419109172897e-07,-1.7794516461720123e-06,0.32763878692041987,-0.43741007194087267,0.4872957876611493,0.0,0.0,0.0,-10674.5,2.36023132917593,0.0,0.0,0.0,0.0,0.0,8.839779011283543e-05,0.0005680453021082791,0.0,6.012331893620938e-07,-0.010500000000000398,-8.842123607491179e-05,88397.79011283543,-1,0.0,0.0,0.001000000000000334,-0.006000000000000227,2.4544131034976754e-06,13245.631442856047,-0.7729729916981471,False,0.9415957265665944,0.7674418604651163,-0.006000000000000227,-0.00012047,5.668,5.66934702,-0.0013470199999998655,4831792.1,0.0,1.907,-0.00012047,1,0,False,1.193395020680975,0.5,1,42,5,2,0,10,0,False,0,1051306258
1779860522000,1779860523053,9,44,True,5.657,5.657,5.657,5.657,5.2,5.2,0.0,1,1,0,5.656,5.657,0.001000000000000334,5.656499999999999,5.656375478052517,5.657802454239847,2508.7000000000003,7108.7,15657.0,5697.5,15117.0,30569.1,15657.0,30569.1,-0.3225904845963574,0.9999999998076923,-0.28237959617850816,-1.1616121665002578e-06,5.987962753561356e-07,-1.7604084418563932e-06,0.3387047577018105,0.24904386951575022,0.5121838719491083,5.2,0.0,5.2,-10669.3,2.3156335806783583,5.1999999948,5.2,5.2,0.4318472524807684,1.0,8.838997663421806e-05,0.0005670170807461493,0.0,5.934700074634204e-07,0.004000000000000448,-7.813478617368572e-09,1.699807242638846e-05,-1,0.0,0.0010000000000012221,0.001000000000000334,-0.0030000000000001137,2.4324482553294382e-06,17665.1302657416,-0.7736842207499154,False,0.9415957265665944,0.75,-0.004000000000001336,-0.00012047,5.668,5.66934702,-0.0013470199999998655,4831792.1,0.0,1.907,-0.00012047,1,0,False,1.1867370338457444,0.5,2,42,5,2,0,9,1,False,0,3951025099
1779860523000,1779860524067,9,45,True,5.657,5.658,5.656,5.658,177.5,174.10000000000002,3.4,5,4,1,5.658,5.659,0.0009999999999994458,5.6585,5.658689345296346,5.659671528631788,2308.4,6886.1,15479.7,5315.4,12629.9,29549.5,15479.7,29549.5,-0.3124594707434218,0.9616901408396527,-0.29636938881495617,-1.1439155072872223e-06,6.316012227992084e-07,-1.7755167300864307e-06,0.3437702646282781,-0.378690629010338,0.5238565796375396,174.10000000000002,3.4,170.70000000000002,-10498.599999999999,2.403645594426609,35.4999999929,116.9,170.70000000000002,2.080173553669246,4.602991923576562,0.00017675651835682884,0.0005680502740674568,0.00021232498166834387,6.013048380667458e-07,0.004000000000000448,8.836654172261078e-05,9.958113710187778e-07,-1,0.49999975000012503,0.0009999999999994458,0.0009999999999994458,-0.0029999999999983373,2.467894014417205e-06,17665.130267300658,-0.7487177349093345,False,0.9415957265665944,0.7333333333333333,-0.003999999999997783,-0.00012047,5.668,5.66934702,-0.0013470199999998655,4831792.1,0.0,1.907,-0.00012047,1,1,False,1.2245022215732748,0.5,3,42,5,2,0,9,5,False,0,1464737808
1779860524000,1779860525099,9,46,True,5.658,5.658,5.658,5.658,63.300000000000004,0.0,63.300000000000004,2,0,2,5.658,5.659,0.0009999999999994458,5.6585,5.658599115377328,5.6601801482370515,1806.2,6321.8,14934.199999999999,5668.2,13047.1,30107.5,14934.199999999999,30107.5,-0.3368722761352184,-0.9999999999842023,-0.3034940269805735,-1.1716489218331918e-06,6.190982783136828e-07,-1.7907472001468746e-06,0.33156386193237974,-0.1982308001600393,0.49602922859750903,0.0,63.300000000000004,-63.300000000000004,-10561.899999999998,2.39041131264213,31.649999984175,59.7,-63.300000000000004,0.8366760936019487,1.3333333315555556,0.0,0.0005677073592983584,0.0,6.013048380667458e-07,0.004000000000000448,-0.00017675651835682884,0.0,-1,0.0,0.0009999999999994458,0.0009999999999994458,0.0029999999999983373,2.3659735337664466e-06,13252.262341578022,-0.782051285578184,False,0.9415957265665944,0.717391304347826,0.0019999999999988916,-0.00012047,5.668,5.66934702,-0.0013470199999998655,4831702.2,0.0,1.907,-0.00012047,1,0,False,1.2523151648114452,0.5,4,42,5,2,0,9,2,False,0,2233981063
1779860525000,1779860526053,9,47,True,5.659,5.659,5.659,5.659,42.3,42.3,0.0,2,2,0,5.658,5.659,0.0009999999999994458,5.6585,5.65845614891887,5.659607299500654,2426.2999999999997,7036.099999999999,15634.3,5097.5,12541.6,29618.0,15634.3,29618.0,-0.3090163372911364,0.9999999999763595,-0.26199571454024473,-1.1375132199309878e-06,6.246138071835173e-07,-1.7621270271145052e-06,0.34549183135442074,0.0877021068099574,0.5278648119386681,42.3,0.0,42.3,-10519.599999999999,2.3776109417358304,21.149999989424998,41.4,42.3,0.8411805161439376,3.1545741225407755,0.0001767252810112731,0.0005690810461164042,0.0,6.013048380667457e-07,0.004499999999999282,0.0001767252810112731,4.17790262428121e-06,-1,0.0,0.0009999999999994458,0.0009999999999994458,-0.0030000000000001137,2.063813739495419e-06,13252.262341717616,-0.8058608202819159,False,0.9415957265665944,0.7021276595744681,-0.0039999999999995595,-0.00012047,5.668,5.66934702,-0.0013470199999998655,4831702.2,0.0,1.907,-0.00012047,1,1,False,1.2561085373293344,0.5,5,42,5,2,0,8,2,False,0,528880413
1779860526000,1779860527037,9,48,True,5.659,5.66,5.659,5.66,50.4,50.4,0.0,3,3,0,5.659,5.66,0.001000000000000334,5.6594999999999995,5.659814465379142,5.6606303043298265,2167.9,7387.3,18884.1,4814.599999999999,13243.6,29017.5,18884.1,29017.5,-0.2115461696477736,0.9999999999801588,-0.2327727007419603,-1.046866384951717e-06,6.259802870005734e-07,-1.6728466719522904e-06,0.3942269151761028,-0.6289308176067666,0.6507831481002618,50.4,0.0,50.4,-10469.199999999999,2.3980171403674424,16.7999999944,36.5,50.4,1.2510335928163063,10.638297759167045,0.00017669405470484685,0.0005649641023173052,0.00010611559430266518,5.702492374482332e-07,0.006000000000000227,-3.12263064262356e-08,3.5058344186774016e-06,-1,0.9999990000010001,0.0010000000000012221,0.001000000000000334,-0.0009999999999994458,1.5364272604446885e-06,13252.262340863273,-0.6987179533800724,False,0.9415957265665944,0.6875,-0.002000000000000668,-0.00012047,5.668,5.66934702,-0.0013470199999998655,4831702.2,0.0,1.907,-0.00012047,1,0,False,1.2462611329313376,0.5,6,42,5,2,0,9,3,False,0,877065312
1779860527000,1779860528009,9,49,True,5.659,5.659,5.658,5.658,102.0,0.0,102.0,3,0,3,5.658,5.659,0.0009999999999994458,5.6585,5.65800375623682,5.658931062073023,3364.4,8234.2,19486.1,4008.9,11400.2,28264.3,19486.1,28264.3,-0.18383510923468324,-0.9999999999901961,-0.09769120698779085,-9.900755337586043e-07,6.371185387582071e-07,-1.6271940725168114e-06,0.408082445382648,0.9924874791277442,0.6894244683222054,0.0,102.0,-102.0,-10571.199999999999,2.417754283306215,33.999999988666666,53.5,-102.0,1.2408208805473642,3.9682539525069283,-0.0003534193357161029,0.0005690984648407237,0.00010613434761086128,6.171306638767176e-07,0.004000000000000448,-0.0005301133904209497,3.464895448163118e-06,-1,-0.9999990000010001,0.0009999999999994458,0.0009999999999994458,0.006999999999999673,1.562514465287508e-06,13252.26234097218,-0.6749999678134934,False,0.9415957265665944,0.673469387755102,0.006000000000000227,-0.00012047,5.668,5.66934702,-0.0013470199999998655,4831702.2,0.0,1.907,-0.00012047,1,0,False,1.2460066786516015,0.5,7,42,5,2,0,8,3,False,0,1171273683
1779860528000,1779860529095,9,50,True,5.659,5.659,5.659,5.659,24.1,2.0,22.1,2,1,1,5.659,5.66,0.001000000000000334,5.6594999999999995,5.65917166109634,5.660260493493767,2880.2999999999997,9134.199999999999,20155.4,4576.7,11564.0,27437.0,20155.4,27437.0,-0.15299921836259248,-0.8340248962309533,-0.12255387660557804,-9.864565741741614e-07,6.585721299029105e-07,-1.6450287040770718e-06,0.4235003908186933,0.6566777654433715,0.7346065531945645,2.0,22.1,-20.1,-10591.3,2.4040574215584702,12.049999993975,22.1,-20.1,0.8319268837894644,12.658227687870536,0.0001767252810112731,0.0005701276430517382,0.0,6.71805617480955e-07,0.004999999999999893,0.000530144616727376,7.332999211781746e-06,-1,0.0,0.0009999999999994458,0.001000000000000334,0.005000000000000782,1.54496478239182e-06,13252.262340978172,-0.5916666839740887,False,0.9415957265665944,0.66,0.004000000000001336,-0.00012047,5.668,5.66934702,-0.0013470199999998655,4831702.2,0.0,1.907,-0.00012047,1,1,False,1.2486599871153508,0.5,8,42,5,2,0,9,2,False,0,2099633218
1779860529000,1779860530069,9,51,True,5.659,5.659,5.659,5.659,3.6,0.0,3.6,1,0,1,5.659,5.66,0.001000000000000334,5.6594999999999995,5.659083544289471,5.659960484634245,3545.0,9537.2,20569.4,4568.3,11555.6,27430.600000000002,20569.4,27430.600000000002,-0.14294166666666372,-0.9999999997222222,-0.10921993747403944,-9.813225129993913e-07,6.585120688941551e-07,-1.6398345818935464e-06,0.4285291666666578,0.8329113924029546,0.7498705824881428,0.0,3.6,-3.6,-10594.9,2.3580227519991763,3.5999999964,3.6,-3.6,0.42408411824190284,1.0,0.0,0.0005697862196885464,0.0,6.71805617480955e-07,0.0039999999999995595,-0.0001767252810112731,0.0,-1,0.0,0.0009999999999994458,0.001000000000000334,0.0009999999999994458,1.5446118048595403e-06,8840.951737734616,-0.5934959478292352,False,0.9415957265665944,0.6470588235294118,0.0,-0.00012047,5.668,5.66934702,-0.0013470199999998655,4831695.3,0.0,1.907,-0.00012047,1,0,False,1.2453637606322654,0.5,9,42,5,2,0,7,1,False,0,2341335478
1779860530000,1779860530997,9,52,True,5.66,5.661,5.66,5.66,38.5,36.9,1.6,3,2,1,5.66,5.661,0.0009999999999994458,5.6605,5.660688759248883,5.660990631519714,3501.1,8607.8,17867.1,5315.7,12245.2,29448.6,17867.1,29448.6,-0.24477076319276175,0.9168831168593018,-0.23884585944243306,-1.0410268310830538e-06,6.336123456427975e-07,-1.6746391767258512e-06,0.3776146184036086,-0.3775185577922719,0.6067215419408526,36.9,1.6,35.3,-10559.6,2.3790711863598593,12.833333329055556,34.6,35.300000000000004,1.2609963148388206,15.151514921946744,0.00017669405470484685,0.0005711544235978273,0.00010609684762027611,6.71805617480955e-07,0.004000000000000448,0.00017669405470484685,4.589455966240452e-06,1,0.0,0.0009999999999994458,0.0009999999999994458,0.0010000000000012221,1.8517510713076274e-06,8840.951740188702,-0.5714285541959363,False,0.9415957265665944,0.6346153846153846,1.7763568394002505e-15,-0.00012047,5.668,5.66934702,-0.0013470199999998655,4831695.3,0.0,1.907,-0.00012047,1,2,False,1.2443824842647857,0.5,10,42,5,2,0,9,3,False,0,2561996880
1779860531000,1779860532065,9,53,True,5.66,5.66,5.66,5.66,27.6,0.0,27.6,1,0,1,5.66,5.661,0.0009999999999994458,5.6605,5.660548258105878,5.661387176669689,2670.0,7602.1,16954.7,5162.6,12130.6,29295.2,16954.7,29295.2,-0.2668221985344776,-0.9999999999637681,-0.25327797001164354,-1.0831546762053873e-06,6.357985614897242e-07,-1.7189532376951113e-06,0.36658890073275047,-0.09651627641292684,0.5787535159343312,0.0,27.6,-27.6,-10587.2,2.3338557376267492,27.5999999724,27.6,-27.6,0.4284754980564498,1.0,0.0,0.0005711544235978273,0.0,6.718056174809551e-07,0.0035000000000007248,-0.00017669405470484685,0.0,1,0.0,0.0009999999999994458,0.0009999999999994458,-0.0030000000000001137,1.966694314959383e-06,8840.951740188702,-0.6047618282949602,False,0.9415957265665944,0.6226415094339622,-0.0039999999999995595,-0.00012047,5.668,5.66934702,-0.0013470199999998655,4831695.3,0.0,1.907,-0.00012047,1,1,False,1.2410887170582117,0.5,11,42,5,2,0,9,1,False,0,584412839
1779860532000,1779860533085,9,54,True,5.661,5.661,5.661,5.661,58.5,58.5,0.0,2,2,0,5.661,5.662,0.001000000000000334,5.6615,5.661836392137175,5.662473049041077,2341.2999999999997,7011.9,16091.1,5315.2,12671.4,29379.9,16091.1,29379.9,-0.2922478062941151,0.999999999982906,-0.27244742918019205,-1.1092380765336246e-06,6.336461132819768e-07,-1.7428841898156013e-06,0.3538760968529315,-0.6727842847914113,0.5476907681782256,58.5,0.0,58.5,-10528.7,2.322909647868495,29.249999985375,52.6,58.5,0.8609891482323531,1.0548523195623922,0.00017666283943111298,0.00014787790948955632,0.0,2.3428912313622186e-07,0.0039999999999995595,0.00017666283943111298,3.019877597061421e-06,1,0.0,0.0010000000000012221,0.001000000000000334,0.009000000000000341,1.9453181846607235e-06,8840.951734912589,-0.5411255432567917,False,0.9415957265665944,0.6111111111111112,0.007999999999999119,-0.00012047,5.668,5.66934702,-0.0013470199999998655,4831695.3,0.0,1.907,-0.00012047,1,2,False,1.2431062274627072,0.5,12,42,5,2,0,8,2,False,0,380716461
1779860533000,1779860534057,9,55,True,5.662,5.662,5.662,5.662,79.8,79.8,0.0,1,1,0,5.661,5.662,0.001000000000000334,5.6615,5.661867562923663,5.66197425730056,2947.2,7809.2,16962.9,5097.8,12516.1,29023.9,16962.9,29023.9,-0.2622709125227182,0.9999999999874686,-0.23991021903354884,-1.0612607284437482e-06,6.394928101411775e-07,-1.7007535385849257e-06,0.36886454373863004,-0.7351258581228689,0.5844459221537911,79.8,0.0,79.8,-10448.900000000001,2.2795355610531343,79.7999999202,79.8,79.8,0.43868585191069315,1.0,0.00017663163518496638,0.00014786297104511047,0.0,2.654933693413585e-07,0.0039999999999995595,-3.1204246146607174e-08,2.2134290123151997e-06,1,0.0,0.0009999999999994458,0.001000000000000334,0.014999999999998792,2.0378986045625472e-06,8840.951735062776,-0.5433404035678926,False,0.8805463066707739,0.6,0.013999999999999346,-0.00012047,5.668,5.66934702,-0.0013470199999998655,4831695.3,0.0,1.907,-0.00012047,1,1,False,1.2680118282796653,0.5,13,42,5,2,0,8,1,False,0,3139412802
1779860534000,1779860535053,9,56,True,5.661,5.661,5.66,5.66,324.9,0.0,324.9,2,0,2,5.659,5.66,0.001000000000000334,5.6594999999999995,5.6595841335032935,5.6610359184849495,2184.5,7212.5,18438.9,6000.7,12611.1,28515.3,18438.9,28515.3,-0.21460061080797424,-0.9999999999969221,-0.24125037813916572,-1.063396512473617e-06,6.423529065769644e-07,-1.7057494190505815e-06,0.3926996945960023,-0.16826703246417862,0.6466318081871612,0.0,324.9,-324.9,-10773.800000000001,2.2703704606907364,162.44999991877498,186.0,-324.9,0.8809135045346773,6.756756711102995,-0.000353294474616286,0.0001676433938334793,0.00010609684762027611,3.278963500946467e-07,0.0019999999999997797,-0.0005299261098012523,1.087394504817478e-06,1,-0.9999990000010001,0.0010000000000012221,0.001000000000000334,-0.010999999999999233,7.172839598995016e-06,8840.951735284136,-0.5454545522278004,False,0.8805463066707739,0.5892857142857143,-0.012000000000000455,-0.00012047,5.668,5.66934702,-0.0013470199999998655,4831732.9,0.0,1.907,-0.00012047,1,1,False,1.3179393044430419,0.5,14,42,5,2,0,8,2,False,0,1496461630
1779860535000,1779860535995,9,57,True,5.659,5.66,5.659,5.66,75.0,37.1,37.9,2,1,1,5.659,5.66,0.001000000000000334,5.6594999999999995,5.659559144563023,5.660926211478044,2303.7,7521.3,18774.2,6062.1,12686.9,28534.8,18774.2,28534.8,-0.2063159229744825,-0.010666666666524407,-0.2342147385373571,-1.042336824238581e-06,6.430187704586645e-07,-1.6853555946972454e-06,0.3968420385127482,-0.1182891512583687,0.657940479694946,37.1,37.9,-0.7999999999999972,-10774.6,2.261505855422188,37.49999998125,37.9,-0.7999999999999972,0.8843664916101951,1.36239781830736,0.0,0.00016647318877954122,0.00010611559430266518,3.200766518230861e-07,0.001000000000000334,0.000353294474616286,0.0,1,0.9999990000010001,0.0010000000000012221,0.001000000000000334,-0.013000000000001677,7.66805600143857e-06,8840.951735269631,-0.5474747788610516,False,0.8742786953343296,0.5789473684210527,-0.014000000000002899,-0.00012047,5.668,5.66934702,-0.0013470199999998655,4831732.9,0.0,1.907,-0.00012047,1,2,False,1.3114084556758958,0.5,15,42,5,2,0,7,2,False,0,2822295567
1779860536000,1779860537059,9,58,True,5.659,5.659,5.658,5.658,206.70000000000002,0.0,206.70000000000002,2,0,2,5.658,5.659,0.0009999999999994458,5.6585,5.65865697536774,5.659568902374388,2426.5,7246.6,18728.4,5383.1,11967.6,29040.9,18728.4,29040.9,-0.21588132964058054,-0.9999999999951621,-0.22875436089007137,-9.94374784493795e-07,6.390359886143083e-07,-1.6334107731081033e-06,0.3920593351796993,-0.3139507620156765,0.6448973688831736,0.0,206.70000000000002,-206.70000000000002,-10981.300000000001,2.2529318929493294,103.349999948325,197.9,-206.70000000000002,0.8877321171453849,2.463054181125482,-0.0003534193357161029,0.00018321462553997037,0.00010613434761086128,3.200766518230861e-07,-0.0019999999999997797,-0.0003534193357161029,1.7098177828466042e-06,1,-0.9999990000010001,0.0009999999999994458,0.0009999999999994458,-0.009000000000002117,7.235821007227525e-06,4419.498843198342,-0.5276679972999692,False,0.8742786953343296,0.5689655172413793,-0.010000000000001563,-0.00012047,5.668,5.66934702,-0.0013470199999998655,4831732.9,0.0,1.907,-0.00012047,1,1,False,1.3384770379447906,0.5,16,42,5,2,0,9,2,False,0,2334254069
1779860537000,1779860538023,9,59,True,5.658,5.658,5.658,5.658,173.39999999999998,0.0,173.39999999999998,2,0,2,5.656,5.657,0.001000000000000334,5.656499999999999,5.656859737226983,5.657911430688463,2615.2,7301.6,18464.2,6014.2,13566.9,29530.4,18464.2,29530.4,-0.23057177265775253,-0.9999999999942331,-0.26747178174640507,-9.746435154364307e-07,6.280031990408742e-07,-1.602646714477305e-06,0.3847141136711133,-0.7194744976788273,0.6252607482458542,0.0,173.39999999999998,-173.39999999999998,-11154.7,2.244639044000171,86.69999995664999,88.3,-173.39999999999998,0.8910118553158499,5.813953454570038,0.0,0.00018321462553997037,0.0,3.200766518230861e-07,0.0,0.0003534193357161029,0.0,-1,0.0,0.00300000000000189,0.001000000000000334,-0.00300000000000189,6.827305671329265e-06,4419.498843198342,-0.4746377195077639,False,0.8742786953343296,0.559322033898305,-0.00600000000000378,-0.00012047,5.668,5.66934702,-0.0013470199999998655,4831732.9,0.0,1.907,-0.00012047,1,1,False,1.372100976030269,0.5,17,42,5,2,0,8,2,False,0,527035853
1779860538000,1779860539037,9,60,True,5.657,5.657,5.655,5.655,57.199999999999996,0.0,57.199999999999996,3,0,3,5.654,5.655,0.001000000000000334,5.6545000000000005,5.6549395109213165,5.655646220441191,2344.7,7738.5,18718.4,5001.4,14706.0,30425.5,18718.4,30425.5,-0.23822081682568458,-0.9999999999825175,-0.2865039268263137,-9.337441691596085e-07,6.030242229041926e-07,-1.536768392063801e-06,0.3808895915871476,-0.8790218790190507,0.6152207851966076,0.0,57.199999999999996,-57.199999999999996,-11211.900000000001,2.269404976983772,19.06666666031111,53.4,-57.199999999999996,1.3219324136079569,2.4630541811254822,-0.0005303633112916957,0.00021824724765725262,0.00021236252144659533,3.200766518230861e-07,-0.0039999999999995595,-0.0005303633112916957,9.272085861580834e-06,-1,-0.9999995000002501,0.0009999999999994458,0.001000000000000334,0.0009999999999994458,6.500680943277582e-06,4419.498843351272,-0.4769503559918523,False,0.8742786953343296,0.55,0.0,-0.00012047,5.668,5.66934702,-0.0013470199999998655,4831732.9,0.0010754904857349986,1.907,-0.00012047,2,0,False,1.3686595935940828,0.4757407380908528,18,42,5,2,0,9,3,False,0,3802952668
1779860539000,1779860540045,9,61,True,5.655,5.655,5.655,5.655,79.0,79.0,0.0,1,1,0,5.654,5.655,0.001000000000000334,5.6545000000000005,5.654926592386019,5.655790723640688,2163.6,7855.400000000001,18845.9,5179.8,14749.3,30604.4,18845.9,30604.4,-0.23778419948917928,0.9999999999873417,-0.2860824666738023,-9.194055019747172e-07,5.984496919437607e-07,-1.517855193918478e-06,0.38110790025540026,-0.8531848043391798,0.615790539922344,79.0,0.0,79.0,-11132.900000000001,2.2277851416728285,78.999999921,79.0,79.0,0.44887632152902796,1.0,0.0,0.00021463471233256262,0.0,2.888061545821739e-07,-0.0039999999999995595,0.0005303633112916957,0.0,-1,0.0,0.0009999999999994458,0.001000000000000334,-0.0029999999999983373,5.922018135800355e-06,4419.498837824701,-0.4769503559918523,False,0.8692534039528915,0.5573770491803278,-0.003999999999997783,-0.00011898,5.65956714,5.6626511,-0.0030839599999996636,4831732.9,0.0010754904857349986,1.9138,-0.00011898,1,1,False,1.3754563067518224,0.47574073809085277,19,42,5,2,0,9,1,False,0,1599890658
1779860540000,1779860541053,9,62,True,5.654,5.654,5.654,5.654,26.7,0.0,26.7,1,0,1,5.653,5.654,0.001000000000000334,5.653499999999999,5.653397688131693,5.654153453722971,2978.9,8967.0,20434.0,4646.2,13739.1,29221.6,20434.0,29221.6,-0.17697097608325793,-0.9999999999625468,-0.18284225769954104,-8.711887531834488e-07,6.181784768567359e-07,-1.4893672300401847e-06,0.411514511958361,0.20462370880421887,0.6992772469679723,0.0,26.7,-26.7,-11159.600000000002,2.1875298911261782,26.6999999733,26.7,-26.7,0.45713661038389103,1.0,-0.00017685029668529164,0.00021463600049587798,0.0,2.731757434172735e-07,-0.006000000000000227,-0.00017685029668529164,6.6236066171785784e-06,-1,0.0,0.0010000000000012221,0.001000000000000334,0.0030000000000001137,6.06629523078589e-06,4419.498837851128,-0.4769503559918523,False,0.8692534039528915,0.5645161290322581,0.0019999999999988916,-0.00011898,5.65956714,5.6626511,-0.0030839599999996636,4831732.9,0.0010754904857349986,1.9138,-0.00011898,1,0,False,1.3754563067518224,0.4739575509159852,20,42,5,2,0,9,1,False,0,3198612091
1779860541000,1779860542067,9,63,True,5.653,5.653,5.653,5.653,16.8,0.0,16.8,1,0,1,5.653,5.654,0.001000000000000334,5.653499999999999,5.653174636708974,5.653759157473291,3793.9,9316.9,20852.7,4338.8,13021.5,28667.5,20852.7,28667.5,-0.15781034810036798,-0.9999999999404762,-0.1309782235842663,-8.742020316982825e-07,6.242352114993358e-07,-1.4984372431976183e-06,0.42109482594980596,0.6507265521779373,0.7273986221330522,0.0,16.8,-16.8,-11176.400000000001,2.1485944848597462,16.7999999832,16.8,-16.8,0.46542053727735244,1.0,-0.00017688157824487935,0.0002173528441961247,0.0,2.9664382440545296e-07,-0.007000000000000561,-3.1281559587710995e-08,1.0528665371092302e-05,-1,0.0,0.0009999999999994458,0.001000000000000334,0.006999999999999673,6.030971614936428e-06,4419.498838174348,-0.4769503559918523,False,0.8692534039528915,0.5714285714285714,0.006000000000000227,-0.00011898,5.65956714,5.6626511,-0.0030839599999996636,4831732.9,0.0010754904857349986,1.9138,-0.00011898,2,0,False,1.3754563067518224,0.4729449330943701,21,42,5,2,0,8,1,False,0,219344774
1779860542000,1779860543022,9,64,True,5.653,5.657,5.653,5.656,1215.7,1203.8,11.9,6,4,2,5.656,5.657,0.001000000000000334,5.656499999999999,5.656414376291457,5.656861173663342,3569.8999999999996,8417.8,20136.7,4734.0,14353.5,29863.7,20136.7,29863.7,-0.19453844369244658,0.9804228016772389,-0.19358034235839777,-9.149077957589703e-07,6.13371488826752e-07,-1.5282792845857223e-06,0.40273077815376673,0.17124735729296378,0.6742868432243602,1203.8,11.9,1191.8999999999999,-9984.500000000002,2.2748700755200826,202.61666663289722,711.6,1191.9,2.6375132636929877,14.409221694391618,0.0005305509011179753,0.0002468315871510973,0.00042480016228691684,3.748650006069376e-07,-0.004999999999999893,0.0007074324793628547,4.364159752550291e-07,-1,0.7499998124999913,0.0009999999999994458,0.001000000000000334,-0.0009999999999994458,2.6945237988342223e-06,8.042466651901096e-06,-0.4769503559918523,False,0.867063913065133,0.515625,-0.0019999999999988916,-0.00011898,5.65956714,5.6626511,-0.0030839599999996636,4831732.9,0.0010754904857349986,1.9138,-0.00011898,2,1,False,0.9719872793637346,0.4725006028057461,22,42,5,2,0,7,6,False,0,3550589439
1779860543000,1779860544042,9,65,True,5.657,5.657,5.655,5.655,188.20000000000002,49.1,139.1,4,1,3,5.655,5.656,0.0009999999999994458,5.6555,5.655781632595348,5.65672390185877,2904.0,7694.5,19548.4,5027.599999999999,12173.9,28839.7,19548.4,28839.7,-0.19201621886372489,-0.4782146652471933,-0.18854388867080635,-9.441797915976831e-07,6.333845188065398e-07,-1.577564310404223e-06,0.40399189056812723,-0.5632653061167013,0.6778295197245229,49.1,139.1,-90.0,-10074.500000000002,2.3314317123882766,47.0499999882375,94.9,-90.0,1.7156839623609597,3.448275850178359,-0.00017681902618779172,0.00024683382563487586,0.00021236252144659533,4.686764942856734e-07,-0.006999999999999673,-0.0007073699273057671,9.395272379747725e-07,-1,-0.9999995000002501,0.0009999999999994458,0.0009999999999994458,0.0009999999999994458,2.7664604437719175e-06,6.350157058275887e-06,-0.4556737423374463,False,0.867063913065133,0.5076923076923077,0.0,-0.00011898,5.65956714,5.6626511,-0.0030839599999996636,4831732.9,0.0010642282222775826,1.9138,-0.00011898,2,0,False,1.4768565929178288,0.46989543628627084,23,42,5,2,0,9,4,False,0,1222558019
1779860544000,1779860545007,9,66,True,5.656,5.656,5.656,5.656,147.3,108.4,38.900000000000006,3,1,2,5.656,5.657,0.001000000000000334,5.656499999999999,5.656303365785401,5.657484953762618,2660.5,7616.599999999999,18942.6,4909.5,12924.9,29093.6,18942.6,29093.6,-0.21131979632027076,0.4718262050205579,-0.21083839129599133,-9.66894441931312e-07,6.342672028480001e-07,-1.601161644779312e-06,0.39434010183985424,0.393268379094804,0.651091649022443,108.4,38.900000000000006,69.5,-10005.000000000002,2.3533519841132513,49.09999998363334,108.4,69.5,1.2747774319257346,4.545454524793389,0.00017681902618774722,0.0002499803709866986,0.0,4.999414623076645e-07,-0.004000000000000448,0.00035363805237553894,1.2004007208862648e-06,-1,0.0,0.0009999999999994458,0.001000000000000334,0.005000000000000782,2.8627837831900938e-06,6.397133420174612e-06,-0.4297658358097607,False,0.867063913065133,0.5,0.004000000000001336,-0.00011898,5.65956714,5.6626511,-0.0030839599999996636,4831860.1,0.0010905821976451217,1.9138,-0.00011898,2,1,False,1.4946879722159918,0.4724982682469523,24,42,5,2,0,9,3,False,0,3691809426
1779860545000,1779860546021,9,67,True,5.656,5.656,5.655,5.655,131.29999999999998,0.0,131.29999999999998,2,0,2,5.655,5.656,0.0009999999999994458,5.6555,5.655005590026988,5.655800680199813,3777.4,8953.2,20795.6,3985.0,11328.9,27738.3,20795.6,27738.3,-0.14304846715388334,-0.999999999992384,-0.06880682982404865,-8.99285810640992e-07,6.509859969787066e-07,-1.5502718076196985e-06,0.4284757664230481,0.9888198757702558,0.7497070837073379,0.0,131.29999999999998,-131.29999999999998,-10136.300000000001,2.3417666731587183,65.64999996717499,131.1,-131.29999999999998,0.8540560518133181,16.666666388888896,-0.00017681902618779172,0.0002499836855323198,0.00010619064732695064,4.999801238589202e-07,-0.004999999999999893,-0.00035363805237553894,1.3466795596835116e-06,-1,-0.9999990000010001,0.0009999999999994458,0.0009999999999994458,-0.00300000000000189,2.6796447187218596e-06,6.31756002730229e-06,-0.3723404271902228,False,0.867063913065133,0.4925373134328358,-0.004000000000001336,-0.00011898,5.65956714,5.6626511,-0.0030839599999996636,4831860.1,0.0010905821976451217,1.9138,-0.00011898,2,0,False,1.5304047322615577,0.46989309753294517,25,42,5,2,0,9,2,False,0,185732383
1779860546000,1779860547083,9,68,True,5.655,5.656,5.655,5.656,5.699999999999999,4.3,1.4,2,1,1,5.656,5.657,0.001000000000000334,5.656499999999999,5.656497938115173,5.657233552718733,2801.0,8008.2,19316.7,4552.8,12601.8,28644.9,19316.7,28644.9,-0.19449309447557642,0.5087719297353032,-0.21250639280397587,-9.48750484119381e-07,6.413403338600541e-07,-1.590090817979435e-06,0.40275345276220137,0.004123711340184988,0.6743504079259947,4.3,1.4,2.9,-10133.400000000001,2.33056120846499,2.8499999985749995,4.3,2.9,0.8581623996303986,1.9960079800478883,0.00017681902618774722,0.0002499881036869933,0.00010619064732695064,4.6879799644213955e-07,-0.002000000000000668,0.00035363805237553894,3.102088178188182e-05,-1,0.9999990000010001,0.0009999999999994458,0.001000000000000334,0.005000000000000782,2.5009574460500345e-06,6.176035784600077e-06,-0.289007080866811,False,0.867063913065133,0.4852941176470588,0.004000000000001336,-0.00011898,5.65956714,5.6626511,-0.0030839599999996636,4831860.1,0.0010905821976451217,1.9138,-0.00011898,2,1,False,1.5106789350946503,0.4698935909467118,26,42,5,2,0,9,2,False,0,3438102821
1779860547000,1779860548074,9,69,True,5.656499999999999,5.656499999999999,5.656499999999999,5.656499999999999,0.0,0.0,0.0,0,0,0,5.656,5.657,0.001000000000000334,5.656499999999999,5.656470530902793,5.6579647313970005,1832.8,6778.099999999999,18098.399999999998,4714.099999999999,12971.5,28825.9,18098.399999999998,28825.9,-0.22861289353277034,0.0,-0.2479842625067815,-9.89700060212318e-07,6.390129647792389e-07,-1.6287130249915569e-06,0.38569355323360416,0.05893813930804223,0.6278520358427445,0.0,0.0,0.0,-10133.400000000001,2.2541493655644986,0.0,0.0,0.0,0.0,0.0,8.839779011283543e-05,0.0002379905441545105,0.0,4.2197027618779425e-07,-0.001500000000000945,-8.842123607491179e-05,88397.79011283543,-1,0.0,0.0,0.001000000000000334,0.006000000000000227,2.5009574460500345e-06,6.600840575633819e-06,-0.23863632125220874,False,0.867063913065133,0.4782608695652174,0.006000000000000227,-0.00011898,5.65956714,5.6626511,-0.0030839599999996636,4831860.1,0.0010905821976451217,1.9138,-0.00011898,1,0,False,1.528748674055225,0.47219666089313317,27,42,5,2,0,9,0,False,0,2712446242
1779860548000,1779860549006,9,70,True,5.656,5.656,5.656,5.656,109.6,0.0,109.6,1,0,1,5.655,5.656,0.0009999999999994458,5.6555,5.655870019892152,5.657160309413461,1894.0,6872.9,18711.4,5229.1,12908.699999999999,29340.2,18711.4,29340.2,-0.22119554811910067,-0.9999999999908759,-0.2602927744944579,-9.490624107792558e-07,6.254576163828549e-07,-1.5745200271621107e-06,0.3894022259404393,-0.7400398406337648,0.6377393473800235,0.0,109.6,-109.6,-10243.000000000002,2.213029714234515,109.59999989039999,109.6,-109.6,0.4518692149120238,1.0,-8.83977901127147e-05,0.00023551776222691765,0.0,4.2978444548461646e-07,0.0009999999999994458,-0.00017679558022555013,8.065491798531766e-07,-1,0.0,0.0009999999999994458,0.0009999999999994458,-0.005000000000000782,2.368735102385068e-06,4419.889512149945,-0.15714287723813689,False,0.867063913065133,0.4714285714285714,-0.006000000000000227,-0.00011898,5.65956714,5.6626511,-0.0030839599999996636,4831860.1,0.001089130320695677,1.9138,-0.00011898,1,0,False,1.5462168235645437,0.47060291749308003,28,42,5,2,0,8,1,False,0,3984397739
1779860549000,1779860550005,9,71,True,5.655,5.655,5.654,5.654,28.0,0.0,28.0,2,0,2,5.653,5.654,0.001000000000000334,5.653499999999999,5.65370941880935,5.654896758748369,2112.4,7009.1,18920.7,5532.8,13719.9,29454.9,18920.7,29454.9,-0.21775853942896384,-0.9999999999642857,-0.2508198926274515,-9.228154820459677e-07,6.238736315508256e-07,-1.5466891135967933e-06,0.39112073028550776,-0.418837675348603,0.6423617123127003,0.0,28.0,-28.0,-10271.000000000002,2.206045133439941,13.999999993,26.1,-28.0,0.9065997647902836,3.1645569520108956,-0.0003536693228730169,0.00024844056798648613,0.00010620942717463375,4.6104803205725135e-07,-0.001000000000000334,-0.00026527153276030216,1.2631047245013779e-05,-1,-0.9999990000010001,0.0010000000000012221,0.001000000000000334,-0.0010000000000012221,2.3178143564089704e-06,4419.889512311291,-0.15714287723813689,False,0.867063913065133,0.4647887323943662,-0.0020000000000024443,-0.00011898,5.65956714,5.6626511,-0.0030839599999996636,4832688.3,0.001260720971205568,1.9138,-0.00011898,2,0,False,1.54265242587738,0.4678873372195541,29,42,5,2,0,9,2,False,0,2530165034
1779860550000,1779860551109,9,72,True,5.653499999999999,5.653499999999999,5.653499999999999,5.653499999999999,0.0,0.0,0.0,0,0,0,5.653,5.654,0.001000000000000334,5.653499999999999,5.653387766522708,5.654521654337085,2313.6,7537.099999999999,19452.6,4608.8,12572.3,28401.7,19452.6,28401.7,-0.18700722819056625,0.0,-0.19239551346534195,-9.055241719129895e-07,6.387685322207453e-07,-1.5442927041337346e-06,0.40649638590470644,0.2244668911322982,0.6849097061091172,0.0,0.0,0.0,-10271.000000000002,2.1337157848025656,0.0,0.0,0.0,0.0,0.0,-8.843687823590999e-05,0.0002460746440506448,0.0,4.923254428999492e-07,-0.0005000000000006111,0.0002652324446371069,88436.87823590999,-1,0.0,0.0,0.001000000000000334,-0.0,2.3178143564089704e-06,4419.889510015129,-0.15714287723813689,False,0.867063913065133,0.4583333333333333,-0.0,-0.00011898,5.65956714,5.6626511,-0.0030839599999996636,4832688.3,0.001260720971205568,1.9138,-0.00011898,1,1,False,1.5462168235645437,0.46647267251958746,30,42,5,2,0,9,0,False,0,1214406672
1779860551000,1779860552015,9,73,True,5.653,5.653,5.653,5.653,1.1,0.0,1.1,1,0,1,5.653,5.654,0.001000000000000334,5.653499999999999,5.653389689547377,5.654399902470642,2564.5,7770.3,19685.8,4613.0,12489.199999999999,28318.6,19685.8,28318.6,-0.17983351526109734,-0.999999999090909,-0.18045451847336402,-9.021740076492875e-07,6.397180427537681e-07,-1.5418920504030555e-06,0.410083242369441,0.22062084257083917,0.6951544214756133,0.0,1.1,-1.1,-10272.100000000002,2.0965447754647766,1.0999999989,1.1,-1.1,0.4769752648384711,1.0,-8.84447000089813e-05,0.00024686808966052187,0.0,5.001472160652549e-07,0.0,-7.821773071318744e-09,8.040427266234275e-05,-1,0.0,0.0009999999999994458,0.001000000000000334,-0.0009999999999994458,2.310417090188698e-06,8842.124510464195,-0.15714287723813689,False,0.867063913065133,0.4520547945205479,-0.0019999999999988916,-0.00011898,5.65956714,5.6626511,-0.0030839599999996636,4832688.3,0.001260720971205568,1.9138,-0.00011898,2,0,False,1.5462168235645437,0.46571981790143974,31,42,5,2,0,7,1,False,0,3308616575
1779860552000,1779860553005,9,74,True,5.654,5.654,5.653,5.654,61.4,60.4,1.0,3,2,1,5.653,5.654,0.001000000000000334,5.653499999999999,5.653592570721382,5.654242653403465,2869.4,8286.6,20168.3,4892.7,12629.8,30789.0,20168.3,30789.0,-0.20842352322434257,0.9674267100819638,-0.21419710736630942,-8.85620059589504e-07,6.235915072697178e-07,-1.5092115668592219e-06,0.3957882383878189,-0.18514150943287067,0.6550488810938758,60.4,1.0,59.4,-10212.700000000003,2.1261662582364234,20.466666659844442,44.3,59.4,1.4109903150647303,19.607842752787395,0.0001768815782448808,0.0002468759210351676,0.00010622821366572005,4.84587207985102e-07,-0.0019999999999997797,0.0002653262782538621,2.8808074632247556e-06,-1,0.0,0.0010000000000012221,0.001000000000000334,0.0030000000000001137,2.4478774174260364e-06,8842.124518184224,-0.15714287723813689,False,0.867063913065133,0.44594594594594594,0.0019999999999988916,-0.00011898,5.65956714,5.6626511,-0.0030839599999996636,4832688.3,0.001260720971205568,1.9138,-0.00011898,2,1,False,1.5443686153310396,0.46572046491332625,32,42,5,2,0,8,3,False,0,2321056498
1779860553000,1779860554001,9,75,True,5.653499999999999,5.653499999999999,5.653499999999999,5.653499999999999,0.0,0.0,0.0,0,0,0,5.653,5.654,0.001000000000000334,5.653499999999999,5.653652064422691,5.654598914319337,2302.7,7685.3,19603.0,5010.7,12854.2,31098.7,19603.0,31098.7,-0.2267320425153353,0.0,-0.24528692257059254,-8.981953127632528e-07,6.173939501514663e-07,-1.515589262914719e-06,0.3866339787423226,-0.3041289023146822,0.6303478923556087,0.0,0.0,0.0,-10212.700000000003,2.0564558891139177,0.0,0.0,0.0,0.0,0.0,-8.843687823590999e-05,0.00024449711190760963,0.0,4.378270818292319e-07,-0.001500000000000945,-0.0002653184564807908,88436.87823590999,-1,0.0,0.0,0.001000000000000334,-0.005999999999998451,2.4478774174260364e-06,8842.124518105275,-0.15714287723813689,False,0.867063913065133,0.44,-0.005999999999998451,-0.00011898,5.65956714,5.6626511,-0.0030839599999996636,4832688.3,0.0012560119636366713,1.9138,-0.00011898,1,0,False,1.5370889186058843,0.4667087623168598,33,42,5,2,0,7,0,False,0,3621894241
1779860554000,1779860555081,9,76,True,5.653499999999999,5.653499999999999,5.653499999999999,5.653499999999999,0.0,0.0,0.0,0,0,0,5.653,5.654,0.001000000000000334,5.653499999999999,5.653680240603176,5.654707378555638,2262.4,7468.2,19384.9,5235.0,13378.4,31624.9,19384.9,31624.9,-0.23995389121305633,0.0,-0.2630391214804001,-9.061548766597838e-07,6.082269042291828e-07,-1.5143817808889666e-06,0.38002305439346207,-0.3604812586748706,0.612963203045682,0.0,0.0,0.0,-10212.700000000003,1.9890311058642811,0.0,0.0,0.0,0.0,0.0,0.0,0.00023138277472932665,0.0,4.378270818292319e-07,-0.002500000000000391,8.843687823590999e-05,0.0,-1,0.0,0.0,0.001000000000000334,0.0,2.4478774174260364e-06,8842.124517883913,-0.15714287723813689,False,0.8536115855431049,0.4342105263157895,0.0,-0.00011898,5.65956714,5.6626511,-0.0030839599999996636,4832600.0,0.0012377176106041774,1.9138,-0.00011898,1,1,False,1.540716568900329,0.4661972792901247,34,42,5,2,0,8,0,False,0,530550934
1779860555000,1779860556039,9,77,True,5.653,5.654,5.653,5.653,71.2,2.1,69.10000000000001,3,1,2,5.653,5.654,0.001000000000000334,5.653499999999999,5.653685793587906,5.654629710342488,2264.1,7469.9,19386.6,4985.9,13059.0,31305.5,19386.6,31305.5,-0.2351234215982326,-0.9410112359418399,-0.2584878945991852,-9.0628259567541e-07,6.127430560783208e-07,-1.5190256517537308e-06,0.38243828920087386,-0.37158722813340306,0.6192713740396857,2.1,69.10000000000001,-67.00000000000001,-10279.700000000003,2.022177626983485,23.733333325422223,67.9,-67.0,1.483549198885955,2.808988756154526,-8.84447000089813e-05,0.00023222642332307116,0.00010622821366572005,4.3782708182923186e-07,-0.002000000000000668,-8.84447000089813e-05,1.2422008428053244e-06,-1,0.0,0.0009999999999994458,0.001000000000000334,-0.006999999999999673,2.4109130850394404e-06,13264.359518332978,-0.15714287723813689,False,0.8536115855431049,0.42857142857142855,-0.007999999999999119,-0.00011898,5.65956714,5.6626511,-0.0030839599999996636,4832600.0,0.0012377176106041774,1.9138,-0.00011898,1,0,False,1.5437168192533153,0.4654461685026405,35,42,5,2,0,8,3,False,0,3209440340
1779860556000,1779860557051,9,78,True,5.652,5.652,5.652,5.652,107.4,0.0,107.4,1,0,1,5.652,5.653,0.0009999999999994458,5.6525,5.652578435166786,5.653151160750918,2598.0,7533.0,22721.899999999998,4251.0,11149.1,28529.5,22721.899999999998,28529.5,-0.11331592893071975,-0.999999999990689,-0.1416508749700453,-9.085634441557836e-07,6.489093607632773e-07,-1.5574728049190608e-06,0.4433420355346304,-0.15687037757821382,0.7964352687568728,0.0,107.4,-107.4,-10387.100000000002,1.9886636064266492,107.3999998926,107.4,-107.4,0.5028502539421487,1.0,-0.00017691287087266317,0.00022192061314926572,0.0,4.5347408762129226e-07,-0.0039999999999995595,-8.846817086368187e-05,1.647233434553221e-06,-1,0.0,0.0009999999999994458,0.0009999999999994458,-0.005000000000000782,2.4645899668148282e-06,13264.3595182216,-0.13673465655774575,False,0.8536115855431049,0.4230769230769231,-0.006000000000000227,-0.00011898,5.65956714,5.6626511,-0.0030839599999996636,4832600.0,0.0012377176106041774,1.9138,-0.00011898,1,0,False,1.542853282764301,0.4644542459257328,36,42,5,2,0,10,1,False,0,26041363
1779860557000,1779860558051,9,79,True,5.6525,5.6525,5.6525,5.6525,0.0,0.0,0.0,0,0,0,5.652,5.653,0.0009999999999994458,5.6525,5.652564375215904,5.653305773039883,2524.2000000000003,7802.7,23084.1,4589.9,12157.3,29054.7,23084.1,29054.7,-0.11451356763101352,0.0,-0.15961749401838754,-8.902778207201991e-07,6.41569847120564e-07,-1.5318476678407631e-06,0.44274321618448365,-0.1287504747431494,0.7945048477526597,0.0,0.0,0.0,-10387.100000000002,1.9234615209700376,0.0,0.0,0.0,0.0,0.0,8.846034770669421e-05,0.00022280040439004036,0.0,4.691238616924775e-07,-0.0039999999999995595,0.00026537321857935737,88460.3477066942,-1,0.0,0.0,0.0009999999999994458,0.007999999999999119,2.4645899668148282e-06,13264.359518262781,-0.19696967678676605,False,0.8536115855431049,0.4177215189873418,0.007999999999999119,-0.00011898,5.65956714,5.6626511,-0.0030839599999996636,4832600.0,0.0012377176106041774,1.9138,-0.00011898,1,1,False,1.5464929115890411,0.4649634761363729,37,42,5,2,0,8,0,False,0,1255902672
1779860558000,1779860559036,9,80,True,5.652,5.652,5.651,5.651,119.4,0.0,119.4,2,0,2,5.65,5.651,0.0009999999999994458,5.6505,5.650610542835164,5.651463716478068,3076.6,8514.6,23645.6,5399.7,11479.4,28476.6,23645.6,28476.6,-0.09268603397400547,-0.9999999999916248,-0.13317338837975085,-7.959435416163686e-07,6.252665244838451e-07,-1.4212100661002137e-06,0.4536569830129877,-0.2210857592429497,0.8303519380824667,0.0,119.4,-119.4,-10506.500000000002,1.9259709792988888,59.69999997015,114.7,-119.4,1.0384372456586146,1.602564099995891,-0.00026540452228164784,0.00019773147478468976,0.00010626580659303241,4.926016380164412e-07,-0.004999999999999893,-0.00035386486998834207,2.2228184445512983e-06,-1,-0.9999990000010001,0.0009999999999994458,0.0009999999999994458,-0.0030000000000001137,2.3801682350057655e-06,26534.58563219224,-0.24645388473418725,False,0.8536115855431049,0.4125,-0.0039999999999995595,-0.00011898,5.65956714,5.6626511,-0.0030839599999996636,4832600.0,0.0012465961427951377,1.9138,-0.00011898,1,0,False,1.5739776948223274,0.4633081780308079,38,42,5,2,0,9,2,False,0,2386616075
1779860559000,1779860559995,9,81,True,5.65,5.65,5.65,5.65,44.2,0.0,44.2,2,0,2,5.65,5.651,0.0009999999999994458,5.6505,5.650579249423176,5.651225721877859,3242.0,8874.7,24014.7,5035.0,11114.699999999999,27927.1,24014.7,27927.1,-0.07532276509477767,-0.9999999999773757,-0.11884836834779755,-7.860091195922055e-07,6.359030326883395e-07,-1.421912152280545e-06,0.4623386174526015,-0.15849889624654082,0.8599066856207462,0.0,44.2,-44.2,-10550.700000000003,1.9283981603054827,22.09999998895,22.1,-44.2,1.0371302151864967,6.993006944104847,-0.0001769754893565863,0.00020165255344819848,0.0,5.395717332246868e-07,-0.0039999999999995595,8.842903292506155e-05,4.0039703473434916e-06,-1,0.0,0.0009999999999994458,0.0009999999999994458,-0.0010000000000012221,3.880020544167496e-06,26534.58563226635,-0.2876254055120309,False,0.8536115855431049,0.4074074074074074,-0.002000000000000668,-0.00011898,5.65956714,5.6626511,-0.0030839599999996636,4832497.6,0.0012253803063002084,1.9138,-0.00011898,1,1,False,1.573166910727901,0.46914297267967764,39,42,5,2,0,8,2,False,0,2112863473
1779860560000,1779860561069,9,82,True,5.65,5.65,5.65,5.65,119.9,0.0,119.9,3,0,3,5.649,5.65,0.001000000000000334,5.6495,5.649461435259392,5.650076265758179,3616.1,8600.9,23512.8,4973.6,10811.2,27970.8,23512.8,27970.8,-0.08659068130433602,-0.9999999999916597,-0.1052914229937825,-7.723695733746318e-07,6.519398378419427e-07,-1.4243094112165745e-06,0.4567046593478223,0.07712944332636779,0.8406195031961602,0.0,119.9,-119.9,-10670.600000000002,1.963532646852844,39.96666665334445,62.5,-119.9,1.52785847654764,3.2840722388043604,0.0,0.00019773707528001616,0.0,5.082901736339173e-07,-0.0034999999999989484,0.0001769754893565863,0.0,-1,0.0,0.0010000000000012221,0.001000000000000334,-0.0010000000000012221,4.690663785759836e-06,26534.585632154427,-0.2507936519277759,False,0.8536115855431049,0.4024390243902439,-0.0020000000000024443,-0.00011898,5.65956714,5.6626511,-0.0030839599999996636,4832497.6,0.0012253803063002084,1.9138,-0.00011898,1,1,False,1.5621801269009468,0.46914297267967764,40,42,5,2,0,9,3,False,0,1482272961
1779860561000,1779860562059,9,83,True,5.649,5.649,5.649,5.649,1.7,0.0,1.7,1,0,1,5.649,5.65,0.001000000000000334,5.6495,5.649487866354713,5.650026515913469,3607.7999999999997,8631.199999999999,23570.7,4821.099999999999,10624.0,27663.8,23570.7,27663.8,-0.07988952756443254,-0.9999999994117647,-0.10290438154027597,-7.697222227401261e-07,6.582636752437301e-07,-1.4279858979838562e-06,0.460055236217774,0.02426725496368018,0.8520412958450809,0.0,1.7,-1.7,-10672.300000000003,1.9319414125298,1.6999999982999998,1.7,-1.7,0.517614039947995,1.0,-0.00017700681522460915,0.00019774267859006247,0.0,4.144454929049268e-07,-0.0039999999999995595,-0.00017700681522460915,0.00010412165595322793,-1,0.0,0.0009999999999994458,0.001000000000000334,-0.0009999999999994458,3.4977752564318773e-06,26534.585631896996,-0.2507936519277759,False,0.8536115855431049,0.39759036144578314,-0.0019999999999988916,-0.00011898,5.65956714,5.6626511,-0.0030839599999996636,4832497.6,0.0012253803063002084,1.9138,-0.00011898,1,0,False,1.5586545476439477,0.4748472706345899,41,42,5,2,0,8,1,False,0,624686337
1779860562000,1779860563055,9,84,True,5.6485,5.6485,5.6485,5.6485,0.0,0.0,0.0,0,0,0,5.648,5.649,0.001000000000000334,5.6485,5.648599064376311,5.649402016638688,3628.5,8246.3,22435.8,5674.099999999999,11267.8,27437.899999999998,22435.8,27437.899999999998,-0.1002953460441054,0.0,-0.14736759026594598,-7.815058452462007e-07,6.63088182756845e-07,-1.4445940280030456e-06,0.4498523269779373,-0.1981287837088659,0.8176937739403957,0.0,0.0,0.0,-10672.300000000003,1.8685990711353804,0.0,0.0,0.0,0.0,0.0,-8.851515827860905e-05,0.00015943556900633037,0.0,3.3630178549218986e-07,-0.005499999999999616,8.84916569460001e-05,88515.15827860904,-1,0.0,0.0,0.001000000000000334,0.0039999999999995595,3.4977752564318773e-06,26534.58563292136,-0.2507936519277759,False,0.8536115855431049,0.39285714285714285,0.0039999999999995595,-0.00011898,5.65956714,5.6626511,-0.0030839599999996636,4832497.6,0.0012253803063002084,1.9138,-0.00011898,1,1,False,1.5621012808054944,0.48422488894638216,42,42,5,2,0,8,0,False,0,3891150599
1779860563000,1779860564057,9,85,True,5.649,5.649,5.648,5.648,209.5,43.9,165.6,4,1,3,5.649,5.65,0.001000000000000334,5.6495,5.649251348895462,5.649973696291027,3369.6,7700.0,23139.9,4906.8,10664.1,27493.7,23139.9,27493.7,-0.08598638058522233,-0.5809069212382773,-0.10652753785849893,-7.700557740966662e-07,6.669702287075816e-07,-1.4370260028042477e-06,0.45700680970737895,0.4973021582711452,0.8416437220162859,43.9,165.6,-121.69999999999999,-10794.000000000004,1.938481068803073,52.374999986906246,162.5,-121.7,2.063471272590943,4.61538459408284,-8.852299390554957e-05,0.00015571855472541635,0.00010632224589923877,3.1287244428704485e-07,-0.005499999999999616,-7.835626940515326e-09,4.2254412365215766e-07,-1,-0.9999990000010001,0.0030000000000001137,0.001000000000000334,0.005000000000000782,1.6411933136411002e-06,30960.735328191564,-0.2507936519277759,False,0.8504513337347158,0.38823529411764707,0.002000000000000668,-0.00011898,5.65956714,5.6626511,-0.0030839599999996636,4832497.6,0.0012458757765795852,1.9138,-0.00011898,1,0,False,1.57556173628838,0.4842333238944712,43,42,5,2,0,9,4,False,0,1572078604
1779860564000,1779860565048,9,86,True,5.649,5.649,5.649,5.649,154.4,154.4,0.0,1,1,0,5.649,5.65,0.001000000000000334,5.6495,5.649453372166322,5.649820873945691,3573.1,8026.5,23921.8,4244.3,10621.4,27661.9,23921.8,27661.9,-0.07250546199671466,0.9999999999935234,-0.08035610031691119,-7.480936384588844e-07,6.478324690781818e-07,-1.3959261075370663e-06,0.46374726900163304,0.09325562031601478,0.864792367841657,154.4,0.0,154.4,-10639.600000000004,1.9077111976947754,154.3999998456,154.4,154.4,0.524188357590071,1.0,0.00017703815218410773,0.00015573100285784934,0.0,2.972794235318973e-07,-0.004499999999999282,0.0002655611460896573,1.1466201566253958e-06,-1,0.0,0.0009999999999994458,0.001000000000000334,-0.0030000000000001137,3.2695327565919376e-06,30960.735328186845,-0.2507936519277759,False,0.8504513337347158,0.38372093023255816,-0.0039999999999995595,-0.00011898,5.65956714,5.6626511,-0.0030839599999996636,4832497.6,0.0012458757765795852,1.9138,-0.00011898,1,1,False,1.5875715641615669,0.4748429954607721,44,42,5,2,0,9,1,False,0,1885933449
1779860565000,1779860566091,9,87,True,5.65,5.65,5.65,5.65,82.0,82.0,0.0,1,1,0,5.649,5.65,0.001000000000000334,5.6495,5.64918364878917,5.64970540793786,3903.9,8409.2,24308.2,4093.6,10456.8,27422.7,24308.2,27422.7,-0.060205795762299515,0.9999999999878049,-0.03685142006629649,-7.431739387792031e-07,6.512256637741696e-07,-1.3943996025533727e-06,0.4698971021188406,0.6327023761553254,0.886426208943653,82.0,0.0,82.0,-10557.600000000004,1.8779501748195369,81.999999918,82.0,82.0,0.5324954904959607,1.0,0.00017700681522468892,0.00015574166906069453,0.0,2.973514150012789e-07,-0.0029999999999992255,-3.1336959418809453e-08,2.1586196978357354e-06,-1,0.0,0.0010000000000012221,0.001000000000000334,-0.0009999999999994458,4.04609171803793e-06,30960.735328184142,-0.2507936519277759,False,0.840089019862805,0.3793103448275862,-0.002000000000000668,-0.00011898,5.65956714,5.6626511,-0.0030839599999996636,4832497.6,0.0012458757765795852,1.9138,-0.00011898,1,0,False,1.6037629096828092,0.46818967421078167,45,42,5,2,0,9,1,False,0,1873074978
1779860566000,1779860567073,9,88,True,5.649,5.649,5.649,5.649,142.6,0.0,142.6,2,0,2,5.648,5.649,0.001000000000000334,5.6485,5.648486709965598,5.649041175720436,4100.5,8313.4,22999.5,4547.8,10837.4,27185.9,22999.5,27185.9,-0.08341868352150064,-0.9999999999929875,-0.10078323265259229,-7.60333425085417e-07,6.470222500965806e-07,-1.4073556751819976e-06,0.45829065823923976,0.026580035439968754,0.8460084087706918,0.0,142.6,-142.6,-10700.200000000004,1.881951808432011,71.29999996435,140.0,-142.6,1.062726468327378,2.6737967842946606,-0.00017700681522460915,0.00015575233453309672,0.0,3.1305241647235146e-07,-0.0030000000000001137,-0.00035401363044929805,1.2412820141891156e-06,-1,0.0,0.0009999999999994458,0.001000000000000334,0.0009999999999994458,3.978820656443378e-06,30960.735328224742,-0.2507936519277759,False,0.840089019862805,0.375,0.0,-0.00011898,5.65956714,5.6626511,-0.0030839599999996636,4832497.6,0.0012458757765795852,1.9138,-0.00011898,1,0,False,1.6176966578140162,0.48774926937304686,46,42,5,2,0,7,2,False,0,2538458282
1779860567000,1779860568023,9,89,True,5.649,5.652,5.649,5.651,384.3,363.7,20.6,5,4,1,5.65,5.651,0.0009999999999994458,5.6505,5.650431126961982,5.65145949718769,2983.4,7179.0,22999.9,5254.3,11516.3,27586.9,22999.9,27586.9,-0.09067582847699221,0.8927920895110777,-0.13651784289669147,-8.097363433252034e-07,6.438599205381378e-07,-1.4535962638633413e-06,0.45466208576149403,0.13774597495404517,0.8337254276486001,363.7,20.6,343.09999999999997,-10357.100000000004,1.9841828966801418,76.859999984628,171.1,343.1,2.5199289873155735,6.504064998347545,0.00035398230458110825,0.0001735893281440298,0.00031885384576618513,3.6789552755529874e-07,-0.0015000000000000568,0.0005309891198057174,9.211093015357458e-07,-1,0.6666664444444198,0.0009999999999994458,0.0009999999999994458,0.0030000000000001137,5.410812786323453e-06,30960.735327573446,-0.22857142027813832,False,0.8289437042369106,0.3707865168539326,0.002000000000000668,-0.00011898,5.65956714,5.6626511,-0.0030839599999996636,4832497.6,0.0012458757765795852,1.9138,-0.00011898,1,1,False,1.661224273660585,0.48035615751219923,47,42,5,2,0,10,5,False,0,2520524169
1779860568000,1779860569133,9,90,True,5.65,5.65,5.65,5.65,17.7,0.0,17.7,1,0,1,5.65,5.651,0.0009999999999994458,5.6505,5.650527913754647,5.6514635977097845,2659.2,6572.4,22393.3,4561.5,10855.4,26926.0,22393.3,26926.0,-0.09190519735681384,-0.9999999999435029,-0.14302120113634814,-8.208278822676535e-07,6.496778338286979e-07,-1.4705057160963514e-06,0.45404740132158294,-0.055827619979864525,0.8316608482507304,0.0,17.7,-17.7,-10374.800000000005,1.951914604985711,17.6999999823,17.7,-17.7,0.512317494286592,1.0,-0.0001769754893565863,0.00017694225773484763,0.0,3.992781325594777e-07,-0.0009999999999994458,-0.0005309577939376945,9.998615217321338e-06,-1,0.0,0.0009999999999994458,0.0009999999999994458,-0.0010000000000012221,5.493121621029792e-06,26540.84582196073,-0.26212117702713167,False,0.8289437042369106,0.36666666666666664,-0.002000000000000668,-0.00011898,5.65956714,5.6626511,-0.0030839599999996636,4832497.6,0.001253592911986987,1.9138,-0.00011898,1,0,False,1.6668558001656937,0.482991328635697,48,42,5,2,0,7,1,False,0,562039437
1779860569000,1779860570015,9,91,True,5.65,5.65,5.65,5.65,17.5,0.0,17.5,1,0,1,5.65,5.651,0.0009999999999994458,5.6505,5.650527913754647,5.651495921584317,2719.1,6868.5,22689.4,4698.0,11193.6,27264.2,22689.4,27264.2,-0.09158098715607899,-0.9999999999428572,-0.13852121507062712,-8.119782471255055e-07,6.417616327416298e-07,-1.4537398798671352e-06,0.4542095064219505,-0.055827619979864525,0.8322048693891319,0.0,17.5,-17.5,-10392.300000000005,1.9207042900681468,17.4999999825,17.5,-17.5,0.5206423522091875,1.0,0.0,0.00015828601667624442,0.0,3.6800072171678e-07,0.0,0.0001769754893565863,0.0,-1,0.0,0.0009999999999994458,0.0009999999999994458,-0.0030000000000001137,5.355462625714308e-06,26540.84582179939,-0.2906976566474188,False,0.8289437042369106,0.3626373626373626,-0.0039999999999995595,-0.00011898,5.65,5.65317776,-0.0031777599999998074,4832482.6,0.001250485035866432,1.9138,-0.00011898,1,1,False,1.6668558001656937,0.48013574998270425,49,42,5,2,0,5,1,False,0,3987920159
1779860570000,1779860571065,9,92,True,5.65,5.651,5.65,5.65,141.1,31.5,109.60000000000001,4,1,3,5.65,5.651,0.0009999999999994458,5.6505,5.650987425508597,5.651898284859745,2159.6,6662.5,22483.4,5215.900000000001,11922.3,28021.0,22483.4,28021.0,-0.10964589223908984,-0.5535081502441284,-0.20503826381866114,-8.083362699065332e-07,6.301051097604561e-07,-1.4384413796669892e-06,0.4451770538804452,-0.9748510919856065,0.8023767888369151,31.5,109.60000000000001,-78.10000000000001,-10470.400000000005,1.9888779199019782,35.27499999118125,82.2,-78.10000000000001,2.0111842752952658,3.797468340009614,0.0,0.00015704588184230323,0.00010628461303605694,3.601789485514742e-07,0.0,0.0,0.0,-1,0.0,0.0009999999999994458,0.0009999999999994458,-0.0030000000000001137,5.073704582669086e-06,26540.845821641466,-0.3151260245933129,False,0.8106313195290508,0.358695652173913,-0.0039999999999995595,-0.00011898,5.65,5.65317776,-0.0031777599999998074,4832482.6,0.001250485035866432,1.9138,-0.00011898,1,0,False,1.6686174096829849,0.4801357499827042,50,42,5,2,0,8,4,False,0,1413922705
1779860571000,1779860572055,9,93,True,5.65,5.65,5.65,5.65,3.7,0.0,3.7,1,0,1,5.649,5.65,0.001000000000000334,5.6495,5.649891642618733,5.650303203248527,2443.3,6886.1,22652.9,4249.9,11075.0,28145.7,22652.9,28145.7,-0.10812896418405017,-0.9999999997297297,-0.18414100965832453,-7.68316867637912e-07,6.364444614273421e-07,-1.404761329065254e-06,0.4459355179079651,-0.7832853025891452,0.8048440792021231,0.0,3.7,-3.7,-10474.100000000006,1.9564556930199462,3.6999999963,3.7,-3.7,0.5111283649594393,1.0,0.0,0.00015579565384067276,0.0,3.4453471042649053e-07,0.001000000000000334,0.0,0.0,-1,0.0,0.0010000000000012221,0.001000000000000334,-0.0030000000000001137,4.870808366617289e-06,22118.610821192404,-0.28048783300400176,False,0.8106313195290508,0.3548387096774194,-0.004000000000001336,-0.00011898,5.65,5.65317776,-0.0031777599999998074,4832482.6,0.001250485035866432,1.9138,-0.00011898,1,0,False,1.6706608237942553,0.4801357499827042,51,42,5,2,0,9,1,False,0,2451543785
1779860572000,1779860573057,9,94,True,5.6495,5.6495,5.6495,5.6495,0.0,0.0,0.0,0,0,0,5.649,5.65,0.001000000000000334,5.6495,5.649886472118569,5.6503952963841035,2232.9,6278.0,22044.8,4196.2,11121.0,28191.7,22044.8,28191.7,-0.1223592407910559,0.0,-0.20365097061304466,-7.78428081088987e-07,6.362301087761682e-07,-1.4146581898651553e-06,0.43882037960446213,-0.7729442970781276,0.7819606479921117,0.0,0.0,0.0,-10474.100000000006,1.8923096047242103,0.0,0.0,0.0,0.0,0.0,-8.849949118584122e-05,0.00015198532533284382,0.0,3.288918558290724e-07,0.0009999999999994458,-8.849949118584122e-05,88499.49118584121,-1,0.0,0.0,0.001000000000000334,-0.0,4.870808366617289e-06,22118.61081434827,-0.28048783300400176,False,0.8106313195290508,0.35106382978723405,-0.0,-0.00011898,5.65,5.65317776,-0.0031777599999998074,4832482.6,0.001250485035866432,1.9138,-0.00011898,1,0,False,1.673142216544431,0.5954222837931096,52,42,5,2,0,9,0,False,0,3934535011
1779860573000,1779860574005,9,95,True,5.649,5.649,5.649,5.649,12.5,0.0,12.5,1,0,1,5.649,5.65,0.001000000000000334,5.6495,5.649974604934256,5.650348218245997,2215.4,6573.4,22340.3,4093.0,10978.4,28007.9,22340.3,28007.9,-0.11256807591929582,-0.99999999992,-0.201658398801343,-7.724075308705307e-07,6.40296652746103e-07,-1.4127041836166337e-06,0.44371596204034225,-0.9492099322745531,0.797642807922022,0.0,12.5,-12.5,-10486.600000000006,1.8630535521103018,12.499999987499999,12.5,-12.5,0.5367532234006561,1.0,-8.850732403874329e-05,0.00015198737567755313,0.0,3.3672470897272156e-07,0.001000000000000334,-7.832852902070085e-09,7.080585922533017e-06,-1,0.0,0.0009999999999994458,0.001000000000000334,0.0009999999999994458,4.65300162986627e-06,26543.97701621342,-0.28048783300400176,False,0.8106313195290508,0.3473684210526316,0.0,-0.00011898,5.65,5.65317776,-0.0031777599999998074,4832482.6,0.0012592810283960875,1.9138,-0.00011898,1,0,False,1.5034417886757707,0.5817351839033942,53,42,5,2,0,8,1,False,0,1941358848
1779860574000,1779860575072,9,96,True,5.649,5.649,5.648,5.648,44.2,0.0,44.2,3,0,3,5.648,5.649,0.001000000000000334,5.6485,5.648390395706321,5.649334666754195,2246.2,6971.2,21371.2,3653.4,10050.8,26445.0,21371.2,26445.0,-0.10611048138496773,-0.9999999999773757,-0.13339103582979045,-7.840142584658291e-07,6.597844254232406e-07,-1.4437986838890697e-06,0.44694475930750577,0.2192085371266376,0.8081376441671088,0.0,44.2,-44.2,-10530.800000000007,1.9003304848279967,14.733333328422223,22.1,-44.2,1.5786727742216187,2.9069767357355327,-0.0001770381521841511,0.00015705823038538477,0.00010632224589923877,3.523938820753046e-07,-0.001000000000000334,-8.853082814540781e-05,4.005388058374337e-06,-1,-0.9999990000010001,0.0010000000000012221,0.001000000000000334,0.0030000000000001137,5.060338542083418e-06,26543.977016921574,-0.28048783300400176,False,0.8106313195290508,0.34375,0.0019999999999988916,-0.00011898,5.65,5.65317776,-0.0031777599999998074,4832503.1,0.001263528496407888,1.9138,-0.00011898,1,0,False,1.5085563761026084,0.569371547488099,54,42,5,2,0,9,3,False,0,1138737220
1779860575000,1779860576023,9,97,True,5.648,5.648,5.648,5.648,22.1,0.0,22.1,1,0,1,5.648,5.649,0.001000000000000334,5.6485,5.648454334697967,5.648745619948718,3087.4,8570.8,22970.8,3288.1,9669.0,26063.2,22970.8,26063.2,-0.06306644369213074,-0.9999999999547511,-0.06269653906496161,-7.529136100570475e-07,6.629327372710511e-07,-1.4158463473280986e-06,0.46846677815392446,0.09133055169174165,0.8813499493538444,0.0,22.1,-22.1,-10552.900000000007,1.8708114525385542,22.0999999779,22.1,-22.1,0.5345274095412158,1.0,0.0,0.00015580810147038142,0.0,3.367468762832442e-07,-0.002000000000000668,0.0001770381521841511,0.0,-1,0.0,0.0010000000000012221,0.001000000000000334,0.0070000000000014495,5.060338542083418e-06,22121.742016472504,-0.28048783300400176,False,0.8106313195290508,0.3402061855670103,0.006000000000000227,-0.00011898,5.65,5.65317776,-0.0031777599999998074,4832503.1,0.001263528496407888,1.9138,-0.00011898,1,1,False,1.4713684768006516,0.5643984959683509,55,42,5,2,0,8,1,False,0,2896142197
1779860576000,1779860577035,9,98,True,5.6485,5.6485,5.6485,5.6485,0.0,0.0,0.0,0,0,0,5.648,5.649,0.001000000000000334,5.6485,5.648165755885561,5.648739218249882,3045.2,8634.9,23502.4,3143.5,9524.4,25940.4,23502.4,25940.4,-0.04930950512511328,0.0,-0.017593743362726365,-7.312328057710523e-07,6.624831697752957e-07,-1.393715975546348e-06,0.4753452474374333,0.6684881602873802,0.9060153274428726,0.0,0.0,0.0,-10552.900000000007,1.809473372127454,0.0,0.0,0.0,0.0,0.0,8.852299390546484e-05,0.00015199694836503673,0.0,3.2109710221205894e-07,-0.0004999999999997229,8.852299390546484e-05,88522.99390546483,-1,0.0,0.0,0.001000000000000334,-0.007999999999999119,5.060338542083418e-06,22121.742016548546,-0.28048783300400176,False,0.8106313195290508,0.336734693877551,-0.007999999999999119,-0.00011898,5.65,5.65317776,-0.0031777599999998074,4832503.1,0.001263528496407888,1.9138,-0.00011898,1,1,False,1.4764397824682833,0.5751463416534569,56,42,5,2,0,6,0,False,0,1148053759
1779860577000,1779860578109,9,99,True,5.649,5.649,5.649,5.649,27.3,27.3,0.0,1,1,0,5.649,5.65,0.001000000000000334,5.6495,5.649105795742185,5.649782988304545,3007.7,7807.6,23521.7,3474.9,10302.7,27389.1,23521.7,27389.1,-0.07596423548637857,0.99999999996337,-0.060761700615359106,-7.564742642406342e-07,6.46204276924869e-07,-1.4026785411655032e-06,0.4620178822568009,0.788408463657827,0.8587978429374876,27.3,0.0,27.3,-10525.600000000008,1.7829332615658982,27.2999999727,27.3,27.3,0.5608734892078101,1.0,8.851515827861659e-05,0.000151998543804599,0.0,3.0545495270493453e-07,-0.0019999999999997797,-7.835626848249721e-09,3.2423134899404496e-06,-1,0.0,0.0009999999999994458,0.001000000000000334,-0.006999999999999673,5.286586580628385e-06,26547.49993043819,-0.28048783300400176,False,0.8106313195290508,0.3333333333333333,-0.007999999999999119,-0.00011898,5.65,5.65317776,-0.0031777599999998074,4832503.1,0.001263528496407888,1.9138,-0.00011898,1,0,False,1.4713684768006516,0.5799084782172579,57,42,5,2,0,9,1,False,0,1581740278
1779860578000,1779860579076,9,100,True,5.649,5.65,5.649,5.65,38.9,35.1,3.8000000000000003,3,1,2,5.649,5.65,0.001000000000000334,5.6495,5.649977380885119,5.650470480627521,2850.2000000000003,7176.3,22926.4,4529.7,11449.6,28499.2,22926.4,28499.2,-0.10836626116175388,0.8046272493366421,-0.16831028137051274,-7.708654997794779e-07,6.258029652613273e-07,-1.3966684650408054e-06,0.4458168694191133,-0.9547619047505383,0.8044576689871714,35.1,3.8000000000000003,31.3,-10494.300000000008,1.8228370890555408,12.966666662344444,35.1,31.3,1.6457861299654548,2.4875621828667605,0.00017700681522468892,0.00014542403490530882,0.0001063034261371482,2.741526437626961e-07,0.0,8.849165694607233e-05,4.550303733165518e-06,-1,0.9999990000010001,0.0010000000000012221,0.001000000000000334,-0.004999999999999005,5.621137222348443e-06,13277.273816679988,-0.28048783300400176,False,0.8106313195290508,0.33,-0.006000000000000227,-0.00011898,5.65,5.65317776,-0.0031777599999998074,4832503.1,0.0001471503709772612,1.9138,-0.00011898,0,1,True,1.4358361148082184,0.5882499166216731,58,42,5,2,0,7,3,False,0,842211661
1779860579000,1779860579999,9,101,True,5.6495,5.6495,5.6495,5.6495,0.0,0.0,0.0,0,0,0,5.649,5.65,0.001000000000000334,5.6495,5.649598772936815,5.6501766309127,2800.8,7464.1,26696.7,3986.8,10411.6,27344.0,26696.7,27344.0,-0.011978009167164514,0.0,-0.08038247668052916,-6.260545959486828e-07,6.543197014098622e-07,-1.2803742973585451e-06,0.4940109954164085,-0.1975460122675147,0.9763275307196835,0.0,0.0,0.0,-10494.300000000008,1.7630719385947033,0.0,0.0,0.0,0.0,0.0,-8.849949118584122e-05,0.00014132848875402992,0.0,2.898176568465073e-07,-0.0005000000000006111,-0.00026550630641053013,88499.49118584121,-1,0.0,0.0,0.001000000000000334,0.012000000000000455,5.621137222348443e-06,13277.273816719631,-0.28048783300400176,False,0.8106313195290508,0.32673267326732675,0.012000000000000455,-0.00011898,5.65,5.65317776,-0.0031777599999998074,4832503.1,0.0001471503709772612,1.9138,-0.00011898,0,0,False,1.437935304469524,0.5742468225087745,59,42,5,2,0,8,0,False,0,146607591
1779860580000,1779860581061,9,102,True,5.65,5.65,5.65,5.65,3.0,3.0,0.0,1,1,0,5.651,5.652,0.001000000000000334,5.6515,5.651177983103049,5.652570725407975,2038.4,6669.5,25922.6,3772.1,11416.0,25023.5,25922.6,25023.5,0.01764806334537837,0.9999999996666666,-0.05305888509733971,-6.882907020218369e-07,6.91530141377821e-07,-1.379820843399658e-06,0.5088240316726794,0.6440337484907834,1.035930225587906,3.0,0.0,3.0,-10491.300000000008,1.7380531865096311,2.9999999969999998,3.0,3.0,0.5753563856310114,1.0,8.849949118570556e-05,0.0001427072168129713,0.0,2.976498167866481e-07,0.0,0.00017699898237154678,2.949983038540191e-05,-1,0.0,0.0030000000000001137,0.001000000000000334,-0.006999999999997897,7.05651904741056e-06,17702.24837600491,-0.28048783300400176,False,0.8106313195290508,0.3235294117647059,-0.00999999999999801,-0.00011898,5.65,5.65317776,-0.0031777599999998074,4832503.1,0.0001471503709772612,1.9138,-0.00011898,0,1,True,1.4323801549410395,0.5702966532981275,0,43,5,2,0,9,1,False,0,1377669651
1779860581000,1779860582042,9,103,True,5.651,5.652,5.651,5.652,60.599999999999994,60.599999999999994,0.0,2,2,0,5.652,5.653,0.0009999999999994458,5.6525,5.652313001574894,5.65324567598585,2438.3,7086.3,26424.5,4216.4,12006.4,27482.8,26424.5,27482.8,-0.01963184948977188,0.9999999999834984,-0.055087913651908973,-7.387130876012883e-07,6.730882913117513e-07,-1.4118013789130396e-06,0.49018407525510477,0.3739967897251258,0.9614922788070734,60.599999999999994,0.0,60.599999999999994,-10430.700000000008,1.7466416066240695,30.299999984849997,46.9,60.599999999999994,1.1450545957854341,1.136363635072314,0.0003539196639313791,0.00015830898750409425,0.00010626580659303241,3.1330374069919223e-07,0.0019999999999997797,0.00026542017274567355,5.840258480619454e-06,1,0.9999990000010001,0.0009999999999994458,0.0009999999999994458,-0.0029999999999983373,6.9580864498436836e-06,17702.24838182976,-0.25609754563418086,False,0.8106313195290508,0.32038834951456313,-0.003999999999997783,-0.00011898,5.65,5.65317776,-0.0031777599999998074,4832503.1,0.0001471503709772612,1.9138,-0.00011898,1,2,False,1.6713556532270166,0.5792995126560193,1,43,5,2,0,8,2,False,0,2471556758
1779860582000,1779860583011,9,104,True,5.652,5.653,5.652,5.652,35.6,13.7,21.9,3,1,2,5.652,5.653,0.0009999999999994458,5.6525,5.652558922511341,5.653532601025473,2272.2,6980.099999999999,26273.0,4673.9,12618.6,28137.9,26273.0,28137.9,-0.03427438252261895,-0.23033707864521524,-0.10693946868663125,-7.387226068422318e-07,6.579661999446536e-07,-1.3966888067868855e-06,0.48286280873868137,-0.11784511784412592,0.9337228435668286,13.7,21.9,-8.2,-10438.900000000009,1.7877353244396739,11.866666662711111,17.5,-8.200000000000001,1.678100755357722,3.120124795257021,0.0,0.00015706682928714484,0.00010624700680394208,3.0546811388234615e-07,0.002500000000000391,-0.0003539196639313791,0.0,1,0.0,0.0009999999999994458,0.0009999999999994458,0.0029999999999983373,6.8509158273687785e-06,17702.24837922637,-0.30131578996684666,False,0.8106313195290508,0.3173076923076923,0.0019999999999988916,-0.00011898,5.65,5.65317776,-0.0031777599999998074,4832503.1,0.0001471503709772612,1.9138,-0.00011898,1,1,False,1.653869916437482,0.5746162257563949,2,43,5,2,0,9,3,False,0,1890457718
1779860583000,1779860584025,9,105,True,5.653,5.653,5.653,5.653,2.6,2.6,0.0,1,1,0,5.652,5.653,0.0009999999999994458,5.6525,5.652161618853786,5.653216933480482,2660.5,7492.2,26815.5,4110.7,12001.0,27520.3,26815.5,27520.3,-0.012971190264981582,0.9999999996153845,-0.03869882235288612,-7.339416101714908e-07,6.678459056126928e-07,-1.4017875157841835e-06,0.4935144048675,0.6767622621263019,0.9743898140644915,2.6,0.0,2.6,-10436.300000000008,1.7619079367531272,2.5999999974,2.6,2.6,0.5675665445240288,1.0,0.00017691287087265054,0.0001607578335069155,0.0,2.897961666155026e-07,0.0039999999999995595,0.00017691287087265054,6.804341184792581e-05,1,0.0,0.0009999999999994458,0.0009999999999994458,-0.0009999999999994458,6.7496733907951405e-06,13276.098684197368,-0.30131578996684666,False,0.8106313195290508,0.3142857142857143,-0.0019999999999988916,-0.00011898,5.65,5.65317776,-0.0031777599999998074,4832503.1,0.00016575938806813074,1.9138,-0.00011898,1,2,False,1.653869916437482,0.5746223006155444,3,43,5,2,0,9,1,False,0,3831258416
1779860584000,1779860585021,9,106,True,5.652,5.655,5.648,5.655,3519.5,985.3,2534.2,13,5,8,5.655,5.656,0.0009999999999994458,5.6555,5.655560044861642,5.65632764994317,2828.2000000000003,8250.7,22069.6,4772.9,13011.9,30172.8,22069.6,30172.8,-0.1551077285882702,-0.44009092200584166,-0.153332803628508,-9.028552524056755e-07,6.194689680421854e-07,-1.5223242204478608e-06,0.4224461357058554,-0.12008978675577948,0.7314402375649349,985.3,2534.2,-1548.8999999999999,-11985.200000000008,2.1303699716136806,270.7307692099438,738.4,-1548.9,6.102226452267692,14.084506843880185,0.0003537318749300893,0.00017473484951341796,0.0007438607393096788,3.2103892863717736e-07,0.007000000000000561,0.00017681900405743875,1.0050628638442642e-07,1,0.42857136734692935,0.0009999999999994458,0.0009999999999994458,-0.00300000000000189,2.057160636928791e-06,13276.098690957651,-0.30131578996684666,False,0.6797215883784724,0.3113207547169811,-0.004000000000001336,-0.00011898,5.65,5.65317776,-0.0031777599999998074,4832598.5,0.00018550398242669292,1.9138,-0.00011898,1,2,False,0.8842295493128651,0.5878211773610765,4,43,5,2,0,8,13,False,0,2113976711
1779860585000,1779860586059,9,107,True,5.655,5.655,5.654,5.654,135.5,0.0,135.5,3,0,3,5.653,5.654,0.001000000000000334,5.653499999999999,5.653946133747575,5.65486767093765,2383.6,8091.7,22678.6,5190.7,12302.699999999999,30506.0,22678.6,30506.0,-0.14717418200004992,-0.99999999999262,-0.19959016493595652,-8.184849038943247e-07,6.354947034327128e-07,-1.4539796073270375e-06,0.42641290899996565,-0.8922675933892938,0.7434144102799205,0.0,135.5,-135.5,-12120.700000000008,2.158882431560773,45.16666665161111,118.6,-135.5,1.3896078613421896,3.2948929051239113,-0.00017685029668529164,0.00017472692515625986,0.00010620942717463375,3.52265103029635e-07,0.006000000000000227,-0.0005305821716153809,1.3051682412102324e-06,1,-0.9999990000010001,0.0010000000000012221,0.001000000000000334,-0.0010000000000012221,2.147252346714825e-06,13276.09869090284,-0.30131578996684666,False,0.6797215883784724,0.308411214953271,-0.0020000000000024443,-0.00011898,5.65,5.65317776,-0.0031777599999998074,4832598.5,0.00018550398242669292,1.9138,-0.00011898,1,1,False,1.6112241650137122,0.5678956913347266,5,43,5,2,0,10,3,False,0,2337787808
1779860586000,1779860587037,9,108,True,5.654,5.654,5.654,5.654,3.7,3.7,0.0,2,2,0,5.653,5.654,0.001000000000000334,5.653499999999999,5.653354986250442,5.6544770610129005,2606.6,8269.2,22857.1,4263.8,11339.5,29660.8,22857.1,29660.8,-0.12955011529402113,0.9999999997297297,-0.11902103712073789,-8.17590730007104e-07,6.449608311839206e-07,-1.4625515611910247e-06,0.43522494235298,0.29002744739117103,0.7706164365087668,3.7,0.0,3.7,-12117.000000000007,2.1536731715096002,1.849999999075,1.9,3.7,0.9286460106987681,5.37634405711643,0.0,0.00017018498095532195,0.0,2.8960782264986554e-07,0.005499999999999616,0.00017685029668529164,0.0,1,0.0,0.0010000000000012221,0.001000000000000334,0.0010000000000012221,2.136219845578283e-06,13276.098690794908,-0.32631578406716316,False,0.6797215883784724,0.3055555555555556,0.0,-0.00011898,5.65,5.65317776,-0.0031777599999998074,4832598.5,0.00018550398242669292,1.9138,-0.00011898,1,2,False,1.59715379074546,0.558998173382868,6,43,5,2,0,8,2,False,0,2874316583
1779860587000,1779860588015,9,109,True,5.653,5.653,5.653,5.653,6.5,0.0,6.5,1,0,1,5.653,5.654,0.001000000000000334,5.653499999999999,5.653086790362156,5.654299883687592,2957.1,9149.6,23790.6,4179.0,11095.9,29421.2,23790.6,29421.2,-0.10581487564788067,-0.9999999998461538,-0.05901010003593039,-7.940228230957007e-07,6.487110125933359e-07,-1.4427338356890365e-06,0.44709256217605026,0.8264192139692881,0.8086209943849737,0.0,6.5,-6.5,-12123.500000000007,2.1158478216240395,6.4999999934999995,6.5,-6.5,0.47262378196926114,1.0,-0.00017688157824487935,0.00015576298912468148,0.0,2.2696163107305172e-07,0.0039999999999995595,-0.00017688157824487935,2.7212550495025662e-05,1,0.0,0.0009999999999994458,0.001000000000000334,0.0009999999999994458,2.0698105479141102e-06,13276.098693061082,-0.3604336293368905,False,0.6797215883784724,0.30275229357798167,0.0,-0.00011898,5.65,5.65317776,-0.0031777599999998074,4832598.5,0.00018550398242669292,1.9138,-0.00011898,1,1,False,1.6087137992142966,0.5746039609208864,7,43,5,2,0,8,1,False,0,290780964
1779860588000,1779860588999,9,110,True,5.653499999999999,5.653499999999999,5.653499999999999,5.653499999999999,0.0,0.0,0.0,0,0,0,5.653,5.654,0.001000000000000334,5.653499999999999,5.653255384590536,5.654254453099006,3046.3,9135.5,23776.5,4218.3,11135.2,29542.8,23776.5,29542.8,-0.10814658106914178,0.0,-0.07499157766079892,-7.959516862526126e-07,6.463240276444607e-07,-1.4422757138970731e-06,0.44592670946541973,0.48923076922861886,0.804815386490082,0.0,0.0,0.0,-12123.500000000007,2.046475761898661,0.0,0.0,0.0,0.0,0.0,8.84447000090256e-05,0.00015194477890796316,0.0,2.4260586919804305e-07,0.0034999999999989484,0.0002653262782539049,88444.70000902559,1,0.0,0.0,0.001000000000000334,0.0,2.0698105479141102e-06,13276.0986937184,-0.3604336293368905,False,0.6797215883784724,0.3,0.0,-0.00011898,5.65,5.65317776,-0.0031777599999998074,4832598.5,0.00018693231752428308,1.9138,-0.00011898,1,2,False,1.6134014222380995,0.5706989885531042,8,43,5,2,0,8,0,False,0,3302199419
1779860589000,1779860590007,9,111,True,5.653,5.653,5.653,5.653,44.2,0.0,44.2,1,0,1,5.653,5.654,0.001000000000000334,5.653499999999999,5.6534398147886415,5.6547547877787245,2392.3,8481.5,23122.5,4803.099999999999,11764.199999999999,30091.5,23122.5,30091.5,-0.1309617769759813,-0.9999999999773757,-0.13748815922710644,-8.032025348094059e-07,6.399277093469366e-07,-1.4431302441563426e-06,0.43451911151199996,0.1203703703698131,0.7684063606001439,0.0,44.2,-44.2,-12167.700000000008,2.0121650811806724,44.1999999558,44.2,-44.2,0.49697711626933494,1.0,-8.84447000089813e-05,0.0001532264307662805,0.0,2.504283341577257e-07,0.0034999999999998366,-0.0001768894000180069,2.00101131237512e-06,1,0.0,0.0009999999999994458,0.001000000000000334,0.0009999999999994458,2.07669684324684e-06,17698.333694167464,-0.3848238118736139,False,0.6797215883784724,0.2972972972972973,0.0,-0.00011898,5.65,5.65317776,-0.0031777599999998074,4831387.0,-6.380783159066626e-05,1.9138,-0.00011898,1,1,False,1.6180502582394294,0.5649389972091406,9,43,5,2,0,8,1,False,0,1606261339
1779860590000,1779860590997,9,112,True,5.653,5.654,5.653,5.654,36.1,31.9,4.2,2,1,1,5.653,5.654,0.001000000000000334,5.653499999999999,5.653103703661828,5.654168884071223,3010.7000000000003,9156.6,23811.8,3911.7999999999997,10727.3,29022.0,23811.8,29022.0,-0.09861490182420916,0.7673130193693265,-0.044357720313954074,-7.868143114307249e-07,6.547671685051971e-07,-1.441581479935922e-06,0.450692549087886,0.7925925925867215,0.8204741230790151,31.9,4.2,27.7,-12140.000000000007,2.0117662260599944,18.049999990975,31.9,27.7,0.994151295065138,1.5772870637582224,0.0001768815782448808,0.0001582488348187554,0.00010622821366572005,2.6607257228270933e-07,0.0039999999999995595,0.0002653262782538621,4.899766710248782e-06,1,0.9999990000010001,0.0010000000000012221,0.001000000000000334,0.0010000000000012221,2.0761036671219564e-06,17698.333694367557,-0.36274508065575545,False,0.6797215883784724,0.29464285714285715,0.0,-0.00011898,5.65,5.65317776,-0.0031777599999998074,4831387.0,-6.380783159066626e-05,1.9138,-0.00011898,1,2,False,1.616358825595964,0.5649466954975247,10,43,5,2,0,9,2,False,0,1890084578
1779860591000,1779860592061,9,113,True,5.653,5.654,5.653,5.654,161.9,21.6,140.3,3,1,2,5.653,5.654,0.001000000000000334,5.653499999999999,5.6535816582677825,5.654505938117711,2958.8,9196.5,23831.3,4804.6,11540.6,29952.100000000002,23831.3,29952.100000000002,-0.11380463116872286,-0.7331686226020189,-0.12353391219285773,-7.867733465034656e-07,6.421903956818276e-07,-1.4289637421852933e-06,0.4430976844156293,-0.16331658291388895,0.7956470497894705,21.6,140.3,-118.70000000000002,-12258.700000000008,2.0441673334022896,53.96666664867778,118.2,-118.7,1.4675902258643585,5.181347123412709,0.0,0.0001582488348187554,0.00010622821366572005,2.6607257228270933e-07,0.0019999999999997797,-0.0001768815782448808,0.0,1,0.9999990000010001,0.0010000000000012221,0.001000000000000334,-0.009000000000000341,2.018608696125913e-06,17698.333694367557,-0.3997093111145918,False,0.6797215883784724,0.2920353982300885,-0.010000000000001563,-0.00011898,5.65,5.65317776,-0.0031777599999998074,4831387.0,-6.380783159066626e-05,1.9138,-0.00011898,1,1,False,1.6406099249175359,0.5649466954975246,11,43,5,2,0,9,3,False,0,1081312540
1779860592000,1779860593103,9,114,True,5.653499999999999,5.653499999999999,5.653499999999999,5.653499999999999,0.0,0.0,0.0,0,0,0,5.653,5.654,0.001000000000000334,5.653499999999999,5.653565978430639,5.654763879227954,2302.9,8296.699999999999,23041.2,4599.5,11621.4,29948.7,23041.2,29948.7,-0.13035502992079376,0.0,-0.1396421850591857,-7.994192059954252e-07,6.429963718010802e-07,-1.4424155777965053e-06,0.4348224850395937,-0.131956912028133,0.7693555980726786,0.0,0.0,0.0,-12258.700000000008,1.977145453618608,0.0,0.0,0.0,0.0,0.0,-8.843687823590999e-05,0.00015824708463694286,0.0,2.582397191390602e-07,0.0014999999999991687,-8.843687823590999e-05,88436.87823590999,1,0.0,0.0,0.001000000000000334,-0.00999999999999801,2.018608696125913e-06,17698.33369319893,-0.3997093111145918,False,0.6797215883784724,0.2894736842105263,-0.00999999999999801,-0.00011898,5.65,5.65317776,-0.0031777599999998074,4831387.0,-6.380783159066626e-05,1.9138,-0.00011898,1,1,False,1.6260816747071873,0.5496212056448644,12,43,5,2,0,10,0,False,0,1144540631
1779860593000,1779860594093,9,115,True,5.653499999999999,5.653499999999999,5.653499999999999,5.653499999999999,0.0,0.0,0.0,0,0,0,5.653,5.654,0.001000000000000334,5.653499999999999,5.653635169625488,5.6546544525248175,2464.8999999999996,8444.4,23203.2,4930.9,11993.5,30320.8,23203.2,30320.8,-0.13297959793737138,0.0,-0.16109259468451043,-7.945230150690325e-07,6.396073102506402e-07,-1.4341303253196725e-06,0.433510201031305,-0.27033929222812714,0.7652568533811521,0.0,0.0,0.0,-12258.700000000008,1.9123210125163586,0.0,0.0,0.0,0.0,0.0,0.0,0.00015700465749673414,0.0,2.4257054603647716e-07,0.0004999999999997229,8.843687823590999e-05,0.0,1,0.0,0.0,0.001000000000000334,0.0,2.018608696125913e-06,13272.967491261763,-0.3997093111145918,False,0.6797215883784724,0.28695652173913044,0.0,-0.00011898,5.65,5.65317776,-0.0031777599999998074,4831387.0,-7.158922216092955e-05,1.9138,-0.00011898,1,2,False,1.624093980882849,0.5452772198983803,13,43,5,2,0,6,0,False,0,2290319030
1779860594000,1779860595101,9,116,True,5.653499999999999,5.653499999999999,5.653499999999999,5.653499999999999,0.0,0.0,0.0,0,0,0,5.653,5.654,0.001000000000000334,5.653499999999999,5.653637733121759,5.65462547025558,2483.2,8462.699999999999,23249.899999999998,4853.2,11915.8,30243.1,23249.899999999998,30243.1,-0.1307311236984254,0.0,-0.15957812423728523,-7.929517516500019e-07,6.40504198581644e-07,-1.433455950231646e-06,0.43463443815077796,-0.27546628407361745,0.7687670906752029,0.0,0.0,0.0,-12258.700000000008,1.8496219629256583,0.0,0.0,0.0,0.0,0.0,0.0,0.00015193201476064176,0.0,2.4257054603647716e-07,-0.001500000000000945,0.0,0.0,1,0.0,0.0,0.001000000000000334,0.0,2.018608696125913e-06,13272.967490553612,-0.3997093111145918,False,0.6797215883784724,0.28448275862068967,0.0,-0.00011898,5.65,5.65317776,-0.0031777599999998074,4831427.6,-6.318643979694013e-05,1.9138,-0.00011898,0,2,False,1.6125809383939729,0.5340118514816683,14,43,5,2,0,7,0,False,0,856586049
1779860595000,1779860596079,9,117,True,5.653499999999999,5.653499999999999,5.653499999999999,5.653499999999999,0.0,0.0,0.0,0,0,0,5.653,5.654,0.001000000000000334,5.653499999999999,5.653669959108809,5.654673003196868,2477.3,8456.8,23245.0,5087.3,12175.9,30503.2,23245.0,30503.2,-0.13504080136636887,0.0,-0.17040412321391785,-7.918192238983602e-07,6.367329913488615e-07,-1.4285522152472218e-06,0.43247959931680635,-0.33991825612963233,0.7620511946287353,0.0,0.0,0.0,-12258.700000000008,1.7889786198789155,0.0,0.0,0.0,0.0,0.0,0.0,0.00015193201476064176,0.0,2.4257054603647716e-07,-0.0005000000000006111,0.0,0.0,1,0.0,0.0,0.001000000000000334,0.0,2.018608696125913e-06,13272.967490553612,-0.42296508643506747,False,0.6797215883784724,0.28205128205128205,0.0,-0.00011898,5.65,5.65317776,-0.0031777599999998074,4831427.6,-6.318643979694013e-05,1.9138,-0.00011898,0,2,False,1.5488921775499758,0.5340118514816683,15,43,5,2,0,7,0,False,0,2703362948
1779860596000,1779860597052,9,118,True,5.653,5.653,5.65,5.65,181.0,0.0,181.0,6,0,6,5.649,5.65,0.001000000000000334,5.6495,5.6499770194592625,5.649838058054663,2841.4,7930.0,26778.8,3331.8,11273.7,27532.4,26778.8,27532.4,-0.013875591038312325,-0.9999999999944752,-0.10311836475208606,-6.222565977137961e-07,6.470165682449773e-07,-1.2692731659587734e-06,0.4930622044808347,-0.9540389972078409,0.9726286121078811,0.0,181.0,-181.0,-12439.700000000008,1.9270448946369838,30.16666666163889,96.9,-181.0,3.11357561704171,4.955401362956385,-0.0006192772348129837,0.0002046136255595147,0.00031879742643298967,2.347349192196379e-07,-0.0039999999999995595,-0.0006192772348129837,3.421421186793162e-06,-1,-0.9999996666667778,0.0010000000000012221,0.001000000000000334,-0.0010000000000012221,1.8844633377085003e-06,44236.82923100252,-0.4636363849979778,False,0.6797215883784724,0.2796610169491525,-0.0020000000000024443,-0.00011898,5.65,5.65317776,-0.0031777599999998074,4831427.6,-6.318643979694013e-05,1.9138,-0.00011898,1,0,False,1.5369037274542998,0.5332759943377782,16,43,5,2,0,8,6,False,0,970401551
1779860597000,1779860598012,9,119,True,5.649,5.649,5.649,5.649,3.3,0.0,3.3,1,0,1,5.648,5.649,0.001000000000000334,5.6485,5.648626666642372,5.648657732445702,3847.9,9112.4,27561.2,4162.5,10821.0,25820.2,27561.2,25820.2,0.032614356311373764,-0.9999999996969696,-0.02221626022375839,-5.995256310308687e-07,6.886571445788537e-07,-1.2881827756097224e-06,0.5163071781556775,-0.2533333333322437,1.067427827824685,0.0,3.3,-3.3,-12443.000000000007,1.896649980058722,3.2999999966999995,3.3,-3.3,0.5272454116398396,1.0,-0.00017700681522460915,0.00020746459874916687,0.0,3.2868342402897947e-07,-0.0039999999999995595,0.0004422704195883746,5.36384288396881e-05,-1,0.0,0.0009999999999994458,0.001000000000000334,0.0009999999999994458,1.906698616335299e-06,39811.071317120586,-0.4636363849979778,False,0.6797215883784724,0.2773109243697479,0.0,-0.00011898,5.65,5.65317776,-0.0031777599999998074,4831427.6,-6.318643979694013e-05,1.9138,-0.00011898,2,1,False,1.504864984238017,0.5442251261753301,17,43,5,2,0,9,1,False,0,3041852747
1779860598000,1779860599097,9,120,True,5.6485,5.6485,5.6485,5.6485,0.0,0.0,0.0,0,0,0,5.648,5.649,0.001000000000000334,5.6485,5.648657915036106,5.648836790880145,3513.4,8777.9,27226.7,4295.599999999999,10922.3,25921.5,27226.7,25921.5,0.0245577460760661,0.0,-0.039860829219501126,-6.020417804091154e-07,6.876507727719926e-07,-1.289692553181108e-06,0.5122788730380237,-0.3158301158288965,1.0503520243812645,0.0,0.0,0.0,-12443.000000000007,1.8344647348108951,0.0,0.0,0.0,0.0,0.0,-8.851515827860905e-05,0.0002046136255595111,0.0,3.2868619721116704e-07,-0.004999999999999005,8.84916569460001e-05,88515.15827860904,-1,0.0,0.0,0.001000000000000334,0.0019999999999988916,1.906698616335299e-06,39811.07131813753,-0.4636363849979778,False,0.6797215883784724,0.275,0.0019999999999988916,-0.00011898,5.65,5.65317776,-0.0031777599999998074,4831427.6,-6.318643979694013e-05,1.9138,-0.00011898,1,1,False,1.4686714916838142,0.5330668853427307,18,43,5,2,0,8,0,False,0,3957965399
1779860599000,1779860600099,9,121,False,5.648,5.649,5.648,5.649,30.700000000000003,29.6,1.1,2,1,1,5.648,5.649,0.001000000000000334,5.6485,5.648389080149294,5.648668847105139,4066.2,9488.0,27968.2,4204.3,10889.1,25888.3,27968.2,25888.3,0.038619293864249685,0.9283387621847445,0.007468215298515266,-5.961123416548331e-07,6.86189199794149e-07,-1.282301541448982e-06,0.5193096469321156,0.22183964584248977,1.0803413124847487,29.6,1.1,28.5,-12414.500000000007,1.8398921205548002,15.349999992325001,29.6,28.5,1.087020253290666,3.0303030211202935,8.851515827861659e-05,0.00020461396440579172,0.00010632224589923877,3.2868897051611415e-07,-0.0039999999999995595,0.00017703031655722564,2.8832299112616726e-06,-1,0.9999990000010001,0.0009999999999994458,0.001000000000000334,-0.0009999999999994458,1.8308607964794916e-06,44236.82923195461,-0.4636363849979778,False,0.6797215883784724,0.2727272727272727,-0.0019999999999988916,-0.00011898,5.65265518,5.65608715,-0.003431970000000284,4831348.3,-7.959877086760294e-05,1.9138,-0.00011898,1,1,False,1.4723590912986795,0.5277432207840673,19,43,5,2,0,8,2,False,0,3612504926
1779860600000,1779860601095,9,122,False,5.649,5.649,5.649,5.649,80.0,80.0,0.0,1,1,0,5.649,5.65,0.001000000000000334,5.6495,5.649319581246003,5.6496545719606965,3492.2,9522.0,28793.7,3778.2,10720.1,26571.4,28793.7,26571.4,0.04013900453534734,0.9999999999875,0.003150608342139516,-5.930297507093563e-07,6.799365824657802e-07,-1.2729663331751364e-06,0.5200695022676647,0.36083743842142346,1.0836350361666647,80.0,0.0,80.0,-12334.500000000007,1.812354673979233,79.99999992,80.0,80.0,0.5517683783454023,1.0,0.0,0.00020365477267387613,0.0,2.9736726033757115e-07,-0.004999999999999893,-8.851515827861659e-05,0.0,-1,0.0,0.0009999999999994458,0.001000000000000334,0.0030000000000001137,2.020995380380557e-06,39811.85467266933,-0.4636363849979778,False,0.6797215883784724,0.27049180327868855,0.002000000000000668,-0.00011898,5.65265518,5.65608715,-0.003431970000000284,4831348.3,-7.959877086760294e-05,1.9138,-0.00011898,1,0,False,1.4686714916838142,0.5197140925344457,20,43,5,2,0,7,1,False,0,3090654758
1779860601000,1779860602121,9,123,False,5.6495,5.6495,5.6495,5.6495,0.0,0.0,0.0,0,0,0,5.649,5.65,0.001000000000000334,5.6495,5.649319581246003,5.649698621827873,3450.7,9480.5,28752.2,3805.3,10797.6,26488.3,28752.2,26488.3,0.04098261239489072,0.0,0.011091764574539148,-5.933261989893114e-07,6.828277249796837e-07,-1.276153923968995e-06,0.5204913061974363,0.36083743842142346,1.0854679235737634,0.0,0.0,0.0,-12334.500000000007,1.7529332092586025,0.0,0.0,0.0,0.0,0.0,8.850732403869682e-05,0.0001886901887417777,0.0,2.9736726033757115e-07,-0.0045000000000001705,8.850732403869682e-05,88507.32403869681,-1,0.0,0.0,0.001000000000000334,0.006000000000000227,2.020995380380557e-06,39811.85466682599,-0.4636363849979778,False,0.6797215883784724,0.2682926829268293,0.006000000000000227,-0.00011898,5.65265518,5.65608715,-0.003431970000000284,4831348.3,-7.959877086760294e-05,1.9138,-0.00011898,1,1,False,1.4739610825481324,0.5056305129423908,21,43,5,2,0,6,0,False,0,2205638404
1779860602000,1779860603063,9,124,False,5.6495,5.6495,5.6495,5.6495,0.0,0.0,0.0,0,0,0,5.649,5.65,0.001000000000000334,5.6495,5.649319581246003,5.649670014659429,3492.6,9437.199999999999,28708.9,3805.3,10797.6,26450.8,28708.9,26450.8,0.04093749603424169,0.0,0.011594676039027335,-5.940714685981262e-07,6.841836551372757e-07,-1.278255123735402e-06,0.5204687480171118,0.36083743842142346,1.0853698186821916,0.0,0.0,0.0,-12334.500000000007,1.6954599892829105,0.0,0.0,0.0,0.0,0.0,0.0,0.00018869018874177767,0.0,2.9736726033757115e-07,-0.0039999999999995595,-8.850732403869682e-05,0.0,-1,0.0,0.0,0.001000000000000334,0.0,2.020995380380557e-06,39811.85466682599,-0.48636360940731366,False,0.6797215883784724,0.2661290322580645,0.0,-0.00011898,5.65265518,5.65608715,-0.003431970000000284,4831348.3,-7.959877086760294e-05,1.9138,-0.00011898,1,0,False,1.4739610825481324,0.5547185662780683,22,43,5,2,0,6,0,False,0,2147990322
1779860603000,1779860604053,9,125,False,5.6495,5.6495,5.6495,5.6495,0.0,0.0,0.0,0,0,0,5.649,5.65,0.001000000000000334,5.6495,5.649363700030489,5.649785236183125,3388.1,9330.9,28690.8,3917.6,10909.9,26563.1,28690.8,26563.1,0.038507689050003034,0.0,0.0004833156835609198,-5.927707639546553e-07,6.822749711893179e-07,-1.2750457351439732e-06,0.5192538445249926,0.27259985984392016,1.0800998377448008,0.0,0.0,0.0,-12334.500000000007,1.639871137175274,0.0,0.0,0.0,0.0,0.0,0.0,0.0001844968268924632,0.0,2.3478753882452372e-07,-0.0039999999999995595,0.0,0.0,-1,0.0,0.0,0.001000000000000334,0.0,2.020995380380557e-06,39811.854666577514,-0.53174603245486,False,0.6797215883784724,0.264,0.0,-0.00011898,5.65265518,5.65608715,-0.003431970000000284,4831348.3,-0.00010592194091046089,1.9138,-0.00011898,1,0,False,1.3397601299973863,0.5471484880647212,23,43,5,2,0,7,0,False,0,1359877672
1779860604000,1779860605048,9,126,False,5.649,5.649,5.649,5.649,24.8,0.0,24.8,2,0,2,5.649,5.65,0.001000000000000334,5.6495,5.649977759426277,5.650397668033955,2446.1,8303.7,27771.8,4440.8,11433.1,27087.3,27771.8,27087.3,0.012477419425400482,-0.9999999999596774,-0.09299378426502689,-5.971250255686472e-07,6.754710179399594e-07,-1.2725960435086065e-06,0.5062387097126911,-0.9555189456263959,1.0252701450494872,0.0,24.8,-24.8,-12359.300000000007,1.6516786408744455,12.3999999938,22.1,-24.8,1.2108893033394523,1.0834236174610794,-8.850732403874329e-05,0.00016785244855745972,0.0,1.7222995179609295e-07,-0.004499999999999282,-8.850732403874329e-05,3.568843711095744e-06,-1,0.0,0.0009999999999994458,0.001000000000000334,-0.0009999999999994458,3.2819133139609277e-06,44237.22086171214,-0.5539682641044975,False,0.6797215883784724,0.2619047619047619,-0.0019999999999988916,-0.00011898,5.65265518,5.65608715,-0.003431970000000284,4831414.1,-9.230399696381936e-05,1.9138,-0.00011898,1,0,False,1.3254976660984257,0.5635623511413534,24,43,5,2,0,6,2,False,0,2884036622
1779860605000,1779860606087,9,127,False,5.648,5.648,5.648,5.648,65.3,0.0,65.3,3,0,3,5.647,5.648,0.0009999999999994458,5.6475,5.647776601080949,5.648433989904704,2471.6,9017.4,26568.600000000002,4285.7,11587.6,27508.0,26568.600000000002,27508.0,-0.017371654282998198,-0.999999999984686,-0.10633297736278521,-5.996338721600617e-07,6.5418237294767e-07,-1.2538162451077317e-06,0.49131417285849166,-0.553202218857523,0.9658499345644553,0.0,65.3,-65.3,-12424.600000000006,1.6958858985506933,21.76666665941111,34.2,-65.3,1.7689869352618697,2.8208744631287037,-0.0001770381521841511,0.00016786234980271727,0.0,1.87899124898676e-07,-0.005499999999999616,-8.853082814540781e-05,2.7111508756728933e-06,-1,0.0,0.0009999999999994458,0.0009999999999994458,0.0030000000000001137,4.988775723302742e-06,44237.22086206656,-0.5836120027744557,False,0.638101441521345,0.25984251968503935,0.002000000000000668,-0.00011898,5.65265518,5.65608715,-0.003431970000000284,4831414.1,-9.230399696381936e-05,1.9138,-0.00011898,1,0,False,1.3133542136337994,0.5635684337220274,25,43,5,2,0,10,3,False,0,1670879053
1779860606000,1779860607059,9,128,False,5.647,5.648,5.644,5.648,2101.1,320.8,1780.3,7,3,4,5.646,5.647,0.001000000000000334,5.6465,5.646156465689618,5.64681506798062,3136.7,12792.6,21937.8,3578.2,9642.7,26648.3,21937.8,26648.3,-0.09695159726752926,-0.694636142972398,-0.06417150372375914,-7.848803168283903e-07,6.762113347928103e-07,-1.4610916516212006e-06,0.4515242013662251,0.6870685687957337,0.8232345027637477,320.8,1780.3,-1459.5,-13884.100000000006,1.8697912789260804,300.15714281426324,767.6,-1459.5,3.7437333648687967,666.6662222225186,0.0,0.00016786234980271727,0.00042547731456801807,1.8789912489867597e-07,-0.002000000000000668,0.0001770381521841511,0.0,-1,0.24999993749990457,0.0030000000000001137,0.001000000000000334,0.0010000000000012221,1.6925759485412118e-06,44237.22086206656,-0.53174603245486,False,0.5658783187914933,0.2578125,-0.0019999999999988916,-0.00011898,5.65265518,5.65608715,-0.003431970000000284,4831414.1,-9.230399696381936e-05,1.9138,-0.00011898,1,1,False,0.8209467829700764,0.5754019385371428,26,43,5,2,0,9,7,False,0,3662874239
1779860607000,1779860608031,9,129,False,5.647,5.647,5.647,5.647,2.1,2.1,0.0,1,1,0,5.647,5.648,0.0009999999999994458,5.6475,5.647311665157403,5.648307263743552,3091.8,9577.0,21776.9,4985.3,12044.6,27722.0,21776.9,27722.0,-0.12010569931856827,0.9999999995238095,-0.13609485539502703,-7.675736339212738e-07,6.613823248739252e-07,-1.428955958795199e-06,0.4399471503407058,0.37666963490482336,0.7855457759180151,2.1,0.0,2.1,-13882.000000000005,1.841273532076045,2.0999999979,2.1,2.1,0.5431023593378832,1.0,-0.00017706950024120945,0.00016787225572128777,0.0,1.7225488677368464e-07,-0.0019999999999997797,-0.00017706950024120945,8.431880959851934e-05,-1,0.0,0.0009999999999994458,0.0009999999999994458,-0.0030000000000001137,1.6853627892604243e-06,44237.220859680485,-0.53174603245486,False,0.5658783187914933,0.2558139534883721,-0.0039999999999995595,-0.00011898,5.65265518,5.65608715,-0.003431970000000284,4831414.1,-9.230399696381936e-05,1.9138,-0.00011898,1,0,False,1.28222870926429,0.5930651490231456,27,43,5,2,0,9,1,False,0,2094362938
1779860608000,1779860609039,9,130,False,5.648,5.648,5.648,5.648,2.3,2.3,0.0,1,1,0,5.647,5.648,0.0009999999999994458,5.6475,5.647292839310127,5.64818941489487,3175.9,9335.9,21613.0,4523.6,11582.9,27292.9,21613.0,27292.9,-0.1161393615085273,0.9999999995652173,-0.1263333864507081,-7.755098901585817e-07,6.645636792919876e-07,-1.4400735694505694e-06,0.4419303192457262,0.4143213395068959,0.7918909313410889,2.3,0.0,2.3,-13879.700000000006,1.8136907933194533,2.2999999976999996,2.3,2.3,0.5513618986941087,1.0,0.00017706950024125504,0.0001713407464345638,0.0,1.957860297296818e-07,-0.0005000000000006111,0.0003541390004824645,7.698673920185578e-05,-1,0.0,0.0009999999999994458,0.0009999999999994458,-0.0010000000000012221,1.7400666611010645e-06,44237.22086321608,-0.6031745943142504,False,0.5658783187914933,0.25384615384615383,-0.002000000000000668,-0.00011898,5.65265518,5.65608715,-0.003431970000000284,4831414.1,-0.00026366277336781397,1.9138,-0.00011898,1,1,False,1.28222870926429,0.5718486812783904,28,43,5,2,0,9,1,False,0,3155963709
1779860609000,1779860610029,9,131,False,5.648,5.648,5.648,5.648,44.6,44.6,0.0,1,1,0,5.648,5.649,0.001000000000000334,5.6485,5.648207602311656,5.6490189955089996,2886.8,8086.5,21165.1,3930.6,12192.5,26877.9,21165.1,26877.9,-0.1189101429968962,0.9999999999775786,-0.11315266765918683,-7.746658106379092e-07,6.550686347551232e-07,-1.4297344453930326e-06,0.44054492850154153,0.584795321634577,0.7874536329102798,44.6,0.0,44.6,-13835.100000000006,1.7870124066532416,44.5999999554,44.6,44.6,0.5595932046791047,1.0,0.0,0.0001701955585224525,0.0,1.8014179160469815e-07,-0.001000000000000334,-0.00017706950024125504,0.0,-1,0.0,0.0010000000000012221,0.001000000000000334,-0.0010000000000012221,1.7359606516070192e-06,39814.98586276702,-0.5530303208316482,False,0.5658783187914933,0.25190839694656486,-0.0020000000000024443,-0.00011898,5.65265518,5.65608715,-0.003431970000000284,4831550.9,-0.00023535554734606845,1.9138,-0.00011898,1,0,False,1.2577364917905558,0.5622676624569938,29,43,5,2,0,9,1,False,0,3840083090
1779860610000,1779860611019,9,132,False,5.649,5.649,5.649,5.649,7.6,7.6,0.0,1,1,0,5.649,5.65,0.001000000000000334,5.6495,5.649843450419064,5.650646148750594,2356.5,7896.4,21282.2,5496.8,13858.6,29642.2,21282.2,29642.2,-0.1641649189779327,0.999999999868421,-0.22997982956595076,-7.786304802125689e-07,6.315313492977146e-07,-1.4101618295102836e-06,0.41791754051102387,-0.6869009584591383,0.7179696513753797,7.6,0.0,7.6,-13827.500000000005,1.761208721189201,7.599999992399999,7.6,7.6,0.5677918735020739,1.0,0.00017703815218410773,0.0001702036981710084,0.0,1.8014179160469815e-07,0.0,0.00017703815218410773,2.3294493705370163e-05,-1,0.0,0.0009999999999994458,0.001000000000000334,0.0009999999999994458,1.7175086914356997e-06,39814.985862765396,-0.5530303208316482,False,0.5658783187914933,0.25,0.0,-0.00011898,5.65265518,5.65608715,-0.003431970000000284,4831550.9,-0.00023535554734606845,1.9138,-0.00011898,1,1,False,1.2624758375370408,0.5452454036688861,30,43,5,2,0,9,1,False,0,1218195145
1779860611000,1779860612003,9,133,False,5.649,5.649,5.649,5.649,81.8,30.7,51.1,2,1,1,5.648,5.649,0.001000000000000334,5.6485,5.648834258480184,5.64912244259705,3142.3,7889.1,20963.0,4854.1,13547.8,27944.2,20963.0,27944.2,-0.14274380868256328,-0.24938875305318597,-0.20836749353127745,-7.798019949488411e-07,6.382867834736567e-07,-1.4180887784224977e-06,0.4286280956587082,-0.6685170499550476,0.7501735601663045,30.7,51.1,-20.400000000000002,-13847.900000000005,1.7690379434452927,40.899999979549996,51.1,-20.400000000000002,1.130557999776047,12.195121802498514,0.0,0.0001702036981710084,0.0,1.8014179160469815e-07,-0.0004999999999997229,-0.00017703815218410773,0.0,-1,0.0,0.0009999999999994458,0.001000000000000334,-0.0009999999999994458,1.6775080643134933e-06,39814.9858627654,-0.5530303208316482,False,0.5658783187914933,0.24812030075187969,-0.0019999999999988916,-0.00011898,5.65265518,5.65608715,-0.003431970000000284,4831550.9,-0.00023535554734606845,1.9138,-0.00011898,1,0,False,1.2691957664748625,0.5406497322213305,31,43,5,2,0,9,2,False,0,2083782988
1779860612000,1779860612993,9,134,False,5.6485,5.6485,5.6485,5.6485,0.0,0.0,0.0,0,0,0,5.648,5.649,0.001000000000000334,5.6485,5.648855229555812,5.649099967569229,3185.6,7994.7,21068.600000000002,4832.0,13214.3,27695.1,21068.600000000002,27695.1,-0.13589001654919255,0.0,-0.19051645601159087,-7.788515128526948e-07,6.45449352250949e-07,-1.424300865103644e-06,0.4320549917253935,-0.7104591836689385,0.7607338482258321,0.0,0.0,0.0,-13847.900000000005,1.711036699397906,0.0,0.0,0.0,0.0,0.0,-8.851515827860905e-05,0.0001702057327522679,0.0,1.8014179160469815e-07,-0.0009999999999994458,-8.851515827860905e-05,88515.15827860904,-1,0.0,0.0,0.001000000000000334,-0.0,1.6775080643134933e-06,39814.985862792186,-0.5530303208316482,False,0.5658783187914933,0.2462686567164179,-0.0,-0.00011898,5.65265518,5.65608715,-0.003431970000000284,4831550.9,-0.00023535554734606845,1.9138,-0.00011898,1,0,False,1.2737504611598542,0.5579018308597805,32,43,5,2,0,8,0,False,0,81019649
1779860613000,1779860614007,9,135,False,5.649,5.649,5.649,5.649,9.5,9.5,0.0,1,1,0,5.648,5.649,0.001000000000000334,5.6485,5.648753525818344,5.649251723778196,2852.8,7661.9,20735.8,4862.8,13332.8,27813.6,20735.8,27813.6,-0.14578552979027248,0.9999999998947369,-0.1983234341047307,-7.831286346659219e-07,6.427213776904843e-07,-1.4258500123564062e-06,0.42710723510485354,-0.507051712555359,0.7455273679063211,9.5,0.0,9.5,-13838.400000000005,1.6877240207291222,9.4999999905,9.5,9.5,0.5925139342245487,1.0,8.851515827861659e-05,0.00017135267177371605,0.0,1.8797672484978604e-07,-0.0004999999999997229,0.00017703031655722564,9.317385080978863e-06,-1,0.0,0.0009999999999994458,0.001000000000000334,0.0009999999999994458,1.6951671570579293e-06,44240.74377672302,-0.5530303208316482,False,0.5658783187914933,0.24444444444444444,0.0,-0.00011898,5.65265518,5.65608715,-0.003431970000000284,4831550.9,-0.0002170881099200487,1.9138,-0.00011898,1,1,False,1.2783068414387515,0.5477127084996208,33,43,5,2,0,9,1,False,0,1791263349
1779860614000,1779860615000,9,136,False,5.6485,5.6485,5.6485,5.6485,0.0,0.0,0.0,0,0,0,5.648,5.649,0.001000000000000334,5.6485,5.648781287213058,5.64926891844418,2808.2,7617.3,20692.2,4913.099999999999,13383.199999999999,27864.0,20692.2,27864.0,-0.14770101449454143,0.0,-0.20675328413401184,-7.833547585568833e-07,6.425202740156722e-07,-1.4258750325725556e-06,0.4261494927527191,-0.5625744934412241,0.742614125753634,0.0,0.0,0.0,-13838.400000000005,1.6323888069347248,0.0,0.0,0.0,0.0,0.0,-8.851515827860905e-05,0.0001724919847014499,0.0,1.9581165809487392e-07,-0.0004999999999997229,-0.00017703031655722564,88515.15827860904,-1,0.0,0.0,0.001000000000000334,-0.0,1.6951671570579293e-06,44240.743777188894,-0.5530303208316482,False,0.5658783187914933,0.2426470588235294,-0.0,-0.00011898,5.65265518,5.65608715,-0.003431970000000284,4830255.7,-0.0004851011877663811,1.9138,-0.00011898,1,0,False,1.2828629798636586,0.552223143653596,34,43,5,2,0,9,0,False,0,1589006153
1779860615000,1779860616065,9,137,False,5.6485,5.6485,5.6485,5.6485,0.0,0.0,0.0,0,0,0,5.648,5.649,0.001000000000000334,5.6485,5.648816316288044,5.649325934783212,2813.8,7535.6,20697.8,5129.2,13724.7,28205.5,20697.8,28205.5,-0.153521337005884,0.0,-0.22425291528654387,-7.862757084086312e-07,6.371859620187793e-07,-1.4234616704274104e-06,0.4232393314970478,-0.6326326326294662,0.7338214178085574,0.0,0.0,0.0,-13838.400000000005,1.5788678624450616,0.0,0.0,0.0,0.0,0.0,0.0,0.0001724919847014499,0.0,1.9581165809487392e-07,0.0005000000000006111,8.851515827860905e-05,0.0,-1,0.0,0.0,0.001000000000000334,0.0,1.6951671570579293e-06,44240.743777188894,-0.575757545240984,False,0.5658783187914933,0.24087591240875914,0.0,-0.00011898,5.65265518,5.65608715,-0.003431970000000284,4830255.7,-0.0004851011877663811,1.9138,-0.00011898,1,1,False,1.2828629798636586,0.5477158330496367,35,43,5,2,0,10,0,False,0,551636538
1779860616000,1779860617001,9,138,False,5.648,5.648,5.648,5.648,1.3,0.0,1.3,1,0,1,5.648,5.649,0.001000000000000334,5.6485,5.648788214669494,5.6491978461257,3172.3,7894.1,21062.3,5082.6,13377.9,27859.7,21062.3,27859.7,-0.1389436245451916,-0.9999999992307692,-0.18801536397976354,-7.826698803739869e-07,6.443441992886963e-07,-1.4270140796626832e-06,0.43052818772739404,-0.5764294048974539,0.7560131659708914,0.0,1.3,-1.3,-13839.700000000004,1.559888588266535,1.2999999987,1.3,-1.3,0.6410714245112873,1.0,-8.852299390554957e-05,0.00010473817895526231,0.0,8.619536701952519e-08,0.0,-8.852299390554957e-05,6.809461064419611e-05,-1,0.0,0.0010000000000012221,0.001000000000000334,-0.0009999999999994458,1.6928086582910693e-06,17703.031731817184,-0.5539682641044975,False,0.5658783187914933,0.2391304347826087,-0.002000000000000668,-0.00011898,5.65265518,5.65608715,-0.003431970000000284,4830255.7,-0.0004851011877663811,1.9138,-0.00011898,0,0,False,1.2874168008756637,0.5443903971373059,36,43,5,2,0,8,1,False,0,2444828412
1779860617000,1779860618009,9,139,False,5.648,5.648,5.648,5.648,4.8,0.0,4.8,1,0,1,5.648,5.649,0.001000000000000334,5.6485,5.648799107106832,5.649247741390441,3024.9,7923.7,21093.9,5055.3,13315.3,27797.1,21093.9,27797.1,-0.1371049886482146,-0.9999999997916666,-0.18979386246343768,-7.787423959712191e-07,6.454461517866544e-07,-1.4241885477578735e-06,0.4314475056758825,-0.5982142857104705,0.7588525421716382,0.0,4.8,-4.8,-13844.500000000004,1.5415315853725502,4.799999995199999,4.8,-4.8,0.6487054879966142,1.0,0.0,9.697172525569814e-05,0.0,7.05275807535264e-08,0.0009999999999994458,8.852299390554957e-05,0.0,-1,0.0,0.0010000000000012221,0.001000000000000334,-0.0009999999999994458,1.7056334718515383e-06,17703.03173176829,-0.5284280348972357,False,0.5658783187914933,0.23741007194244604,-0.002000000000000668,-0.00011898,5.65265518,5.65608715,-0.003431970000000284,4830255.7,-0.0004851011877663811,1.9138,-0.00011898,0,1,True,1.2445418653125937,0.5502402627227961,37,43,5,2,0,7,1,False,0,1753172347
1779860618000,1779860619371,9,140,False,5.6485,5.6485,5.6485,5.6485,0.0,0.0,0.0,0,0,0,5.648,5.649,0.001000000000000334,5.6485,5.648811490091868,5.649167921490444,3138.6,7816.1,21030.600000000002,5003.3,13210.9,27692.7,21030.600000000002,27692.7,-0.13673334934209838,0.0,-0.19208750608335137,-7.826586491740242e-07,6.483488300689828e-07,-1.431007479243007e-06,0.4316333253289406,-0.6229802513427709,0.7594275747759966,0.0,0.0,0.0,-13844.500000000004,1.4909895661800077,0.0,0.0,0.0,0.0,0.0,8.852299390546484e-05,9.697208288632143e-05,0.0,6.269264750843852e-08,0.0005000000000006111,8.852299390546484e-05,88522.99390546483,-1,0.0,0.0,0.001000000000000334,0.0,1.7056334718515383e-06,17703.031731349263,-0.49822693847007016,False,0.5658783187914933,0.2357142857142857,0.0,-0.00011898,5.65265518,5.65608715,-0.003431970000000284,4830255.7,-0.000463921596153393,1.9138,-0.00011898,0,1,True,1.248878270833695,0.5340254262150348,38,43,5,2,0,7,0,False,0,3428172819
1779860619000,1779860620055,9,141,False,5.6485,5.6485,5.6485,5.6485,0.0,0.0,0.0,0,0,0,5.648,5.649,0.001000000000000334,5.6485,5.648808743135102,5.64909560102613,3024.9,7702.4,20916.9,4676.9,12902.1,27383.9,20916.9,27383.9,-0.13389012190274005,0.0,-0.19370556142167789,-7.840993455100507e-07,6.528827036777009e-07,-1.4369820491877516e-06,0.43305493904861964,-0.6174863387940651,0.7638393362522955,0.0,0.0,0.0,-13844.500000000004,1.4421046623708271,0.0,0.0,0.0,0.0,0.0,0.0,9.493070207818525e-05,0.0,6.269264750843852e-08,0.0005000000000006111,-8.852299390546484e-05,0.0,-1,0.0,0.0,0.001000000000000334,0.0,1.7056334718515383e-06,13277.273817418438,-0.553030323213234,False,0.5658783187914933,0.23404255319148937,0.0,-0.00011898,5.65265518,5.65608715,-0.003431970000000284,4830255.7,-0.000463921596153393,1.9138,-0.00011898,0,0,False,1.242663188579987,0.525415701033675,39,43,5,2,0,5,0,False,0,1538782496
1779860620000,1779860621087,9,142,False,5.648,5.648,5.648,5.648,44.2,0.0,44.2,1,0,1,5.648,5.649,0.001000000000000334,5.6485,5.6488730814306445,5.649273032572248,2815.7,7609.9,20824.4,5015.6,13355.6,29944.9,20824.4,29944.9,-0.1796459671494352,-0.9999999999773757,-0.2367226674311486,-7.817638438236401e-07,6.325964170477675e-07,-1.4143602608714076e-06,0.4101770164252726,-0.7461629279767051,0.695423928615534,0.0,44.2,-44.2,-13888.700000000004,1.4276094275389968,44.1999999558,44.2,-44.2,0.7004716976571045,1.0,-8.852299390554957e-05,9.69724405156293e-05,0.0,6.269264750843852e-08,-0.001000000000000334,-8.852299390554957e-05,2.0027826675010586e-06,-1,0.0,0.0010000000000012221,0.001000000000000334,0.0010000000000012221,1.7181732398444215e-06,17703.423512695914,-0.553030323213234,False,0.5658783187914933,0.2323943661971831,0.0,-0.00011898,5.65265518,5.65608715,-0.003431970000000284,4830255.7,-0.000463921596153393,1.9138,-0.00011898,0,0,False,1.2481590764493673,0.5304380952040076,40,43,5,2,0,9,1,False,0,649711810
1779860621000,1779860622003,9,143,False,5.648,5.648,5.646,5.646,45.6,0.0,45.6,4,0,4,5.647,5.648,0.0009999999999994458,5.6475,5.647377241770889,5.648659451738659,2485.6,8266.2,20729.9,4587.7,11598.6,27660.4,20729.9,27660.4,-0.1432208521129205,-0.9999999999780702,-0.14087900753421256,-7.966902947312123e-07,6.548583863263284e-07,-1.4515486810575407e-06,0.42838957394352944,0.24551638837201295,0.7494432473861279,0.0,45.6,-45.6,-13934.300000000005,1.511950102045915,11.399999997150001,22.3,-45.6,2.6455899516404395,3.963011873330203,-0.0003541703596432785,0.00012362770353616207,0.00021270097774774826,9.404486809666677e-08,-0.0030000000000001137,-0.00026564736573772893,7.766893851655956e-06,-1,-0.9999995000002501,0.0030000000000001137,0.0009999999999994458,0.005000000000000782,1.7749218466180744e-06,17703.423513041245,-0.5321969343768406,False,0.5658783187914933,0.23076923076923078,0.002000000000000668,-0.00011898,5.65265518,5.65608715,-0.003431970000000284,4830255.7,-0.000463921596153393,1.9138,-0.00011898,0,0,False,1.2255560638440968,0.5336970862610385,41,43,5,2,0,7,4,False,0,1672139720
1779860622000,1779860623158,9,144,False,5.647,5.647,5.647,5.647,1.4,0.0,1.4,1,0,1,5.647,5.648,0.0009999999999994458,5.6475,5.647353828273508,5.648338449514854,2893.0,9132.7,21596.4,4273.8,11265.1,27345.5,21596.4,27345.5,-0.11746785474204886,-0.9999999992857143,-0.10568846370083322,-7.70885025186907e-07,6.576837162036385e-07,-1.4285687413905455e-06,0.4412660726289654,0.292343387469302,0.7897606553180309,0.0,1.4,-1.4,-13935.700000000004,1.495164852798508,1.3999999985999998,1.4,-1.4,0.6688225699390085,1.0,0.00017710085940212398,0.00012981542590029016,0.0,1.567687431642507e-07,-0.0015000000000000568,0.0005312712190454025,0.00012650061376830242,-1,0.0,0.0009999999999994458,0.0009999999999994458,0.0030000000000001137,1.8592596994838485e-06,17703.423513235433,-0.5602836711390758,False,0.5658783187914933,0.22916666666666666,0.002000000000000668,-0.00011898,5.65265518,5.65608715,-0.003431970000000284,4830255.7,-0.000463921596153393,1.9138,-0.00011898,0,1,True,1.2255560638440968,0.5322987228152266,42,43,5,2,0,8,1,False,0,3511008703
1779860623000,1779860624007,9,145,False,5.647,5.648,5.647,5.648,27.1,24.0,3.1,4,1,3,5.648,5.649,0.001000000000000334,5.6485,5.648136971015322,5.649057265546897,3091.6,8711.6,21848.9,4127.400000000001,12340.2,29190.2,21848.9,29190.2,-0.1438367839558271,0.7712177121486634,-0.10625972343870849,-7.623943319013646e-07,6.426826427466309e-07,-1.4050769746479955e-06,0.4280816080220766,0.7260579064547548,0.7485012093099482,24.0,3.1,20.9,-13914.800000000005,1.5772905953297045,6.77499999830625,24.0,20.9,2.535994324259492,6.32911388399295,0.00017706950024125504,0.0001357192882292643,0.00010634107232619456,1.8812790383088159e-07,-0.001000000000000334,-3.135916086893331e-08,6.533929897960189e-06,-1,0.9999990000010001,0.0010000000000012221,0.001000000000000334,-0.0010000000000012221,1.874605019223042e-06,17703.423519559343,-0.5066890045626254,False,0.5658783187914933,0.22758620689655173,-0.0020000000000024443,-0.00011898,5.65265518,5.65608715,-0.003431970000000284,4830255.7,-0.000463921596153393,1.9138,-0.00011898,0,0,False,1.2113959208766278,0.5568596148245751,43,43,5,2,0,6,4,False,0,2043884883
1779860624000,1779860625029,9,146,False,5.648,5.648,5.648,5.648,3.8,0.0,3.8,1,0,1,5.648,5.649,0.001000000000000334,5.6485,5.648282990438292,5.649074208729045,2957.1000000000004,8319.800000000001,21457.100000000002,4139.1,12620.300000000001,29437.7,21457.100000000002,29437.7,-0.156805803343364,-0.9999999997368421,-0.13492957527498234,-7.707218740877322e-07,6.366416706732549e-07,-1.407363544760987e-06,0.4215970983283082,0.4340190667313898,0.728898657164088,0.0,3.8,-3.8,-13918.600000000004,1.5583630348270912,3.7999999961999995,3.8,-3.8,0.6416989988916519,1.0,0.0,0.0001342685662284109,0.0,1.7245873072829856e-07,-0.0005000000000006111,-0.00017706950024125504,0.0,-1,0.0,0.0010000000000012221,0.001000000000000334,0.0010000000000012221,1.9016015125593148e-06,13278.057317622177,-0.5066890045626254,False,0.5658783187914933,0.22602739726027396,0.0,-0.00011898,5.65265518,5.65608715,-0.003431970000000284,4830294.6,-0.0004558719284206162,1.9138,-0.00011898,0,0,False,1.1947668387598147,0.5420278534489386,44,43,5,2,0,10,1,False,0,83487403
1779860625000,1779860626001,9,147,False,5.648,5.648,5.648,5.648,10.2,0.0,10.2,1,0,1,5.648,5.649,0.001000000000000334,5.6485,5.648294117619371,5.64920003452596,2775.6,8138.3,21275.600000000002,4175.2,12656.4,29473.8,21275.600000000002,29473.8,-0.1615427965650793,-0.9999999999019608,-0.14289866548917768,-7.741784586608339e-07,6.358650896760918e-07,-1.4100435483369256e-06,0.4192286017174505,0.4117647058803345,0.7218478784547389,0.0,10.2,-10.2,-13928.800000000005,1.540056050078662,10.199999989799998,10.2,-10.2,0.6493270159223072,1.0,0.0,0.00012830012669749874,0.0,1.7245873072829856e-07,-0.0005000000000006111,0.0,0.0,-1,0.0,0.0010000000000012221,0.001000000000000334,0.0010000000000012221,1.8992417194590199e-06,13278.057317265246,-0.5066890045626254,False,0.5658783187914933,0.22448979591836735,0.0,-0.00011898,5.65265518,5.65608715,-0.003431970000000284,4830294.6,-0.0004558719284206162,1.9138,-0.00011898,0,0,False,1.1503614288099304,0.5260100954541514,45,43,5,2,0,9,1,False,0,3266666731
1779860626000,1779860627006,9,148,False,5.648,5.648,5.648,5.648,1.3,0.0,1.3,1,0,1,5.648,5.649,0.001000000000000334,5.6485,5.648310960861186,5.64927738941099,2672.5,7793.0,20930.3,4179.6,12640.8,29972.3,20930.3,29972.3,-0.1776333625394346,-0.9999999992307692,-0.15737815638663813,-7.852010388040756e-07,6.297109493383629e-07,-1.4149119881424384e-06,0.4111833187302729,0.3780782230788117,0.6983214501389383,0.0,1.3,-1.3,-13930.100000000004,1.522349294338378,1.2999999987,1.3,-1.3,0.6568794711319693,1.0,0.0,0.00012830012669749874,0.0,1.7245873072829856e-07,0.0,0.0,0.0,-1,0.0,0.0010000000000012221,0.001000000000000334,0.0010000000000012221,1.897715547786142e-06,13278.057317265248,-0.5284280348972357,False,0.5658783187914933,0.22297297297297297,0.0,-0.00011898,5.65265518,5.65608715,-0.003431970000000284,4830294.6,-0.0004558719284206162,1.9138,-0.00011898,0,0,False,1.13288585714205,0.5471205214782324,46,43,5,2,0,7,1,False,0,833962175
1779860627000,1779860628053,9,149,False,5.649,5.649,5.649,5.649,27.3,27.3,0.0,1,1,0,5.648,5.649,0.001000000000000334,5.6485,5.648213340652437,5.649068075180941,2966.0,7922.1,21143.5,4152.6,12613.8,29945.3,21143.5,29945.3,-0.17228433629288273,0.99999999996337,-0.14485520709778846,-7.798674370415514e-07,6.297164282285478e-07,-1.4095838652700992e-06,0.41385783185354885,0.5733186328524074,0.7060707356412957,27.3,0.0,27.3,-13902.800000000005,1.505223087966628,27.2999999727,27.3,27.3,0.6643533489022708,1.0,0.00017703815218410773,0.0001282979636675844,0.0,1.4110512281261883e-07,0.001000000000000334,0.00017703815218410773,6.484913999180323e-06,-1,0.0,0.0009999999999994458,0.001000000000000334,0.0009999999999994458,1.9554408417443837e-06,13278.057324070189,-0.49822693847007016,False,0.4976620744201278,0.22818791946308725,0.0,-0.00011898,5.65265518,5.65608715,-0.003431970000000284,4830294.6,-0.0004558719284206162,1.9138,-0.00011898,0,1,True,1.0988558873938725,0.536659217289632,47,43,5,2,0,7,1,False,0,4130901050
1779860628000,1779860629049,9,150,False,5.6485,5.6485,5.6485,5.6485,0.0,0.0,0.0,0,0,0,5.648,5.649,0.001000000000000334,5.6485,5.648348104131347,5.649313981661454,2645.8,7778.9,21000.3,4411.3,12828.3,30059.8,21000.3,30059.8,-0.17742816798243294,0.0,-0.16680272160190396,-7.78726686777825e-07,6.300441209395904e-07,-1.4087708077174154e-06,0.4112859160087738,0.3037916856998456,0.6986174226042522,0.0,0.0,0.0,-13902.800000000005,1.4558715113119844,0.0,0.0,0.0,0.0,0.0,-8.851515827860905e-05,0.00012363022991048256,0.0,1.5677568287454758e-07,0.0,-0.0002655533104627168,88515.15827860904,-1,0.0,0.0,0.001000000000000334,-0.0,1.9554408417443837e-06,13278.057320016369,-0.46212115964559175,False,0.4976620744201278,0.23333333333333334,-0.0,-0.00011898,5.65265518,5.65608715,-0.003431970000000284,4830294.6,-0.000452769348822901,1.9138,-0.00011898,0,0,False,0.986405718283591,0.5481850334374161,48,43,5,2,0,8,0,False,0,1993106660
1779860629000,1779860630107,9,151,False,5.6485,5.6485,5.6485,5.6485,0.0,0.0,0.0,0,0,0,5.648,5.649,0.001000000000000334,5.6485,5.648351952744559,5.6493731567790295,2478.2,7434.3,20655.7,4235.6,12696.8,29928.3,20655.7,29928.3,-0.18331092835678903,0.0,-0.17619668207092568,-7.882102012656436e-07,6.315369765032736e-07,-1.419747177768917e-06,0.40834453582159563,0.29609445958085334,0.6901728464362931,0.0,0.0,0.0,-13902.800000000005,1.408138019137821,0.0,0.0,0.0,0.0,0.0,0.0,0.00012363022991048256,0.0,1.567756828745476e-07,0.0,8.851515827860905e-05,0.0,1,0.0,0.0,0.001000000000000334,0.0,1.9554408417443837e-06,13278.057320016367,-0.41836731823123297,False,0.4976620744201278,0.23841059602649006,0.0,-0.00011898,5.649,5.65193761,-0.002937610000000035,4830296.7,-0.0004523347895757433,1.9138,-0.00011898,0,2,False,0.986405718283591,0.5481850334374162,49,43,5,2,0,4,0,False,0,729668545
1779860630000,1779860630993,9,152,False,5.648,5.648,5.648,5.648,5.9,0.0,5.9,1,0,1,5.648,5.649,0.001000000000000334,5.6485,5.648416370081636,5.649246997909133,2657.7999999999997,7613.9,23285.8,4237.4,12654.4,29886.9,23285.8,29886.9,-0.12414453281476921,-0.9999999998305085,-0.1345956250919999,-7.620366427908792e-07,6.327691977071679e-07,-1.394805840498047e-06,0.43792773359260606,0.16725978647612427,0.7791306559060732,0.0,5.9,-5.9,-13908.700000000004,1.3947564447398597,5.8999999941,5.9,-5.9,0.7169710547346078,1.0,-8.852299390554957e-05,0.00011878183532754794,0.0,1.5677568287454758e-07,0.0,-8.852299390554957e-05,1.5003897269584011e-05,-1,0.0,0.0010000000000012221,0.001000000000000334,-0.009000000000000341,1.811315200766142e-06,17704.207015095373,-0.4755555639608406,False,0.4976620744201278,0.24342105263157895,-0.010000000000001563,-0.00011898,5.649,5.65193761,-0.002937610000000035,4830296.7,-0.0004523347895757433,1.9138,-0.00011898,0,0,False,0.9820941327057573,0.5380492436398921,50,43,5,2,0,5,1,False,0,253962222
1779860631000,1779860632097,9,153,False,5.648,5.648,5.648,5.648,7.6,0.0,7.6,2,0,2,5.648,5.649,0.001000000000000334,5.6485,5.6483589014884075,5.649283609709185,2588.7,7544.8,23216.7,4219.6,12636.6,29869.1,23216.7,29869.1,-0.12531411413221374,-0.999999999868421,-0.13222361508175326,-7.629015378194019e-07,6.327691977071679e-07,-1.3956707355265698e-06,0.4373429429338837,0.2821969696956336,0.7772815384460604,0.0,7.6,-7.6,-13916.300000000005,1.4146004957319955,3.7999999980999997,6.5,-7.6,1.41382673385199,2.2026431669545303,0.0,0.00011878183532754794,0.0,1.567756828745476e-07,0.0019999999999997797,8.852299390554957e-05,0.0,-1,0.0,0.0010000000000012221,0.001000000000000334,-0.009000000000000341,9.991387440921256e-06,17704.207015095373,-0.4755555639608406,False,0.4976620744201278,0.24836601307189543,-0.010000000000001563,-0.00011898,5.649,5.65193761,-0.002937610000000035,4830296.7,-0.0004523347895757433,1.9138,-0.00011898,0,1,True,0.9481155814727051,0.5380492436398921,51,43,5,2,0,7,2,False,0,270735380
1779860632000,1779860633241,9,154,False,5.648,5.648,5.648,5.648,1.0,0.0,1.0,1,0,1,5.648,5.649,0.001000000000000334,5.6485,5.648323917969711,5.649221542331446,2698.0,7654.1,23326.0,4214.9,12631.9,29864.4,23326.0,29864.4,-0.12292443749247757,-0.9999999989999999,-0.12550432561574112,-7.612819194441541e-07,6.327691977071679e-07,-1.394051117151322e-06,0.43853778125375187,0.352164009110013,0.781063741444637,0.0,1.0,-1.0,-13917.300000000005,1.4010070368555367,0.9999999989999999,1.0,-1.0,0.7137722887749789,1.0,0.0,0.0001171212096143408,0.0,1.489407496294597e-07,0.0009999999999994458,0.0,0.0,-1,0.0,0.0010000000000012221,0.001000000000000334,-0.009000000000000341,7.808153066802516e-06,17704.20701504127,-0.4755555639608406,False,0.5004716376386932,0.24675324675324675,-0.010000000000001563,-0.00011898,5.649,5.65193761,-0.002937610000000035,4830296.7,-0.0004523347895757433,1.9138,-0.00011898,0,0,False,0.9481155814727051,0.5481821997119,52,43,5,2,0,4,1,False,0,3576295128
1779860633000,1779860634009,9,155,False,5.6485,5.6485,5.6485,5.6485,0.0,0.0,0.0,0,0,0,5.648,5.649,0.001000000000000334,5.6485,5.648342716686111,5.649239528621961,2653.0,7786.1,23460.0,4220.5,12632.5,29866.0,23460.0,29866.0,-0.12012901773993699,0.0,-0.12452025517101983,-7.566123663233085e-07,6.328731333330559e-07,-1.3894854996563644e-06,0.43993549113002217,0.3145665772997561,0.7855086051027662,0.0,0.0,0.0,-13917.300000000005,1.3550723799094535,0.0,0.0,0.0,0.0,0.0,8.852299390546484e-05,0.0001171215057185113,0.0,1.4110581638437184e-07,0.0005000000000006111,8.852299390546484e-05,88522.99390546483,-1,0.0,0.0,0.001000000000000334,0.013999999999999346,7.808153066802516e-06,13278.449105536589,-0.4755555639608406,False,0.5004716376386932,0.24516129032258063,0.013999999999999346,-0.00011898,5.649,5.65193761,-0.002937610000000035,4830296.7,-0.00045657497871019287,1.9138,-0.00011898,0,1,True,0.9526358932913255,0.5660677282563767,53,43,5,2,0,4,0,False,0,3431352424
1779860634000,1779860635035,9,156,False,5.648,5.648,5.644,5.645,1076.7,350.0,726.7,9,2,7,5.643,5.644,0.001000000000000334,5.6434999999999995,5.643092906430364,5.644172474084667,3879.5,11830.9,20653.0,4870.8,10950.6,26158.4,20653.0,26158.4,-0.11760810400885006,-0.34986532924644764,-0.08987057418280406,-8.744044022524204e-07,7.166271288797726e-07,-1.5910315311321929e-06,0.44119594799556433,0.8141870684192455,0.7895360572511778,350.0,726.7,-376.70000000000005,-14294.000000000005,1.6057257445025863,119.63333332004075,193.4,-376.70000000000005,5.6049422046123025,8.80088001055331,-0.0006198255832211462,0.00018037430005488203,0.00042547731456801807,1.9597463271030856e-07,-0.0030000000000001137,-0.0007083485771266111,5.756715735307612e-07,-1,-0.7499998125001578,0.0030000000000001137,0.001000000000000334,-0.006999999999997897,4.440470008158401e-06,44269.72826612803,-0.4755555639608406,False,0.44203015811565094,0.21153846153846154,-0.00999999999999801,-0.00011898,5.649,5.65193761,-0.002937610000000035,4830296.7,-0.00045657497871019287,1.9138,-0.00011898,1,0,False,1.2230221924719549,0.5020812473344751,54,43,5,2,0,9,9,False,0,409363471
1779860635000,1779860636014,9,157,False,5.644,5.644,5.643,5.643,85.7,0.0,85.7,2,0,2,5.643,5.644,0.001000000000000334,5.6434999999999995,5.643519677971183,5.643474128154697,4779.2,12968.9,21892.9,4657.7,10739.199999999999,26436.5,21892.9,26436.5,-0.09401316796814992,-0.9999999999883313,-0.11775463770926457,-8.250065247830021e-07,7.119903791319289e-07,-1.536996903914931e-06,0.45299341601591475,-0.03935599284418891,0.8281315605318091,0.0,85.7,-85.7,-14379.700000000006,1.6186527692729933,42.849999978575,44.2,-85.7,1.2355954511866623,1.36239781830736,-0.0003543586146222422,0.00019701114056859412,0.00010641644475318753,4.1561516768797726e-07,-0.004999999999999893,0.00026546696859890405,4.13487298270837e-06,-1,-0.9999990000010001,0.0009999999999994458,0.001000000000000334,-0.005000000000000782,4.7625383116329685e-06,44269.728266144484,-0.4755555639608406,False,0.44203015811565094,0.21019108280254778,-0.006000000000000227,-0.00011898,5.649,5.65193761,-0.002937610000000035,4830296.7,-0.00045657497871019287,1.9138,-0.00011898,2,1,False,1.1763505544660133,0.5019714927049284,55,43,5,2,0,9,2,False,0,3805751300
1779860636000,1779860637009,9,158,False,5.644,5.644,5.643,5.643,139.9,117.8,22.1,3,1,2,5.643,5.644,0.001000000000000334,5.6434999999999995,5.643123098162911,5.643087795123489,4869.2,13126.2,22200.4,3783.9,9969.4,25531.1,22200.4,25531.1,-0.06977991473136037,0.6840600428828872,-0.05553957814287593,-8.124839301808416e-07,7.258864003756264e-07,-1.5383703305564682e-06,0.4651100426343094,0.7538035961220346,0.8695434195941081,117.8,22.1,95.69999999999999,-14284.000000000005,1.6639428424115836,46.63333331778889,117.8,95.7,1.80294654463557,12.57861619397967,0.0,0.00019601421755994705,0.00010641644475318753,4.1561516768797726e-07,-0.004999999999999893,0.0003543586146222422,0.0,-1,-0.9999990000010001,0.0009999999999994458,0.001000000000000334,0.005000000000000782,5.237637074106002e-06,39843.57857086701,-0.4755555639608406,False,0.44203015811565094,0.2088607594936709,0.004000000000001336,-0.00011898,5.649,5.65193761,-0.002937610000000035,4830296.7,-0.00045657497871019287,1.9138,-0.00011898,2,1,False,1.1826111684500629,0.48890179965510994,56,43,5,2,0,9,3,False,0,88859040
1779860637000,1779860638083,9,159,False,5.6434999999999995,5.6434999999999995,5.6434999999999995,5.6434999999999995,0.0,0.0,0.0,0,0,0,5.643,5.644,0.001000000000000334,5.6434999999999995,5.643716834997833,5.643386686448935,4388.5,12682.4,21669.5,4440.1,11270.2,26699.8,21669.5,26699.8,-0.10399778371818272,0.0,-0.16187615156615967,-8.227148414646748e-07,7.11257540710251e-07,-1.5339723821749259e-06,0.4480011081408983,-0.43367003366857354,0.811597839684162,0.0,0.0,0.0,-14284.000000000005,1.6093873393816955,0.0,0.0,0.0,0.0,0.0,8.860142654093056e-05,0.00019701290344769973,0.0,4.156151676879772e-07,-0.0055000000000005045,8.860142654093056e-05,88601.42654093055,-1,0.0,0.0,0.001000000000000334,0.006000000000000227,5.237637074106002e-06,39843.57857089867,-0.4755555639608406,False,0.44203015811565094,0.20754716981132076,0.006000000000000227,-0.00011898,5.649,5.65193761,-0.002937610000000035,4830296.7,-0.00045657497871019287,1.9138,-0.00011898,2,1,False,1.198238603770107,0.4889143957767903,57,43,5,2,0,9,0,False,0,2257819032
1779860638000,1779860639025,9,160,False,5.643,5.643,5.642,5.642,121.6,0.0,121.6,2,0,2,5.641,5.642,0.001000000000000334,5.641500000000001,5.641909941487475,5.640580374420191,8456.4,12182.3,21655.8,5650.7,11907.0,27422.8,21655.8,27422.8,-0.11750538931428124,-0.9999999999917762,-0.20542130713757403,-8.799058240990858e-07,6.864996878854844e-07,-1.56640551198457e-06,0.4412473053428492,-0.8198830409308778,0.789700541155506,0.0,121.6,-121.6,-14405.600000000006,1.6221943118609843,60.799999969599995,87.1,-121.6,1.2328979235987447,3.0674846531672246,-0.00026582783373923754,0.00020483039315960432,0.00010643530455739102,4.39167892971559e-07,-0.00649999999999995,-0.0003544292602801681,2.1860841590218047e-06,-1,-0.9999990000010001,0.0009999999999994458,0.001000000000000334,-0.005000000000000782,5.1441713701027865e-06,53134.97025693844,-0.4755555639608406,False,0.4405980098062583,0.20625,-0.006000000000000227,-0.00011898,5.649,5.65193761,-0.002937610000000035,4830296.7,-0.00045657497871019287,1.9138,-0.00011898,2,0,False,1.2281543193156899,0.44696054903869975,58,43,5,2,0,8,2,False,0,1053847587
1779860639000,1779860640004,9,161,False,5.641,5.641,5.641,5.641,102.7,0.0,102.7,1,0,1,5.641,5.642,0.001000000000000334,5.641500000000001,5.641916588539635,5.640451567948314,7841.400000000001,11445.7,20707.7,5146.9,11576.1,27344.399999999998,20707.7,27344.399999999998,-0.13811467136711736,-0.9999999999902629,-0.2284956531646071,-9.107212703111063e-07,6.935852835928858e-07,-1.604306553903992e-06,0.43094266431643097,-0.8331771321422999,0.7572921695118285,0.0,102.7,-102.7,-14508.300000000007,1.6017944983573456,102.69999989729999,102.7,-102.7,0.6242998089962283,1.0,-0.0001772578219655877,0.00020863007150053248,0.0,4.862879557980066e-07,-0.007500000000000284,8.857001177364985e-05,1.7259768448282542e-06,-1,0.0,0.0010000000000012221,0.001000000000000334,0.0010000000000012221,5.2251881661734385e-06,53134.97025701132,-0.4755555639608406,False,0.4405980098062583,0.20496894409937888,0.0,-0.00011898,5.649,5.65193761,-0.002937610000000035,4830372.1,-0.00044097229860028434,1.9138,-0.00011898,2,1,False,1.2735390072415929,0.46283159390621786,59,43,5,2,0,9,1,False,0,1392228007
1779860640000,1779860640999,9,162,False,5.641,5.641,5.641,5.641,181.5,108.1,73.4,3,1,2,5.64,5.641,0.001000000000000334,5.640499999999999,5.640519483728865,5.639522831334333,8333.7,12128.4,20594.6,4464.5,12095.9,27531.0,20594.6,27531.0,-0.1441311900526925,0.1911845730017014,-0.17878929968697146,-9.67985028676919e-07,6.831620062138314e-07,-1.6511470348907503e-06,0.4279344049736434,-0.03896748572837193,0.7480512876393611,108.1,73.4,34.69999999999999,-14473.600000000006,1.6476373016898915,60.49999997983333,108.1,34.69999999999999,1.820789074817786,3.64298723627327,0.0,0.00020768892775450786,0.0,4.549357352097783e-07,-0.006999999999999673,0.0001772578219655877,0.0,-1,0.0,0.0010000000000012221,0.001000000000000334,0.0010000000000012221,4.6354821706008016e-06,48708.820561733846,-0.4955555141022183,False,0.4405980098062583,0.2037037037037037,0.0,-0.00011898,5.649,5.65193761,-0.002937610000000035,4830372.1,-0.00044097229860028434,1.9138,-0.00011898,2,1,False,1.285679063726794,0.46181136947976215,0,44,5,2,0,9,3,False,0,4041022030
1779860641000,1779860642073,9,163,False,5.640499999999999,5.640499999999999,5.640499999999999,5.640499999999999,0.0,0.0,0.0,0,0,0,5.64,5.641,0.001000000000000334,5.640499999999999,5.640432548707565,5.639540419148454,8273.2,12260.9,20651.5,4328.5,11795.300000000001,26995.4,20651.5,26995.4,-0.13314402406032436,0.0,-0.15608478862490546,-9.690168554737055e-07,6.943253390568557e-07,-1.6633421945305613e-06,0.43342798796982734,0.1349025563145155,0.765000703823586,0.0,0.0,0.0,-14473.600000000006,1.593616406552518,0.0,0.0,0.0,0.0,0.0,-8.864069500114426e-05,0.0001930174012099402,0.0,3.9221186014219435e-07,-0.007500000000000284,-8.864069500114426e-05,88640.69500114425,-1,0.0,0.0,0.001000000000000334,0.0020000000000024443,4.6354821706008016e-06,48708.820561357614,-0.441176429773322,False,0.4405980098062583,0.20245398773006135,0.0020000000000024443,-0.00011898,5.649,5.65193761,-0.002937610000000035,4830372.1,-0.00044097229860028434,1.9138,-0.00011898,2,0,False,1.3344979516649857,0.4756954520516243,1,44,5,2,0,10,0,False,0,1700817819
1779860642000,1779860643069,9,164,False,5.641,5.641,5.64,5.64,53.0,16.3,36.699999999999996,4,2,2,5.64,5.641,0.001000000000000334,5.640499999999999,5.640416544998441,5.639558508248971,8299.5,12205.6,20596.2,4397.0,11841.9,27156.8,20596.2,27156.8,-0.13738613280840706,-0.38490566037009605,-0.1602382728573828,-9.712835901212878e-07,6.916012574971549e-07,-1.6628848476184427e-06,0.43130693359578604,0.1669099756686937,0.7584177811818492,16.3,36.699999999999996,-20.399999999999995,-14494.000000000005,1.6725142292885011,13.2499999966875,35.3,-20.4,2.3916089487083276,6.0483870601912075,-8.864855287036151e-05,0.00018994843970428116,0.00010647304422771219,3.6871056881283804e-07,-0.008000000000000007,-7.85786921724777e-09,1.6726142050696018e-06,-1,-0.9999990000010001,0.0009999999999994458,0.001000000000000334,0.00300000000000189,4.702396529496636e-06,53141.24820468151,-0.3708791294786438,False,0.4405980098062583,0.20121951219512196,0.0020000000000024443,-0.00011898,5.649,5.65193761,-0.002937610000000035,4830372.1,-0.00044097229860028434,1.9138,-0.00011898,1,0,False,1.310751377545401,0.48597784111996956,2,44,5,2,0,8,4,False,0,27869367
1779860643000,1779860643996,9,165,False,5.641,5.645,5.64,5.645,5133.0,5033.599999999999,99.4,8,7,1,5.639,5.64,0.0009999999999994458,5.6395,5.6394901129545225,5.639002578029235,7349.799999999999,11315.9,23378.3,4248.2,11740.8,25780.0,23378.3,25780.0,-0.04885644947038347,0.961270212351264,-0.13342792434356693,-9.710151215852934e-07,7.175210432719054e-07,-1.688536164857199e-06,0.4755717752647981,0.01977401129929536,0.9068386346004302,5033.599999999999,99.4,4934.2,-9559.800000000007,1.8799727791478946,641.6249999197969,2032.6,4934.2,4.25538076108243,8.12064958602721,0.0008861320916577982,0.0002716141261856566,0.0005321765562174948,4.472648963902884e-07,-0.0035000000000007248,0.0009747806445281598,1.7263434476088555e-07,-1,0.7999998399999609,0.010999999999999233,0.0009999999999994458,0.006999999999997897,1.0893298143301396e-06,53141.24819919358,-0.257861736626519,False,0.5114010891710487,0.296969696969697,-0.004000000000001336,-0.00011898,5.649,5.65193761,-0.002937610000000035,4830372.1,-0.00046070452573297206,1.9138,-0.00011898,2,1,False,0.6503446109661603,0.44934052412204006,3,44,5,2,0,8,8,False,0,3589046956
1779860644000,1779860645091,9,166,False,5.641,5.642,5.641,5.641,65.9,43.2,22.7,4,2,2,5.641,5.642,0.001000000000000334,5.641500000000001,5.64199458805988,5.640253765268016,7368.8,12299.4,22123.4,4509.5,11359.7,26736.5,22123.4,26736.5,-0.09441484734925581,0.31107738998010503,-0.18060609448323023,-8.298324642327994e-07,7.067981609645602e-07,-1.5366306251973596e-06,0.4527925763253619,-0.9891761876067999,0.8274605875862275,43.2,22.7,20.500000000000004,-9539.300000000007,1.9494818683561603,16.47499999588125,22.5,20.5,2.0518272382399982,4.137931017360286,-0.0007088428437862623,0.00031447916052251785,0.00010645417104778838,1.0753932882112709e-06,-0.0039999999999995595,-0.0015949749354440606,1.0756340573224672e-05,-1,0.0,0.0010000000000012221,0.001000000000000334,-0.0010000000000012221,1.077660862233462e-06,53141.248199200476,-0.257861736626519,False,0.5114010891710487,0.29518072289156627,-0.0020000000000024443,-0.00011898,5.649,5.65193761,-0.002937610000000035,4830366.9,-0.00046178055139478835,1.9138,-0.00011898,2,0,False,0.9225265163917957,0.46229432685334854,4,44,5,2,0,10,4,False,0,1697054243
1779860645000,1779860646041,9,167,False,5.641,5.641,5.641,5.641,33.4,0.0,33.4,1,0,1,5.64,5.641,0.001000000000000334,5.640499999999999,5.640839136804116,5.639906718483646,6928.900000000001,12369.7,21574.0,4984.5,12194.2,27191.7,21574.0,27191.7,-0.1151977722046415,-0.99999999997006,-0.15949698191019954,-8.893912967395323e-07,7.01250469251394e-07,-1.5906417659909263e-06,0.44240111389766906,-0.6782736635572426,0.7934038695631095,0.0,33.4,-33.4,-9572.700000000006,1.9183513152953027,33.3999999666,33.4,-33.4,0.521280951776439,1.0,0.0,0.00031447916052251785,0.0,1.0753932882112709e-06,-0.0019999999999997797,0.0007088428437862623,0.0,-1,0.0,0.0010000000000012221,0.001000000000000334,0.004999999999999005,1.0635651207112821e-06,53141.248199200476,-0.257861736626519,False,0.5114010891710487,0.2934131736526946,0.003999999999997783,-0.00011898,5.649,5.65193761,-0.002937610000000035,4830366.9,-0.00046178055139478835,1.9138,-0.00011898,2,1,False,0.7696786256351431,0.44496778055966085,5,44,5,2,0,8,1,False,0,260721606
1779860646000,1779860647053,9,168,False,5.641,5.642,5.641,5.641,376.5,357.4,19.1,4,2,2,5.641,5.642,0.001000000000000334,5.641500000000001,5.641314361913557,5.640452691902042,6814.3,11567.1,21413.9,4510.4,11531.2,27245.7,21413.9,27245.7,-0.11984890956768816,0.8985391766244394,-0.14106562507186698,-8.613053075820679e-07,6.906383459155254e-07,-1.5519436534975933e-06,0.4400755452161456,0.37127612271955857,0.7859552149513213,357.4,19.1,338.29999999999995,-9234.400000000007,1.9866020918429976,94.12499997646874,186.3,338.3,2.013488264414167,4.322766551918877,0.0,0.00031447916052251785,0.00010645417104778838,1.0753932882112709e-06,-0.0019999999999997797,0.0,0.0,-1,0.0,0.0010000000000012221,0.001000000000000334,-0.0030000000000001137,1.05604466852927e-06,53141.248199200476,-0.257861736626519,False,0.5114010891710487,0.2916666666666667,-0.004000000000001336,-0.00011898,5.649,5.65193761,-0.002937610000000035,4830366.9,-0.00046178055139478835,1.9138,-0.00011898,2,0,False,0.8469312108460731,0.44496778055966074,6,44,5,2,0,8,4,False,0,3417279558
1779860647000,1779860648055,9,169,False,5.641500000000001,5.641500000000001,5.641500000000001,5.641500000000001,0.0,0.0,0.0,0,0,0,5.641,5.642,0.001000000000000334,5.641500000000001,5.641338519539644,5.640362574377236,7004.8,11934.800000000001,21720.0,4423.2,11478.6,27193.1,21720.0,27193.1,-0.11189435958873772,0.0,-0.13786750815720633,-8.485882263214663e-07,6.916602183311179e-07,-1.5402484446525843e-06,0.4440528202056209,0.3229608675138003,0.7987320312873193,0.0,0.0,0.0,-9234.400000000007,1.9214675970284731,0.0,0.0,0.0,0.0,0.0,8.863283852484338e-05,0.0003126064715257154,0.0,1.0597227281493421e-06,-0.0019999999999988916,8.863283852484338e-05,88632.83852484338,-1,0.0,0.0,0.001000000000000334,-0.0019999999999988916,1.05604466852927e-06,53141.24819240308,-0.257861736626519,False,0.5114010891710487,0.28994082840236685,-0.0019999999999988916,-0.00011898,5.649,5.65193761,-0.002937610000000035,4830366.9,-0.00046178055139478835,1.9138,-0.00011898,2,1,False,0.840215115084552,0.41779821028653086,7,44,5,2,0,8,0,False,0,1148663256
1779860648000,1779860648997,9,170,False,5.641,5.641,5.641,5.641,14.7,0.0,14.7,1,0,1,5.641,5.642,0.001000000000000334,5.641500000000001,5.641992385739069,5.640654712131468,6592.5,11381.1,21308.100000000002,5199.400000000001,12271.8,27693.8,21308.100000000002,27693.8,-0.13031535511888043,-0.9999999999319727,-0.2247786571519618,-8.5358075696972e-07,6.849782379119286e-07,-1.5385589948816487e-06,0.4348423224405496,-0.9847715735957294,0.7694177036015004,0.0,14.7,-14.7,-9249.100000000008,1.891255544666884,14.699999985299998,14.7,-14.7,0.5287492757343829,1.0,-8.863283852477597e-05,0.0003126081386988373,0.0,1.067578508214307e-06,-0.001000000000000334,-0.00017726567704961935,6.029444797193641e-06,-1,0.0,0.0010000000000012221,0.001000000000000334,0.0030000000000001137,1.0551808922687538e-06,57572.890118479765,-0.257861736626519,False,0.5114010891710487,0.28823529411764703,0.0019999999999988916,-0.00011898,5.649,5.65193761,-0.002937610000000035,4830366.9,-0.00021114019638659195,1.9138,-0.00011898,2,0,False,0.8355786567992596,0.4361363946315306,8,44,5,2,0,6,1,False,0,2610570241
1779860649000,1779860650143,9,171,False,5.641,5.641,5.641,5.641,0.9,0.0,0.9,1,0,1,5.641,5.642,0.001000000000000334,5.641500000000001,5.6410907699865325,5.6399674320845845,7211.0,11821.1,21711.9,3210.3,10244.6,25840.6,21711.9,25840.6,-0.08682403659113423,-0.9999999988888889,-0.06326964413169926,-8.594569258338571e-07,7.097079535509219e-07,-1.569164879384779e-06,0.4565879817044224,0.8184599693991919,0.8402242981973779,0.0,0.9,-0.9,-9250.000000000007,1.8620340513991172,0.8999999991,0.9,-0.9,0.5370471064756098,1.0,0.0,0.0003126081386988373,0.0,1.067578508214307e-06,0.0,8.863283852477597e-05,0.0,-1,0.0,0.0010000000000012221,0.001000000000000334,0.0010000000000012221,1.022571999884387e-06,57572.890118479765,-0.257861736626519,False,0.5114010891710487,0.28654970760233917,0.0,-0.00011898,5.649,5.65193761,-0.002937610000000035,4828063.4,-0.0006879183969323151,1.9138,-0.00011898,2,1,False,0.8355786567992596,0.4262398973269371,9,44,5,2,0,8,1,False,0,506309035
1779860650000,1779860650996,9,172,False,5.641,5.643,5.641,5.643,199.5,176.1,23.4,5,3,2,5.643,5.644,0.001000000000000334,5.6434999999999995,5.643844027626743,5.6436281316773975,3850.0,12963.4,22896.0,5226.6,11724.6,28367.0,22896.0,28367.0,-0.10672414802098772,0.7654135338307498,-0.19164082241809688,-7.66458473274578e-07,6.747474056377917e-07,-1.4412058789123697e-06,0.4466379259894964,-0.6880552813408489,0.8071350512919657,176.1,23.4,152.7,-9097.300000000007,1.964918180861441,39.89999999202,157.1,152.7,2.544635214919387,6.339144175346155,0.000354484229163987,0.0003218928172459751,0.00021288947560512797,1.067578508214307e-06,0.0019999999999997797,0.000354484229163987,1.7768633040712289e-06,-1,0.9999995000002501,0.0009999999999994458,0.001000000000000334,0.0029999999999983373,9.1718913019761e-07,53146.74044289587,-0.257861736626519,False,0.5114010891710487,0.28488372093023256,0.0019999999999988916,-0.00011898,5.649,5.65193761,-0.002937610000000035,4828063.4,-0.0006879183969323151,1.9138,-0.00011898,2,1,False,0.8630590325176187,0.4164989744295944,10,44,5,2,0,8,5,False,0,3117031219
1779860651000,1779860652051,9,173,False,5.643,5.643,5.642,5.642,108.3,8.4,99.9,4,1,3,5.642,5.643,0.0009999999999994458,5.6425,5.642499066794914,5.642800708308178,4080.1,11590.6,21583.1,5040.2,11824.5,27386.7,21583.1,27386.7,-0.11851385956242182,-0.8448753462525865,-0.1636855020395566,-8.292625944561411e-07,6.768458210778333e-07,-1.5061084155339744e-06,0.4407430702187789,0.0018663680477720556,0.7880869181025538,8.4,99.9,-91.5,-9188.800000000007,2.031642174931558,27.07499999323125,63.2,-91.5,1.9688506408201047,4.901960760284506,-0.00017722640719837574,0.0003243230577140222,0.00010643530455739102,1.1304024745575263e-06,0.001500000000000945,-0.0005317106363623628,1.6364395863041487e-06,-1,-0.9999990000010001,0.0009999999999994458,0.0009999999999994458,0.006999999999999673,9.506947488848023e-07,53146.74044294028,-0.23899368815706987,False,0.5114010891710487,0.2832369942196532,0.006000000000000227,-0.00011898,5.649,5.65193761,-0.002937610000000035,4828063.4,-0.0006879183969323151,1.9138,-0.00011898,2,0,False,0.8088559550646294,0.4207614199130673,11,44,5,2,0,10,4,False,0,842861896
1779860652000,1779860653059,9,174,False,5.642,5.642,5.642,5.642,22.2,0.0,22.2,1,0,1,5.642,5.643,0.0009999999999994458,5.6425,5.642390599645369,5.6427022399174085,4198.0,11945.9,21938.4,4918.4,11437.1,27079.4,21938.4,27079.4,-0.10488026798428113,-0.9999999999549549,-0.14700078940326383,-8.13201038907907e-07,6.841747375039404e-07,-1.4973757764118474e-06,0.44755986600784925,0.21880064829703513,0.8101508896060914,0.0,22.2,-22.2,-9211.000000000007,1.9978178413272445,22.199999977799997,22.2,-22.2,0.5005461352948508,1.0,0.0,0.0003243230577140222,0.0,1.1304024745575263e-06,0.002000000000000668,0.00017722640719837574,0.0,-1,0.0,0.0009999999999994458,0.0009999999999994458,0.006999999999999673,9.121274977662466e-07,53146.74044294027,-0.33241757466739513,False,0.5114010891710487,0.28160919540229884,0.006000000000000227,-0.00011898,5.649,5.65193761,-0.002937610000000035,4828063.4,-0.0006879183969323151,1.9138,-0.00011898,2,1,False,0.8175603328368867,0.41305398223744233,12,44,5,2,0,8,1,False,0,988723862
1779860653000,1779860654139,9,175,False,5.642,5.642,5.642,5.642,13.8,0.0,13.8,1,0,1,5.642,5.643,0.0009999999999994458,5.6425,5.642368686833066,5.642735875517168,4150.7,11898.6,21891.1,4904.5,11509.5,27152.8,21891.1,27152.8,-0.10728551359088274,-0.9999999999275362,-0.1440248134404909,-8.15896422890266e-07,6.817179494195612e-07,-1.4976143723098272e-06,0.4463572432045485,0.26262626262460464,0.8062188798208358,0.0,13.8,-13.8,-9224.800000000007,1.9651025022673347,13.7999999862,13.8,-13.8,0.5088793069762625,1.0,0.0,0.0003237184420796467,0.0,1.0755336582315896e-06,-0.0029999999999992255,0.0,0.0,-1,0.0,0.0009999999999994458,0.0009999999999994458,0.008999999999998565,9.351776041618015e-07,53146.74043851412,-0.40196071628887003,False,0.5114010891710487,0.28,0.007999999999999119,-0.00011898,5.649,5.65193761,-0.002937610000000035,4828063.4,-0.0006963159294779155,1.9138,-0.00011898,2,0,False,0.8175603328368867,0.41305398223744233,13,44,5,2,0,4,1,False,0,3516580398
1779860654000,1779860655099,9,176,False,5.642,5.642,5.642,5.642,100.0,0.0,100.0,1,0,1,5.641,5.642,0.001000000000000334,5.641500000000001,5.6417409835834365,5.640263222268326,7012.0,11134.5,21185.2,4188.8,11125.5,26550.0,21185.2,26550.0,-0.11238666644320937,-0.99999999999,-0.17352544463744174,-8.690818036485763e-07,7.01170682573534e-07,-1.5702524862221103e-06,0.44380666677838493,-0.4819672131127789,0.7979359698681432,0.0,100.0,-100.0,-9324.800000000007,1.9334597972749632,99.99999989999999,100.0,-100.0,0.5172075472643404,1.0,0.0,0.0002925481875891592,0.0,8.558931232539209e-07,0.001000000000000334,0.0,0.0,-1,0.0,0.0009999999999994458,0.001000000000000334,0.014999999999998792,8.845725611418067e-07,22155.46127745681,-0.3444444549510507,False,0.5114010891710487,0.2784090909090909,0.013999999999999346,-0.00011898,5.649,5.65193761,-0.002937610000000035,4827985.2,-0.0007125016216737763,1.9138,-0.00011898,2,0,False,0.8321444501913265,0.41305398223744233,14,44,5,2,0,7,1,False,0,2456952434
1779860655000,1779860655999,9,177,False,5.641,5.641,5.641,5.641,43.7,0.0,43.7,2,0,2,5.641,5.642,0.001000000000000334,5.641500000000001,5.6417781731575225,5.640247613132762,7004.7,11171.5,21222.2,4108.2,11197.6,26700.3,21222.2,26700.3,-0.11431164901663904,-0.9999999999771167,-0.1741270465991628,-8.664940874396598e-07,6.948794658247805e-07,-1.5613735532644404e-06,0.4428441754916701,-0.556346381965858,0.7948300206364425,0.0,43.7,-43.7,-9368.500000000007,1.9356414432659481,21.849999989075002,30.7,-43.7,1.0332492135486686,1.9417475690451504,-0.0001772578219655877,0.0002843887435294361,0.0,8.558931232539209e-07,0.0,-0.0001772578219655877,4.056243065481269e-06,-1,0.0,0.0010000000000012221,0.001000000000000334,0.019000000000000128,8.649130121250949e-07,22155.461277528986,-0.3444444549510507,False,0.5114010891710487,0.2768361581920904,0.017999999999998906,-0.00011898,5.649,5.65193761,-0.002937610000000035,4827985.2,-0.0007125016216737763,1.9138,-0.00011898,2,0,False,0.8277380761314785,0.4300405142234971,15,44,5,2,0,6,2,False,0,4089963097
1779860656000,1779860657097,9,178,False,5.642,5.647,5.642,5.645,5199.400000000001,5118.0,81.4,13,10,3,5.645,5.646,0.001000000000000334,5.6455,5.645881715458505,5.646546196742775,2240.5,11460.7,21425.9,5218.9,12908.1,27992.8,21425.9,27992.8,-0.13288289655534982,0.9686886948492193,-0.21634897758740998,-7.837163573089702e-07,6.547468937519988e-07,-1.438463251060969e-06,0.43355855172231506,-0.7634309430464297,0.7654075333656953,5118.0,81.4,5036.6,-4331.900000000007,2.2984072975850975,399.9538461230805,1675.4,5036.6,5.65609063633013,15.17066980777745,0.0007088428437863071,0.00032557620660239334,0.0005319879915524251,9.81541061859375e-07,0.0039999999999995595,0.0008861006657518948,1.3633166207373363e-07,1,0.5999998799998818,0.0010000000000012221,0.001000000000000334,-0.011000000000001009,8.885084133760143e-07,22155.461278340015,-0.3444444549510507,False,0.5212849959820016,0.34831460674157305,-0.012000000000002231,-0.00011898,5.649,5.65193761,-0.002937610000000035,4827985.2,-0.0007125016216737763,1.9138,-0.00011898,2,2,False,0.6202451993539504,0.43743848842837235,16,44,5,2,0,10,13,False,0,1307850368
1779860657000,1779860658075,9,179,False,5.646,5.646,5.645,5.646,115.5,101.5,14.0,4,2,2,5.645,5.646,0.001000000000000334,5.6455,5.645673356734457,5.646184790472082,2885.8,12059.7,22039.100000000002,4714.7,12572.3,27234.8,22039.100000000002,27234.8,-0.1054452763024622,0.7575757575691985,-0.1668716130886255,-7.706052311888535e-07,6.606206146221921e-07,-1.4312258458110455e-06,0.44727736184875877,-0.34671349723947137,0.8092256965352855,101.5,14.0,87.5,-4244.400000000007,2.3541972222544385,28.874999992781248,92.2,87.5,1.6990929903784384,7.02576107476046,0.00017713222967226359,0.00032737768251025193,0.00010637874518883194,1.0835472499828897e-06,0.004499999999999282,-0.0005317106141140435,1.5336123781015582e-06,1,0.0,0.0009999999999994458,0.001000000000000334,-0.009000000000000341,9.092437694629969e-07,22155.461278310053,-0.3444444549510507,False,0.5212849959820016,0.3463687150837989,-0.009999999999999787,-0.00011898,5.649,5.65193761,-0.002937610000000035,4827985.2,-0.0007125016216737763,1.9138,-0.00011898,2,1,False,1.0926514384088764,0.45236457371195,17,44,5,2,0,8,4,False,0,2752774110
1779860658000,1779860659035,9,180,False,5.645,5.646,5.645,5.646,295.0,268.4,26.6,3,2,1,5.646,5.647,0.001000000000000334,5.6465,5.646929282860492,5.646766480322439,2806.0,7407.8,17321.9,4510.3,12749.7,28351.5,17321.9,28351.5,-0.241488481260422,0.819661016946374,-0.24893169200712095,-1.060637516365245e-06,6.667955580337742e-07,-1.727433074399019e-06,0.3792557593697781,-0.858565737050571,0.6109694372431579,268.4,26.6,241.79999999999998,-4002.6000000000067,2.375371083819867,98.33333330055555,238.6,241.79999999999998,1.2629605618978479,4.739336470429684,0.0,0.00032193621285319627,0.00010637874518883194,1.0364271871564423e-06,0.004999999999999893,-0.00017713222967226359,0.0,1,0.9999990000010001,0.0009999999999994458,0.001000000000000334,-0.009000000000000341,9.217655107067121e-07,8864.069591348178,-0.3444444549510507,False,0.5212849959820016,0.34444444444444444,-0.009999999999999787,-0.00011898,5.649,5.65193761,-0.002937610000000035,4827985.2,-0.0006960996788411275,1.9138,-0.00011898,2,1,False,1.1108898801823588,0.45628654416807723,18,44,5,2,0,8,3,False,0,2031033770
1779860659000,1779860660019,9,181,False,5.646,5.65,5.646,5.649,1258.6,1230.7,27.9,6,4,2,5.649,5.65,0.001000000000000334,5.6495,5.6496889795687775,5.6498124894778465,4530.2,9968.699999999999,19322.5,3787.2,11498.1,30411.3,19322.5,30411.3,-0.22296305530644706,0.9556650246297826,-0.21711656704137608,-1.0162139038043391e-06,6.235359991681309e-07,-1.6397499029724702e-06,0.3885184723467664,-0.37795918367192677,0.6353723780305138,1230.7,27.9,1202.8,-2799.8000000000065,2.494211376153642,209.76666663170553,780.5,1202.8,2.405569974926148,20.576131263865612,0.0005312085118274399,0.00034085338860829226,0.0004253266497841084,1.036427187156442e-06,0.008000000000000007,0.0005312085118274399,4.220630159121388e-07,1,0.7499998124999913,0.0009999999999994458,0.001000000000000334,-0.0030000000000001137,9.182270074908915e-07,8864.069591365329,-0.3444444549510507,False,0.5252980555588932,0.35911602209944754,-0.0039999999999995595,-0.00011727,5.646,5.64811743,-0.0021174300000001978,4827971.4,-0.0006989560243461314,1.9138,-0.00011727,2,2,False,1.1349710247094558,0.47656661446828924,19,44,5,2,0,8,6,False,0,1217195043
1779860660000,1779860661082,9,182,False,5.65,5.651,5.65,5.651,94.5,94.5,0.0,3,3,0,5.65,5.651,0.0009999999999994458,5.6505,5.650767665315711,5.650885229642262,4706.7,9716.8,19643.2,4973.5,13746.0,31214.0,19643.2,31214.0,-0.22751547470170935,0.9999999999894179,-0.21310940211033755,-9.832114822406794e-07,5.922255829662026e-07,-1.5754370652068822e-06,0.3862422626491356,-0.5353306953050576,0.6293073620810973,94.5,0.0,94.5,-2705.3000000000065,2.510794609722375,31.4999999895,53.1,94.5,1.1948408632026164,12.34567885992989,0.00035398230458110825,0.0003499231431665861,0.00010628461303605694,1.2244656003862202e-06,0.008000000000000007,-0.0001772262072463317,3.745844492882142e-06,1,0.9999990000010001,0.0009999999999994458,0.0009999999999994458,0.0009999999999994458,8.06891833622786e-07,8864.069591379392,-0.32444441884653114,False,0.5252980555588932,0.35714285714285715,0.0,-0.00011727,5.646,5.64811743,-0.0021174300000001978,4827971.4,-0.0006989560243461314,1.9138,-0.00011727,2,1,False,1.2357128769576475,0.5049861419751609,20,44,5,2,0,9,3,False,0,873712502
1779860661000,1779860662035,9,183,False,5.651,5.651,5.65,5.65,88.5,79.0,9.5,2,1,1,5.65,5.651,0.0009999999999994458,5.6505,5.650860139824216,5.65083871375145,4693.3,9663.1,19575.7,4804.1,14003.7,31396.2,19575.7,31396.2,-0.2319022834149751,0.7853107344544032,-0.22499672284054562,-9.850003662995832e-07,5.847865554341324e-07,-1.5697869217337157e-06,0.3840488582925027,-0.7202797202751413,0.6235053923723054,79.0,9.5,69.5,-2635.8000000000065,2.4940472454691824,44.249999977875,79.0,69.5,0.8019094276707852,7.999999936000001,-0.0001769754893565863,0.00035159545457061727,0.00010628461303605694,1.2792539226257595e-06,0.008000000000000007,-0.0005309577939376945,1.9997230435546502e-06,1,-0.9999990000010001,0.0009999999999994458,0.0009999999999994458,-0.004999999999999005,8.72204579144452e-07,8864.06959144861,-0.37755097734684945,False,0.5252980555588932,0.3551912568306011,-0.005999999999998451,-0.00011727,5.646,5.64811743,-0.0021174300000001978,4827971.4,-0.0006989560243461314,1.9138,-0.00011727,2,1,False,1.2303076234140506,0.5037247271214509,21,44,5,2,0,8,2,False,0,3551883627
1779860662000,1779860663067,9,184,False,5.65,5.65,5.65,5.65,21.9,0.0,21.9,2,0,2,5.65,5.651,0.0009999999999994458,5.6505,5.650386601071602,5.6506658750897625,5101.7,9999.0,19734.1,4457.3,13445.5,30845.0,19734.1,30845.0,-0.21967373875770393,-0.9999999999543379,-0.1664247258112323,-9.894684245809147e-07,5.917185536490817e-07,-1.5811869782299963e-06,0.39016313062113817,0.22679778733726616,0.6397827848921821,0.0,21.9,-21.9,-2657.7000000000066,2.4778489751259305,10.949999994525,20.7,-21.9,0.8071516945826785,2.801120440332996,0.0,0.00035103623086288186,0.0,1.2006995950483092e-06,0.008000000000000007,0.0001769754893565863,0.0,1,0.0,0.0009999999999994458,0.0009999999999994458,0.004999999999999005,1.1026509161471824e-06,4431.641947930533,-0.42045451518014904,False,0.5252980555588932,0.3532608695652174,0.0039999999999995595,-0.00011727,5.646,5.64811743,-0.0021174300000001978,4827971.4,-0.0006989560243461314,1.9138,-0.00011727,2,2,False,1.2138457110295098,0.5037247271214509,22,44,5,2,0,9,2,False,0,25281738
1779860663000,1779860664003,9,185,False,5.65,5.651,5.65,5.651,11.4,2.1,9.3,2,1,1,5.65,5.651,0.0009999999999994458,5.6505,5.6504655436014515,5.650614786323886,5071.7,10197.1,22445.8,4262.6,12968.2,30450.2,22445.8,30450.2,-0.15132335148215084,-0.6315789473130194,-0.1341512141394241,-9.368050843735393e-07,5.969577325684397e-07,-1.533762816941979e-06,0.42433832425891516,0.06891271056608797,0.7371314474124722,2.1,9.3,-7.200000000000001,-2664.9000000000065,2.462181795613605,5.69999999715,9.3,-7.200000000000001,0.8122877046490746,15.384615147928997,0.00017697548935656152,0.00029245674445424745,0.00010628461303605694,5.725712032273268e-07,0.008999999999999453,0.00017697548935656152,1.5524165731669944e-05,1,0.9999990000010001,0.0009999999999994458,0.0009999999999994458,0.0070000000000014495,1.7066436081997275e-06,4431.641947498613,-0.4556737423374463,False,0.5252980555588932,0.35135135135135137,0.006000000000002004,-0.00011727,5.646,5.64811743,-0.0021174300000001978,4827971.4,-0.0007125657061768427,1.9138,-0.00011727,2,2,False,1.2085320716882892,0.4958376824676599,23,44,5,2,0,8,2,False,0,1217424673
1779860664000,1779860665023,9,186,False,5.65,5.65,5.65,5.65,19.2,0.0,19.2,1,0,1,5.65,5.651,0.0009999999999994458,5.6505,5.650363459000974,5.650625903046107,5099.8,10240.4,22478.8,4257.4,12918.8,30401.8,22478.8,30401.8,-0.14982810331198684,-0.9999999999479167,-0.11923034260677574,-9.355311114483906e-07,5.972675045026178e-07,-1.5327986159510085e-06,0.42508594834399716,0.2730819245755977,0.7393904308297292,0.0,19.2,-19.2,-2684.1000000000063,2.4142414088721753,19.199999980799998,19.2,-19.2,0.4142087845527205,1.0,-0.0001769754893565863,0.00024894588711018586,0.0,6.038915270603256e-07,0.008000000000000007,-0.0003539509787131478,9.217473403508794e-06,1,0.0,0.0009999999999994458,0.0009999999999994458,0.009000000000000341,1.6178302488231555e-06,4431.6419482679175,-0.5066890045626254,False,0.5252980555588932,0.34946236559139787,0.008000000000000895,-0.00011727,5.646,5.64811743,-0.0021174300000001978,4825049.9,-0.0013172540933718048,1.9138,-0.00011727,2,1,False,1.2085320716882892,0.4984551096197625,24,44,5,2,0,8,1,False,0,2172131475
1779860665000,1779860666079,9,187,False,5.65,5.65,5.65,5.65,30.6,0.0,30.6,2,0,2,5.65,5.651,0.0009999999999994458,5.6505,5.650348767254057,5.65071062663254,5047.9,10250.8,22491.2,4474.4,13135.800000000001,30618.8,22491.2,30618.8,-0.1530333270570485,-0.9999999999673203,-0.12232845461681255,-9.35065113808505e-07,5.957455972280615e-07,-1.5308107110365666e-06,0.42348333647146635,0.30246542393083303,0.7345552405711284,0.0,30.6,-30.6,-2714.700000000006,2.400659723335383,15.299999992350001,22.1,-30.6,0.8331043253344433,1.3157894719529086,0.0,0.0002489458871101858,0.0,6.038915270603256e-07,0.009000000000000341,0.0001769754893565863,0.0,1,0.0,0.0009999999999994458,0.0009999999999994458,0.012999999999998124,1.7249972698973731e-06,4431.6419482679175,-0.5836120027744557,False,0.5252980555588932,0.34759358288770054,0.011999999999998678,-0.00011727,5.646,5.64811743,-0.0021174300000001978,4825049.9,-0.0013172540933718048,1.9138,-0.00011727,2,2,False,1.2085320716882892,0.49264192148517383,25,44,5,2,0,9,2,False,0,2330376459
1779860666000,1779860666997,9,188,False,5.65,5.652,5.65,5.652,1070.6000000000001,1039.1000000000001,31.5,5,3,2,5.652,5.653,0.0009999999999994458,5.6525,5.652156264234041,5.652903681827473,3752.7,9057.8,18797.6,4205.3,12355.1,34380.6,18797.6,34380.6,-0.2930336115174961,0.9411544928068922,-0.2512066441806645,-1.022871148836028e-06,5.630620539426201e-07,-1.585933202778648e-06,0.3534831942412426,0.6874715261955517,0.5467502021488704,1039.1000000000001,31.5,1007.6000000000001,-1707.100000000006,2.4858839947014357,214.11999995717602,557.2,1007.6,2.0113569292235467,10.471204078835559,0.0003539196639313791,0.00026122214901294725,0.00021255041962907445,6.038915270603256e-07,0.007000000000000561,0.0003539196639313791,3.30580668719455e-07,1,0.9999995000002501,0.0009999999999994458,0.0009999999999994458,-0.008999999999998565,1.6715642062855841e-06,4431.641948846218,-0.6253968259638879,False,0.5252980555588932,0.34574468085106386,-0.00999999999999801,-0.00011727,5.646,5.64811743,-0.0021174300000001978,4825049.9,-0.0013172540933718048,1.9138,-0.00011727,2,2,False,1.291385347888242,0.5052404071239491,26,44,5,2,0,6,5,False,0,3711896285
1779860667000,1779860668030,9,189,False,5.653,5.653,5.652,5.653,1530.3999999999999,330.9,1199.5,5,2,3,5.652,5.653,0.0009999999999994458,5.6525,5.65240692640013,5.652719242593989,3279.0,8670.3,18487.2,3940.4,12460.8,34810.1,18487.2,34810.1,-0.3062612927859327,-0.5675640355458916,-0.24249785276247854,-9.936108568881796e-07,5.652964752629202e-07,-1.5589073321510998e-06,0.34686935360702426,0.18614718614696235,0.5310872419211514,330.9,1199.5,-868.6,-2575.700000000006,2.568314027662044,306.07999993878394,1155.3,-868.6,1.946802433113966,3.6730945686938674,0.00017691287087265054,0.00026345612599769624,0.00010624700680394208,6.586486907997445e-07,0.006999999999999673,-0.00017700679305872858,1.1559910537933545e-07,1,0.0,0.0009999999999994458,0.0009999999999994458,0.006999999999999673,8.315743951595688e-07,4431.64194884271,-0.6253968259638879,False,0.514318228635262,0.3333333333333333,0.006000000000000227,-0.00011727,5.646,5.64811743,-0.0021174300000001978,4825049.9,-0.0013172540933718048,1.9138,-0.00011727,2,1,False,0.973952850467401,0.5338161818910676,27,44,5,2,0,9,5,False,0,2831575162
1779860668000,1779860669008,9,190,False,5.654,5.654,5.654,5.654,81.0,31.6,49.400000000000006,3,1,2,5.654,5.655,0.001000000000000334,5.6545000000000005,5.654533898273138,5.654324983275806,3938.7,10800.4,19691.5,3686.0,11329.7,31142.4,19691.5,31142.4,-0.2252610954500791,-0.21975308641704014,-0.15341675361499946,-9.121602403887628e-07,5.965600887021682e-07,-1.5087203290909311e-06,0.3873694522749506,-0.0677966101691085,0.6323051531031445,31.6,49.400000000000006,-17.800000000000004,-2593.5000000000064,2.582467666099354,26.999999991,32.6,-17.8,1.1616795974718324,2.6385224204788322,0.0001768815782448808,0.0002656702767691298,0.0,6.899413186115318e-07,0.008000000000000007,-3.129262776975354e-08,2.1837231881814452e-06,1,0.0,0.0010000000000012221,0.001000000000000334,0.0010000000000012221,8.227054127027385e-07,2.260969019900959e-05,-0.6253968259638879,False,0.514318228635262,0.3368421052631579,0.0,-0.00011727,5.646,5.64811743,-0.0021174300000001978,4825049.9,-0.0013455306866372863,1.9138,-0.00011727,2,1,False,1.2428478064605801,0.5338026320398459,28,44,5,2,0,10,3,False,0,3372260809
1779860669000,1779860670015,9,191,False,5.654,5.654,5.654,5.654,8.1,0.0,8.1,1,0,1,5.654,5.655,0.001000000000000334,5.6545000000000005,5.654489543699361,5.654111726169076,3989.4,10677.6,19519.5,3200.5,11012.7,31008.2,19519.5,31008.2,-0.2273742917251285,-0.9999999998765432,-0.1338311051611098,-9.267881129392909e-07,5.915712550037129e-07,-1.5183593679430037e-06,0.38631285413742594,0.020912547528417744,0.629494778800426,0.0,8.1,-8.1,-2601.6000000000063,2.5305834803256047,8.099999991899999,8.1,-8.1,0.3951657818757935,1.0,0.0,0.0002656702767691298,0.0,6.899413186115318e-07,0.004999999999999893,-0.0001768815782448808,0.0,1,0.0,0.0010000000000012221,0.001000000000000334,0.0010000000000012221,7.318602283894057e-07,2.260969019900959e-05,-0.6253968259638879,False,0.514318228635262,0.3403141361256545,0.0,-0.00011727,5.646,5.64811743,-0.0021174300000001978,4825065.3,-0.00134234330430019,1.9138,-0.00011727,2,1,False,1.2428478064605801,0.5338026320398458,29,44,5,2,0,8,1,False,0,553619670
1779860670000,1779860671083,9,192,False,5.655,5.655,5.655,5.655,97.8,97.8,0.0,1,1,0,5.656,5.657,0.001000000000000334,5.656499999999999,5.656402383121778,5.657501348002761,2588.4,8796.4,18658.9,5608.9,14176.8,34786.6,18658.9,34786.6,-0.3017597365540541,0.9999999999897751,-0.2500258890089856,-9.450864495706494e-07,5.409338466281557e-07,-1.4860202961988052e-06,0.34912013172296363,0.19523373052200915,0.5363818251855447,97.8,0.0,97.8,-2503.800000000006,2.4804004153968964,97.79999990219999,97.8,97.8,0.40316071283870764,1.0,0.00017685029668531804,0.000256635040269584,0.0,6.271173522683127e-07,0.004000000000000448,0.00017685029668531804,1.8082852421626764e-06,1,0.0,0.0029999999999983373,0.001000000000000334,0.0009999999999994458,7.585212801179397e-07,4.007790431925905e-06,-0.6253968259638879,False,0.514318228635262,0.34375,-0.0019999999999988916,-0.00011727,5.646,5.64811743,-0.0021174300000001978,4825065.3,-0.00134234330430019,1.9138,-0.00011727,2,2,False,1.2537208025953839,0.5337890856724297,30,44,5,2,0,10,1,False,0,337865245
1779860671000,1779860672037,9,193,False,5.656,5.656,5.656,5.656,200.4,200.4,0.0,1,1,0,5.656,5.657,0.001000000000000334,5.656499999999999,5.656349431805821,5.657746098842814,2563.2,8730.4,18626.5,6024.0,14863.4,35170.6,18626.5,35170.6,-0.30752772918985766,0.99999999999501,-0.2484130747980386,-9.460964630024179e-07,5.349039937993807e-07,-1.4810004568017987e-06,0.3462361354050619,0.3011363636357055,0.529604271749685,200.4,0.0,200.4,-2303.400000000006,2.431862696859293,200.39999979959998,200.4,200.4,0.41120742584697506,1.0,0.00017681902618774722,0.0002566209896420165,0.0,6.583878495092247e-07,0.005999999999999339,-3.1270497570821476e-08,8.823304699943358e-07,1,0.0,0.0009999999999994458,0.001000000000000334,0.0029999999999983373,8.159308181553375e-07,4.0537710611579335e-06,-0.6253968259638879,False,0.514318228635262,0.3471502590673575,0.0019999999999988916,-0.00011727,5.646,5.64811743,-0.0021174300000001978,4825065.3,-0.00134234330430019,1.9138,-0.00011727,2,1,False,1.2677964260713597,0.5450269266290695,31,44,5,2,0,8,1,False,0,1074909909
1779860672000,1779860673003,9,194,False,5.657,5.657,5.657,5.657,1.5,1.5,0.0,1,1,0,5.656,5.657,0.001000000000000334,5.656499999999999,5.6562155467571635,5.6565847504680455,3258.4,9087.0,18924.4,3221.8,12260.8,32694.9,18924.4,32694.9,-0.26677037464668707,0.9999999993333333,-0.15219550666543674,-9.593022440558055e-07,5.495624662245253e-07,-1.5088647102803308e-06,0.3666148126766468,0.5689064558614785,0.5788181031292166,1.5,0.0,1.5,-2301.900000000006,2.3849163789294803,1.4999999984999999,1.5,1.5,0.41930191281153806,1.0,0.00017678776674706317,0.0002596478924397782,0.0,6.89647290267347e-07,0.006999999999999673,-3.125944068405138e-08,0.00011785851108613643,1,0.0,0.0010000000000012221,0.001000000000000334,0.004999999999999005,7.91757264222741e-07,4.097879785396002e-06,-0.6253968259638879,False,0.514318228635262,0.35051546391752575,0.003999999999997783,-0.00011727,5.646,5.64811743,-0.0021174300000001978,4825065.3,-0.00134234330430019,1.9138,-0.00011727,2,1,False,1.2731169272189673,0.5593702584597028,32,44,5,2,0,9,1,False,0,3269042109
1779860673000,1779860673999,9,195,False,5.657,5.657,5.654,5.654,356.09999999999997,43.3,312.79999999999995,5,1,4,5.654,5.655,0.001000000000000334,5.6545000000000005,5.654717520824466,5.654601311531014,3155.2999999999997,8967.4,17586.5,3615.4,11758.7,32244.4,17586.5,32244.4,-0.2941528248536492,-0.756809884861677,-0.250619320465872,-1.0107861773719689e-06,5.745333694409328e-07,-1.5853195468129016e-06,0.3529235875731654,-0.43504171632637045,0.5454125367505506,43.3,312.79999999999995,-269.49999999999994,-2571.400000000006,2.4706568255219565,71.21999998575599,296.9,-269.5,2.0237533381107817,10.152284160890515,-0.000530457089620036,0.00028545799033277485,0.0003185719486211276,7.834256144964199e-07,0.0030000000000001137,-0.0007072448563670992,1.4896295692742107e-06,1,-0.9999996666667778,0.0010000000000012221,0.001000000000000334,0.0010000000000012221,9.33703413372132e-07,2.17797827609426e-05,-0.6253968259638879,False,0.514318228635262,0.35384615384615387,0.0,-0.00011727,5.646,5.64811743,-0.0021174300000001978,4825065.3,-0.0010745600900590772,1.9138,-0.00011727,2,1,False,1.2710196485436716,0.5607017227013243,33,44,5,2,0,9,5,False,0,3737451727
1779860674000,1779860675056,9,196,False,5.6545000000000005,5.6545000000000005,5.6545000000000005,5.6545000000000005,0.0,0.0,0.0,0,0,0,5.654,5.655,0.001000000000000334,5.6545000000000005,5.6547076482798095,5.654577432303041,3327.4,9175.7,17794.8,3696.8,11798.8,32284.5,17794.8,32284.5,-0.28933511450838395,0.0,-0.23629205606132025,-1.0061240364879904e-06,5.74500532380573e-07,-1.5806245688685634e-06,0.35533244274579806,-0.4152966404545011,0.5511871021697548,0.0,0.0,0.0,-2571.400000000006,2.3896516837015644,0.0,0.0,0.0,0.0,0.0,8.842905784619465e-05,0.00028614200872714387,0.0,8.303334351593542e-07,0.0045000000000001705,0.0006188861474662307,88429.05784619464,1,0.0,0.0,0.001000000000000334,0.0,9.33703413372132e-07,2.1792199084706424e-05,-0.6253968259638879,False,0.514318228635262,0.35714285714285715,0.0,-0.00011727,5.646,5.64811743,-0.0021174300000001978,4825819.0,-0.0009185228020123625,1.9138,-0.00011727,2,2,False,1.3050953131829621,0.5560885622452726,34,44,5,2,0,9,0,False,0,1252676191
1779860675000,1779860676051,9,197,False,5.6545000000000005,5.6545000000000005,5.6545000000000005,5.6545000000000005,0.0,0.0,0.0,0,0,0,5.654,5.655,0.001000000000000334,5.6545000000000005,5.654781049220264,5.654554332207149,3327.4,9175.7,17836.0,3702.5,11807.1,32292.8,17836.0,32292.8,-0.28839309937600166,0.0,-0.2421345409093499,-1.0035856970912177e-06,5.751524167000425e-07,-1.5787381137912604e-06,0.3558034503119892,-0.5620985010676547,0.5523212604667124,0.0,0.0,0.0,-2571.400000000006,2.3113024481703657,0.0,0.0,0.0,0.0,0.0,0.0,0.00028338354289902875,0.0,7.046854965539002e-07,0.0045000000000001705,-8.842905784619465e-05,0.0,1,0.0,0.0,0.001000000000000334,0.0,9.33703413372132e-07,2.1703570173724517e-05,-0.6253968259638879,False,0.514318228635262,0.3604060913705584,0.0,-0.00011727,5.646,5.64811743,-0.0021174300000001978,4825819.0,-0.0009185228020123625,1.9138,-0.00011727,2,1,False,1.3050953131829621,0.5560885622452726,35,44,5,2,0,8,0,False,0,3727589579
1779860676000,1779860677023,9,198,False,5.655,5.655,5.655,5.655,34.4,34.4,0.0,1,1,0,5.654,5.655,0.001000000000000334,5.6545000000000005,5.654780931946146,5.654449534047747,3366.5,9153.6,17851.5,3608.5,11826.5,32245.7,17851.5,32245.7,-0.2873254393459059,0.9999999999709304,-0.24525611829006388,-1.0010885284339688e-06,5.752805586371244e-07,-1.5763690870710932e-06,0.35633728032703715,-0.5618639528625503,0.5536086982140083,34.4,0.0,34.4,-2537.000000000006,2.268308925279534,34.399999965599996,34.4,34.4,0.44085705805522424,1.0,8.842123883917775e-05,0.00023574189127209755,0.0,5.791265831468036e-07,0.0030000000000001137,8.842123883917775e-05,2.5703848499013773e-06,1,0.0,0.0009999999999994458,0.001000000000000334,0.00300000000000189,9.447702828209872e-07,4421.061962851424,-0.6253968259638879,False,0.514318228635262,0.36363636363636365,0.0020000000000024443,-0.00011727,5.646,5.64811743,-0.0021174300000001978,4825819.0,-0.0009185228020123625,1.9138,-0.00011727,2,2,False,1.2999616670384992,0.5514119992170198,36,44,5,2,0,7,1,False,0,613401975
1779860677000,1779860678025,9,199,False,5.654,5.654,5.654,5.654,18.3,0.0,18.3,1,0,1,5.654,5.655,0.001000000000000334,5.6545000000000005,5.654696748847227,5.654483219506849,3271.6,9082.7,17780.6,3551.8,11743.4,32075.9,17780.6,32075.9,-0.2867289119773694,-0.9999999999453552,-0.2403482305663342,-1.003517528352675e-06,5.781459020494641e-07,-1.581663430402139e-06,0.3566355440113053,-0.39349775784532787,0.5543289510192837,0.0,18.3,-18.3,-2555.300000000006,2.2267250260900413,18.2999999817,18.3,-18.3,0.44909002586045993,1.0,-0.00017685029668529164,0.00023573130749435017,0.0,5.947639054687931e-07,0.001000000000000334,-0.00026527153552446936,9.663950638012442e-06,1,0.0,0.0010000000000012221,0.001000000000000334,0.0010000000000012221,9.56846695954072e-07,4421.061963106771,-0.6253968259638879,False,0.5023170091159121,0.24623115577889448,0.0,-0.00011727,5.646,5.64811743,-0.0021174300000001978,4825819.0,-0.0009185228020123625,1.9138,-0.00011727,2,1,False,1.2999616670384992,0.5551310159122778,37,44,5,2,0,8,1,False,0,2303138194
1779860678000,1779860679111,9,200,False,5.6545000000000005,5.6545000000000005,5.6545000000000005,5.6545000000000005,0.0,0.0,0.0,0,0,0,5.654,5.655,0.001000000000000334,5.6545000000000005,5.654702964929085,5.6545638027138,3272.6,9145.9,17846.8,3722.4,11993.8,32326.3,17846.8,32326.3,-0.28859089831004486,0.0,-0.24358925474232765,-9.99729570868549e-07,5.753194180632539e-07,-1.5750489889318027e-06,0.3557045508449676,-0.4059299191352781,0.5520829788747691,0.0,0.0,0.0,-2555.300000000006,2.1537176481854496,0.0,0.0,0.0,0.0,0.0,8.842905784619465e-05,0.00023655915591364065,0.0,6.104026105844934e-07,0.0005000000000006111,0.0002652793545314863,88429.05784619464,1,0.0,0.0,0.001000000000000334,0.0,9.56846695954072e-07,4421.06196334838,-0.6253968259638879,False,0.5023170091159121,0.245,0.0,-0.00011727,5.646,5.64811743,-0.0021174300000001978,4825819.0,-0.0009185228020123625,1.9138,-0.00011727,2,2,False,1.3050953131829621,0.5551339884318348,38,44,5,2,0,8,0,False,0,3044341964
1779860679000,1779860680011,9,201,False,5.654,5.654,5.654,5.654,20.6,0.0,20.6,1,0,1,5.654,5.655,0.001000000000000334,5.6545000000000005,5.65472317002942,5.654560190427325,3267.7999999999997,9141.1,17842.0,3705.9,12016.4,32346.9,17842.0,32346.9,-0.2890061348226343,-0.9999999999514563,-0.24544497256680398,-9.997701723623937e-07,5.749421674866272e-07,-1.5747123398490208e-06,0.3554969325886729,-0.44634012107624477,0.5515829955884319,0.0,20.6,-20.6,-2575.900000000006,2.115890840048222,20.5999999794,20.6,-20.6,0.47261417299986774,1.0,-8.842905784613801e-05,0.00020552881795080652,0.0,4.301838956262759e-07,0.0,-0.00017685811569233267,4.2926727107691905e-06,1,0.0,0.0010000000000012221,0.001000000000000334,0.0010000000000012221,9.57423682752737e-07,8842.514855565245,-0.6253968259638879,False,0.5023170091159121,0.24,0.0,-0.00011727,5.646,5.64811743,-0.0021174300000001978,4826208.7,-0.0008378438433393907,1.9138,-0.00011727,1,1,False,1.2999616670384992,0.5572105165857664,39,44,5,2,0,7,1,False,0,2925081923
1779860680000,1779860681079,9,202,False,5.655,5.655,5.655,5.655,70.7,70.7,0.0,1,1,0,5.653,5.654,0.001000000000000334,5.653499999999999,5.653159372700025,5.653611464234959,3110.6,8987.9,18147.8,2993.6,10994.5,30204.6,18147.8,30204.6,-0.2493526691539562,0.9999999999858556,-0.1371028061168134,-1.0156776572756095e-06,6.079950757763345e-07,-1.623672733051944e-06,0.3753236654230116,0.681254558713781,0.6008290127993551,70.7,0.0,70.7,-2505.200000000006,2.079304255128608,70.69999992929999,70.7,70.7,0.48093009815786597,1.0,0.00017685029668531804,0.00019375428455214194,0.0,3.831764091651547e-07,0.0,0.00026527935453145605,2.5014186235193297e-06,1,0.0,0.00300000000000189,0.001000000000000334,0.0009999999999994458,9.846090767372183e-07,8842.514855980433,-0.6476190576135256,False,0.5023170091159121,0.235,-0.0020000000000024443,-0.00011727,5.646,5.64811743,-0.0021174300000001978,4826208.7,-0.0008378438433393907,1.9138,-0.00011727,1,2,False,1.3084069843760715,0.5495059366497905,40,44,5,2,0,8,1,False,0,2096622280
1779860681000,1779860682124,9,203,False,5.654,5.654,5.654,5.654,48.4,0.0,48.4,1,0,1,5.653,5.654,0.001000000000000334,5.653499999999999,5.653085997774153,5.653202683554136,3422.0,9517.3,18677.2,2577.5,10416.8,29558.399999999998,18677.2,29558.399999999998,-0.22558442312316573,-0.9999999999793389,-0.08714662761430776,-9.930144521931178e-07,6.17981074459908e-07,-1.6109955266530258e-06,0.3872077884384068,0.8280044101402867,0.6318745263613514,0.0,48.4,-48.4,-2553.6000000000063,2.043917230370293,48.399999951599995,48.4,-48.4,0.4892566022987022,1.0,-0.00017685029668529164,0.0001937485689303176,0.0,4.144524366028351e-07,-0.0019999999999997797,-0.0003537005933706097,3.653931749620614e-06,1,0.0,0.0010000000000012221,0.001000000000000334,0.0010000000000012221,9.99933818966082e-07,8842.514856011865,-0.6270902339847105,False,0.5023170091159121,0.23,0.0,-0.00011727,5.646,5.64811743,-0.0021174300000001978,4826208.7,-0.0008378438433393907,1.9138,-0.00011727,1,1,False,1.3084069843760715,0.5476355850123074,41,44,5,2,0,8,1,False,0,1414605273
1779860682000,1779860683167,9,204,False,5.654,5.654,5.654,5.654,28.2,26.5,1.7,2,1,1,5.654,5.655,0.001000000000000334,5.6545000000000005,5.654397494273039,5.654251216209129,3305.7000000000003,9439.8,18206.8,2902.1,11053.6,31292.5,18206.8,31292.5,-0.2643613142003975,0.8794326240822896,-0.17034913331075296,-9.882505855828424e-07,5.850756993945431e-07,-1.5733262849773857e-06,0.3678193428997911,0.20501138952047263,0.5818263162099359,26.5,1.7,24.8,-2528.800000000006,2.042477321177824,14.09999999295,26.5,24.8,0.9792030385274818,4.42477874148328,0.0,0.00019374856893031756,0.0,4.1445243660283515e-07,-0.0030000000000001137,0.00017685029668529164,0.0,1,0.0,0.0010000000000012221,0.001000000000000334,-0.0010000000000012221,9.963824643459003e-07,8842.514856011865,-0.6861702135951114,False,0.5023170091159121,0.225,-0.0020000000000024443,-0.00011727,5.646,5.64811743,-0.0021174300000001978,4826208.7,-0.0008378438433393907,1.9138,-0.00011727,1,2,False,1.318664178742084,0.5533576799797718,42,44,5,2,0,7,2,False,0,2808635397
1779860683000,1779860684097,9,205,False,5.654,5.654,5.654,5.654,22.1,0.0,22.1,1,0,1,5.654,5.655,0.001000000000000334,5.6545000000000005,5.654542878976612,5.6543456177782145,3025.7000000000003,9172.4,17959.2,2922.2,11155.0,31393.899999999998,17959.2,31393.899999999998,-0.27221592969843283,-0.9999999999547511,-0.20020659227561585,-9.913678898373785e-07,5.834390613035122e-07,-1.5748069511408907e-06,0.36389203515077345,-0.08575803981557614,0.5720601772955711,0.0,22.1,-22.1,-2550.900000000006,2.008297736876912,22.0999999779,22.1,-22.1,0.4979341365275638,1.0,0.0,0.00018966415520834794,0.0,3.831321127698363e-07,0.0,0.0,0.0,1,0.0,0.0010000000000012221,0.001000000000000334,0.0010000000000012221,9.971658222043603e-07,8842.51485560781,-0.6861702135951114,False,0.5023170091159121,0.22,0.0,-0.00011727,5.646,5.64811743,-0.0021174300000001978,4826208.7,-0.000845890434922839,1.9138,-0.00011727,1,2,False,1.318664178742084,0.5590159680431305,43,44,5,2,0,6,1,False,0,833956458
1779860684000,1779860685100,9,206,False,5.654,5.654,5.654,5.654,22.1,0.0,22.1,1,0,1,5.654,5.655,0.001000000000000334,5.6545000000000005,5.654400943362887,5.654351810702235,3092.9,9239.6,18027.4,2937.8999999999996,11378.4,31516.8,18027.4,31516.8,-0.2722700134425367,-0.9999999999547511,-0.18507260195612105,-9.914986021861145e-07,5.826122909164072e-07,-1.5741108931025218e-06,0.3638649932787216,0.19811320754600167,0.5719933495786194,0.0,22.1,-22.1,-2573.000000000006,1.9752387946842265,22.0999999779,22.1,-22.1,0.506267901473451,1.0,0.0,0.00018548982608015496,0.0,3.831321127698363e-07,-0.0005000000000006111,0.0,0.0,1,0.0,0.0010000000000012221,0.001000000000000334,0.0010000000000012221,9.97029852575072e-07,8842.514854831603,-0.6861702135951114,False,0.5023170091159121,0.215,0.0,-0.00011727,5.646,5.64811743,-0.0021174300000001978,4826128.1,-0.0008625767877594877,1.9138,-0.00011727,1,2,False,1.3343134603543938,0.5590159680431305,44,44,5,2,0,8,1,False,0,2956685179
1779860685000,1779860686059,9,207,False,5.6545000000000005,5.6545000000000005,5.6545000000000005,5.6545000000000005,0.0,0.0,0.0,0,0,0,5.654,5.655,0.001000000000000334,5.6545000000000005,5.6543985931673255,5.654322957704562,3179.0,9325.7,18114.5,2937.8999999999996,11116.9,31255.3,18114.5,31255.3,-0.266170816977175,0.0,-0.17633537828033513,-9.897571046280032e-07,5.867411204871379e-07,-1.576498225115141e-06,0.3669145915114024,0.20281359906094482,0.5795657056563022,0.0,0.0,0.0,-2573.000000000006,1.9104768669896617,0.0,0.0,0.0,0.0,0.0,8.842905784619465e-05,0.00018654077434390696,0.0,3.831321127698363e-07,0.0,8.842905784619465e-05,88429.05784619464,1,0.0,0.0,0.001000000000000334,0.0,9.97029852575072e-07,8842.51485503167,-0.6861702135951114,False,0.5023170091159121,0.21,0.0,-0.00011727,5.646,5.64811743,-0.0021174300000001978,4826128.1,-0.0008625767877594877,1.9138,-0.00011727,1,2,False,1.3396002479804157,0.5564434775085187,45,44,5,2,0,5,0,False,0,2001773976
1779860686000,1779860687205,9,208,False,5.655,5.655,5.655,5.655,3.2,3.2,0.0,1,1,0,5.654,5.655,0.001000000000000334,5.6545000000000005,5.6543867303905895,5.65436145591983,3179.0,9325.7,18114.5,2999.9,11178.9,31317.3,18114.5,31317.3,-0.2670912246772266,0.9999999996875,-0.17666410971895652,-9.897571046280032e-07,5.861301873938424e-07,-1.5758872920218455e-06,0.36645438766137656,0.22653915122398954,0.5784183183096698,3.2,0.0,3.2,-2569.800000000006,1.8806251664326237,3.1999999968,3.2,3.2,0.5317380716355996,1.0,8.842123883917775e-05,0.00017007474780475834,0.0,3.283381758095942e-07,0.0,-7.819007016897643e-09,2.763163712860816e-05,1,0.0,0.0009999999999994458,0.001000000000000334,0.0009999999999994458,1.0225893018732762e-06,13263.576796412255,-0.6861702135951114,False,0.5023170091159121,0.205,0.0,-0.00011727,5.646,5.64811743,-0.0021174300000001978,4826128.1,-0.0008625767877594877,1.9138,-0.00011727,1,1,False,1.3343134603543938,0.5538551707357292,46,44,5,2,0,6,1,False,0,3224115808
1779860687000,1779860688051,9,209,False,5.654,5.654,5.654,5.654,1.1,0.0,1.1,1,0,1,5.654,5.655,0.001000000000000334,5.6545000000000005,5.6544118322478205,5.654362190210168,3178.8,9325.5,18114.3,3006.9,11230.1,31368.5,18114.3,31368.5,-0.26785468890199693,-0.999999999090909,-0.1798120202654809,-9.897571046280034e-07,5.854359960609887e-07,-1.575193100688992e-06,0.36607265554899143,0.17633543940162932,0.5774678419433323,0.0,1.1,-1.1,-2570.900000000006,1.851752210156144,1.0999999989,1.1,-1.1,0.5400290567902973,1.0,-0.00017685029668529164,0.00017007149384513497,0.0,3.1268287031979655e-07,0.0,-0.00026527153552446936,0.00016077299684047147,1,0.0,0.0010000000000012221,0.001000000000000334,0.0010000000000012221,9.294996354172205e-07,13263.57679916728,-0.6861702135951114,False,0.5023170091159121,0.2,0.0,-0.00011727,5.646,5.64811743,-0.0021174300000001978,4826128.1,-0.0008625767877594877,1.9138,-0.00011727,1,1,False,1.3343134603543938,0.5631402380953366,47,44,5,2,0,4,1,False,0,2251061185
1779860688000,1779860689027,9,210,False,5.654,5.654,5.654,5.654,1.2,0.0,1.2,1,0,1,5.654,5.655,0.001000000000000334,5.6545000000000005,5.654694398390274,5.654410004024653,3062.8,9209.5,17998.3,3144.7,11378.0,31516.4,17998.3,31516.4,-0.27301185304565573,-0.9999999991666666,-0.2149323300936993,-9.918101621738213e-07,5.852772546153199e-07,-1.5770874167891412e-06,0.3634940734771621,-0.3887968180298681,0.5710772804000275,0.0,1.2,-1.2,-2572.100000000006,1.8238259081838115,1.1999999987999999,1.2,-1.2,0.5482979460728872,1.0,0.0,0.00016540845922320837,0.0,3.126828703197966e-07,-0.0005000000000006111,0.00017685029668529164,0.0,1,0.0,0.0010000000000012221,0.001000000000000334,0.0010000000000012221,7.886249149265966e-07,13263.5767991615,-0.6861702135951114,False,0.475952152007577,0.165,0.0,-0.00011727,5.646,5.64811743,-0.0021174300000001978,4826128.1,-0.0008630111686515153,1.9138,-0.00011727,1,2,False,1.3343134603543938,0.5610869501253758,48,44,5,2,0,6,1,False,0,546317986
1779860689000,1779860690085,9,211,False,5.6545000000000005,5.6545000000000005,5.6545000000000005,5.6545000000000005,0.0,0.0,0.0,0,0,0,5.654,5.655,0.001000000000000334,5.6545000000000005,5.654764319570759,5.654545617785399,3011.2,9157.9,17946.7,3393.1000000000004,11873.6,32012.0,17946.7,32012.0,-0.2815385508429907,0.0,-0.23316843021893682,-9.92097973060809e-07,5.791959042485258e-07,-1.571293877309335e-06,0.3592307245784947,-0.5286391827780786,0.5606241409471273,0.0,0.0,0.0,-2572.100000000006,1.7640283374236865,0.0,0.0,0.0,0.0,0.0,8.842905784619465e-05,0.0001665861437700449,0.0,3.126828703197966e-07,0.0005000000000006111,8.842905784619465e-05,88429.05784619464,1,0.0,0.0,0.001000000000000334,0.0,7.886249149265966e-07,13263.576802846048,-0.6861702135951114,False,0.475952152007577,0.165,0.0,-0.00011727,5.65565054,5.65669579,-0.0010452499999997755,4825653.5,-0.0009612660025625725,1.9138,-0.00011727,1,2,False,1.3396002479804157,0.5585306383136589,49,44,5,2,0,7,0,False,0,2137721682
1779860690000,1779860690993,9,212,False,5.654,5.654,5.654,5.654,4.1,0.0,4.1,1,0,1,5.654,5.655,0.001000000000000334,5.6545000000000005,5.654780638123079,5.654481600302247,3007.1,9153.8,17960.4,3289.2000000000003,11858.1,31996.5,17960.4,31996.5,-0.2809641911327508,-0.9999999997560975,-0.2347603241539545,-9.91026644831619e-07,5.789442117545506e-07,-1.5699708565861696e-06,0.35951790443361464,-0.561276287162577,0.5613238948009763,0.0,4.1,-4.1,-2576.2000000000057,1.738978227999959,4.099999995899999,4.1,-4.1,0.5750503274414619,1.0,-8.842905784613801e-05,0.00016302799403129388,0.0,2.8923207135044506e-07,-0.001000000000000334,-0.00017685811569233267,2.1568062884041454e-05,1,0.0,0.0010000000000012221,0.001000000000000334,0.0010000000000012221,7.575340180297923e-07,17685.02969406128,-0.6861702135951114,False,0.475952152007577,0.165,0.0,-0.00011727,5.65565054,5.65669579,-0.0010452499999997755,4825653.5,-0.0009612660025625725,1.9138,-0.00011727,1,1,False,1.3343134603543938,0.5585286947316803,50,44,5,2,0,6,1,False,0,736883833
1779860691000,1779860692102,9,213,False,5.654,5.654,5.654,5.654,2.3,0.0,2.3,1,0,1,5.654,5.655,0.001000000000000334,5.6545000000000005,5.65476499820499,5.654562737824543,2848.9,9036.800000000001,17858.4,3326.8,11733.5,31871.9,17858.4,31871.9,-0.28178997512582304,-0.9999999995652173,-0.24254882993954813,-9.938129717620735e-07,5.81689426586427e-07,-1.5755023983485005e-06,0.35910501243707843,-0.5299964501223643,0.5603180230861492,0.0,2.3,-2.3,-2578.500000000006,1.7147494336393045,2.2999999976999996,2.3,-2.3,0.5831755822741231,1.0,0.0,0.00015816092575844526,0.0,2.5797263059232277e-07,0.0,8.842905784613801e-05,0.0,1,0.0,0.0010000000000012221,0.001000000000000334,0.0010000000000012221,7.618224444081679e-07,17685.02969397088,-0.6861702135951114,False,0.475952152007577,0.165,0.0,-0.00011727,5.65565054,5.65669579,-0.0010452499999997755,4825653.5,-0.0009612660025625725,1.9138,-0.00011727,1,2,False,1.3343134603543938,0.5585286947316803,51,44,5,2,0,9,1,False,0,1448425033
1779860692000,1779860693005,9,214,False,5.654,5.654,5.654,5.654,1.0,0.0,1.0,1,0,1,5.654,5.655,0.001000000000000334,5.6545000000000005,5.654781237813722,5.654532898585676,2874.0,9061.9,17883.5,3275.2,11717.2,31855.6,17883.5,31855.6,-0.2809077767792284,-0.9999999989999999,-0.23902257363525284,-9.93402288988023e-07,5.812417012892932e-07,-1.5746439902773163e-06,0.3595461116103758,-0.5624756714653076,0.561392659375414,0.0,1.0,-1.0,-2579.500000000006,1.6913150259789995,0.9999999989999999,1.0,-1.0,0.5912559068230975,1.0,0.0,0.00015314105495652604,0.0,1.6419430636324991e-07,0.0,0.0,0.0,1,0.0,0.0010000000000012221,0.001000000000000334,0.0010000000000012221,7.605159987461866e-07,17685.029693926772,-0.6861702135951114,False,0.475952152007577,0.165,0.0,-0.00011727,5.65565054,5.65669579,-0.0010452499999997755,4825653.5,-0.0009612660025625725,1.9138,-0.00011727,0,2,False,1.3396002479804157,0.5585286947316803,52,44,5,2,0,6,1,False,0,3969144692
1779860693000,1779860694086,9,215,False,5.6545000000000005,5.6545000000000005,5.6545000000000005,5.6545000000000005,0.0,0.0,0.0,0,0,0,5.654,5.655,0.001000000000000334,5.6545000000000005,5.654806407145522,5.6547078415072916,2874.0,9061.9,17916.1,3632.4,12092.0,32148.7,17916.1,32148.7,-0.28428356849522457,0.0,-0.2462539518405289,-9.916710044501781e-07,5.798186239472592e-07,-1.5714896283974374e-06,0.35785821575237775,-0.6128143300013337,0.5572884751171724,0.0,0.0,0.0,-2579.500000000006,1.635862074307557,0.0,0.0,0.0,0.0,0.0,8.842905784619465e-05,9.886319552982327e-05,0.0,1.1728648570031568e-07,0.0005000000000006111,8.842905784619465e-05,88429.05784619464,1,0.0,0.0,0.001000000000000334,0.0,7.605159987461866e-07,17685.02968066632,-0.6861702135951114,False,0.475952152007577,0.165,0.0,-0.00011727,5.65565054,5.65669579,-0.0010452499999997755,4825653.5,-0.0009612660025625725,1.9138,-0.00011727,0,2,False,1.344922193912601,0.5585316786698415,53,44,5,2,0,5,0,False,0,351577623
1779860694000,1779860695003,9,216,False,5.654,5.654,5.654,5.654,1.8,0.0,1.8,1,0,1,5.654,5.655,0.001000000000000334,5.6545000000000005,5.654813507008384,5.654628048203721,2872.2,8882.4,17736.6,3500.4,11806.4,31863.1,17736.6,31863.1,-0.28481019038421035,-0.9999999994444444,-0.24701771946305268,-1.0043375986947685e-06,5.85858665514839e-07,-1.5901962642096074e-06,0.3575949048078848,-0.6270140555343606,0.5566501690042539,0.0,1.8,-1.8,-2581.300000000006,1.615014137445014,1.7999999982,1.8,-1.8,0.6191896257718407,1.0,-8.842905784613801e-05,9.886319552982073e-05,0.0,1.2510618397187632e-07,0.0,-0.00017685811569233267,4.912725433167264e-05,1,0.0,0.0010000000000012221,0.001000000000000334,-0.004999999999999005,4.4946440751232476e-06,22106.482572960806,-0.6861702135951114,False,0.4637800709494332,0.13,-0.006000000000000227,-0.00011727,5.65565054,5.65669579,-0.0010452499999997755,4825644.7,-0.0009630878368196304,1.9138,-0.00011727,0,1,True,1.3396002479804157,0.5567583333983551,54,44,5,2,0,7,1,False,0,305835577
1779860695000,1779860696119,9,217,False,5.6545000000000005,5.6545000000000005,5.6545000000000005,5.6545000000000005,0.0,0.0,0.0,0,0,0,5.654,5.655,0.001000000000000334,5.6545000000000005,5.654752440430869,5.654517186027925,2905.2,9030.9,17886.1,3262.6,11471.4,31705.8,17886.1,31705.8,-0.2786684922336052,0.0,-0.23286877144093515,-9.942068198921078e-07,5.848345764384955e-07,-1.5790413963306032e-06,0.3606657538831874,-0.5048809058941629,0.5641270682335545,0.0,0.0,0.0,-2581.300000000006,1.5620628542500954,0.0,0.0,0.0,0.0,0.0,8.842905784619465e-05,0.0001008212097921159,0.0,1.3292588224343693e-07,0.0,0.00017685811569233267,88429.05784619464,1,0.0,0.0,0.001000000000000334,0.006000000000000227,4.4946440751232476e-06,22106.48257541717,-0.6861702135951114,False,0.4637800709494332,0.125,0.006000000000000227,-0.00011727,5.65565054,5.65669579,-0.0010452499999997755,4825644.7,-0.0009630878368196304,1.9138,-0.00011727,0,2,False,1.3009225746586706,0.5486840511641714,55,44,5,2,0,8,0,False,0,3932953742
1779860696000,1779860697008,9,218,False,5.655,5.655,5.655,5.655,42.4,42.4,0.0,1,1,0,5.654,5.655,0.001000000000000334,5.6545000000000005,5.654750097292119,5.654497887276501,2968.2000000000003,9093.9,17949.100000000002,3327.0,11297.6,31532.0,17949.100000000002,31532.0,-0.2745068319014679,0.9999999999764152,-0.22988196253667142,-9.912365425157642e-07,5.880752925279868e-07,-1.579311835043751e-06,0.36274658404925597,-0.5001946282580764,0.5692344285170441,42.4,0.0,42.4,-2538.900000000006,1.5436345639468136,42.399999957599995,42.4,42.4,0.6478217207026944,1.0,8.842123883917775e-05,0.00010082120979211589,0.0,1.2510756676558917e-07,0.0,-7.819007016897643e-09,2.085406576346518e-06,1,0.0,0.0009999999999994458,0.001000000000000334,0.006999999999999673,5.529210239566778e-06,22106.48257541717,-0.6861702135951114,False,0.4637800709494332,0.12,0.006000000000000227,-0.00011727,5.65565054,5.65669579,-0.0010452499999997755,4825644.7,-0.0009630878368196304,1.9138,-0.00011727,0,1,True,1.3009225746586706,0.5458947008784122,56,44,5,2,0,5,1,False,0,2515382267
1779860697000,1779860698069,9,219,False,5.654,5.654,5.654,5.654,37.2,0.0,37.2,3,0,3,5.654,5.655,0.001000000000000334,5.6545000000000005,5.654879963039451,5.654607111396944,2930.0,9055.7,17910.9,3541.2999999999997,11850.8,32085.2,17910.9,32085.2,-0.28350811363285766,-0.9999999999731184,-0.25356319073748607,-9.919401249083952e-07,5.798628885189349e-07,-1.5718030134273302e-06,0.3582459431835612,-0.7599261311137584,0.558229339383873,0.0,37.2,-37.2,-2576.100000000006,1.591384250374787,12.399999995866667,22.1,-37.2,1.885151243270328,2.4875621828667605,-0.00017685029668529164,0.00010082120979211589,0.0,1.2510618397187844e-07,0.0,-0.00026527153552446936,4.754040233347785e-06,1,0.0,0.0010000000000012221,0.001000000000000334,-0.004999999999999005,5.427040670329493e-06,22106.482575368667,-0.6861702135951114,False,0.4507379017854275,0.12,-0.006000000000000227,-0.00011727,5.65565054,5.65669579,-0.0010452499999997755,4825644.7,-0.0009630878368196304,1.9138,-0.00011727,0,1,True,1.3009225746586706,0.5525115384862699,57,44,5,2,0,8,3,False,0,4193465310
1779860698000,1779860699095,9,220,False,5.654,5.654,5.654,5.654,2.5,0.0,2.5,2,0,2,5.654,5.655,0.001000000000000334,5.6545000000000005,5.654884939169062,5.654601798636736,2928.6,9054.300000000001,17909.5,3509.6,11907.5,32141.899999999998,17909.5,32141.899999999998,-0.28435568235852976,-0.9999999996,-0.2546072677917438,-9.919401249083952e-07,5.785253639999452e-07,-1.5704654889083406e-06,0.3578221588207252,-0.7698783910160437,0.5572010366530742,0.0,2.5,-2.5,-2578.600000000006,1.604781488067417,1.249999999375,1.4,-2.5,1.246275591801757,2.5641025575279417,0.0,9.886319552982072e-05,0.0,1.1728648570031782e-07,0.0,0.00017685029668529164,0.0,1,0.0,0.0010000000000012221,0.001000000000000334,-0.004999999999999005,5.098606631346798e-06,22106.482575127055,-0.6861702135951114,False,0.4507379017854275,0.12,-0.006000000000000227,-0.00011727,5.65565054,5.65669579,-0.0010452499999997755,4825644.7,-0.0009786823669338932,1.9138,-0.00011727,0,2,False,1.295082471940478,0.5476133133417791,58,44,5,2,0,7,2,False,0,3729353025
1779860699000,1779860700031,9,221,False,5.654,5.654,5.652,5.652,170.9,2.1,168.8,4,1,3,5.651,5.652,0.001000000000000334,5.6515,5.6516522004544525,5.651808440037863,2840.6,8459.1,17959.0,3789.7000000000003,10464.1,27947.9,17959.0,27947.9,-0.21759038401634143,-0.9754242246870953,-0.21613440362423808,-1.0162722725471809e-06,6.483919090837559e-07,-1.6646641816309367e-06,0.39120480799181845,-0.30440097799324944,0.6425885308019335,2.1,168.8,-166.70000000000002,-2745.3000000000056,1.6833132425570099,42.72499998931875,135.0,-166.7,2.3762659833576776,8.928571348852042,-0.00035379444911754106,0.00012506587115639905,0.0002124752204697212,1.0164778058462515e-07,-0.002500000000000391,-0.00035379444911754106,2.0701840205703388e-06,-1,-0.9999995000002501,0.0009999999999994458,0.001000000000000334,-0.0030000000000001137,5.272306334651644e-06,17685.029689896044,-0.6861702135951114,False,0.47977957862308995,0.165,-0.0039999999999995595,-0.00011727,5.65565054,5.65669579,-0.0010452499999997755,4825644.7,-0.0009786823669338932,1.9138,-0.00011727,0,0,False,1.3232597765651124,0.5491928351902594,59,44,5,2,0,8,4,False,0,1970197131
1779860700000,1779860701029,9,222,False,5.652,5.652,5.652,5.652,22.6,22.6,0.0,1,1,0,5.651,5.652,0.001000000000000334,5.6515,5.651691925430736,5.651548867591699,2955.9,8588.7,18072.2,3274.2000000000003,10010.0,27657.5,18072.2,27657.5,-0.20960776038329118,0.9999999999557522,-0.20309885674752795,-1.0122271054423538e-06,6.475342376704535e-07,-1.6597613431128072e-06,0.39519611980834357,-0.3838509316746345,0.653428545602435,22.6,0.0,22.6,-2722.7000000000057,1.6609095296862881,22.5999999774,22.6,22.6,0.602079753005451,1.0,0.0,0.00011864936053862553,0.0,7.03717531469448e-08,-0.0019999999999997797,0.00035379444911754106,0.0,-1,0.0,0.0009999999999994458,0.001000000000000334,0.0030000000000001137,1.1150035576336172e-05,17685.029689466795,-0.6861702135951114,False,0.47977957862308995,0.165,0.002000000000000668,-0.00011727,5.65565054,5.65669579,-0.0010452499999997755,4825644.7,-0.0009786823669338932,1.9138,-0.00011727,0,1,True,1.2712544823230796,0.5491928351902594,0,45,5,2,0,8,1,False,0,2992506202
1779860701000,1779860702109,9,223,False,5.651,5.651,5.651,5.651,22.1,0.0,22.1,1,0,1,5.651,5.652,0.001000000000000334,5.6515,5.651558612417657,5.651609100981655,2867.6,8586.2,18068.3,3268.0,10114.1,29930.8,18068.3,29930.8,-0.2471400505426092,-0.9999999999547511,-0.21304742510041344,-1.0121842176276284e-06,6.315016381590612e-07,-1.6436858557866895e-06,0.376429974728685,-0.11722488038230768,0.6036691301268057,0.0,22.1,-22.1,-2744.8000000000056,1.639240364778541,22.0999999779,22.1,-22.1,0.6100386623441034,1.0,-0.00017694417457475144,0.00011865635857440583,0.0,7.03717531469448e-08,-0.0030000000000001137,-0.00017694417457475144,8.006523736051805e-06,-1,0.0,0.0010000000000012221,0.001000000000000334,-0.0030000000000001137,1.1550586291721614e-05,17685.029689733197,-0.6861702135951114,False,0.47977957862308995,0.165,-0.004000000000001336,-0.00011727,5.65565054,5.65669579,-0.0010452499999997755,4825644.7,-0.0009786823669338932,1.9138,-0.00011727,0,0,False,1.2827870675241029,0.5508241732050878,1,45,5,2,0,9,1,False,0,1787679055
1779860702000,1779860703087,9,224,False,5.652,5.652,5.652,5.652,7.2,7.2,0.0,2,2,0,5.651,5.652,0.001000000000000334,5.6515,5.651436033618188,5.651532095163261,2981.7,8977.2,18464.3,3226.4,9805.4,29800.8,18464.3,29800.8,-0.23487986143196152,0.9999999998611111,-0.18757195318672948,-9.894958893901686e-07,6.327032560487706e-07,-1.6221991454389393e-06,0.38256006928400893,0.1279327135895178,0.6195907492416103,7.2,0.0,7.2,-2737.600000000006,1.6510685495399002,3.5999999982,4.0,7.2,1.2113367427088348,5.6818181495351245,0.00017694417457484243,0.00012507914884558733,0.0,1.0168099406290101e-07,-0.0019999999999997797,0.0003538883491495939,2.4575579798648174e-05,-1,0.0,0.0009999999999994458,0.001000000000000334,0.006999999999999673,1.0937868585690557e-05,17685.02969013352,-0.7074467960733292,False,0.4846673122855429,0.165,0.006000000000000227,-0.00011727,5.65565054,5.65669579,-0.0010452499999997755,4825644.7,-0.0009786823669338932,1.9138,-0.00011727,0,1,True,1.2769957947895518,0.5425132688532408,2,45,5,2,0,6,2,False,0,1180010507
1779860703000,1779860704035,9,225,False,5.651,5.651,5.651,5.651,37.8,0.0,37.8,2,0,2,5.651,5.652,0.001000000000000334,5.6515,5.651698937885409,5.651575510004035,2889.8,8947.5,18435.6,3316.0,10263.0,30259.4,18435.6,30259.4,-0.2428134305370112,-0.999999999973545,-0.22231187483133436,-9.882416252616362e-07,6.246056846080323e-07,-1.6128473098696687e-06,0.3785932847314842,-0.3978758169918387,0.6092520010310644,0.0,37.8,-37.8,-2775.400000000006,1.6625089249648215,18.899999990549997,20.7,-37.8,1.203001059882622,4.587155942260752,-0.00017694417457475144,0.00013118786346965787,0.0,1.3299023497885722e-07,-0.0035000000000007248,-0.0003538883491495939,4.681062819314032e-06,-1,0.0,0.0010000000000012221,0.001000000000000334,-0.006999999999999673,1.1027765966443069e-05,17685.0296913623,-0.776515161606617,False,0.4846673122855429,0.165,-0.008000000000000895,-0.00011727,5.65565054,5.65669579,-0.0010452499999997755,4825644.7,-0.000977606897728656,1.9138,-0.00011727,0,0,False,1.2886287110011443,0.601008599888811,3,45,5,2,0,8,2,False,0,302034950
1779860704000,1779860705025,9,226,False,5.652,5.652,5.649,5.651,445.2,34.1,411.1,7,3,4,5.65,5.651,0.0009999999999994458,5.6505,5.650494557784691,5.650915552086099,3034.2000000000003,8482.0,20465.0,4016.3,10532.5,27271.0,20465.0,27271.0,-0.14257583375230137,-0.8468104222802183,-0.15502763277093054,-9.720371620679906e-07,6.571152927178811e-07,-1.6291524547858718e-06,0.4287120831238389,0.010884353741422518,0.7504308606211452,34.1,411.1,-377.0,-3152.400000000006,1.837508632343024,63.599999990914284,227.9,-377.0,3.809505910872772,6.072874457047321,0.0,0.00013118786346965787,0.00031885384576618513,1.3299023497885722e-07,-0.0030000000000001137,0.00017694417457475144,0.0,-1,-0.33333322222235795,0.0009999999999994458,0.0009999999999994458,-0.006999999999999673,7.094456997022302e-06,17685.0296913623,-0.7556817727702236,False,0.5406013300653306,0.425,-0.007999999999999119,-0.00011727,5.65565054,5.65669579,-0.0010452499999997755,4825634.4,-0.0009797392409259841,1.9138,-0.00011727,0,1,True,1.3409973830400725,0.6072319457713125,4,45,5,2,0,9,7,False,0,2030083447
1779860705000,1779860706063,9,227,False,5.65,5.65,5.65,5.65,42.6,0.0,42.6,3,0,3,5.65,5.651,0.0009999999999994458,5.6505,5.650417706442957,5.6506150166460385,3138.0,9062.800000000001,21051.2,3258.9,9574.4,26616.4,21051.2,26616.4,-0.11675016153529617,-0.9999999999765259,-0.10647283773734931,-9.436105194366687e-07,6.633258773489917e-07,-1.6069363967856605e-06,0.44162491923234143,0.1645870469390102,0.7909108669842356,0.0,42.6,-42.6,-3195.000000000006,1.8756231034137447,14.199999995266667,23.9,-42.6,1.5994684608759373,2.9069767357355327,-0.0001769754893565863,0.0001355923552410145,0.0,1.2517122813471539e-07,-0.0045000000000001705,-0.0001769754893565863,4.154354210150985e-06,-1,0.0,0.0009999999999994458,0.0009999999999994458,-0.005000000000000782,7.371118188299026e-06,17685.02969118211,-0.769503528742335,False,0.5406013300653306,0.425,-0.006000000000000227,-0.00011727,5.65565054,5.65669579,-0.0010452499999997755,4825634.4,-0.0009797392409259841,1.9138,-0.00011727,0,0,False,1.382291495887177,0.6101826103088286,5,45,5,2,0,9,3,False,0,3221606031
1779860706000,1779860707017,9,228,False,5.65,5.65,5.649,5.649,90.4,0.0,90.4,2,0,2,5.649,5.65,0.001000000000000334,5.6495,5.649753122662383,5.649427728473888,3145.3,8571.9,20238.0,3311.6,8987.4,26288.7,20238.0,26288.7,-0.1300479079754178,-0.999999999988938,-0.15707436273628073,-9.437137313159416e-07,6.875434652762596e-07,-1.631257196592201e-06,0.4349760460122804,-0.5062454077846713,0.7698364696618406,0.0,90.4,-90.4,-3285.400000000006,1.8797010344493597,45.199999977400005,60.9,-90.4,1.0639989882869227,24.999999375000016,-0.00017700681522460915,0.0001398604363560713,0.0001063034261371482,1.4085977355655184e-07,-0.006000000000000227,-3.1325868022859986e-08,1.9580399914010075e-06,-1,-0.9999990000010001,0.0009999999999994458,0.001000000000000334,-0.0030000000000001137,7.233062054945135e-06,13263.967749430976,-0.7040134027375753,False,0.5406013300653306,0.425,-0.0039999999999995595,-0.00011727,5.65565054,5.65669579,-0.0010452499999997755,4825634.4,-0.0009797392409259841,1.9138,-0.00011727,0,0,False,1.385539603813118,0.613121175232645,6,45,5,2,0,9,2,False,0,750262622
1779860707000,1779860708098,9,229,False,5.649,5.649,5.649,5.649,33.6,0.0,33.6,1,0,1,5.648,5.649,0.001000000000000334,5.6485,5.648777405277745,5.648820325499387,2408.1,8174.700000000001,19216.3,3300.0,11959.6,26922.8,19216.3,26922.8,-0.16702753196312528,-0.9999999999702383,-0.21831199403763465,-9.461204716290487e-07,6.551253881305847e-07,-1.6012458597596334e-06,0.41648623401842655,-0.554810593360527,0.7137556272007104,0.0,33.6,-33.6,-3319.000000000006,1.8508583775821674,33.5999999664,33.6,-33.6,0.5402898523041187,1.0,0.0,0.00013415342070117664,0.0,1.4085977355655184e-07,-0.004999999999999893,0.00017700681522460915,0.0,-1,0.0,0.0009999999999994458,0.001000000000000334,-0.0030000000000001137,7.206178657064979e-06,13263.967746667691,-0.7040134027375753,False,0.5406013300653306,0.425,-0.0039999999999995595,-0.00011727,5.65565054,5.65669579,-0.0010452499999997755,4825634.4,-0.0009797392409259841,1.9138,-0.00011727,0,1,True,1.3402447486690563,0.6158332732227677,7,45,5,2,0,10,1,False,0,3243019902
1779860708000,1779860709051,9,230,False,5.648,5.648,5.648,5.648,50.8,0.0,50.8,1,0,1,5.647,5.648,0.0009999999999994458,5.6475,5.6476609327001235,5.647418369137139,3096.5,8610.8,19883.4,3164.0,10954.3,26511.0,19883.4,26511.0,-0.14285344782990742,-0.9999999999803151,-0.1512695719654619,-9.230802780879012e-07,6.736323296624076e-07,-1.5967126077503088e-06,0.42857327608503554,-0.3218654434238461,0.7500056580287146,0.0,50.8,-50.8,-3369.800000000006,1.822961381595867,50.79999994919999,50.8,-50.8,0.5485579725095528,1.0,-0.0001770381521841511,0.00013987231910662603,0.0,1.4085977355655184e-07,-0.006000000000000227,-0.0001770381521841511,3.485002995682404e-06,-1,0.0,0.0009999999999994458,0.0009999999999994458,-0.0009999999999994458,6.758923346423129e-06,13263.967746931143,-0.6822742018619307,False,0.5406013300653306,0.425,-0.0019999999999988916,-0.00011727,5.65565054,5.65669579,-0.0010452499999997755,4825634.4,-0.0005031002699757421,1.9138,-0.00011727,0,0,False,1.3487616428539464,0.6168704334528876,8,45,5,2,0,8,1,False,0,447335251
1779860709000,1779860710116,9,231,False,5.647,5.648,5.647,5.648,69.60000000000001,0.9,68.7,2,1,1,5.647,5.648,0.0009999999999994458,5.6475,5.647899764679303,5.647421002065207,3027.2999999999997,8705.1,19997.5,3114.0,10887.4,26436.1,19997.5,26436.1,-0.13866252024395825,-0.9741379310204863,-0.1670967495283282,-9.127671788487328e-07,6.74631502777728e-07,-1.5873986816264607e-06,0.43066873987801013,-0.7995294117609433,0.7564466770816892,0.9,68.7,-67.8,-3437.6000000000063,1.8287659264615763,34.799999982600006,68.7,-67.8,1.0936336739257306,3.7313432696591664,0.0,0.00013846761620930556,0.00010634107232619456,1.330400752849912e-07,-0.004000000000000448,0.0001770381521841511,0.0,-1,0.9999990000010001,0.0009999999999994458,0.0009999999999994458,-0.0009999999999994458,7.6969314300339e-06,13263.967743246598,-0.6968253878232782,False,0.5533311401243192,0.425,-0.0019999999999988916,-0.00011727,5.65565054,5.65669579,-0.0010452499999997755,4825260.7,-0.0005805019047596155,1.9138,-0.00011727,0,1,True,1.3511948208907463,0.6168704334528876,9,45,5,2,0,9,2,False,0,2694732438
1779860710000,1779860711049,9,232,False,5.647,5.648,5.647,5.648,38.5,35.3,3.2,2,1,1,5.647,5.648,0.0009999999999994458,5.6475,5.6478157570551994,5.6471920113515575,3106.5,8784.3,20167.9,2811.9,10620.2,26118.8,20167.9,26118.8,-0.1285660891789622,0.8337662337445775,-0.14916686133284024,-9.05412770907631e-07,6.802773228789867e-07,-1.5856900937866178e-06,0.43571695541050814,-0.6315141567475112,0.7721602830145041,35.3,3.2,32.099999999999994,-3405.5000000000064,1.834380158380869,19.249999990375,35.3,32.099999999999994,1.0902865416266987,6.666666622222222,0.0,0.00013704851631852772,0.00010634107232619456,1.330400752849912e-07,-0.004000000000000448,0.0,0.0,-1,0.9999990000010001,0.0009999999999994458,0.0009999999999994458,0.0009999999999994458,7.927745066248078e-06,8842.514850939697,-0.7318181924989889,False,0.5533311401243192,0.425,0.0,-0.00011727,5.65565054,5.65669579,-0.0010452499999997755,4825260.7,-0.0005805019047596155,1.9138,-0.00011727,0,0,False,1.3374046387493994,0.6326543214047735,10,45,5,2,0,7,2,False,0,468802669
1779860711000,1779860712045,9,233,False,5.647,5.647,5.647,5.647,22.1,0.0,22.1,1,0,1,5.647,5.648,0.0009999999999994458,5.6475,5.647862514220858,5.64735655625461,3096.0,8277.1,20144.6,3126.3,10890.9,26832.3,20144.6,26832.3,-0.14236145850407028,-0.9999999999547511,-0.1616698263384984,-9.006428018459862e-07,6.65740863311026e-07,-1.5663836651570123e-06,0.4288192707479543,-0.7250284846155524,0.7507593460120544,0.0,22.1,-22.1,-3427.6000000000063,1.807023431876578,22.0999999779,22.1,-22.1,0.5533962547503396,1.0,-0.00017706950024120945,0.00014265334283112099,0.0,1.330400752849912e-07,-0.0039999999999995595,-0.00017706950024120945,8.012194580687658e-06,-1,0.0,0.0009999999999994458,0.0009999999999994458,-0.0010000000000012221,7.856243304842521e-06,8842.514851169657,-0.7318181924989889,False,0.5533311401243192,0.425,-0.002000000000000668,-0.00011727,5.65565054,5.65669579,-0.0010452499999997755,4825260.7,-0.0005805019047596155,1.9138,-0.00011727,0,0,False,1.360270508194055,0.6326534409485361,11,45,5,2,0,8,1,False,0,15362164
1779860712000,1779860713029,9,234,False,5.648,5.648,5.647,5.647,82.3,68.4,13.9,3,2,1,5.647,5.648,0.0009999999999994458,5.6475,5.647403932928281,5.647113447585978,3346.7,8606.5,20359.2,2925.7999999999997,10505.8,26765.9,20359.2,26765.9,-0.135950905143965,0.6622114216201433,-0.11935307285964683,-8.955424062830441e-07,6.6990165781481e-07,-1.5654440640978542e-06,0.4320245474280069,0.1921341070271047,0.7606394703708539,68.4,13.9,54.50000000000001,-3373.1000000000063,1.8461374177166903,27.433333324188887,64.7,54.5,1.625014459695745,2.309468816837254,0.0,0.00014265334283112099,0.00010634107232619456,1.330400752849912e-07,-0.004999999999999893,0.00017706950024120945,0.0,-1,-0.9999990000010001,0.0009999999999994458,0.0009999999999994458,0.0010000000000012221,7.796579220856153e-06,8842.514851169657,-0.7318181924989889,False,0.5533311401243192,0.43,1.7763568394002505e-15,-0.00011727,5.65565054,5.65669579,-0.0010452499999997755,4825260.7,-0.0005805019047596155,1.9138,-0.00011727,0,1,True,1.3740065238873964,0.632653440948536,12,45,5,2,0,9,3,False,0,2077993853
1779860713000,1779860714013,9,235,False,5.647,5.647,5.647,5.647,1.2,0.0,1.2,1,0,1,5.647,5.648,0.0009999999999994458,5.6475,5.647438106778981,5.646737686823335,3885.8999999999996,9494.6,21249.3,2456.9,9997.0,26231.7,21249.3,26231.7,-0.10493460542111364,-0.9999999991666666,-0.06962168635943713,-8.682417479473858e-07,6.73726691937817e-07,-1.541968439885203e-06,0.4475326972894327,0.12378640776661468,0.8100618717048147,0.0,1.2,-1.2,-3374.300000000006,1.8183952072997496,1.1999999987999999,1.2,-1.2,0.5499354570643793,1.0,0.0,0.00014127629421567886,0.0,1.2522037701343058e-07,-0.0039999999999995595,0.0,0.0,-1,0.0,0.0009999999999994458,0.0009999999999994458,0.006999999999999673,7.803840468541746e-06,8842.514846748205,-0.7984847920291537,False,0.5533311401243192,0.435,0.006000000000000227,-0.00011727,5.65565054,5.65669579,-0.0010452499999997755,4825260.7,-0.0005643140745336169,1.9138,-0.00011727,0,0,False,1.3660812158011928,0.632653440948536,13,45,5,2,0,8,1,False,0,1538725565
1779860714000,1779860715099,9,236,False,5.6475,5.6475,5.6475,5.6475,0.0,0.0,0.0,0,0,0,5.647,5.648,0.0009999999999994458,5.6475,5.647500269817465,5.646934689301569,3348.8,8845.8,20778.5,2452.7,10039.1,26271.8,20778.5,26271.8,-0.11675377202695589,0.0,-0.0857410825038527,-8.794589089038892e-07,6.733623355492599e-07,-1.5528212444531492e-06,0.44162311398651144,-0.0005396654074459724,0.7909050769265604,0.0,0.0,0.0,-3374.300000000006,1.7587756923063151,0.0,0.0,0.0,0.0,0.0,8.853866932150085e-05,0.00014127972675510942,0.0,1.1740067874186995e-07,-0.0034999999999998366,8.853866932150085e-05,88538.66932150084,-1,0.0,0.0,0.0009999999999994458,-0.017999999999998906,7.803840468541746e-06,4421.061958130415,-0.8052325328349116,False,0.5533311401243192,0.44,-0.017999999999998906,-0.00011727,5.65565054,5.65669579,-0.0010452499999997755,4825173.6,-0.0005823547263567747,1.9138,-0.00011727,0,1,True,1.3719289800423826,0.6299873036384835,14,45,5,2,0,7,0,False,0,1413173759
1779860715000,1779860716077,9,237,False,5.6475,5.6475,5.6475,5.6475,0.0,0.0,0.0,0,0,0,5.647,5.648,0.0009999999999994458,5.6475,5.647878672959016,5.647051112774181,2969.3,8406.1,20339.8,2499.0,10235.5,26664.9,20339.8,26664.9,-0.13456313943073497,0.0,-0.14615206483168897,-8.850603697429307e-07,6.650526745872613e-07,-1.5501130443301922e-06,0.4327184302846219,-0.7573459715603919,0.7627930350385426,0.0,0.0,0.0,-3374.300000000006,1.7011109155093869,0.0,0.0,0.0,0.0,0.0,0.0,0.00013988915711526787,0.0,1.095816718977281e-07,-0.002500000000000391,-8.853866932150085e-05,0.0,-1,0.0,0.0,0.0009999999999994458,0.0,7.803840468541746e-06,4421.061955674052,-0.8109243379610004,False,0.5533311401243192,0.445,0.0,-0.00011727,5.65565054,5.65669579,-0.0010452499999997755,4825173.6,-0.0005823547263567747,1.9138,-0.00011727,0,0,False,1.3503675372040251,0.6320756013391637,15,45,5,2,0,6,0,False,0,509462494
1779860716000,1779860717091,9,238,False,5.647,5.647,5.646,5.646,121.10000000000001,0.0,121.10000000000001,3,0,3,5.646,5.647,0.001000000000000334,5.6465,5.6463345323402505,5.646062954458829,3533.8999999999996,9003.5,20826.6,2696.0,8926.4,25773.6,20826.6,25773.6,-0.10615834266805496,-0.9999999999917424,-0.07727356592996454,-8.718569260061311e-07,6.952618077449286e-07,-1.5671187337510597e-06,0.44692082866596183,0.3309352517965771,0.8080594096284256,0.0,121.10000000000001,-121.10000000000001,-3495.400000000006,1.743697442869735,40.36666665321111,76.9,-121.10000000000001,1.720481962365094,4.854368908473937,-0.00026563952872374276,0.0001506860261124301,0.00010635990542161476,9.394434957573848e-08,-0.0030000000000001137,-0.00026563952872374276,2.1935551504669627e-06,-1,-0.9999990000010001,0.0009999999999994458,0.001000000000000334,0.02099999999999902,7.161225936575086e-06,13281.976449902304,-0.760162611001334,False,0.5531189134237879,0.415,0.019999999999999574,-0.00011727,5.65565054,5.65669579,-0.0010452499999997755,4825173.6,-0.0005823547263567747,1.9138,-0.00011727,0,0,False,1.3469115197252153,0.6067673682761413,16,45,5,2,0,9,3,False,0,173488911
1779860717000,1779860718015,9,239,False,5.646,5.646,5.646,5.646,12.0,0.0,12.0,2,0,2,5.646,5.647,0.001000000000000334,5.6465,5.646354961796144,5.646019945685155,3646.9,9178.3,21004.4,2760.5,8990.0,25926.0,21004.4,25926.0,-0.10487019075055601,-0.9999999999166667,-0.0791399573095195,-8.654925612365778e-07,6.933691624017098e-07,-1.5588617236382876e-06,0.4475649046247114,0.29007633587601744,0.8101673995216845,0.0,12.0,-12.0,-3507.400000000006,1.752100805398596,5.999999997,7.6,-12.0,1.141486832661732,9.345794305179492,0.0,0.0001454045291374109,0.0,9.394434957573846e-08,-0.0030000000000001137,0.00026563952872374276,0.0,-1,0.0,0.0009999999999994458,0.001000000000000334,0.02099999999999902,7.250908666377424e-06,13281.976449693753,-0.760162611001334,False,0.5531189134237879,0.42,0.019999999999999574,-0.00011727,5.65565054,5.65669579,-0.0010452499999997755,4825173.6,-0.0005823547263567747,1.9138,-0.00011727,0,1,True,1.3789879899622604,0.5931377227695284,17,45,5,2,0,8,2,False,0,2432885883
1779860718000,1779860719077,9,240,False,5.647,5.649,5.647,5.649,510.90000000000003,510.90000000000003,0.0,3,3,0,5.65,5.651,0.0009999999999994458,5.6505,5.650830256400597,5.650672926710171,3005.3,8088.6,20979.8,3485.6,11331.1,27261.8,20979.8,27261.8,-0.13021956154024472,0.9999999999980427,-0.1315583358388394,-9.467214105339866e-07,6.528777361137724e-07,-1.599599146647759e-06,0.4348902192298673,-0.6605128205116914,0.7695676734477999,510.90000000000003,0.0,510.90000000000003,-2996.500000000006,1.7930155330904454,170.29999994323333,389.1,510.90000000000003,1.6731589564960625,499.999750000125,0.0005312085118274399,0.00018775409781298608,0.00021266331822539401,9.394434957573848e-08,0.001000000000000334,0.0005312085118274399,1.0397504635474655e-06,-1,0.9999995000002501,0.0030000000000001137,0.0009999999999994458,-0.014999999999998792,4.3735766745932e-06,13281.976451907123,-0.735772323631513,False,0.5647216871169833,0.455,-0.017999999999998906,-0.00011727,5.65565054,5.65669579,-0.0010452499999997755,4825173.6,-0.0005794980475652247,1.9138,-0.00011727,1,1,False,1.2342016385900028,0.6205274427935251,18,45,5,2,0,8,3,False,0,376149884
1779860719000,1779860720097,9,241,False,5.65,5.656,5.65,5.656,1086.7,1084.5,2.2,8,7,1,5.656,5.657,0.001000000000000334,5.656499999999999,5.656790290698118,5.656165640410352,3506.4,8589.0,18262.4,3022.2000000000003,12105.8,29345.8,18262.4,29345.8,-0.2328044328497983,0.9959510444455728,-0.14225174688337888,-9.705483138091935e-07,5.940203178729106e-07,-1.5645686316821042e-06,0.38359778357509045,-0.5805814281665803,0.622317333315138,1084.5,2.2,1082.3,-1914.200000000006,1.996523220530103,135.8374999830203,488.7,1082.3,4.006965665978545,13.618676857333195,0.0012383902511466224,0.0003250747550041357,0.0006374257146002748,7.517877919489453e-07,0.008000000000000007,0.0007071817393191825,1.1395879738156647e-06,1,0.9999998333333611,0.0009999999999994458,0.001000000000000334,-0.00300000000000189,3.227136409205653e-06,13281.976444952432,-0.7144736785300262,False,0.5901391465069223,0.565,-0.004000000000001336,-0.00011514,5.65,5.65174719,-0.0017471899999996765,4825113.0,-0.0005920499031954439,1.9138,-0.00011514,2,2,False,1.1193658323001232,0.6121214716034934,19,45,5,2,0,9,8,False,0,1011460471
1779860720000,1779860721003,9,242,False,5.657,5.657,5.657,5.657,79.0,79.0,0.0,1,1,0,5.656,5.657,0.001000000000000334,5.656499999999999,5.656111531164196,5.656076291212797,3525.9,8908.8,18630.3,2524.6,10811.2,28027.7,18630.3,28027.7,-0.20141026190577824,0.9999999999873417,-0.04998334218119206,-9.60246410204742e-07,6.079914684784677e-07,-1.5682378786832096e-06,0.3992948690471002,0.7769376181437764,0.6647102687698003,79.0,0.0,79.0,-1835.200000000006,1.963850328053706,78.999999921,79.0,79.0,0.5092037744454061,1.0,0.00017678776674706317,0.0003274695284519913,0.0,9.707200388104914e-07,0.009000000000000341,-0.0010616024843995591,2.237819832212979e-06,1,0.0,0.0010000000000012221,0.001000000000000334,0.0010000000000012221,3.3000597910953546e-06,13281.976444960566,-0.7046069972051687,False,0.5901391465069223,0.565,0.0,-0.00011514,5.65,5.65174719,-0.0017471899999996765,4825113.0,-0.0005920499031954439,1.9138,-0.00011514,2,1,False,1.5269772942774382,0.6038912232063809,20,45,5,2,0,8,1,False,0,278480400
1779860721000,1779860722072,9,243,False,5.656,5.656,5.656,5.656,19.3,0.0,19.3,2,0,2,5.656,5.657,0.001000000000000334,5.656499999999999,5.656246511590325,5.656062376035067,3432.2,8727.7,18451.2,2517.2,10664.2,27894.9,18451.2,27894.9,-0.20376471806688798,-0.9999999999481866,-0.06577133708442466,-9.64054361520598e-07,6.102648123951932e-07,-1.5743191739157912e-06,0.3981176409665452,0.506976744182678,0.6614542443242076,0.0,19.3,-19.3,-1854.500000000006,1.9650355631994862,9.649999995175,17.7,-19.3,1.0177932839677422,1.5847860513711791,-0.0001767877667470485,0.0003274653046390457,0.0,9.706647123659466e-07,0.008999999999999453,-0.0003535755334941117,9.159987913880233e-06,1,0.0,0.0009999999999994458,0.001000000000000334,0.005000000000000782,3.2949108091958172e-06,13281.976444680986,-0.6932772895675472,False,0.5901391465069223,0.565,0.004000000000001336,-0.00011514,5.65,5.65174719,-0.0017471899999996765,4825113.0,-0.0005920499031954439,1.9138,-0.00011514,2,1,False,1.5056957000298619,0.6039065870036872,21,45,5,2,0,9,2,False,0,3967810732
1779860722000,1779860723109,9,244,False,5.656499999999999,5.656499999999999,5.656499999999999,5.656499999999999,0.0,0.0,0.0,0,0,0,5.656,5.657,0.001000000000000334,5.656499999999999,5.656202843052728,5.6560358589619115,3494.9,8880.6,18604.1,2503.6,10411.2,27852.2,18604.1,27852.2,-0.19907095485434276,0.0,-0.058029068667801276,-9.581141584572122e-07,6.106961737386398e-07,-1.568810332195852e-06,0.40046452257281784,0.5943138326922127,0.6679580069078683,0.0,0.0,0.0,-1854.500000000006,1.900608167684749,0.0,0.0,0.0,0.0,0.0,8.839779011283543e-05,0.0003256666580437519,0.0,9.54983119349413e-07,0.009499999999999176,0.0002651855568598839,88397.79011283543,1,0.0,0.0,0.001000000000000334,nan,3.2949108091958172e-06,13281.97644450967,-0.6802325245288139,False,0.5901391465069223,0.565,nan,-0.00011514,5.65,5.65174719,-0.0017471899999996765,4825113.0,-0.0005920499031954439,1.9138,-0.00011514,2,2,False,1.4987485023455775,0.6095647958080251,22,45,5,2,0,8,0,False,0,3788326621
1779860723000,1779860724039,9,245,False,5.657,5.657,5.657,5.657,27.0,27.0,0.0,1,1,0,5.656,5.657,0.001000000000000334,5.656499999999999,5.656263399650413,5.656016100356057,3453.7999999999997,8798.7,18604.8,2508.8,10435.9,27999.1,18604.8,27999.1,-0.2015775503766809,0.999999999962963,-0.06799021254464525,-9.55907486523821e-07,6.073590144906629e-07,-1.5632665010144837e-06,0.3992112248116489,0.4732006125538041,0.6644785010946543,27.0,0.0,27.0,-1827.500000000006,1.8710800310393474,26.999999972999998,27.0,27.0,0.5344506824275546,1.0,8.838997663421806e-05,0.0003238579156266817,0.0,9.62796597952003e-07,0.009999999999999787,-7.813478617368572e-09,3.2737028381831243e-06,1,0.0,0.0010000000000012221,0.001000000000000334,nan,3.043974808569947e-06,17701.47527499179,-0.6651514810746543,False,0.5901391465069223,0.565,nan,-0.00011514,5.65,5.65174719,-0.0017471899999996765,4825113.0,1.3077584959199584e-05,1.9138,-0.00011514,2,1,False,1.4987485023455775,0.6045021155384387,23,45,5,2,0,8,1,False,0,4138208328
1779860724000,1779860725107,9,246,False,5.657,5.657,5.657,5.657,20.5,20.5,0.0,1,1,0,5.657,5.658,0.001000000000000334,5.657500000000001,5.657330760061418,5.65726351681002,3212.0,8735.2,18962.600000000002,2726.9,11198.9,29751.6,18962.600000000002,29751.6,-0.22147546300667517,0.9999999999512195,-0.10752622916014551,-9.403801146817159e-07,5.855577956663731e-07,-1.525937910348089e-06,0.38926226849665224,0.33847980997423704,0.6373640409255087,20.5,0.0,20.5,-1807.000000000006,1.8425200300216638,20.4999999795,20.5,20.5,0.5427349408220584,1.0,0.0,0.0003238579156266817,0.0,9.62796597952003e-07,0.009500000000000064,-8.838997663421806e-05,0.0,1,0.0,0.0010000000000012221,0.001000000000000334,nan,2.7994907331858384e-06,17701.47527499179,-0.6476190576135256,False,0.5901391465069223,0.565,nan,-0.00011514,5.65,5.65174719,-0.0017471899999996765,4825016.7,-6.880757854998817e-06,1.9138,-0.00011514,2,1,False,1.5064398697056358,0.6175362767700194,24,45,5,2,0,8,1,False,0,2071747649
1779860725000,1779860726037,9,247,False,5.657,5.657,5.656,5.656,44.900000000000006,0.0,44.900000000000006,2,0,2,5.656,5.657,0.001000000000000334,5.656499999999999,5.656070782300925,5.65582271405141,3555.1,9055.1,18807.4,2187.6,10158.699999999999,27843.1,18807.4,27843.1,-0.1936892423446652,-0.9999999999777284,-0.0319290310761959,-9.469983224044134e-07,6.047132750556817e-07,-1.551711597460095e-06,0.40315537882765673,0.8584353379411471,0.6754779460620163,0.0,44.900000000000006,-44.900000000000006,-1851.900000000006,1.8476833077258714,22.449999988775,43.7,-44.900000000000006,1.082436579123055,7.575757518365473,-0.0001767877667470485,0.0003238527891588695,0.00010617187411960477,9.314707302081769e-07,0.00849999999999973,-0.0001767877667470485,3.937366742608266e-06,1,-0.9999990000010001,0.0009999999999994458,0.001000000000000334,nan,2.9048143824548584e-06,17701.47527540311,-0.6270902339847105,False,0.5986754352530225,0.6,nan,-0.00011514,5.65,5.65174719,-0.0017471899999996765,4825016.7,-6.880757854998817e-06,1.9138,-0.00011514,2,1,False,1.5100503529535463,0.6045174935010736,25,45,5,2,0,6,2,False,0,382682112
1779860726000,1779860727015,9,248,False,5.657,5.658,5.657,5.658,74.3,69.4,4.9,3,2,1,5.658,5.659,0.0009999999999994458,5.6585,5.658782488427109,5.658360761379411,3493.9,9027.8,19680.6,3209.7,10921.4,31542.5,19680.6,31542.5,-0.2315732550353214,0.8681022880098506,-0.15230654466560295,-9.328268997577313e-07,5.699744260825112e-07,-1.5028013258402426e-06,0.38421337248232956,-0.5649769585201385,0.6239391297455615,69.4,4.9,64.5,-1787.400000000006,1.8854641828824001,24.76666665841111,52.7,64.5,1.5911201207877812,36.36363504132237,0.0003535442851039067,0.00033100413364588497,0.0001061531075487303,9.939730348178784e-07,0.012000000000000455,0.0005303320518509552,4.758334927310206e-06,1,0.9999990000010001,0.0009999999999994458,0.0009999999999994458,nan,2.7910936021020913e-06,17701.47527558906,-0.5815602847934819,False,0.5986754352530225,0.605,nan,-0.00011514,5.65,5.65174719,-0.0017471899999996765,4825016.7,-6.880757854998817e-06,1.9138,-0.00011514,2,2,False,1.502474114567638,0.6045022234085026,26,45,5,2,0,9,3,False,0,537195923
