Timestamp,local_timestamp_ms,clock_skew_ms,sequence_id,is_warmup,open,high,low,close,volume,taker_buy_volume,taker_sell_volume,trade_count,buy_trade_count,sell_trade_count,best_bid,best_ask,spread,mid_price,microprice,weighted_mid_price,bid_depth_top5,bid_depth_top10,bid_depth_top20,ask_depth_top5,ask_depth_top10,ask_depth_top20,cumulative_bid_volume,cumulative_ask_volume,order_book_imbalance,volume_imbalance,depth_imbalance,slope_bid,slope_ask,slope_imbalance,liquidity_pressure,queue_imbalance,order_book_pressure_ratio,aggressive_buy_volume,aggressive_sell_volume,delta_volume,cumulative_delta,trade_intensity,avg_trade_size,max_trade_size,signed_trade_flow,trade_burst_metric,trade_arrival_rate,log_return,realized_volatility,parkinson_volatility,bipower_variance,momentum_10s,price_acceleration,price_impact,micro_trend,directional_pressure,effective_spread,quoted_spread,realized_spread,kyle_lambda,amihud_illiquidity,resiliency_metric,liquidity_vacuum,vpin,toxicity_score,adverse_selection_metric,funding_rate,mark_price,index_price,mark_index_spread,open_interest,oi_change_rate,long_short_ratio,predicted_funding_rate,volatility_regime,trend_regime,ranging_regime,entropy,hurst_exponent,second_of_minute,minute_of_hour,hour_of_day,day_of_week,session_marker,book_update_count,trade_msg_count,has_gap,recovery_source,row_checksum
1779859444000,1779859445095,9,1,True,1.00095,1.00095,1.00095,1.00095,0.0,0.0,0.0,0,0,0,1.0009,1.001,9.999999999998899e-05,1.00095,1.0009014161987584,1.0010683444406827,64204.0,216516.8,514498.4,81630.1,241595.6,591839.6,514498.4,591839.6,-0.06990738815804924,0.0,-0.008028575011377192,-3.6455548541971008e-09,3.085081259050098e-09,-6.730636113247199e-09,0.46504630592097496,0.9716760227817856,0.8693206740474938,0.0,0.0,0.0,0.0,0.0,0.0,0.0,0.0,0.0,0.0,0.0,0.0,0.0,0.0,0.0,0.0,0.0,0,0.0,0.0,9.999999999998899e-05,0.0,0.0,0.0,0.0,False,0.0,0.0,0.0,1.389e-05,1.0007814,1.00130329,-0.0005218900000001359,120966014.0,0.0,1.8249,1.389e-05,1,1,False,0.0,0.5,4,24,5,2,0,7,0,False,0,1951143458
1779859445000,1779859446068,9,2,True,1.001,1.001,1.001,1.001,85.9,85.9,0.0,2,2,0,1.0009,1.001,9.999999999998899e-05,1.00095,1.0009005812019902,1.001056110611373,67773.8,219312.0,517776.4,81310.3,239651.30000000002,588707.0,517776.4,588707.0,-0.06410453152754024,0.9999999999883585,0.00031178750095456136,-3.6491908208882925e-09,3.104335170651091e-09,-6.753525991539383e-09,0.4679477342362295,0.9883759581775244,0.8795145972444681,85.9,0.0,85.9,85.9,0.06557377049180328,42.949999978525,76.7,85.9,30.499999534875005,1.9455252880437253,4.995129749527683e-05,0.0,0.0,0.0,0.0,4.995129749527683e-05,5.815052094842296e-07,0,0.0,9.999999999976694e-05,9.999999999998899e-05,-0.000700000000000145,0.0,0.0,0.0,False,1.0,0.0,-0.0007999999999999119,1.389e-05,1.0007814,1.00130329,-0.0005218900000001359,120966014.0,0.0,1.8249,1.389e-05,1,1,False,0.0,0.5,5,24,5,2,0,8,2,False,0,3756873589
1779859446000,1779859447016,9,3,True,1.001,1.0011,1.001,1.0011,113.10000000000001,88.0,25.1,3,2,1,1.0011,1.0012,9.999999999998899e-05,1.00115,1.0011059651884515,1.0012376843608155,86056.09999999999,214947.5,497903.8,106114.6,252141.6,589704.2,497903.8,589704.2,-0.08440577855256663,0.5561450044159492,-0.03279338366094086,-3.77038523838169e-09,3.0229403818933713e-09,-6.793325620275062e-09,0.4577971107237162,0.8806962302107599,0.8443280546416307,88.0,25.1,62.9,148.8,0.16178446654125236,37.69999998743334,82.9,62.900000000000006,18.54318925415414,10.152284160890515,9.989511021757124e-05,0.0,5.999312770525853e-05,0.0,0.0,4.994381272229441e-05,8.832458905100617e-07,0,0.999990000099999,9.999999999976694e-05,9.999999999998899e-05,-0.0004999999999997229,0.0,0.0,0.0,False,1.0,0.0,-0.0005999999999994898,1.389e-05,1.0007814,1.00130329,-0.0005218900000001359,120966014.0,0.0,1.8249,1.389e-05,1,1,False,1.329661471678482,0.5,6,24,5,2,0,8,3,False,0,1841641385
1779859447000,1779859448108,9,4,True,1.0012,1.0012,1.0012,1.0012,35.2,35.2,0.0,1,1,0,1.0011,1.0012,9.999999999998899e-05,1.00115,1.0011057461954846,1.0011911098529491,105101.6,233764.9,520823.2,105083.9,249573.3,587221.2,520823.2,587221.2,-0.05992359150950981,0.9999999999715911,-0.006012441593958165,-3.625172321298111e-09,3.0336966782585405e-09,-6.658868999556651e-09,0.47003820424524473,0.8850760895693169,0.886928469203767,35.2,0.0,35.2,184.0,0.18926694304809655,35.1999999648,35.2,35.2,5.283542802624212,1.0,9.988513218117293e-05,0.0,0.0,0.0,0.0,-9.9780363983082e-09,2.8376458005208887e-06,0,0.0,0.00010000000000021103,9.999999999998899e-05,-0.0002999999999997449,0.0,0.0,0.0,False,1.0,0.0,-0.00039999999999995595,1.389e-05,1.0007814,1.00130329,-0.0005218900000001359,120966014.0,0.0,1.8249,1.389e-05,1,1,False,0.0,0.5,7,24,5,2,0,9,1,False,0,2963968225
1779859448000,1779859449164,9,5,True,1.0011,1.0011,1.0011,1.0011,16.7,0.0,16.7,1,0,1,1.0011,1.0012,9.999999999998899e-05,1.00115,1.0011010383818242,1.0011905014078666,105945.5,235995.4,521598.8,103660.3,246651.5,584792.0,521598.8,584792.0,-0.057116526999320634,-0.9999999999401198,-0.0038424944863099998,-3.621047759563471e-09,3.041773121000111e-09,-6.662820880563582e-09,0.4714417365003392,0.9792323627786472,0.8919390142135991,0.0,16.7,-16.7,167.3,0.21584835475143765,16.6999999833,16.7,-16.7,4.632882175630562,1.0,-9.988513218117318e-05,0.0,0.0,0.0,0.0,-0.0001997702643623461,5.981145639233056e-06,0,0.0,9.999999999976694e-05,9.999999999998899e-05,0.0004999999999997229,0.0,0.0,0.0,False,1.0,0.0,0.00039999999999995595,1.389e-05,1.0007814,1.00130329,-0.0005218900000001359,120966014.0,0.0,1.8249,1.389e-05,1,1,False,1.2130076904277471,0.5,8,24,5,2,0,9,1,False,0,1821459096
1779859449000,1779859450022,9,6,True,1.00115,1.00115,1.00115,1.00115,0.0,0.0,0.0,0,0,0,1.0011,1.0012,9.999999999998899e-05,1.00115,1.0011010983564375,1.001187739807841,107837.7,237392.0,523362.1,103180.2,246171.0,584316.5,523362.1,584316.5,-0.055028958761142416,0.0,0.006956900693279757,-3.625844818885565e-09,3.0417841652277762e-09,-6.667628984113341e-09,0.47248552061942833,0.9780328705221756,0.8956825624468915,0.0,0.0,0.0,167.3,0.2087713595136856,0.0,0.0,0.0,0.0,0.0,4.994381322042878e-05,0.0,0.0,0.0,0.0,0.00014982894540160196,49943.813220428776,0,0.0,0.0,9.999999999998899e-05,-0.00039999999999995595,0.0,0.0,0.0,False,1.0,0.0,-0.00039999999999995595,1.389e-05,1.0007814,1.00130329,-0.0005218900000001359,120966940.3,0.0,1.8249,1.389e-05,1,1,False,1.2130076904277471,0.5,9,24,5,2,0,7,0,False,0,395489301
1779859450000,1779859451042,9,7,True,1.0012,1.0014,1.0012,1.0013,832.3,816.2,16.1,6,5,1,1.0013,1.0014,9.999999999998899e-05,1.00135,1.00131450454124,1.0014314577114232,89818.0,252331.3,497802.8,114329.4,258004.4,583377.5,497802.8,583377.5,-0.07914933337205639,0.9613120269122176,-0.051189658715062245,-3.778601339890541e-09,3.02237661756829e-09,-6.800977957458831e-09,0.46042533331397134,0.7099091740533043,0.8533116206915746,816.2,16.1,800.1,967.4000000000001,0.39864770838208935,138.7166666435472,399.5,800.1,15.050882919407966,9.345794305179492,0.00014981647509874465,0.0,0.00011995629809050999,0.0,0.0,9.987266187831586e-05,1.8000297380579677e-07,0,0.4999975000125,9.999999999976694e-05,9.999999999998899e-05,-0.000300000000000189,1.712429636266403e-08,0.0,0.0,False,1.0,0.0,-0.00039999999999995595,1.389e-05,1.0007814,1.00130329,-0.0005218900000001359,120966940.3,0.0,1.8249,1.389e-05,1,1,False,1.080573956719962,0.5,10,24,5,2,0,9,6,False,0,1269983977
1779859451000,1779859452020,9,8,True,1.0014,1.0014,1.0014,1.0014,164.3,164.3,0.0,1,1,0,1.0013,1.0014,9.999999999998899e-05,1.00135,1.0013157890113937,1.001416641851357,90604.7,255959.80000000002,496947.5,105712.4,249959.69999999998,588104.9,496947.5,588104.9,-0.08401197951361607,0.9999999999939136,-0.040141311135368264,-3.7650494278823875e-09,2.945709334782727e-09,-6.710758762665114e-09,0.4579940102431916,0.6842197709547834,0.8449980607201183,164.3,0.0,164.3,1131.7,0.4183641769597258,164.2999998357,164.3,164.3,2.39026200779615,1.0,9.986518208736372e-05,0.0,0.0,0.0,0.0,-4.995129301138093e-05,6.078221672961406e-07,0,0.0,0.00010000000000021103,9.999999999998899e-05,-0.00010000000000021103,4.527650791675181e-08,0.0,0.0,False,1.0,0.0,-0.00020000000000042206,1.389e-05,1.0007814,1.00130329,-0.0005218900000001359,120966940.3,0.0,1.8249,1.389e-05,1,1,False,1.3421258275300953,0.5,11,24,5,2,0,9,1,False,0,3267088540
1779859452000,1779859453069,9,9,True,1.0014,1.0014,1.0014,1.0014,2.9,2.9,0.0,1,1,0,1.0013,1.0014,9.999999999998899e-05,1.00135,1.001315179702239,1.0014109795985386,93068.3,257427.3,498342.4,105628.4,248819.8,583938.6,498342.4,583938.6,-0.07908870247190876,0.9999999996551724,-0.03634663116731618,-3.772856245472369e-09,2.972458661988518e-09,-6.745314907460887e-09,0.4604556487640452,0.696405954054736,0.8534157529575869,2.9,0.0,2.9,1134.6000000000001,0.4374342039446528,2.8999999970999997,2.9,2.9,2.286058083012797,1.0,0.0,0.0,0.0,0.0,0.0,-9.986518208736372e-05,0.0,0,0.0,0.00010000000000021103,9.999999999998899e-05,-0.0006999999999997009,5.5229150190204735e-08,0.0,0.0,False,1.0,0.0,-0.0007999999999999119,1.389e-05,1.0007814,1.00130329,-0.0005218900000001359,120966940.3,0.0,1.8249,1.389e-05,1,1,False,1.3745693015436706,0.5,12,24,5,2,0,9,1,False,0,2632887112
1779859453000,1779859454066,9,10,True,1.0014,1.0014,1.0013,1.0013,131.1,81.1,50.0,2,1,1,1.0013,1.0014,9.999999999998899e-05,1.00135,1.001315128458955,1.0014426795180007,91334.2,255693.2,496608.3,125535.4,260035.9,590055.0,496608.3,590055.0,-0.08599416212915255,0.23722349351459018,-0.04693905342017986,-3.780309591176111e-09,2.984204603985969e-09,-6.764514195162081e-09,0.4570029189354233,0.697430819740436,0.8416305259679168,81.1,50.0,31.099999999999994,1165.7,0.48866586938909046,65.54999996722499,81.1,31.099999999999994,4.092776109793671,9.4339621751513,-9.986518208724995e-05,0.0,5.9975154031335864e-05,0.0,0.0,-9.986518208724995e-05,7.61748147112801e-07,0,-0.9999900000999989,9.999999999976694e-05,9.999999999998899e-05,-0.0012999999999996348,1.1975728191988174e-07,0.0,0.0,False,1.0,1.0,-0.0013999999999994017,1.389e-05,1.0007814,1.00130329,-0.0005218900000001359,120966940.3,0.0,1.8249,1.389e-05,1,1,False,1.6393363861486057,0.5,13,24,5,2,0,8,2,False,0,2205567990
1779859454000,1779859455014,9,11,True,1.00135,1.00135,1.00135,1.00135,0.0,0.0,0.0,0,0,0,1.0013,1.0014,9.999999999998899e-05,1.00135,1.0013019427336487,1.0014439980838137,91270.7,254643.0,495558.1,121653.8,257612.9,586251.3,495558.1,586251.3,-0.08383473096092528,0.0,-0.042064051187962984,-3.798532304463475e-09,3.000547297554757e-09,-6.799079602018232e-09,0.45808263451953696,0.9611453257389098,0.8452997886742409,0.0,0.0,0.0,1165.7,0.4726440376058416,0.0,0.0,0.0,0.0,0.0,4.993383767528347e-05,0.0,0.0,0.0,0.00039999999999995595,0.00014979901976253343,49933.83767528347,0,0.0,0.0,9.999999999998899e-05,-0.0011999999999998678,1.1975728191988174e-07,0.0,0.0,False,1.0,1.0,-0.0011999999999998678,1.389e-05,1.0007814,1.00130329,-0.0005218900000001359,120966940.3,0.0,1.8249,1.389e-05,1,1,False,1.5663735438523407,0.5,14,24,5,2,0,8,0,False,0,462926530
1779859455000,1779859455991,9,12,True,1.0014,1.0015,1.0014,1.0015,304.5,304.5,0.0,2,2,0,1.0014,1.0015,9.999999999998899e-05,1.0014500000000002,1.0014688082309529,1.0015121790215056,98077.3,261598.3,533268.3,130987.9,283299.0,610599.5,533268.3,610599.5,-0.06760501519493764,0.999999999996716,-0.06371567917362272,-3.618152977260458e-09,3.0053450271091685e-09,-6.623498004369627e-09,0.4661974924025308,-0.37616461951539915,0.8733520089682338,304.5,0.0,304.5,1470.2,0.5227212822745025,152.24999992387498,302.2,304.5,3.8261307966481204,99.999990000001,0.00014978655444043053,0.0,5.9969165199726946e-05,0.0,0.000500000000000167,9.985271676514706e-05,4.91909866797828e-07,0,0.9999900000999989,9.999999999976694e-05,9.999999999998899e-05,-0.0008999999999996788,1.3676719551239828e-07,0.0,0.0,False,1.0,1.0,-0.0009999999999994458,1.389e-05,1.0007814,1.00130329,-0.0005218900000001359,120966940.3,0.0,1.8249,1.389e-05,1,1,False,1.5620441367803632,0.5,15,24,5,2,0,9,2,False,0,3161744593
1779859456000,1779859457012,9,13,True,1.0014500000000002,1.0014500000000002,1.0014500000000002,1.0014500000000002,0.0,0.0,0.0,0,0,0,1.0014,1.0015,9.999999999998899e-05,1.0014500000000002,1.0014648366957104,1.0014966433810515,107323.6,267225.2,538920.2,126340.1,279945.7,585650.0,538920.2,585650.0,-0.041553475274375945,0.0,-0.036042332444243055,-3.6256012514988715e-09,3.1388772332989676e-09,-6.764478484797839e-09,0.4792232623628116,-0.29673391465867965,0.920208657047723,0.0,0.0,0.0,1470.2,0.5055828795769779,0.0,0.0,0.0,0.0,0.0,-4.9926358631274576e-05,0.0,0.0,0.0,0.0003500000000000725,-0.0001997129130717051,49926.358631274576,0,0.0,0.0,9.999999999998899e-05,0.0009999999999994458,1.3676719551239828e-07,0.0,0.0,False,1.0,1.0,0.0009999999999994458,1.389e-05,1.0007814,1.00130329,-0.0005218900000001359,120966940.3,0.0,1.8249,1.389e-05,1,1,False,1.6488415218048988,0.5,16,24,5,2,0,9,0,False,0,164015709
1779859457000,1779859458044,9,14,True,1.0015,1.0017,1.0015,1.0017,33881.2,33881.2,0.0,3,3,0,1.0017,1.0018,9.999999999998899e-05,1.00175,1.0017137043290507,1.0018044167032651,106562.5,285915.6,526805.0,111260.6,285751.4,632866.5,526805.0,632866.5,-0.09145822761014642,0.9999999999999706,-0.04543636488385018,-3.6341080511748403e-09,2.9740578203996905e-09,-6.608165871574531e-09,0.4542708861949264,0.725913418006474,0.8324109429081791,33881.2,0.0,33881.2,35351.399999999994,0.5873670474596999,11293.733329568755,28907.1,33881.2,5.107538817281532,2.801120440332996,0.00024960687047681713,0.0,0.00011992036868779463,0.0,0.0004999999999999449,0.0002995332291080917,7.367120127882419e-09,0,0.999995000025,9.999999999976694e-05,9.999999999998899e-05,-0.0004999999999997229,-7.607461767911165e-10,0.0,0.0,False,1.0,1.0,-0.0005999999999994898,1.389e-05,1.0007814,1.00130329,-0.0005218900000001359,120966940.3,0.0,1.8249,1.389e-05,1,1,False,0.32450854234508203,0.5,17,24,5,2,0,10,3,False,0,3486439133
1779859458000,1779859459001,9,15,True,1.0017,1.002,1.0017,1.002,1389.0,1339.0,50.0,5,4,1,1.0019,1.002,9.999999999998899e-05,1.00195,1.0019706818384628,1.002030880685408,79058.2,231484.4,491328.5,116371.40000000001,307937.6,640029.5,491328.5,640029.5,-0.13143584966031963,0.9280057595385688,-0.1295160349813485,-3.758738222954876e-09,2.836755685157275e-09,-6.595493908112151e-09,0.4342820751698398,-0.41363677125572534,0.7676653966731208,1339.0,50.0,1289.0,36640.399999999994,0.7320435377069229,277.79999994444,657.5,1289.0,6.830194839000927,5.979073207897918,0.00029944602709147287,0.0,0.0001798356666808212,0.0,0.0008999999999999009,4.983915661465574e-05,2.155838927942817e-07,0,0.9999966666777776,0.00010000000000021103,9.999999999998899e-05,0.00010000000000021103,-8.93056765873259e-10,0.0,0.0,False,1.0,1.0,0.0,1.389e-05,1.0007814,1.00130329,-0.0005218900000001359,120966940.3,0.0,1.8249,1.389e-05,1,1,False,0.3179369533061566,0.5,18,24,5,2,0,9,5,False,0,3507001451
1779859459000,1779859460096,9,16,True,1.002,1.002,1.002,1.002,3474.0,3474.0,0.0,2,2,0,1.0019,1.002,9.999999999998899e-05,1.00195,1.0019633955033522,1.002048770487855,71738.9,220831.5,480905.4,126238.0,320378.3,656239.3,480905.4,656239.3,-0.15418785313777555,0.9999999999997121,-0.15920804175544387,-3.787146188942049e-09,2.7715996576917314e-09,-6.5587458466337805e-09,0.42290607343111175,-0.26791006930745837,0.7328201770299329,3474.0,0.0,3474.0,40114.399999999994,0.7736158807329254,1736.9999991314999,2975.0,3474.0,2.585262333963379,2.518891681312615,0.0,0.0,0.0,0.0,0.0008500000000000174,-0.00029944602709147287,0.0,0,0.0,0.00010000000000021103,9.999999999998899e-05,0.0002999999999997449,-9.186321428144857e-10,0.0,0.0,False,1.0,1.0,0.00019999999999953388,1.389e-05,1.0007814,1.00130329,-0.0005218900000001359,120967098.4,0.0,1.8249,1.389e-05,1,1,False,0.4374951110685477,0.5,19,24,5,2,0,10,2,False,0,1347040548
1779859460000,1779859461061,9,17,True,1.002,1.002,1.0019,1.0019,1752.0,1652.0,100.0,3,2,1,1.0019,1.002,9.999999999998899e-05,1.00195,1.0019013176268463,1.0019838734587314,100983.09999999999,256497.6,515591.0,104142.1,288701.3,625435.2,515591.0,625435.2,-0.09626790340134159,0.8858447488579418,-0.02941662441253733,-3.6069152055990796e-09,2.8449678166339657e-09,-6.451883022233045e-09,0.4518660482993288,0.9736474611693369,0.8243715735858793,1652.0,100.0,1552.0,41666.399999999994,0.8466120813646328,583.9999998053333,1450.3,1552.0,3.543535537103179,4.629629608196159,-9.980537959275043e-05,0.0,5.993923897315645e-05,0.0,0.0005999999999999339,-9.980537959275043e-05,5.696654086340951e-08,0,-0.9999900000999989,9.999999999976694e-05,9.999999999998899e-05,9.999999999976694e-05,-7.291262661163134e-10,0.0,0.0,False,1.0,1.0,0.0,1.389e-05,1.0007814,1.00130329,-0.0005218900000001359,120967098.4,0.0,1.8249,1.389e-05,1,1,False,0.5660858905137658,0.5,20,24,5,2,0,9,3,False,0,1733249013
1779859461000,1779859462063,9,18,True,1.00195,1.00195,1.00195,1.00195,0.0,0.0,0.0,0,0,0,1.0019,1.002,9.999999999998899e-05,1.00195,1.0019046078763219,1.0019835683438219,98779.3,252651.5,509767.2,102488.3,278011.9,596260.9,509767.2,596260.9,-0.07820208184584093,0.0,-0.01996599652019495,-3.6478465173835133e-09,3.0121371878843557e-09,-6.6599837052678695e-09,0.46089895907707906,0.9078424717224352,0.854939842609165,0.0,0.0,0.0,41666.399999999994,0.8188543082051367,0.0,0.0,0.0,0.0,0.0,4.990393493560853e-05,0.0,0.0,0.0,0.0005499999999998284,0.00014970931452835896,49903.93493560853,0,0.0,0.0,9.999999999998899e-05,0.00019999999999953388,-7.291262661163134e-10,0.0,0.0,False,1.0,1.0,0.00019999999999953388,1.389e-05,1.0007814,1.00130329,-0.0005218900000001359,120967098.4,0.0,1.8249,1.389e-05,1,1,False,0.49641535313063434,0.5,21,24,5,2,0,8,0,False,0,832073424
1779859462000,1779859463070,9,19,True,1.002,1.002,1.002,1.002,32.1,32.1,0.0,1,1,0,1.0019,1.002,9.999999999998899e-05,1.00195,1.0019229677399506,1.0019868520149127,98794.7,258661.5,508532.3,107994.4,291873.8,602585.7,508532.3,602585.7,-0.08464753518528174,0.9999999999688475,-0.04552263997230256,-3.675993736561614e-09,3.0043572689523482e-09,-6.680351005513962e-09,0.45767623240735866,0.5406451995053613,0.8439169731375954,32.1,0.0,32.1,41698.49999999999,0.8247935112148044,32.0999999679,32.1,32.1,1.2124246677386157,1.0,4.990144465733237e-05,0.0,0.0,0.0,0.0005999999999999339,-2.490278276159072e-09,1.5545621388092777e-06,0,0.0,0.00010000000000021103,9.999999999998899e-05,0.0002999999999997449,-9.06452285514152e-10,0.0,0.0,False,1.0,1.0,0.00019999999999953388,1.389e-05,1.0007814,1.00130329,-0.0005218900000001359,120967098.4,0.0,1.8249,1.389e-05,1,1,False,0.47793155591026304,0.5,22,24,5,2,0,9,1,False,0,1496993432
1779859463000,1779859463995,9,20,True,1.00195,1.00195,1.00195,1.00195,0.0,0.0,0.0,0,0,0,1.0019,1.002,9.999999999998899e-05,1.00195,1.0019844236484532,1.0020484194972596,66720.2,229264.1,477720.9,141659.7,324054.7,648977.2,477720.9,648977.2,-0.15199839247088442,0.0,-0.1813483084234096,-3.794452158416462e-09,2.8939078470060116e-09,-6.688360005422474e-09,0.42400080376455734,-0.6884729697731953,0.7361135337266075,0.0,0.0,0.0,41698.49999999999,0.7977511010110403,0.0,0.0,0.0,0.0,0.0,-4.990144465731782e-05,0.0001170767042227222,0.0,1.6948869443745585e-07,0.0006499999999998174,-9.980288931465019e-05,49901.444657317814,1,0.0,0.0,9.999999999998899e-05,-0.00039999999999995595,-9.06452285514152e-10,0.0,0.0,False,1.0,1.0,-0.00039999999999995595,1.389e-05,1.0007814,1.00130329,-0.0005218900000001359,120967098.4,0.0,1.8249,1.389e-05,1,1,False,0.47793155591026304,0.5,23,24,5,2,0,8,0,False,0,625766429
1779859464000,1779859464998,9,21,True,1.0019,1.0019,1.0019,1.0019,4412.6,0.0,4412.6,1,0,1,1.0018,1.0019,9.999999999998899e-05,1.0018500000000001,1.0018523138215785,1.0019211242619253,78539.1,237013.5,501733.2,119260.0,292526.8,643169.7,501733.2,643169.7,-0.12353580377864344,-0.9999999999997733,-0.11752659998522101,-3.6855731565741795e-09,2.8591569876508343e-09,-6.544730144225014e-09,0.43823209811067787,-0.04627643273061338,0.7800945846795942,0.0,4412.6,-4412.6,37285.899999999994,0.8043822124533013,4412.5999955874,4412.6,-4412.6,1.243190094553297,1.0,-4.990393493555821e-05,0.00011760729062331721,0.0,1.71978972884825e-07,0.0005500000000000504,-2.490278240393953e-09,1.1309417335708402e-08,1,0.0,9.999999999976694e-05,9.999999999998899e-05,-0.000300000000000189,1.402881821097679e-10,34948.328857437795,0.0,False,1.0,1.0,-0.00039999999999995595,1.389e-05,1.0007814,1.00130329,-0.0005218900000001359,120981119.1,0.0,1.8249,1.389e-05,1,1,False,0.5744198615448879,0.5,24,24,5,2,0,9,1,False,0,4200101361
1779859465000,1779859466036,9,22,True,1.0019,1.0019,1.0019,1.0019,5.0,5.0,0.0,1,1,0,1.0018,1.0019,9.999999999998899e-05,1.0018500000000001,1.0018680631532657,1.0019316590156748,70432.9,229562.0,494241.6,121764.8,296832.4,639208.5,494241.6,639208.5,-0.12789879325080114,0.9999999998,-0.13351693265138836,-3.694222875345964e-09,2.896299470879938e-09,-6.5905223462259025e-09,0.43605060337459894,-0.3612630666738639,0.7732087417485831,5.0,0.0,5.0,37290.899999999994,0.8107959104056521,4.999999995,5.0,5.0,1.2333559974005426,1.0,0.0,0.00011707569432501484,0.0,1.6698908251602364e-07,0.00039999999999995595,4.990393493555821e-05,0.0,1,0.0,9.999999999976694e-05,9.999999999998899e-05,0.000300000000000189,2.9049136162955543e-10,32450.76398267395,0.0,False,1.0,1.0,0.00020000000000042206,1.389e-05,1.0007814,1.00130329,-0.0005218900000001359,120981119.1,0.0,1.8249,1.389e-05,1,2,False,0.564320655072421,0.5,25,24,5,2,0,9,1,False,0,1665347111
1779859466000,1779859467024,9,23,True,1.0018,1.0019,1.0018,1.0018,683.6,5.3,678.3,7,1,6,1.0018,1.0019,9.999999999998899e-05,1.0018500000000001,1.0018825705970738,1.0019241384429245,64055.9,216160.2,483033.1,115125.5,295089.9,640609.2,483033.1,640609.2,-0.14023688855430227,-0.984493856054733,-0.1709616773088592,-3.741882777513914e-09,2.8776074535407747e-09,-6.619490231054689e-09,0.42988155572284853,-0.6514119431123693,0.7540214845493933,5.3,678.3,-673.0,36617.899999999994,1.0137206346546472,97.65714284319183,242.2,-673.0,6.905255505112109,6.451612861602498,-9.981534170084509e-05,0.0001170722925006515,5.99452218288517e-05,1.570110462276887e-07,0.00034999999999985043,-9.981534170084509e-05,1.4601425058616015e-07,1,0.0,0.00010000000000021103,9.999999999998899e-05,0.00010000000000021103,6.206661917187109e-10,32450.76398361395,0.0,False,1.0,1.0,0.0,1.389e-05,1.0007814,1.00130329,-0.0005218900000001359,120981119.1,0.0,1.8249,1.389e-05,1,1,False,0.5031958296078675,0.5,26,24,5,2,0,8,7,False,0,4053989718
1779859467000,1779859468052,9,24,True,1.0018,1.0018,1.0018,1.0018,488.4,0.0,488.4,4,0,4,1.0018,1.0019,9.999999999998899e-05,1.0018500000000001,1.00189894036529,1.0019257112420998,60874.8,213363.0,480235.9,122273.1,292620.4,640145.8,480235.9,640145.8,-0.1427280541979576,-0.9999999999979525,-0.1982999241695977,-3.73718306434827e-09,2.903225188710899e-09,-6.640408253059169e-09,0.42863597290102073,-0.978807307104646,0.7501976893388962,0.0,488.4,-488.4,36129.49999999999,1.1116314335184292,122.099999969475,238.2,-488.4,3.5983149412582445,5.3859963803267705,0.0,0.0001149220156880986,0.0,1.4703400659683827e-07,9.999999999998899e-05,9.981534170084509e-05,0.0,1,0.0,0.00010000000000021103,9.999999999998899e-05,-0.00010000000000021103,6.079491967670273e-10,32450.763983569796,0.0,False,1.0,1.0,-0.00020000000000042206,1.389e-05,1.0007814,1.00130329,-0.0005218900000001359,120981119.1,0.0,1.8249,1.389e-05,1,2,False,0.4743277877157302,0.5,27,24,5,2,0,10,4,False,0,3761126007
1779859468000,1779859469018,9,25,True,1.0018,1.0018,1.0018,1.0018,237.20000000000002,63.699999999999996,173.5,5,3,2,1.0017,1.0018,9.999999999998899e-05,1.00175,1.0017499196346005,1.0017608725571996,91425.90000000001,247241.1,507622.1,102133.9,262203.9,603706.7,507622.1,603706.7,-0.08645920091335697,-0.46290050590024073,-0.0963939584562396,-3.712162737348661e-09,3.1079392754147696e-09,-6.82010201276343e-09,0.45677039954332116,0.0016073064848056162,0.8408422500528802,63.699999999999996,173.5,-109.80000000000001,36019.69999999999,1.2391189275014316,47.439999990512,162.3,-109.80000000000001,4.035125188545792,6.389776316998234,0.0,0.0001127307309843818,0.0,1.4204536221168392e-07,-0.00019999999999997797,0.0,0.0,1,0.0,0.00010000000000021103,9.999999999998899e-05,-0.0006999999999997009,1.846618907937166e-08,32450.763983427914,0.0,False,1.0,1.0,-0.0007999999999999119,1.389e-05,1.0007814,1.00130329,-0.0005218900000001359,120981119.1,0.0,1.8249,1.389e-05,1,2,False,0.4429595007534363,0.5,28,24,5,2,0,9,5,False,0,3567333076
1779859469000,1779859470038,9,26,True,1.0017,1.0018,1.0017,1.0018,92.80000000000001,9.9,82.9,2,1,1,1.0017,1.0018,9.999999999998899e-05,1.00175,1.0017385501478209,1.0017499067352265,94389.2,253545.8,513956.8,96894.2,250409.0,582860.7,513956.8,582860.7,-0.06282166358578332,-0.7866379310260059,-0.060247624669508136,-3.6728118695635106e-09,3.232342207331766e-09,-6.905154076895276e-09,0.4685891682071079,0.2289970420516399,0.8817832459796983,9.9,82.9,-73.0,35946.69999999999,1.2640658479112208,46.399999976800004,82.9,-73.0,1.5821960554686783,3.9999999839999996,0.0,0.00011217619392867278,5.995120587892973e-05,1.345629561620092e-07,-0.00019999999999997797,0.0,0.0,1,0.9999900000999989,0.00010000000000021103,9.999999999998899e-05,-0.0009000000000001229,1.697182246172475e-08,32450.76398327838,0.0,False,1.0,1.0,-0.001000000000000334,1.389e-05,1.0007814,1.00130329,-0.0005218900000001359,120981119.1,0.0,1.8249,1.389e-05,1,2,False,0.43164601021616167,0.5,29,24,5,2,0,9,2,False,0,3265951047
1779859470000,1779859471100,9,27,True,1.0017,1.0017,1.0017,1.0017,49.7,0.0,49.7,1,0,1,1.0017,1.0018,9.999999999998899e-05,1.00175,1.0017092200945035,1.0017273077678457,103543.4,262644.89999999997,523010.89999999997,84809.6,239188.1,570120.7,523010.89999999997,570120.7,-0.04309618347873207,-0.9999999999798793,-0.016961158651855743,-3.6512618389261367e-09,3.2641098091561385e-09,-6.915371648082276e-09,0.47845190826063355,0.8155981083804315,0.9173687256049448,0.0,49.7,-49.7,35896.99999999999,1.2554079512583938,49.6999999503,49.7,-49.7,0.7965538199762617,1.0,-9.9825305797869e-05,0.00010935951836787902,0.0,1.1960150659658605e-07,-0.00019999999999997797,-9.9825305797869e-05,2.0085574606812965e-06,1,0.0,9.999999999976694e-05,9.999999999998899e-05,-0.000700000000000145,1.7119932115959792e-08,24959.94022839493,0.0,False,1.0,1.0,-0.0007999999999999119,1.389e-05,1.0007814,1.00130329,-0.0005218900000001359,120981119.1,0.0,1.8249,1.389e-05,1,1,False,0.42622353653617784,0.5,30,24,5,2,0,9,1,False,0,2847160194
1779859471000,1779859472078,9,28,True,1.0018,1.0019,1.0018,1.0018,5009.6,5000.0,9.6,3,2,1,1.0018,1.0019,9.999999999998899e-05,1.0018500000000001,1.0018184310776943,1.001885674383164,94196.3,247264.2,512363.10000000003,94083.9,245405.5,565859.1,512363.10000000003,565859.1,-0.04961500514457957,0.9961673586711519,-0.01770707584384967,-3.6921905960567238e-09,3.206136776928516e-09,-6.898327372985239e-09,0.4751924974277098,0.6313784448379584,0.9054605642994857,5000.0,9.6,4990.4,40887.399999999994,1.3126076905613973,1669.8666661100444,4046.8,4990.400000000001,2.2855267566133066,22.47190960737282,9.982530579793485e-05,0.00010935769800004896,5.99452218288517e-05,1.2956659827423068e-07,-0.00014999999999987246,0.00019965061159580384,1.992680170031837e-08,1,0.0,0.00010000000000021103,9.999999999998899e-05,0.0009000000000001229,2.5159602640282476e-08,24959.940228489366,0.0,False,1.0,1.0,0.0007999999999999119,1.389e-05,1.0007814,1.00130329,-0.0005218900000001359,120981119.1,0.0,1.8249,1.389e-05,1,2,False,0.4687202546552144,0.5,31,24,5,2,0,9,3,False,0,3335493248
1779859472000,1779859472998,9,29,True,1.0018,1.0018,1.0018,1.0018,761.4,0.0,761.4,1,0,1,1.0017,1.0018,9.999999999998899e-05,1.00175,1.0017558390455559,1.0017337506395516,94408.1,248663.5,512100.1,85987.0,239739.8,566255.8,512100.1,566255.8,-0.05022061825784978,-0.9999999999986866,-0.0568773616945367,-3.7086561233932868e-09,3.283214429759941e-09,-6.991870553153227e-09,0.47488969087107474,-0.11678091259450173,0.9043617743076521,0.0,761.4,-761.4,40125.99999999999,1.3023582580839743,761.3999992385999,761.4,-761.4,0.767837876425308,1.0,0.0,0.00010935769800004899,0.0,1.2956659827423068e-07,-0.00019999999999997797,-9.982530579793485e-05,0.0,1,0.0,0.00010000000000021103,9.999999999998899e-05,-0.0009000000000001229,2.4696328893398823e-08,24959.940228489362,0.0,False,1.0,1.0,-0.001000000000000334,1.389e-05,1.0007814,1.00130329,-0.0005218900000001359,120981119.1,0.0,1.8249,1.389e-05,1,1,False,0.5378464742415647,0.5,32,24,5,2,0,8,1,False,0,2921904848
1779859473000,1779859474087,9,30,True,1.0017,1.0017,1.0015,1.0015,1375.6000000000001,0.0,1375.6000000000001,3,0,3,1.0014,1.0015,9.999999999998899e-05,1.0014500000000002,1.001474886878954,1.0015127047459218,78395.4,221261.9,520001.8,120930.9,260141.0,559960.0,520001.8,559960.0,-0.036999642024375286,-0.999999999999273,-0.07360691846345734,-3.647321975011533e-09,3.4267649749899582e-09,-7.074086950001491e-09,0.4815001789878119,-0.4977375801219209,0.9286409743553093,0.0,1375.6000000000001,-1375.6000000000001,38750.399999999994,1.3580186430648276,458.5333331804889,1208.4,-1375.6000000000001,2.2091007462315733,7.4349441826398195,-0.0002995058176434003,0.00012627604730239232,0.00011992036868779463,1.2457994648247334e-07,-0.0004499999999998394,-0.0002995058176434003,2.1772740450943773e-07,1,-0.999995000025,9.999999999976694e-05,9.999999999998899e-05,9.999999999976694e-05,2.7561493935374718e-08,24959.940226787217,0.0,False,1.0,1.0,0.0,1.389e-05,1.00190615,1.00226019,-0.00035404000000016644,120981119.1,0.0,1.8249,1.389e-05,1,1,False,0.5554343070773563,0.5,33,24,5,2,0,10,3,False,0,2567721342
1779859474000,1779859475078,9,31,True,1.0014,1.0014,1.0014,1.0014,22.900000000000002,0.0,22.900000000000002,2,0,2,1.0013,1.0014,9.999999999998899e-05,1.00135,1.0013674632292178,1.0014049349492231,75547.5,237678.7,511903.2,102259.8,234477.2,530820.7,511903.2,530820.7,-0.018142386493682484,-0.9999999999563318,-0.05178692196213606,-3.6300167117310333e-09,3.5087922276618748e-09,-7.138808939392908e-09,0.4909288067531583,-0.34926458566315804,0.9643617892067868,0.0,22.900000000000002,-22.900000000000002,38727.49999999999,1.3790672121446692,11.449999994275,17.1,-22.900000000000002,1.4502556372429634,3.0959752226130797,-9.985521002851263e-05,0.00012774789181649483,0.0,1.47007745312648e-07,-0.0004999999999999449,0.00019965060761488766,4.360489520705334e-06,-1,0.0,0.00010000000000021103,9.999999999998899e-05,0.0002999999999997449,3.5328719642306895e-08,24959.940226771803,0.0,False,1.0,1.0,0.00019999999999953388,1.389e-05,1.00190615,1.00226019,-0.00035404000000016644,120979520.7,0.0,1.8249,1.389e-05,1,1,False,0.509415333288314,0.5,34,24,5,2,0,9,2,False,0,3190800318
1779859475000,1779859476038,9,32,True,1.0013,1.0013,1.0013,1.0013,821.0999999999999,0.0,821.0999999999999,3,0,3,1.0013,1.0014,9.999999999998899e-05,1.00135,1.0013492421482297,1.0014022697724574,75342.40000000001,237299.5,516529.3,96181.4,224203.6,522563.8,516529.3,522563.8,-0.005807468069992953,-0.9999999999987821,-0.02434841156818248,-3.5848317936526135e-09,3.5001652162847833e-09,-7.0849970099373964e-09,0.497096265965003,0.015157032888373495,0.9884521277593262,0.0,821.0999999999999,-821.0999999999999,37906.399999999994,1.4322125494514013,273.69999990876664,547.9,-821.0999999999999,2.0946611583975208,6.2499999609375,-9.986518208724995e-05,0.00012528517868713778,0.0,1.4950150680937012e-07,-0.0005999999999999339,-9.972058737315053e-09,1.2162365374147892e-07,-1,0.0,9.999999999976694e-05,9.999999999998899e-05,0.0004999999999997229,3.502127650298372e-08,17470.612504968325,0.0,False,1.0,1.0,0.00039999999999995595,1.389e-05,1.00190615,1.00226019,-0.00035404000000016644,120979520.7,0.0,1.8249,1.389e-05,1,0,False,0.493881335355075,0.5,35,24,5,2,0,9,3,False,0,3081475136
1779859476000,1779859477028,9,33,True,1.0013,1.0014,1.0013,1.0014,122.0,102.0,20.0,3,1,2,1.0013,1.0014,9.999999999998899e-05,1.00135,1.0013153992158037,1.0013986697703843,81231.9,243193.4,522464.4,92580.20000000001,219128.2,513042.2,522464.4,513042.2,0.0090991211451477,0.6721311475354743,0.02105401662276868,-3.5849797923369158e-09,3.5658890901956587e-09,-7.1508688825325744e-09,0.5045495605725733,0.6920156816666073,1.0183653508424824,102.0,20.0,82.0,37988.399999999994,1.4836154166825029,40.66666665311111,102.0,82.0,2.0220873713257723,3.350083740870741,9.986518208736372e-05,0.00012676906824626513,5.9975154031335864e-05,1.4701259927044539e-07,-0.00039999999999995595,0.00019973036417461366,8.18567066283157e-07,-1,0.9999900000999989,0.00010000000000021103,9.999999999998899e-05,-0.0002999999999997449,3.584264174978182e-08,17470.6125049662,0.0,False,1.0,1.0,-0.00039999999999995595,1.389e-05,1.00190615,1.00226019,-0.00035404000000016644,120979520.7,0.0,1.8249,1.389e-05,1,1,False,0.4793517240957169,0.5,36,24,5,2,0,9,3,False,0,2434672651
1779859477000,1779859478084,9,34,True,1.0013,1.0013,1.0013,1.0013,25.0,0.0,25.0,3,0,3,1.0013,1.0014,9.999999999998899e-05,1.00135,1.0013201091635202,1.0014019632637277,79845.3,240147.30000000002,521194.6,94293.3,223659.3,512780.1,521194.6,512780.1,0.008138013434951543,-0.99999999996,0.016733639906188424,-3.586513219386716e-09,3.582401516713154e-09,-7.16891473609987e-09,0.5040690067174752,0.5978167269450608,1.0164095681560166,0.0,25.0,-25.0,37963.399999999994,1.533332944004388,8.333333330555556,10.0,-25.0,1.9565222346353581,3.984063729147156,-9.986518208724995e-05,0.000115990818189332,0.0,8.224186816475762e-08,-0.0004999999999999449,-0.00019973036417461366,3.994607283330213e-06,-1,0.0,9.999999999976694e-05,9.999999999998899e-05,0.0004999999999997229,3.639733619847818e-08,4990.268981166279,0.0,False,1.0,1.0,0.00039999999999995595,1.389e-05,1.00190615,1.00226019,-0.00035404000000016644,120979520.7,0.0,1.8249,1.389e-05,1,0,False,0.4657297930439299,0.5,37,24,5,2,0,8,3,False,0,1471044242
1779859478000,1779859479080,9,35,True,1.0013,1.0015,1.0013,1.0015,435.9,322.1,113.8,5,2,3,1.0015,1.0016,9.999999999998899e-05,1.00155,1.0015055279715364,1.001577827265299,100676.7,259318.9,522539.89999999997,92480.8,218543.7,534835.7,522539.89999999997,534835.7,-0.01162860198400642,0.4778618949289336,0.038301601969435675,-3.6653161895790884e-09,3.5082370247467944e-09,-7.173553214325883e-09,0.49418569900799636,0.8894405677818863,0.9770101360099914,322.1,113.8,208.3,38171.7,1.6469941589550636,87.179999982564,311.5,208.3,3.0358334726192466,5.747126403752147,0.00019972039211576528,0.00010471334918973355,0.00011994431923093113,1.0218698148993547e-07,-0.00029999999999996696,0.0002995855742030152,4.581793808564054e-07,-1,0.999995000025,9.999999999976694e-05,9.999999999998899e-05,-9.999999999976694e-05,3.7909337197740236e-08,4990.268981565278,0.0,False,1.0,1.0,-0.00019999999999953388,1.389e-05,1.00190615,1.00226019,-0.00035404000000016644,120979520.7,0.0,1.8249,1.389e-05,1,1,False,0.4448185356129006,0.5,38,24,5,2,0,9,5,False,0,563726452
1779859479000,1779859480106,9,36,True,1.0016,1.0016,1.0016,1.0016,2.2,2.2,0.0,2,2,0,1.0015,1.0016,9.999999999998899e-05,1.00155,1.0015176460287971,1.001573826292347,104735.0,262806.6,530484.0,96690.8,229665.30000000002,549255.3,530484.0,549255.3,-0.017385029886380934,0.9999999995454545,0.01746679927081183,-3.6208331395953798e-09,3.4279915706062506e-09,-7.04882471020163e-09,0.4913074850568091,0.6470794228883219,0.9658240894534817,2.2,0.0,2.2,38173.899999999994,1.658568120956537,1.09999999945,1.3,2.2,1.2058594238750298,1.4880952358808106,9.984523996109768e-05,0.00010706698415326514,0.0,1.2212811196585857e-07,-0.00019999999999997797,-9.98751521546676e-05,4.538419996168794e-05,-1,0.0,0.00010000000000021103,9.999999999998899e-05,0.00010000000000021103,3.750725248917923e-08,4990.268981576732,0.0,False,1.0,1.0,0.0,1.389e-05,1.00190615,1.00226019,-0.00035404000000016644,120979381.5,0.0,1.8249,1.389e-05,1,0,False,0.43701891919229685,0.5,39,24,5,2,0,9,2,False,0,3166836907
1779859480000,1779859481042,9,37,True,1.0016,1.0016,1.0016,1.0016,0.6,0.6,0.0,1,1,0,1.0015,1.0016,9.999999999998899e-05,1.00155,1.0015704927324356,1.0016024706702924,81154.4,239161.6,505053.39999999997,113222.0,245766.4,562673.8,505053.39999999997,562673.8,-0.05396546983161994,0.9999999983333334,-0.07680272270683555,-3.658102269796828e-09,3.428383764519211e-09,-7.0864860343160385e-09,0.4730172650841896,-0.4098546508518369,0.8975953740870802,0.6,0.0,0.6,38174.49999999999,1.636975723548126,0.5999999993999999,0.6,0.6,0.6108826080949014,1.0,0.0,0.0001047152491564284,0.0,1.1714743079643823e-07,-9.999999999998899e-05,-9.984523996109768e-05,0.0,-1,0.0,0.00010000000000021103,9.999999999998899e-05,-0.00010000000000021103,3.749192085570771e-08,4990.268981575295,0.0,False,1.0,1.0,-0.00020000000000042206,1.389e-05,1.00190615,1.00226019,-0.00035404000000016644,120979381.5,0.0,1.8249,1.389e-05,1,0,False,0.43323064336460326,0.5,40,24,5,2,0,8,1,False,0,268785309
1779859481000,1779859482025,9,38,True,1.00155,1.00155,1.00155,1.00155,0.0,0.0,0.0,0,0,0,1.0015,1.0016,9.999999999998899e-05,1.00155,1.0015205594589565,1.001589461876444,91151.9,248781.9,516189.1,108895.1,237620.6,571990.2,516189.1,571990.2,-0.051279325015647644,0.0,-0.022274077419225092,-3.645635334340526e-09,3.31946153026792e-09,-6.9650968646084465e-09,0.4743603374921758,0.5888108189784877,0.9024439579559214,0.0,0.0,0.0,38174.49999999999,1.5833043883498268,0.0,0.0,0.0,0.0,0.0,-4.992137384663694e-05,0.00010471566476954052,0.0,1.1465715234906585e-07,-0.0002500000000000835,-4.992137384663694e-05,49921.37384663694,-1,0.0,0.0,9.999999999998899e-05,0.00020000000000042206,3.749192085570771e-08,4990.268985733985,0.0,False,1.0,1.0,0.00020000000000042206,1.389e-05,1.00190615,1.00226019,-0.00035404000000016644,120979381.5,0.0,1.8249,1.389e-05,1,0,False,0.43323064336460326,0.5,41,24,5,2,0,8,0,False,0,4144292814
1779859482000,1779859483088,9,39,True,1.00155,1.00155,1.00155,1.00155,0.0,0.0,0.0,0,0,0,1.0015,1.0016,9.999999999998899e-05,1.00155,1.0015401228079959,1.001574016673947,97185.1,248817.8,513657.7,111415.59999999999,246484.3,570593.1,513657.7,570593.1,-0.05251128244498405,0.0,-0.04539256805348767,-3.671515281484426e-09,3.357013563826874e-09,-7.0285288453112995e-09,0.47374435877750753,0.19754383857793378,0.9002171600042116,0.0,0.0,0.0,38174.49999999999,1.5313927690596685,0.0,0.0,0.0,0.0,0.0,0.0,0.0001041194637864715,0.0,1.1216699817017778e-07,-0.0002500000000000835,4.992137384663694e-05,0.0,-1,0.0,0.0,9.999999999998899e-05,0.0,3.749192085570771e-08,2495.1967528673663,0.0,False,1.0,1.0,0.0,1.389e-05,1.00190615,1.00226019,-0.00035404000000016644,120979381.5,0.0,1.8249,1.389e-05,1,1,False,0.42951383124546577,0.5,42,24,5,2,0,9,0,False,0,893972809
1779859483000,1779859484048,9,40,True,1.00155,1.00155,1.00155,1.00155,0.0,0.0,0.0,0,0,0,1.0015,1.0016,9.999999999998899e-05,1.00155,1.0015188714171361,1.0015757284063165,97343.2,249593.8,515454.2,108829.5,239444.1,563552.9,515454.2,563552.9,-0.04457681511085512,0.0,-0.018364313861504472,-3.656211975442213e-09,3.381946312262205e-09,-7.038158287704418e-09,0.47771159244457195,0.6225716552410929,0.9146509582330231,0.0,0.0,0.0,38174.49999999999,1.4811831700741056,0.0,0.0,0.0,0.0,0.0,0.0,0.00010351982916445516,0.0,1.0967671972280863e-07,4.999999999988347e-05,0.0,0.0,-1,0.0,0.0,9.999999999998899e-05,0.0,3.749192085570771e-08,2495.1967527896386,0.0,False,1.0,1.0,0.0,1.389e-05,1.00190615,1.00226019,-0.00035404000000016644,120979381.5,0.0,1.8249,1.389e-05,1,0,False,0.42586641987883267,0.5,43,24,5,2,0,5,0,False,0,3292704832
1779859484000,1779859485050,9,41,True,1.0015,1.0015,1.0015,1.0015,5.0,0.0,5.0,1,0,1,1.0015,1.0016,9.999999999998899e-05,1.00155,1.0015323482929679,1.0015755813517975,91855.2,245126.4,509977.3,108458.1,242685.2,567481.6,509977.3,567481.6,-0.05337029560941948,-0.9999999998,-0.045443677686905035,-3.6581805641270827e-09,3.360547597919826e-09,-7.018728162046909e-09,0.47331485219528985,0.35303413806833356,0.8986675515118007,0.0,5.0,-5.0,38169.49999999999,1.4654066726946267,4.999999995,5.0,-5.0,0.6824044259869312,1.0,-4.992386611443492e-05,0.00010352030967170627,0.0,1.0967671972280863e-07,9.999999999998899e-05,-4.992386611443492e-05,9.98477322089003e-06,-1,0.0,9.999999999976694e-05,9.999999999998899e-05,-0.000300000000000189,3.715858175436801e-08,2496.193311733474,0.0,False,1.0,1.0,-0.00039999999999995595,1.389e-05,1.00190615,1.00226019,-0.00035404000000016644,120979515.5,0.0,1.8249,1.389e-05,1,0,False,0.4187719411939648,0.5,44,24,5,2,0,8,1,False,0,1140234545
1779859485000,1779859486057,9,42,True,1.0016,1.0016,1.0016,1.0016,3707.8,3649.5,58.3,3,2,1,1.0016,1.0017,9.999999999998899e-05,1.0016500000000002,1.0016825107738054,1.001703468779297,76156.2,251965.5,502850.9,120967.9,264556.3,628282.9,502850.9,628282.9,-0.1108905064988774,0.9685527806243679,-0.13327518876274308,-3.7001091601646023e-09,3.150075553567868e-09,-6.85018471373247e-09,0.4445547467505609,-0.6502154768596347,0.8003574504415115,3649.5,58.3,3591.2,41760.69999999999,1.5157212080161142,1235.9333329213555,2351.6,3591.2,1.97925580387396,2.684563751182379,9.984523996109768e-05,0.00010590046322689254,0.0,1.1466138011479009e-07,0.00029999999999996696,0.0001497691060755326,2.6928431943759305e-08,-1,0.0,0.00010000000000021103,9.999999999998899e-05,0.0002999999999997449,3.072361242450215e-08,2496.193312731926,0.0,False,1.0,1.0,0.00019999999999953388,1.389e-05,1.00190615,1.00226019,-0.00035404000000016644,120979515.5,0.0,1.8249,1.389e-05,1,1,False,0.49606873091629433,0.5,45,24,5,2,0,9,3,False,0,3443777715
1779859486000,1779859487064,9,43,True,1.0016,1.0016,1.0016,1.0016,18.0,0.0,18.0,1,0,1,1.0016,1.0017,9.999999999998899e-05,1.0016500000000002,1.0016825095170634,1.0017055193470188,75315.2,248366.8,494258.89999999997,120970.7,271617.0,643561.7,494258.89999999997,643561.7,-0.13121822543905418,-0.9999999999444444,-0.15349169258601805,-3.758749640077081e-09,3.032936946601897e-09,-6.791686586678978e-09,0.43439088728047254,-0.6501903420161023,0.7680054608594625,0.0,18.0,-18.0,41742.69999999999,1.4988123159500122,17.999999982,18.0,-18.0,0.6671949440840841,1.0,0.0,0.00010352175128796652,0.0,1.1466138011479009e-07,0.00019999999999997797,-9.984523996109768e-05,0.0,-1,0.0,0.00010000000000021103,9.999999999998899e-05,-0.00010000000000021103,3.570852508114924e-08,2496.193311733773,0.0,False,1.0,1.0,-0.00020000000000042206,1.389e-05,1.00190615,1.00226019,-0.00035404000000016644,120979515.5,0.0,1.8249,1.389e-05,1,0,False,0.48709973242156324,0.5,46,24,5,2,0,8,1,False,0,3699467137
1779859487000,1779859488077,9,44,True,1.0016,1.0016,1.0016,1.0016,53.1,0.0,53.1,1,0,1,1.0016,1.0017,9.999999999998899e-05,1.0016500000000002,1.0016830129995808,1.00170356221324,75267.8,248319.4,499203.3,121183.1,274634.8,653636.5,499203.3,653636.5,-0.13395894208371353,-0.9999999999811676,-0.15758309563573064,-3.7322887808462096e-09,2.9906247721003937e-09,-6.722913552946603e-09,0.4330205289581428,-0.6602599923531417,0.7637322885120387,0.0,53.1,-53.1,41689.59999999999,1.4824578137877167,53.0999999469,53.1,-53.1,0.6745554511061732,1.0,0.0,0.00010352175128796652,0.0,1.1466138011479009e-07,0.00029999999999996696,0.0,0.0,1,0.0,0.00010000000000021103,9.999999999998899e-05,-0.000500000000000167,3.526093069642671e-08,2496.193311733773,0.0,False,1.0,1.0,-0.000600000000000378,1.389e-05,1.00190615,1.00226019,-0.00035404000000016644,120979515.5,0.0,1.8249,1.389e-05,1,2,False,0.48340187355040776,0.5,47,24,5,2,0,9,1,False,0,559201967
1779859488000,1779859489062,9,45,True,1.0016500000000002,1.0016500000000002,1.0016500000000002,1.0016500000000002,0.0,0.0,0.0,0,0,0,1.0016,1.0017,9.999999999998899e-05,1.0016500000000002,1.0016829363958915,1.001706953216377,73987.0,247038.59999999998,497922.5,121427.6,275602.9,654778.2,497922.5,654778.2,-0.136076693629144,0.0,-0.16501128675509413,-3.733935258249902e-09,2.980740658420853e-09,-6.714675916670755e-09,0.4319616531854276,-0.6587279185621302,0.7604445291550623,0.0,0.0,0.0,41689.59999999999,1.4338526395651685,0.0,0.0,0.0,0.0,0.0,4.9918881827585723e-05,0.00010412179276152242,0.0,1.1466138011479012e-07,0.0001500000000000945,4.9918881827585723e-05,49918.88182758572,1,0.0,0.0,9.999999999998899e-05,0.000600000000000378,3.526093069642671e-08,2496.1933117807775,0.0,False,1.0,1.0,0.000600000000000378,1.389e-05,1.00190615,1.00226019,-0.00035404000000016644,120979515.5,0.0,1.8249,1.389e-05,1,2,False,0.48340187355040776,0.5,48,24,5,2,0,8,0,False,0,2318482128
1779859489000,1779859490040,9,46,True,1.0016,1.0016,1.0014,1.0014,4796.900000000001,0.0,4796.900000000001,3,0,3,1.0013,1.0014,9.999999999998899e-05,1.00135,1.0013027261201501,1.0013952522898786,83518.40000000001,248542.6,529005.5,88410.8,222389.4,527363.0,529005.5,527363.0,0.0015548551476118405,-0.9999999999997914,0.02449031355002194,-3.5371971887456466e-09,3.4689989005455785e-09,-7.006196089291225e-09,0.5007774275738055,0.9454775948954972,1.0031145529739458,0.0,4796.900000000001,-4796.900000000001,36892.69999999999,1.485201733349917,1598.966666133678,4657.1,-4796.900000000001,2.0199276169800062,42.55318967858767,-0.0002496193318172158,0.00011813906326324535,0.00011993234276362594,1.2712209804165462e-07,-0.00019999999999997797,-0.0002995382136448015,5.203763510124533e-08,-1,-0.999995000025,0.00010000000000021103,9.999999999998899e-05,-0.00010000000000021103,7.3315862660571196e-09,14977.159902641568,0.0,False,1.0,1.0,-0.00020000000000042206,1.389e-05,1.00190615,1.00226019,-0.00035404000000016644,120980063.7,0.0,1.8249,1.389e-05,1,0,False,0.5243600024137021,0.5,49,24,5,2,0,9,3,False,0,2626055263
1779859490000,1779859491082,9,47,True,1.0014,1.0015,1.0014,1.0015,1984.2,1984.2,0.0,2,2,0,1.0014,1.0015,9.999999999998899e-05,1.0014500000000002,1.0014351122750147,1.0014807437739046,85303.3,231083.4,520590.8,99761.0,238015.2,529289.4,520590.8,529289.4,-0.008285326268654298,0.9999999999994961,-0.017293817109820933,-3.6817562676165072e-09,3.5926058605822043e-09,-7.274362128198712e-09,0.49585733686567246,0.29775449812476873,0.9835655125532439,1984.2,0.0,1984.2,38876.89999999999,1.5020803650433623,992.09999950395,1724.0,1984.2,1.331486680215527,999999999.9999999,9.985521002862081e-05,0.0001181403268715987,5.9969165199726946e-05,1.4208279716982205e-07,-9.999999999998899e-05,0.00034947454184583665,5.0325173888000445e-08,-1,0.9999900000999989,9.999999999976694e-05,9.999999999998899e-05,0.000300000000000189,1.1892349330170072e-08,14977.159902588824,0.0,False,1.0,1.0,0.00020000000000042206,1.389e-05,1.00190615,1.00226019,-0.00035404000000016644,120980063.7,0.0,1.8249,1.389e-05,1,1,False,0.5483872514863707,0.5,50,24,5,2,0,9,2,False,0,4030653707
1779859491000,1779859492047,9,48,True,1.0015,1.0015,1.0015,1.0015,669.6,669.6,0.0,1,1,0,1.0015,1.0016,9.999999999998899e-05,1.00155,1.001515309386558,1.0015762178335879,98132.7,238038.3,502932.0,102892.3,242068.2,557736.8,502932.0,557736.8,-0.05167004063851034,0.9999999999985066,-0.0431859063633205,-3.76661283715619e-09,3.3973550818532026e-09,-7.163967919009393e-09,0.4741649796807444,0.6938122677580542,0.9017371634792594,669.6,0.0,669.6,39546.499999999985,1.485618713730465,669.5999993304,669.6,669.6,0.673120222628206,1.0,0.0,0.00011601242282378911,0.0,1.4208279716982205e-07,-4.999999999988347e-05,-9.985521002862081e-05,0.0,-1,0.0,9.999999999976694e-05,9.999999999998899e-05,9.999999999976694e-05,1.1666366944938434e-08,14977.159902488396,0.0,False,1.0,1.0,0.0,1.389e-05,1.00190615,1.00226019,-0.00035404000000016644,120980063.7,0.0,1.8249,1.389e-05,1,0,False,0.5249073490129036,0.5,51,24,5,2,0,8,1,False,0,4046246658
1779859492000,1779859493008,9,49,True,1.0015,1.0015,1.0015,1.0015,20.1,0.0,20.1,1,0,1,1.0013,1.0014,9.999999999998899e-05,1.00135,1.0013430338720362,1.0014043469107243,80112.2,232192.7,509448.5,100860.0,234345.2,527334.7,509448.5,527334.7,-0.01725162984894039,-0.9999999999502488,-0.029507709798271636,-3.6790177419962365e-09,3.53886688644184e-09,-7.217884628438077e-09,0.4913741850755293,0.13932255722887057,0.9660818831000483,0.0,20.1,-20.1,39526.39999999999,1.469696788690122,20.0999999799,20.1,-20.1,0.6804124544701801,1.0,0.0,0.00011601242282378911,0.0,1.4208279716982205e-07,-4.999999999988347e-05,0.0,0.0,-1,0.0,0.000300000000000189,9.999999999998899e-05,-0.000300000000000189,1.0762615385098705e-08,14977.159902488396,0.0,False,1.0,1.0,-0.000600000000000378,1.389e-05,1.00190615,1.00226019,-0.00035404000000016644,120980063.7,0.0,1.8249,1.389e-05,1,0,False,0.5213473322619108,0.5,52,24,5,2,0,7,1,False,0,2874621281
1779859493000,1779859494058,9,50,True,1.0014,1.0014,1.0014,1.0014,17.0,0.0,17.0,1,0,1,1.0013,1.0014,9.999999999998899e-05,1.00135,1.0013020904240575,1.0013987279871968,83394.3,247354.5,527560.9,87052.1,212852.4,512609.3,527560.9,512609.3,0.01437418607070268,-0.9999999999411765,0.03929897667311728,-3.569018780910291e-09,3.5418326631947496e-09,-7.110851444105041e-09,0.5071870930353508,0.9581915172142166,1.029167633127216,0.0,17.0,-17.0,39509.39999999999,1.4542968939789704,16.999999983,17.0,-17.0,0.6876175033121145,1.0,-9.985521002851263e-05,9.732547794809668e-05,0.0,1.1217558084427892e-07,-0.00014999999999987246,-9.985521002851263e-05,5.873835883684635e-06,-1,0.0,0.00010000000000021103,9.999999999998899e-05,0.00010000000000021103,1.0986867555414767e-08,14977.159902717123,0.0,False,1.0,1.0,0.0,1.389e-05,1.00190615,1.00226019,-0.00035404000000016644,120980063.7,0.0,1.8249,1.389e-05,1,0,False,0.5178398640012689,0.5,53,24,5,2,0,9,1,False,0,4153704588
1779859494000,1779859495089,9,51,True,1.00135,1.00135,1.00135,1.00135,0.0,0.0,0.0,0,0,0,1.0013,1.0014,9.999999999998899e-05,1.00135,1.0013055860730617,1.001404695128543,83394.5,248103.6,529480.4,86362.3,212419.7,510588.5,529480.4,510588.5,0.018164085090901193,0.0,0.05459060222417659,-3.555430239456866e-09,3.5422017588452836e-09,-7.097631998302149e-09,0.5090820425454501,0.8882785369592849,1.0370002457948015,0.0,0.0,0.0,39509.39999999999,1.4066150286026107,0.0,0.0,0.0,0.0,0.0,-4.9931344411967865e-05,9.538528433187618e-05,0.0,1.0718942699568397e-07,-0.0001500000000000945,4.992386561654477e-05,49931.34441196786,-1,0.0,0.0,9.999999999998899e-05,0.00020000000000042206,1.0986867555414767e-08,14977.159902860352,0.0,False,1.0,1.0,0.00020000000000042206,1.389e-05,1.00190615,1.00226019,-0.00035404000000016644,120981787.9,0.0,1.8249,1.389e-05,1,1,False,0.5178398640012689,0.5,54,24,5,2,0,8,0,False,0,729600944
1779859495000,1779859496026,9,52,True,1.0013,1.0013,1.0013,1.0013,18.700000000000003,0.0,18.700000000000003,2,0,2,1.0013,1.0014,9.999999999998899e-05,1.00135,1.0013056314762427,1.0014035835461188,84017.4,248326.7,529703.5,86366.90000000001,212623.9,510593.10000000003,529703.5,510593.10000000003,0.018370145591170773,-0.9999999999465241,0.05485718554309475,-3.5571145563517033e-09,3.542436044409934e-09,-7.099550600761638e-09,0.5091850727955849,0.8873704733363823,1.037427846165565,0.0,18.700000000000003,-18.700000000000003,39490.69999999999,1.4260702735664594,9.349999995325001,9.9,-18.700000000000003,1.4024554299107181,4.761904739229025,-4.99338376753774e-05,9.340433150907098e-05,0.0,9.970963604913358e-08,-0.00029999999999996696,-2.493263409533014e-09,2.6702586990752477e-06,-1,0.0,9.999999999976694e-05,9.999999999998899e-05,-0.000500000000000167,1.1183256325585216e-08,17473.85178641117,0.0,False,1.0,1.0,-0.0005999999999999339,1.389e-05,1.00190615,1.00226019,-0.00035404000000016644,120981787.9,0.0,1.8249,1.389e-05,1,0,False,0.5076211764235599,0.5,55,24,5,2,0,8,2,False,0,1532095786
1779859496000,1779859496997,9,53,True,1.0014,1.0014,1.0014,1.0014,1001.6999999999999,1001.6999999999999,0.0,2,2,0,1.0014,1.0015,9.999999999998899e-05,1.0014500000000002,1.0014708882601981,1.0014673967482732,82476.3,224280.1,488476.5,98019.5,238195.3,543943.4,488476.5,543943.4,-0.05372513644884215,0.9999999999990017,-0.09558945952856437,-3.827365314721243e-09,3.455787587214339e-09,-7.283152901935582e-09,0.47313743177557843,-0.41776520656004545,0.8980281771963756,1001.6999999999999,0.0,1001.6999999999999,40492.39999999999,1.4448876416462477,500.8499997495749,1000.4,1001.6999999999999,1.3841906740492904,7.142857091836734,9.986518208736372e-05,9.340433150907098e-05,0.0,9.472323324757504e-08,-0.00019999999999997797,0.00014979901976274113,9.969569939828695e-08,-1,0.0,0.00010000000000021103,9.999999999998899e-05,0.000700000000000145,1.0591492373892023e-08,17473.851786672112,0.0,False,1.0,1.0,0.0005999999999999339,1.389e-05,1.00190615,1.00226019,-0.00035404000000016644,120981787.9,0.0,1.8249,1.389e-05,1,1,False,0.5010508219520144,0.5,56,24,5,2,0,7,2,False,0,1947620485
1779859497000,1779859498078,9,54,True,1.0015,1.0015,1.0014,1.0014,59.1,54.0,5.1,2,1,1,1.0013,1.0014,9.999999999998899e-05,1.00135,1.0013095455196659,1.0013902272183626,87438.4,252405.6,510431.9,90707.4,217105.8,510014.9,510431.9,510014.9,0.0004086445270836261,0.8274111674986901,0.021818397542251546,-3.7073124419631186e-09,3.5806789203752172e-09,-7.287991362338335e-09,0.5002043222635413,0.8090896044685429,1.0008176231713994,54.0,5.1,48.9,40541.29999999999,1.463088046838174,29.549999985225,54.0,48.9,1.3669717300713071,4.5045044842139434,0.0,9.069573537377847e-05,5.9969165199726946e-05,7.477811992239719e-08,-0.00019999999999997797,-9.986518208736372e-05,0.0,-1,-0.9999900000999989,0.00010000000000021103,9.999999999998899e-05,0.000500000000000167,1.0475666241327502e-08,17473.85178663118,0.0,False,1.0,1.0,0.00039999999999995595,1.389e-05,1.00190615,1.00226019,-0.00035404000000016644,120981787.9,0.0,1.8249,1.389e-05,1,0,False,0.494664470386165,0.5,57,24,5,2,0,9,2,False,0,1904901356
1779859498000,1779859499026,9,55,True,1.0014,1.0015,1.0014,1.0015,1000.0,1000.0,0.0,2,2,0,1.0014,1.0015,9.999999999998899e-05,1.0014500000000002,1.0014150727088278,1.001468857881408,88737.2,230323.0,498596.7,94745.5,232926.1,534806.8,498596.7,534806.8,-0.035039652952597894,0.999999999999,-0.029147824213864488,-3.803292691160219e-09,3.491928085931889e-09,-7.2952207770921075e-09,0.4824801735237006,0.6985458214019321,0.9322931196835923,1000.0,0.0,1000.0,41541.29999999999,1.4806917174336436,499.99999975,871.7,1000.0,1.3507200554317336,999999999.9999999,9.985521002862081e-05,8.203571059081341e-05,5.9969165199726946e-05,5.4836989446474094e-08,-0.0001500000000000945,9.985521002862081e-05,9.985521002852096e-08,-1,0.9999900000999989,9.999999999976694e-05,9.999999999998899e-05,0.000700000000000145,1.0212131171249746e-08,17473.85178631622,0.0,False,1.0,1.0,0.000600000000000378,1.389e-05,1.00190615,1.00226019,-0.00035404000000016644,120981787.9,0.0,1.8249,1.389e-05,1,1,False,0.48845434635385365,0.5,58,24,5,2,0,8,2,False,0,1344484787
1779859499000,1779859500070,9,56,True,1.0014500000000002,1.0014500000000002,1.0014500000000002,1.0014500000000002,0.0,0.0,0.0,0,0,0,1.0014,1.0015,9.999999999998899e-05,1.0014500000000002,1.0014991923407905,1.0014769903792842,76457.7,213189.1,480529.8,104288.0,242245.1,551401.9,480529.8,551401.9,-0.06867906083319271,0.0,-0.1395229225034078,-3.8590401644001685e-09,3.424135690880557e-09,-7.2831758552807256e-09,0.4656604695834032,-0.9838468179979034,0.8714692495618878,0.0,0.0,0.0,41541.29999999999,1.4321444480095897,0.0,0.0,0.0,0.0,0.0,-4.9926358631274576e-05,7.97247532407857e-05,0.0,5.982239647356426e-08,5.0000000000105516e-05,-0.00014978156865989538,49926.358631274576,-1,0.0,0.0,9.999999999998899e-05,-0.000800000000000356,1.0212131171249746e-08,17473.851786307267,0.0,False,1.0,1.0,-0.000800000000000356,1.389e-05,1.00190615,1.00226019,-0.00035404000000016644,120982068.2,0.0,1.8249,1.389e-05,1,0,False,0.48845434635385365,0.5,59,24,5,2,0,9,0,False,0,3176629103
1779859500000,1779859500994,9,57,True,1.0014,1.0014,1.0011,1.0011,1714.2,0.0,1714.2,5,0,5,1.001,1.0011,0.00010000000000021103,1.00105,1.0010759199183,1.0011544366995033,57149.5,204008.5,520647.5,118549.8,278524.9,585527.3,520647.5,585527.3,-0.05865239381696274,-0.9999999999994167,-0.13195882241250048,-3.485790277097001e-09,3.3056871842485806e-09,-6.791477461345581e-09,0.47067380309151824,-0.5183983674043476,0.8891942356914853,0.0,1714.2,-1714.2,39827.09999999999,1.5491233185666524,342.839999931432,899.0,-1714.2,3.227632001175146,5.532503427206066,-0.00034955432180359226,0.00011164876834915214,0.00017994343337407803,7.727437090504237e-08,-0.00039999999999995595,-0.0002996279631723177,2.0391688356282132e-07,-1,-0.9999966666777776,0.00010000000000021103,0.00010000000000021103,-0.0005000000000006111,1.4861609442751055e-08,34951.56787648688,0.0,False,1.0,1.0,-0.0006000000000008221,1.389e-05,1.00190615,1.00226019,-0.00035404000000016644,120982068.2,0.0,1.8249,1.389e-05,1,0,False,0.47080986184056106,0.5,0,25,5,2,0,8,5,False,0,3980205307
1779859501000,1779859502086,9,58,True,1.00105,1.00105,1.00105,1.00105,0.0,0.0,0.0,0,0,0,1.001,1.0011,0.00010000000000021103,1.00105,1.0010792808901858,1.0011813245818182,44436.5,185692.1,505523.8,121706.5,279788.9,578226.2,505523.8,578226.2,-0.06708410611303336,0.0,-0.15048637205358528,-3.5242620860864935e-09,3.380072660035472e-09,-6.904334746121966e-09,0.46645794694348286,-0.585617805310253,0.8742665067753747,0.0,0.0,0.0,39827.09999999999,1.4983323900890573,0.0,0.0,0.0,0.0,0.0,-4.994630772971565e-05,0.00011164932591976283,0.0,9.473331863009663e-08,-0.00045000000000006146,0.0002996080140738766,49946.30772971565,-1,0.0,0.0,0.00010000000000021103,-0.00040000000000040004,1.4861609442751055e-08,34951.56787232822,-0.9821428046668712,False,1.0,1.0,-0.00040000000000040004,1.389e-05,1.00190615,1.00226019,-0.00035404000000016644,120982068.2,0.0,1.8249,1.389e-05,1,1,False,0.47080986184056106,0.5,1,25,5,2,0,11,0,False,0,3471141643
1779859502000,1779859503076,9,59,True,1.0011,1.0012,1.0011,1.0012,70.3,70.3,0.0,2,2,0,1.0011,1.0012,9.999999999998899e-05,1.00115,1.0011317445806218,1.0012556994828261,55061.2,183949.3,514193.6,103614.6,256991.2,563606.9,514193.6,563606.9,-0.04584642519649973,0.9999999999857752,-0.06868336374221128,-3.5890177726484345e-09,3.348781198757359e-09,-6.937798971405793e-09,0.4770767874017497,0.36510838575368915,0.9123266588822795,70.3,0.0,70.3,39897.399999999994,1.5147805084467931,35.149999982424994,39.9,70.3,1.320323299334246,11.235954929933092,0.00014983143991075193,0.0001165677699779141,5.998713528370169e-05,1.0221684583546544e-07,-0.00029999999999996696,0.0001997777476404676,2.131314934688771e-06,-1,0.9999900000999989,0.00010000000000021103,9.999999999998899e-05,0.000700000000000589,1.484224609111852e-08,42443.139867865815,-0.48214285721175604,False,1.0,1.0,0.000600000000000378,1.389e-05,1.00190615,1.00226019,-0.00035404000000016644,120982068.2,0.0,1.8249,1.389e-05,1,1,False,0.4625017540010543,0.5,2,25,5,2,0,9,2,False,0,3995443238
1779859503000,1779859504030,9,60,True,1.0011,1.0011,1.0011,1.0011,9.6,0.0,9.6,1,0,1,1.0011,1.0012,9.999999999998899e-05,1.00115,1.0011735452989694,1.0012622275950689,47832.3,175275.8,503840.2,110121.9,257704.1,555680.2,503840.2,555680.2,-0.048927797897992245,-0.9999999998958333,-0.11485895316569081,-3.6217886587367566e-09,3.4177048619355894e-09,-7.0394935206723465e-09,0.47553610105100347,-0.4709059814798874,0.9067089307842876,0.0,9.6,-9.6,39887.799999999996,1.4979024589895211,9.599999990399999,9.6,-9.6,0.6676002121039281,1.0,-9.988513218117318e-05,0.00011868823437546962,0.0,1.171827790158464e-07,-0.00029999999999996696,-0.00024971657209192514,1.0404701267788384e-05,-1,0.0,9.999999999976694e-05,9.999999999998899e-05,-0.0005000000000006111,1.4853228144360944e-08,42443.13986793686,-0.48245614929747865,False,1.0,1.0,-0.000600000000000378,1.389e-05,1.00190615,1.00226019,-0.00035404000000016644,120982068.2,0.00013271661575955525,1.8249,1.389e-05,2,0,False,0.459803537743408,0.5431873579275589,3,25,5,2,0,8,1,False,0,1268237663
1779859504000,1779859504996,9,61,True,1.0011,1.0011,1.0011,1.0011,1802.5,0.0,1802.5,2,0,2,1.001,1.0011,0.00010000000000021103,1.00105,1.0010950750917678,1.001181894218259,40880.5,181709.4,499842.2,118385.2,271321.0,564654.8,499842.2,564654.8,-0.060885657733182885,-0.9999999999994452,-0.16955271965127483,-3.5453268496632875e-09,3.422085929681373e-09,-6.96741277934466e-09,0.46955717113340817,-0.9015018373541197,0.8852173044486632,0.0,1802.5,-1802.5,38085.299999999996,1.5143646734488811,901.2499995493749,1787.1,-1802.5,1.3206858517931652,9.090909008264463,0.0,0.00011816208088374126,0.0,1.1219811862386494e-07,-0.00024999999999986144,9.988513218117318e-05,0.0,-1,0.0,0.00010000000000021103,0.00010000000000021103,-0.0005000000000006111,9.91434639385806e-09,39946.94656221511,-0.4649122764229449,False,1.0,1.0,-0.0006000000000008221,1.389e-05,1.0012,1.00169724,-0.0004972399999998434,120983243.4,0.00014243174119968905,1.8249,1.389e-05,2,1,False,0.47254078734338034,0.5431873579275588,4,25,5,2,0,9,2,False,0,3652788526
1779859505000,1779859506023,9,62,True,1.0011,1.0011,1.0009,1.0009,920.1,0.8,919.3000000000001,3,1,2,1.0008,1.0009,9.999999999998899e-05,1.0008499999999998,1.0008089305218295,1.0009169230497683,54059.5,189555.7,503666.9,76357.3,241055.2,519782.10000000003,503666.9,519782.10000000003,-0.015745972686474846,-0.9982610585795042,4.38999414913363e-05,-3.477244088839982e-09,3.4498321705630505e-09,-6.927076259403032e-09,0.4921270136567621,0.8213895600938694,0.9689962390009179,0.8,919.3000000000001,-918.5000000000001,37166.799999999996,1.5630740284177702,306.69999989776665,888.7,-918.5,1.9192948916933068,14.925372911561597,-0.00019980020046506,0.0001243375637807226,0.00011999224902928668,1.1219811862386494e-07,-0.000400000000000178,-0.00019980020046506,2.171505276218268e-07,-1,-0.999995000025,0.00010000000000021103,9.999999999998899e-05,-0.00010000000000021103,1.123702503868287e-08,39946.9465612222,-0.2976190480084186,False,1.0,1.0,-0.00020000000000042206,1.389e-05,1.0012,1.00169724,-0.0004972399999998434,120983243.4,0.00014243174119968905,1.8249,1.389e-05,2,0,False,0.44934818053859615,0.530525354226745,5,25,5,2,0,8,3,False,0,2746205281
1779859506000,1779859507054,9,63,True,1.0008,1.0008,1.0008,1.0008,354.40000000000003,0.0,354.40000000000003,2,0,2,1.0008,1.0009,9.999999999998899e-05,1.0008499999999998,1.000851351121384,1.0009490062756212,52156.6,194034.7,518226.2,101724.1,248678.1,515218.0,518226.2,515218.0,0.0029108489843960696,-0.9999999999971784,-0.05009008678913547,-3.4107221152741467e-09,3.6376966332790743e-09,-7.048418748553221e-09,0.5014554244921976,-0.02702242938189257,1.0058386935239045,0.0,354.40000000000003,-354.40000000000003,36812.399999999994,1.5773994701089908,177.1999999114,339.6,-354.40000000000003,1.2679096428211045,2.12765956994115,-9.991507227173002e-05,0.00012632885992629915,0.0,1.3216117009323754e-07,-0.000600000000000156,9.988512819332998e-05,2.8192740482914244e-07,-1,0.0,9.999999999976694e-05,9.999999999998899e-05,9.999999999976694e-05,4.266367863281779e-08,39946.94656122763,-0.2976190480084186,False,1.0,1.0,0.0,1.389e-05,1.0012,1.00169724,-0.0004972399999998434,120983243.4,0.00014243174119968905,1.8249,1.389e-05,2,1,False,0.44934818053859615,0.5189640519933523,6,25,5,2,0,10,2,False,0,2503329762
1779859507000,1779859508092,9,64,True,1.0008499999999998,1.0008499999999998,1.0008499999999998,1.0008499999999998,0.0,0.0,0.0,0,0,0,1.0008,1.0009,9.999999999998899e-05,1.0008499999999998,1.0008822309710408,1.0009568515978104,44828.4,183940.0,506360.0,105494.2,253439.0,527532.1,506360.0,527532.1,-0.02047805568878992,0.0,-0.11226783295791568,-3.450909185380144e-09,3.5452705006612216e-09,-6.996179686041366e-09,0.48976097215560455,-0.644619422572122,0.959865759827694,0.0,0.0,0.0,36812.399999999994,1.5256814546955813,0.0,0.0,0.0,0.0,0.0,4.995878401349547e-05,0.00012682182326115589,0.0,1.3715280560855372e-07,-0.0005500000000002725,0.00014987385628522547,49958.78401349547,-1,0.0,0.0,9.999999999998899e-05,0.0,4.266367863281779e-08,39946.946561234676,-0.2976190480084186,False,1.0,1.0,0.0,1.389e-05,1.0012,1.00169724,-0.0004972399999998434,120983243.4,0.00014243174119968905,1.8249,1.389e-05,2,1,False,0.45713973448454526,0.5205990208794113,7,25,5,2,0,9,0,False,0,155722578
1779859508000,1779859509100,9,65,True,1.0009,1.0009,1.0009,1.0009,211.8,211.8,0.0,2,2,0,1.0008,1.0009,9.999999999998899e-05,1.0008499999999998,1.000888536439298,1.0009680119109612,43907.6,181997.9,506725.0,114232.20000000001,258784.3,539594.0,506725.0,539594.0,-0.03141393781437589,0.9999999999952787,-0.12666040486708155,-3.440533881335112e-09,3.4668865188414504e-09,-6.907420400176562e-09,0.4842930310928116,-0.7707287878089617,0.9390856829393933,211.8,0.0,211.8,37024.2,1.5412328824104802,105.89999994705,210.9,211.8,1.29766242436662,1.834862381954381,4.99562882582332e-05,0.0001268225597201264,0.0,1.2718784309689821e-07,-0.000600000000000156,-2.4957552622654707e-09,2.3586538365437836e-07,-1,0.0,0.00010000000000021103,9.999999999998899e-05,0.00010000000000021103,4.449580302023853e-08,42444.760974099336,-0.2976190480084186,False,1.0,1.0,0.0,1.389e-05,1.0012,1.00169724,-0.0004972399999998434,120983243.4,0.00013477318645554716,1.8249,1.389e-05,2,0,False,0.4519127009550398,0.5387596370778757,8,25,5,2,0,9,2,False,0,1303804349
1779859509000,1779859510036,9,66,True,1.0008499999999998,1.0008499999999998,1.0008499999999998,1.0008499999999998,0.0,0.0,0.0,0,0,0,1.0008,1.0009,9.999999999998899e-05,1.0008499999999998,1.0008891121653414,1.0009587176466814,47674.8,186856.7,511583.8,116180.20000000001,258813.7,543977.8,511583.8,543977.8,-0.030688876897378634,0.0,-0.12064334360560643,-3.424628213760448e-09,3.441628583740358e-09,-6.866256797500805e-09,0.48465556155131023,-0.7822433084508006,0.9404497757077568,0.0,0.0,0.0,37024.2,1.4907006567576775,0.0,0.0,0.0,0.0,0.0,-4.995628825826817e-05,0.00011442575169055486,0.0,1.0475768302762756e-07,-0.000600000000000378,-9.991257651650137e-05,49956.28825826816,-1,0.0,0.0,9.999999999998899e-05,-0.0,4.449580302023853e-08,29963.79438325034,-0.2976190480084186,False,1.0,1.0,-0.0,1.389e-05,1.0012,1.00169724,-0.0004972399999998434,120982868.4,0.0001316731659121657,1.8249,1.389e-05,2,0,False,0.4545096733814489,0.5212545209812781,9,25,5,2,0,8,0,False,0,1619117424
1779859510000,1779859511080,9,67,True,1.0008499999999998,1.0008499999999998,1.0008499999999998,1.0008499999999998,0.0,0.0,0.0,0,0,0,1.0008,1.0009,9.999999999998899e-05,1.0008499999999998,1.0008897971951438,1.000959399202133,46605.0,184448.8,509175.9,116784.4,261060.4,550718.9,509175.9,550718.9,-0.039195399392467974,0.0,-0.12868011166121424,-3.4331654703586654e-09,3.391546825049319e-09,-6.824712295407985e-09,0.4804023003037656,-0.7959439044115917,0.9245658719902278,0.0,0.0,0.0,37024.2,1.4418252253885733,0.0,0.0,0.0,0.0,0.0,0.0,0.00011222610882257087,0.0,1.0475768302762756e-07,-0.00025000000000030553,4.995628825826817e-05,0.0,-1,0.0,0.0,9.999999999998899e-05,0.0,4.449580302023853e-08,29963.794383249304,-0.2976190480084186,False,1.0,1.0,0.0,1.389e-05,1.0012,1.00169724,-0.0004972399999998434,120982868.4,0.0001316731659121657,1.8249,1.389e-05,1,1,False,0.4545096733814489,0.49597945106235936,10,25,5,2,0,9,0,False,0,4180306504
1779859511000,1779859511996,9,68,True,1.0008,1.0008,1.0008,1.0008,531.1,0.0,531.1,3,0,3,1.0008,1.0009,9.999999999998899e-05,1.0008499999999998,1.0008901472864344,1.0009609248070828,46069.4,184608.8,509347.9,116386.1,260013.4,551970.7,509347.9,551970.7,-0.04016023086752638,-0.9999999999981172,-0.13031660362803657,-3.430694829627477e-09,3.3736772139347105e-09,-6.804372043562187e-09,0.4799198845662363,-0.8029457302790264,0.9227806838297741,0.0,531.1,-531.1,36493.1,1.4929129229168168,177.03333327432222,280.5,-531.1,2.0094942926270467,6.896551676575506,-4.9958784013426885e-05,0.00011278073198228735,0.0,1.0475768302762756e-07,-0.0002500000000000835,-4.9958784013426885e-05,9.40666240130537e-08,-1,0.0,9.999999999976694e-05,9.999999999998899e-05,9.999999999976694e-05,3.6553379049244664e-08,32461.733583920643,-0.2976190480084186,False,1.0,1.0,0.0,1.389e-05,1.0012,1.00169724,-0.0004972399999998434,120982868.4,0.0001316731659121657,1.8249,1.389e-05,2,0,False,0.459803537743408,0.47402289765856703,11,25,5,2,0,8,3,False,0,3698400487
1779859512000,1779859513055,9,69,True,1.0008,1.0008,1.0008,1.0008,278.2,0.0,278.2,3,0,3,1.0008,1.0009,9.999999999998899e-05,1.0008499999999998,1.0008962445834628,1.0009923529158358,36059.0,174654.5,499402.5,117264.8,267528.0,561441.0,499402.5,561441.0,-0.058480350777470894,-0.9999999999964055,-0.15591501452434758,-3.4673493476739626e-09,3.308279849885625e-09,-6.775629197559587e-09,0.4707598246112641,-0.9248916706787983,0.8895013011162332,0.0,278.2,-278.2,36214.9,1.5423256139687245,92.73333330242221,197.3,-278.2,1.9451145535573786,5.730658992947514,0.0,0.00011278073198228735,0.0,1.0475768302762755e-07,-0.000400000000000178,4.9958784013426885e-05,0.0,-1,0.0,9.999999999976694e-05,9.999999999998899e-05,-9.999999999976694e-05,3.864758186587419e-08,32461.733583920646,-0.2976190480084186,False,1.0,1.0,-0.00019999999999953388,1.389e-05,1.0012,1.00169724,-0.0004972399999998434,120982868.4,0.0001316731659121657,1.8249,1.389e-05,2,1,False,0.4545096733814489,0.47402289765856703,12,25,5,2,0,10,3,False,0,3561553948
1779859513000,1779859514014,9,70,True,1.0008499999999998,1.0008499999999998,1.0008499999999998,1.0008499999999998,0.0,0.0,0.0,0,0,0,1.0008,1.0009,9.999999999998899e-05,1.0008499999999998,1.0008963350537072,1.0009927740608784,35690.0,173228.5,497976.5,118486.5,274306.0,570370.6,497976.5,570370.6,-0.06776271494535803,0.0,-0.16402754436521746,-3.4768967623731062e-09,3.2475478475993574e-09,-6.724444609972464e-09,0.4661186425273205,-0.9267010755012074,0.87307533032032,0.0,0.0,0.0,36214.9,1.491757561051717,0.0,0.0,0.0,0.0,0.0,4.995878401349547e-05,0.00011111136018865923,0.0,9.977177814436451e-08,-0.00025000000000030553,4.995878401349547e-05,49958.78401349547,-1,0.0,0.0,9.999999999998899e-05,0.00019999999999953388,3.864758186587419e-08,32461.733583681227,-0.2976190480084186,False,1.0,1.0,0.00019999999999953388,1.389e-05,1.0012,1.00169724,-0.0004972399999998434,120982868.4,0.0001316731659121657,1.8249,1.389e-05,1,1,False,0.45713973448454526,0.4983844059393177,13,25,5,2,0,9,0,False,0,2658277731
1779859514000,1779859514995,9,71,True,1.0009,1.0009,1.0008,1.0008,5.2,0.2,5.0,2,1,1,1.0008,1.0009,9.999999999998899e-05,1.0008499999999998,1.0008962588472516,1.000992422753592,35858.1,168115.4,460740.7,118220.3,260141.0,548960.9,460740.7,548960.9,-0.08737254650284788,-0.9230769228994082,-0.1717214231051538,-3.770207729333123e-09,3.4022127432759063e-09,-7.1724204726090296e-09,0.4563137267485755,-0.925176946410452,0.8392960227221995,0.2,5.0,-4.8,36210.1,1.5084212475746117,2.5999999987,5.0,-4.8,1.3258895695681212,11.627906841535967,-4.9958784013426885e-05,0.00011111197689826085,6.000511614058666e-05,9.97743945976876e-08,-0.000300000000000189,-9.991756802692236e-05,9.607458462272967e-06,-1,-0.9999900000999989,9.999999999976694e-05,9.999999999998899e-05,-0.0004999999999997229,4.1664994548481144e-08,34959.672784205715,-0.2976190480084186,False,1.0,1.0,-0.0005999999999994898,1.389e-05,1.0012,1.00169724,-0.0004972399999998434,120983258.0,0.00013489388058865353,1.8249,1.389e-05,1,0,False,0.4545096733814489,0.47713739336814104,14,25,5,2,0,8,2,False,0,1451692901
1779859515000,1779859516003,9,72,True,1.0008499999999998,1.0008499999999998,1.0008499999999998,1.0008499999999998,0.0,0.0,0.0,0,0,0,1.0008,1.0009,9.999999999998899e-05,1.0008499999999998,1.0008962160711385,1.000989823103046,37246.9,167989.1,467277.4,118205.2,267056.5,561162.8,467277.4,561162.8,-0.09128911919234577,0.0,-0.16705759246223334,-3.7331450276550485e-09,3.3102749614263135e-09,-7.043419989081362e-09,0.4543554404038266,-0.924321424149395,0.8326948970958145,0.0,0.0,0.0,36210.1,1.4589648132279032,0.0,0.0,0.0,0.0,0.0,4.995878401349547e-05,0.00011111253758237844,0.0,9.728362290601884e-08,-5.0000000000105516e-05,9.991756802692236e-05,49958.78401349547,-1,0.0,0.0,9.999999999998899e-05,0.0005999999999994898,4.1664994548481144e-08,32462.98090091722,-0.2976190480084186,False,1.0,1.0,0.0005999999999994898,1.389e-05,1.0012,1.00169724,-0.0004972399999998434,120983258.0,0.00013489388058865353,1.8249,1.389e-05,1,1,False,0.45713973448454526,0.4571796755267088,15,25,5,2,0,9,0,False,0,388417995
1779859516000,1779859517009,9,73,True,1.0008,1.0008,1.0008,1.0008,21.2,0.0,21.2,1,0,1,1.0008,1.0009,9.999999999998899e-05,1.0008499999999998,1.0008964426212297,1.000990376624093,35843.200000000004,166610.2,461682.7,117617.5,264351.1,555182.9,461682.7,555182.9,-0.0919494178975077,-0.9999999999528302,-0.17528045451226362,-3.74847334670684e-09,3.3438393909907137e-09,-7.092312737697554e-09,0.4540252910512456,-0.9288524259439206,0.8315866717076464,0.0,21.2,-21.2,36188.9,1.4439167865646931,21.199999978799998,21.2,-21.2,0.6925606853609603,1.0,-4.9958784013426885e-05,0.00010941726227306802,0.0,9.97795030061225e-08,0.0,-9.991756802692236e-05,2.3565464156165254e-06,-1,0.0,9.999999999976694e-05,9.999999999998899e-05,-9.999999999976694e-05,3.7949576338984196e-08,34960.92010132154,-0.2976190480084186,False,1.0,1.0,-0.00019999999999953388,1.389e-05,1.0012,1.00169724,-0.0004972399999998434,120983258.0,0.00013489388058865353,1.8249,1.389e-05,1,0,False,0.45713973448454526,0.4571712085195776,16,25,5,2,0,9,1,False,0,466640581
1779859517000,1779859518071,9,74,True,1.0008,1.0008,1.0008,1.0008,529.0,0.0,529.0,1,0,1,1.0007,1.0008,9.999999999998899e-05,1.00075,1.000792973008556,1.0008853468930454,37545.6,189020.1,478812.2,141297.7,286631.5,578311.0,478812.2,578311.0,-0.09412223665131926,-0.9999999999981096,-0.15953837685220912,-3.6026203974888383e-09,3.3649671705777234e-09,-6.967587568066562e-09,0.45293888167433993,-0.8594601716932192,0.8279493213858964,0.0,529.0,-529.0,35659.9,1.429362137824867,528.9999994709999,529.0,-529.0,0.6996127663085703,1.0,0.0,0.00010941726227306802,0.0,9.977950300612251e-08,-4.999999999988347e-05,4.9958784013426885e-05,0.0,-1,0.0,9.999999999976694e-05,9.999999999998899e-05,-9.999999999976694e-05,3.784378904677651e-08,34960.92010132154,-0.2976190480084186,False,1.0,1.0,-0.00019999999999953388,1.389e-05,1.0012,1.00169724,-0.0004972399999998434,120983258.0,0.00013489388058865353,1.8249,1.389e-05,1,1,False,0.45713973448454526,0.4154505960730808,17,25,5,2,0,9,1,False,0,125300895
1779859518000,1779859519081,9,75,True,1.00075,1.00075,1.00075,1.00075,0.0,0.0,0.0,0,0,0,1.0007,1.0008,9.999999999998899e-05,1.00075,1.0007990384878895,1.0008864712927772,36739.6,186931.8,472693.5,142513.3,291265.2,583698.0,472693.5,583698.0,-0.10507894090401135,0.0,-0.17300432112494535,-3.657029597078657e-09,3.324057891616477e-09,-6.981087488695134e-09,0.44746052954799387,-0.9807697584025309,0.8098254576853084,0.0,0.0,0.0,35659.9,1.3824978054371666,0.0,0.0,0.0,0.0,0.0,-4.9961280018293456e-05,0.00010769582447752409,0.0,9.479409597903233e-08,-0.00014999999999987246,-4.9961280018293456e-05,49961.28001829345,-1,0.0,0.0,9.999999999998899e-05,-0.0,3.784378904677651e-08,34960.92010124178,-0.2976190480084186,False,1.0,1.0,-0.0,1.389e-05,1.0012,1.00169724,-0.0004972399999998434,120983258.0,0.00013358673733381075,1.8249,1.389e-05,1,0,False,0.8321064098965752,0.4739473972265631,18,25,5,2,0,9,0,False,0,3458391321
1779859519000,1779859520040,9,76,True,1.0007,1.0007,1.0006,1.0006,434.5,0.0,434.5,2,0,2,1.0005,1.0006,9.999999999998899e-05,1.00055,1.0005588637096863,1.000578218749224,77949.6,223087.7,502657.8,111218.6,237485.5,513277.4,502657.8,513277.4,-0.010453028893968852,-0.9999999999976985,-0.047988168324111416,-3.491496676747825e-09,3.744158363877111e-09,-7.235655040624936e-09,0.4947734855530151,-0.17727419513358203,0.9793102131517947,0.0,434.5,-434.5,35225.4,1.4027437790293906,217.24999989137498,322.1,-434.5,1.4257771294185282,2.2471910061860876,-0.00014989881857845603,0.00011223743286509001,6.001710936824499e-05,8.483125839696384e-08,-0.00024999999999986144,-9.993753856016257e-05,3.449915272223499e-07,-1,-0.9999900000999989,9.999999999976694e-05,9.999999999998899e-05,0.0004999999999997229,3.377446471090674e-08,42455.861030162094,-0.2976190480084186,False,1.0,1.0,0.00039999999999995595,1.389e-05,1.0012,1.00169724,-0.0004972399999998434,120983038.9,0.00013177550103160942,1.8249,1.389e-05,2,0,False,0.8414419644924774,0.49039920102759843,19,25,5,2,0,9,2,False,0,3788568907
1779859520000,1779859521012,9,77,True,1.0005,1.0005,1.0005,1.0005,523.1,0.0,523.1,2,0,2,1.0005,1.0006,9.999999999998899e-05,1.00055,1.0005444401142285,1.0005832524832612,78496.0,226201.4,503225.3,108001.5,230940.9,498939.3,503225.3,498939.3,0.0042767425630480214,-0.9999999999980883,-0.020385281565815278,-3.4954348298757012e-09,3.833071987397093e-09,-7.328506817272794e-09,0.5021383712815235,0.11119771369185838,1.008590223299706,0.0,523.1,-523.1,34702.3,1.4223259502087549,261.549999869225,518.1,-523.1,1.4061474434185162,6.0240963492524315,-9.994503031650666e-05,8.358995511313241e-05,0.0,8.23539526391419e-08,-0.00034999999999985043,4.995378826194937e-05,1.9106295223918104e-07,-1,0.0,0.00010000000000021103,9.999999999998899e-05,0.0006999999999997009,4.487758633463519e-08,24978.14493999398,-0.2976190480084186,False,1.0,1.0,0.0005999999999994898,1.389e-05,1.0012,1.00169724,-0.0004972399999998434,120983038.9,0.00013177550103160942,1.8249,1.389e-05,0,1,True,0.8143593581351322,0.49041243646410665,20,25,5,2,0,9,2,False,0,1430953341
1779859521000,1779859522004,9,78,True,1.0005,1.0008,1.0005,1.0008,1923.8999999999999,1659.6,264.3,7,4,3,1.0007,1.0008,9.999999999998899e-05,1.00075,1.000751023741995,1.0008212196171986,64578.7,217527.8,498426.5,92878.9,222602.6,496129.5,498426.5,496129.5,0.0023095733171384996,0.7252455948850122,-0.020791723242577265,-3.5903895130498916e-09,3.842726757794364e-09,-7.433116270844256e-09,0.5011547866585687,-0.020474840945505536,1.0046298395882507,1659.6,264.3,1395.3,36097.600000000006,1.605200509218304,274.8428571035939,1604.8,1395.3,4.360825925135057,6.295907620382533,0.0002998051289132366,0.00010656784073611533,0.0001800513293033994,1.048344581320507e-07,0.0,0.00039975015922974325,1.5583197095123487e-07,-1,0.9999966666777776,9.999999999976694e-05,9.999999999998899e-05,9.999999999976694e-05,8.954392088294068e-08,24978.14494002118,-0.2976190480084186,False,1.0,1.0,0.0,1.389e-05,1.0012,1.00169724,-0.0004972399999998434,120983038.9,0.00013177550103160942,1.8249,1.389e-05,1,1,False,0.7504332020714034,0.4371476283988838,21,25,5,2,0,9,7,False,0,2015575458
1779859522000,1779859523010,9,79,True,1.0007,1.0007,1.0007,1.0007,36.5,0.0,36.5,3,0,3,1.0007,1.0008,9.999999999998899e-05,1.00075,1.0007808262068623,1.0008496527714152,57289.8,206288.9,480860.0,106896.0,234179.7,508426.8,480860.0,508426.8,-0.02786532681928027,-0.9999999999726028,-0.07501809446201241,-3.684539044165543e-09,3.7852679061258645e-09,-7.469806950291408e-09,0.4860673365903593,-0.6165241387675418,0.9457801988408145,0.0,36.5,-36.5,36061.100000000006,1.6509316400636054,12.16666666261111,13.7,-36.5,1.8171557957828364,2.9542097401648157,-9.992505629102663e-05,0.00010360252170487849,0.0,1.1982656933466338e-07,-9.999999999998899e-05,-0.0003997301852042632,2.7376727750216155e-06,-1,0.0,0.00010000000000021103,9.999999999998899e-05,0.00010000000000021103,8.503324209161207e-08,17486.572944486175,-0.2976190480084186,False,1.0,1.0,0.0,1.389e-05,1.0012,1.00169724,-0.0004972399999998434,120983038.9,0.00013177550103160942,1.8249,1.389e-05,1,0,False,0.7201142442863758,0.45788810920183953,22,25,5,2,0,9,3,False,0,3254721155
1779859523000,1779859524073,9,80,True,1.0007,1.0007,1.0006,1.0007,226.4,104.89999999999999,121.5,6,2,4,1.0007,1.0008,9.999999999998899e-05,1.00075,1.0007811890808316,1.0008676037549762,49301.8,203610.9,479272.60000000003,103252.3,238418.6,518594.5,479272.60000000003,518594.5,-0.0394059489485122,-0.0733215547699942,-0.09374935854701101,-3.6588013195574235e-09,3.658470285535883e-09,-7.317271605093307e-09,0.4802970255257433,-0.6237816181306715,0.9241760180642083,104.89999999999999,121.5,-16.60000000000001,36044.50000000001,1.7935240453074215,37.73333332704445,94.3,-16.6,3.3453691420268594,10.080645059670916,0.0,0.00010116635074009192,6.001710936824499e-05,1.1982656933466338e-07,-0.00014999999999987246,9.992505629102663e-05,0.0,-1,0.0,0.00010000000000021103,9.999999999998899e-05,0.00010000000000021103,7.765607921879846e-08,17486.572944415137,-0.2976190480084186,False,1.0,1.0,0.0,1.389e-05,1.0012,1.00169724,-0.0004972399999998434,120983038.9,1.586859184551816e-05,1.8249,1.389e-05,1,1,False,0.7004397752047606,0.4511624693594366,23,25,5,2,0,10,6,False,0,2362847781
1779859524000,1779859525068,9,81,True,1.0007,1.0008,1.0007,1.0008,7156.7,7116.9,39.8,3,1,2,1.0008,1.0009,9.999999999998899e-05,1.0008499999999998,1.0008248159476383,1.000868443760378,82327.8,210692.8,506649.7,70228.4,206368.1,511891.8,506649.7,511891.8,-0.005146672963251837,0.9888775552976945,0.03503420492314045,-3.6983464521800956e-09,3.6487687521894962e-09,-7.347115204369591e-09,0.49742666351837356,0.5036810456256571,0.9897593593021007,7116.9,39.8,7077.099999999999,43121.600000000006,1.8330806339858667,2385.5666658714777,7116.9,7077.099999999999,1.6365892163947988,3.6231883926696065,9.992505629095692e-05,0.00010360444665073427,6.001111215515789e-05,1.1982656933466338e-07,0.0,9.992505629095692e-05,1.3962448655238162e-08,-1,0.9999900000999989,9.999999999976694e-05,9.999999999998899e-05,9.999999999976694e-05,1.8683257743991262e-08,17486.572944437205,-0.2976190480084186,False,1.0,1.0,0.0,1.389e-05,1.0012,1.00169724,-0.0004972399999998434,120982886.3,1.4607237998371105e-05,1.8249,1.389e-05,1,1,False,0.4979342290038994,0.42715846473597147,24,25,5,2,0,9,3,False,0,3368577290
1779859525000,1779859526100,9,82,True,1.0009,1.0009,1.0008,1.0008,20.8,0.8,20.0,3,1,2,1.0008,1.0009,9.999999999998899e-05,1.0008499999999998,1.0008607776352947,1.0009186507021752,74986.1,203119.0,499075.9,108112.1,240212.9,546438.7,499075.9,546438.7,-0.0453009455822041,-0.9230769230325443,-0.060942081454119626,-3.7097126325988604e-09,3.563989002950121e-09,-7.273701635548981e-09,0.47734952720889745,-0.2155527089141413,0.9133245870030785,0.8,20.0,-19.2,43102.40000000001,1.8713402853305925,6.933333331022222,10.0,-19.2,1.6031290631179291,2.857142848979592,0.0,9.347660327863295e-05,6.000511614058666e-05,9.986351786529076e-08,-4.999999999988347e-05,-9.992505629095692e-05,0.0,-1,-0.9999900000999989,9.999999999976694e-05,9.999999999998899e-05,9.999999999976694e-05,1.9169344453829905e-08,17486.57294443166,-0.2976190480084186,False,1.0,1.0,0.0,1.389e-05,1.0012,1.00169724,-0.0004972399999998434,120982886.3,1.4607237998371105e-05,1.8249,1.389e-05,0,0,False,1.1747284733317056,0.42715846473597147,25,25,5,2,0,9,3,False,0,2028965055
1779859526000,1779859527030,9,83,True,1.0008,1.0008,1.0008,1.0008,21.1,0.0,21.1,2,0,2,1.0007,1.0008,9.999999999998899e-05,1.00075,1.0007497299912875,1.0008564678937373,59792.6,210298.5,490136.5,97566.2,236099.5,519492.1,490136.5,519492.1,-0.029075642270831023,-0.9999999999526066,-0.04520968965316684,-3.6603813747816774e-09,3.628037736683081e-09,-7.288419111464758e-09,0.485462178864584,0.00540017286084667,0.9434917297106137,0.0,21.1,-21.1,43081.30000000001,1.875558636631229,10.549999994725,11.1,-21.1,1.066348958583314,2.849002840886032,0.0,9.076741858815686e-05,0.0,9.487188234997464e-08,0.0,0.0,0.0,-1,0.0,9.999999999976694e-05,9.999999999998899e-05,9.999999999976694e-05,1.8706957980651613e-08,17486.572944426236,-0.2976190480084186,False,1.0,1.0,0.0,1.389e-05,1.0012,1.00169724,-0.0004972399999998434,120982886.3,1.4607237998371105e-05,1.8249,1.389e-05,0,0,False,1.1691272604436942,0.43298560904099564,26,25,5,2,0,8,2,False,0,243073380
1779859527000,1779859527996,9,84,True,1.0007,1.0008,1.0007,1.0008,30.6,0.6,30.0,3,1,2,1.0007,1.0008,9.999999999998899e-05,1.00075,1.000758334316723,1.0008515190076293,59350.4,209439.5,488278.6,97110.3,235895.5,517510.6,488278.6,517510.6,-0.02906374417223805,-0.9607843136940919,-0.0528085009667857,-3.6606557056296518e-09,3.6428288665906966e-09,-7.303484572220348e-09,0.48546812791388044,-0.16668633627770763,0.9435142004820752,0.6,30.0,-29.4,43051.90000000001,1.912425566577746,10.1999999966,20.0,-29.4,1.5686885026326864,3.2258064412070757,0.0,9.007735715568218e-05,6.001111215515789e-05,9.237612693476563e-08,0.0,0.0,0.0,-1,0.9999900000999989,9.999999999976694e-05,9.999999999998899e-05,9.999999999976694e-05,1.7170049178121142e-08,17486.57294441919,-0.2976190480084186,False,1.0,1.0,0.0,1.389e-05,1.0012,1.00169724,-0.0004972399999998434,120982886.3,1.4607237998371105e-05,1.8249,1.389e-05,0,0,False,1.191864230809613,0.4329856090409957,27,25,5,2,0,8,3,False,0,1674048264
1779859528000,1779859529046,9,85,True,1.0007,1.0008,1.0007,1.0008,95.1,55.0,40.099999999999994,4,1,3,1.0007,1.0008,9.999999999998899e-05,1.00075,1.0007608059067392,1.0008422691387178,61517.7,212906.5,491420.1,103806.7,243493.4,518188.39999999997,491420.1,518188.39999999997,-0.026513544606646993,0.15667718191212754,-0.05855850569004042,-3.649845773662966e-09,3.703853667131697e-09,-7.353699440794663e-09,0.48674322769667594,-0.21611813604227825,0.9483425333334344,55.0,40.099999999999994,14.900000000000006,43066.80000000001,1.9808706299686396,23.774999994056248,55.0,14.900000000000002,2.01931410232682,3.8659793664975024,0.0,8.938203810232425e-05,6.001111215515789e-05,8.988049619822419e-08,4.999999999988347e-05,0.0,0.0,-1,0.9999900000999989,9.999999999976694e-05,9.999999999998899e-05,-9.999999999976694e-05,1.5851515361760965e-08,14988.758531507523,-0.2976190480084186,False,1.0,1.0,-0.00019999999999953388,1.389e-05,1.0012,1.00169724,-0.0004972399999998434,120982886.3,1.4607237998371105e-05,1.8249,1.389e-05,0,0,False,1.191864230809613,0.4329856090409957,28,25,5,2,0,9,4,False,0,3623220243
1779859529000,1779859530132,9,86,True,1.00075,1.00075,1.00075,1.00075,0.0,0.0,0.0,0,0,0,1.0007,1.0008,9.999999999998899e-05,1.00075,1.0007022012882725,1.000821094847593,65206.8,218095.4,496639.0,73303.8,214139.6,499319.3,496639.0,499319.3,-0.0026911769297971464,0.0,0.03228552332988695,-3.6398279501692366e-09,3.6661142924014705e-09,-7.305942242570707e-09,0.49865441153510087,0.9559742326049754,0.9946320921302242,0.0,0.0,0.0,43066.80000000001,1.915924051936881,0.0,0.0,0.0,0.0,0.0,-4.9961280018293456e-05,8.938217760578169e-05,0.0,8.988049619822419e-08,0.0001500000000000945,-4.9961280018293456e-05,49961.28001829345,-1,0.0,0.0,9.999999999998899e-05,0.00019999999999953388,1.5851515361760965e-08,14988.758531522,-0.2976190480084186,False,1.0,1.0,0.00019999999999953388,1.389e-05,1.0012,1.00169724,-0.0004972399999998434,120986244.6,4.236611496181804e-05,1.8249,1.389e-05,0,0,False,1.221572308368625,0.4256691200719144,29,25,5,2,0,9,0,False,0,505400598
1779859530000,1779859531032,9,87,True,1.0008,1.0008,1.0008,1.0008,226.9,226.9,0.0,1,1,0,1.0008,1.0009,9.999999999998899e-05,1.0008499999999998,1.000866265474434,1.0009100882355735,70975.7,199829.9,494387.2,97312.4,232418.5,544529.3,494387.2,544529.3,-0.04826384026050215,0.9999999999955929,-0.06658907365885117,-3.721357912428374e-09,3.533474311762007e-09,-7.254832224190381e-09,0.47586807986974844,-0.32530949105910856,0.9079166171590749,226.9,0.0,226.9,43293.70000000001,1.8858937551520651,226.89999977309998,226.9,226.9,0.5302525641955448,1.0,4.9961280018317166e-05,9.007763400869794e-05,0.0,9.237662569929172e-08,0.00029999999999996696,9.992256003661063e-05,2.2019074490126477e-07,-1,0.0,9.999999999976694e-05,9.999999999998899e-05,-9.999999999976694e-05,1.641626156202407e-08,17486.822532437858,-0.2976190480084186,False,1.0,1.0,-0.00019999999999953388,1.389e-05,1.0012,1.00169724,-0.0004972399999998434,120986244.6,4.236611496181804e-05,1.8249,1.389e-05,0,1,True,1.221572308368625,0.4470449975829662,30,25,5,2,0,8,1,False,0,685809754
1779859531000,1779859532064,9,88,True,1.0008,1.0009,1.0008,1.0009,424.90000000000003,368.1,56.8,3,1,2,1.0008,1.0009,9.999999999998899e-05,1.0008499999999998,1.000894710030076,1.0009177466141665,65576.0,193460.1,487769.8,100550.90000000001,243028.5,559140.7,487769.8,559140.7,-0.06817287628694134,0.7326429748158798,-0.12069880803870521,-3.734595447379526e-09,3.4267668642948928e-09,-7.161362311674419e-09,0.4659135618565288,-0.8942006044033824,0.8723560992787667,368.1,56.8,311.3,43605.000000000015,1.9224218287536368,141.63333328612222,368.1,311.3,1.5605315927901513,3.717472105139508,9.991507227179724e-05,9.213217259434321e-05,6.000511614058666e-05,9.736851060311337e-08,9.999999999998899e-05,4.995379225348007e-05,2.3514961701944478e-07,1,0.9999900000999989,0.00010000000000021103,9.999999999998899e-05,0.00010000000000021103,1.4529465525550994e-08,14988.883331788533,-0.2976190480084186,False,1.0,1.0,0.0,1.389e-05,1.0012,1.00169724,-0.0004972399999998434,120986244.6,4.236611496181804e-05,1.8249,1.389e-05,0,2,False,1.2192288184803484,0.4470533025249647,31,25,5,2,0,9,3,False,0,3309980600
1779859532000,1779859533060,9,89,True,1.0008,1.0009,1.0008,1.0009,339.7,0.3,339.4,2,1,1,1.0008,1.0009,9.999999999998899e-05,1.0008499999999998,1.000896001868276,1.0009215332393693,65412.6,194834.8,490177.3,101421.1,243365.2,561175.1,490177.3,561175.1,-0.06752997377473047,-0.9982337356461636,-0.1194922461825774,-3.7138805238099975e-09,3.4114944195068205e-09,-7.125374943316818e-09,0.4662350131126344,-0.9200373684439663,0.8734836951960254,0.3,339.4,-339.09999999999997,43265.900000000016,1.9249653753518783,169.849999915075,339.4,-339.09999999999997,1.0389797263732214,5.2631578670360115,0.0,9.213217259434321e-05,6.000511614058666e-05,9.736851060311337e-08,0.00019999999999997797,-9.991507227179724e-05,0.0,1,0.9999900000999989,0.00010000000000021103,9.999999999998899e-05,-0.00010000000000021103,1.515465821201326e-08,14988.883331788533,-0.2976190480084186,False,1.0,1.0,-0.00020000000000042206,1.389e-05,1.0012,1.00169724,-0.0004972399999998434,120986244.6,4.236611496181804e-05,1.8249,1.389e-05,0,1,True,1.1563346936743462,0.4470533025249648,32,25,5,2,0,9,2,False,0,1097224143
1779859533000,1779859534014,9,90,True,1.0008499999999998,1.0008499999999998,1.0008499999999998,1.0008499999999998,0.0,0.0,0.0,0,0,0,1.0008,1.0009,9.999999999998899e-05,1.0008499999999998,1.0008356749721603,1.0009075511118677,77961.3,241349.0,533356.1,97839.3,235964.6,554244.9,533356.1,554244.9,-0.019206308195744606,0.0,-0.019909420496490103,-3.413254006388219e-09,3.434358527584117e-09,-6.847612533972336e-09,0.4903968459021273,0.2865005546548035,0.9623112454440247,0.0,0.0,0.0,43265.900000000016,1.8618517564878823,0.0,0.0,0.0,0.0,0.0,-4.995628825826817e-05,9.213210492969132e-05,0.0,9.48726305030097e-08,0.00014999999999987246,-4.995628825826817e-05,49956.28825826816,1,0.0,0.0,9.999999999998899e-05,-0.0,1.515465821201326e-08,14988.883331786903,-0.2976190480084186,False,1.0,1.0,-0.0,1.389e-05,1.0012,1.00169724,-0.0004972399999998434,120986244.6,5.557882822717332e-05,1.8249,1.389e-05,0,1,True,1.1242531209100566,0.506775750111118,33,25,5,2,0,8,0,False,0,3290337274
1779859534000,1779859535028,9,91,True,1.0009,1.0009,1.0009,1.0009,198.4,198.4,0.0,1,1,0,1.0008,1.0009,9.999999999998899e-05,1.0008499999999998,1.000833782475804,1.0009026026028751,78088.40000000001,242515.5,533531.4,94504.2,229990.0,545473.5,533531.4,545473.5,-0.011067697653643618,0.9999999999949597,-0.004519068732867708,-3.4188620771026044e-09,3.497384252508749e-09,-6.916246329611353e-09,0.4944661511731778,0.32435048176183706,0.9781069107848483,198.4,0.0,198.4,43464.30000000002,1.8335943218489352,198.3999998016,198.4,198.4,0.5453769067337951,1.0,4.99562882582332e-05,9.213203726499063e-05,0.0,9.487238113944748e-08,9.999999999998899e-05,9.991257651650137e-05,2.517958077519224e-07,1,0.0,0.00010000000000021103,9.999999999998899e-05,0.00010000000000021103,1.51455959508413e-08,14988.75854402722,-0.2976190480084186,False,1.0,1.0,0.0,1.389e-05,1.0009,1.00144903,-0.0005490300000001724,120986244.6,5.557882822717332e-05,1.8249,1.389e-05,0,2,False,1.097120441804147,0.5308998825772995,34,25,5,2,0,8,1,False,0,2166278274
1779859535000,1779859536066,9,92,True,1.0008,1.0008,1.0008,1.0008,9.7,0.0,9.7,1,0,1,1.0008,1.0009,9.999999999998899e-05,1.0008499999999998,1.000895550639299,1.0009232916894946,64357.8,231916.6,523923.7,103982.5,238146.6,556122.4,523923.7,556122.4,-0.029812338565918604,-0.9999999998969072,-0.09282988900766766,-3.4019855877676332e-09,3.4729814185267196e-09,-6.874967006294353e-09,0.48509383071704026,-0.9110127882432913,0.9421014150841596,0.0,9.7,-9.7,43454.60000000002,1.806263360476839,9.699999990299998,9.7,-9.7,0.5536291226005818,1.0,-9.991507227173002e-05,9.41417514652533e-05,0.0,9.736788719109255e-08,0.0,-0.0001498713605299632,1.0300522913549432e-05,1,0.0,9.999999999976694e-05,9.999999999998899e-05,9.999999999976694e-05,1.5684329028741e-08,14988.758543572028,-0.2976190480084186,False,1.0,1.0,0.0,1.389e-05,1.0009,1.00144903,-0.0005490300000001724,120986244.6,5.557882822717332e-05,1.8249,1.389e-05,1,1,False,1.1029376032497689,0.5308906408723957,35,25,5,2,0,8,1,False,0,3966115727
1779859536000,1779859537116,9,93,True,1.0008,1.0008,1.0008,1.0008,14.1,0.0,14.1,1,0,1,1.0008,1.0009,9.999999999998899e-05,1.0008499999999998,1.0008306102738918,1.0009037710334887,79269.0,245763.0,537830.2,93259.3,231607.4,545017.7,537830.2,545017.7,-0.00663758963747355,-0.999999999929078,-0.0010186985727794612,-3.403442871720915e-09,3.496126743447079e-09,-6.899569615167994e-09,0.4966812051812628,0.38779452074247006,0.9868123549014994,0.0,14.1,-14.1,43440.50000000002,1.77982849619891,14.099999985899998,14.1,-14.1,0.5618518871755328,1.0,0.0,9.347660329697752e-05,0.0,9.736788719109257e-08,0.0,9.991507227173002e-05,0.0,-1,0.0,9.999999999976694e-05,9.999999999998899e-05,9.999999999976694e-05,1.5683918062792472e-08,12490.819342900684,-0.2976190480084186,False,1.0,1.0,0.0,1.389e-05,1.0009,1.00144903,-0.0005490300000001724,120986244.6,5.557882822717332e-05,1.8249,1.389e-05,1,1,False,1.0773887212374504,0.5181330398164622,36,25,5,2,0,8,1,False,0,1276982091
1779859537000,1779859538088,9,94,True,1.0008,1.0008,1.0008,1.0008,9.7,0.0,9.7,1,0,1,1.0008,1.0009,9.999999999998899e-05,1.0008499999999998,1.000844574816431,1.0009138661809347,73191.9,239685.9,531753.1,98321.8,232730.3,546240.6,531753.1,546240.6,-0.013439317873564557,-0.9999999998969072,-0.02246172893944313,-3.4055419411908813e-09,3.5115719859233637e-09,-6.917113927114245e-09,0.4932803410632173,0.10850366930634477,0.9734778044693108,0.0,9.7,-9.7,43430.800000000025,1.7542603487825523,9.699999990299998,9.7,-9.7,0.5700408152780481,1.0,0.0,9.347660329697752e-05,0.0,9.736788719109255e-08,0.0,0.0,0.0,-1,0.0,9.999999999976694e-05,9.999999999998899e-05,9.999999999976694e-05,1.5693349297340526e-08,12490.819342900682,-0.2976190480084186,False,1.0,1.0,0.0,1.389e-05,1.0009,1.00144903,-0.0005490300000001724,120986244.6,5.557882822717332e-05,1.8249,1.389e-05,1,0,False,1.089459349167538,0.5350581769505395,37,25,5,2,0,8,1,False,0,41594749
1779859538000,1779859539100,9,95,True,1.0009,1.0009,1.0009,1.0009,0.8,0.8,0.0,1,1,0,1.0008,1.0009,9.999999999998899e-05,1.0008499999999998,1.0008265649514687,1.000908756140275,76903.2,243899.4,530970.8,94729.5,224674.9,533268.1,530970.8,533268.1,-0.0021586318635786837,0.99999999875,0.005474298390199815,-3.4271978723260014e-09,3.5928052099748662e-09,-7.020003082300868e-09,0.4989206840682103,0.46870096845745074,0.9956920355821003,0.8,0.0,0.8,43431.60000000003,1.729530501281485,0.7999999992,0.8,0.8,0.5781915951646209,1.0,9.991507227179724e-05,9.54579487116768e-05,0.0,8.987875034168295e-08,9.999999999998899e-05,9.991507227179724e-05,0.00012489384018362924,1,0.0,0.00010000000000021103,9.999999999998899e-05,0.00010000000000021103,1.461324257310969e-08,12490.819343410989,-0.2976190480084186,False,1.0,1.0,0.0,1.389e-05,1.0009,1.00144903,-0.0005490300000001724,120986244.6,5.6729501464628e-05,1.8249,1.389e-05,1,2,False,1.101818060496131,0.5267994106108637,38,25,5,2,0,8,1,False,0,3879455864
1779859539000,1779859540060,9,96,True,1.0009,1.0009,1.0009,1.0009,42.2,42.2,0.0,1,1,0,1.0008,1.0009,9.999999999998899e-05,1.0008499999999998,1.0008263122540977,1.0009060760677182,77760.5,245267.8,537335.0,93983.8,227449.6,541032.6,537335.0,541032.6,-0.003428886402002409,0.9999999999763034,0.011188338849022709,-3.39077612083137e-09,3.5268513263562843e-09,-6.917627447187654e-09,0.49828555679899833,0.47375491587483903,0.9931656613667993,42.2,0.0,42.2,43473.800000000025,1.7056114684525838,42.1999999578,42.2,42.2,0.5862999973381687,1.0,0.0,8.937973585595492e-05,0.0,7.489710837445063e-08,0.00014999999999987246,-9.991507227179724e-05,0.0,1,0.0,0.00010000000000021103,9.999999999998899e-05,-0.00010000000000021103,1.4618362989795083e-08,4995.878414488186,-0.2976190480084186,False,1.0,1.0,-0.00020000000000042206,1.389e-05,1.0009,1.00144903,-0.0005490300000001724,120986646.4,6.005072856159345e-05,1.8249,1.389e-05,0,1,True,1.1274391059646482,0.513346945293373,39,25,5,2,0,7,1,False,0,4114892641
1779859540000,1779859541412,9,97,True,1.0009,1.0009,1.0009,1.0009,0.2,0.2,0.0,1,1,0,1.0008,1.0009,9.999999999998899e-05,1.0008499999999998,1.0008290772005255,1.0008574538074084,95830.8,261920.0,553987.2,92040.3,225506.1,536184.4,553987.2,536184.4,0.0163302731423199,0.999999995,0.033308148456233096,-3.313563596653514e-09,3.557362224291274e-09,-6.8709258209447875e-09,0.5081651365711595,0.4184559874025822,1.0332027563651587,0.2,0.0,0.2,43474.00000000002,1.6824766662082369,0.1999999998,0.2,0.2,0.5943618829848722,1.0,0.0,8.654066516633611e-05,0.0,4.493307567617301e-08,9.999999999998899e-05,0.0,0.0,1,0.0,0.00010000000000021103,9.999999999998899e-05,-0.000300000000000189,1.5118452072078876e-08,4995.878414476685,-0.2976190480084186,False,1.0,1.0,-0.00040000000000040004,1.389e-05,1.0009,1.00144903,-0.0005490300000001724,120986646.4,6.005072856159345e-05,1.8249,1.389e-05,0,2,False,1.1340400832405544,0.513346945293373,40,25,5,2,0,7,1,False,0,1836241705
1779859541000,1779859542138,9,98,True,1.0008499999999998,1.0008499999999998,1.0008499999999998,1.0008499999999998,0.0,0.0,0.0,0,0,0,1.0008,1.0009,9.999999999998899e-05,1.0008499999999998,1.0008291159011766,1.000855727157652,95836.8,260346.1,552388.3,89838.2,223304.0,533957.5,552388.3,533957.5,0.01696586851074495,0.0,0.04000342419730093,-3.3235262034097498e-09,3.5608790300325725e-09,-6.884405233442322e-09,0.508482934255372,0.4176819743829618,1.0345173539092511,0.0,0.0,0.0,43474.00000000002,1.6273134968243603,0.0,0.0,0.0,0.0,0.0,-4.995628825826817e-05,5.585617690215595e-05,0.0,1.4975031293179355e-08,-5.0000000000105516e-05,-4.995628825826817e-05,49956.28825826816,1,0.0,0.0,9.999999999998899e-05,0.00040000000000040004,1.5118452072078876e-08,4995.878426937101,-0.2976190480084186,False,1.0,1.0,0.00040000000000040004,1.389e-05,1.0009,1.00144903,-0.0005490300000001724,120986646.4,6.005072856159345e-05,1.8249,1.389e-05,0,1,True,1.1407219913165427,0.5133404684408662,41,25,5,2,0,5,0,False,0,4093016910
1779859542000,1779859543092,9,99,True,1.0009,1.0009,1.0009,1.0009,1102.9,1102.9,0.0,1,1,0,1.0008,1.0009,9.999999999998899e-05,1.0008499999999998,1.0008254329456858,1.0008502416358995,96694.6,260794.80000000002,552810.4,91129.29999999999,223741.8,534030.1,552810.4,534030.1,0.01727972043735951,0.9999999999990933,0.027969346037383665,-3.3203772358210502e-09,3.57880788140033e-09,-6.89918511722138e-09,0.5086398602186794,0.49134108407415883,1.035167118857156,1102.9,0.0,1102.9,44576.90000000002,1.6067458411907747,1102.8999988971,1102.9,1102.9,0.622375968707356,1.0,4.99562882582332e-05,5.2396976928193883e-05,0.0,1.747066202972079e-08,0.0,9.991257651650137e-05,4.529539238207263e-08,1,0.0,0.00010000000000021103,9.999999999998899e-05,-0.000300000000000189,1.4780300392549848e-08,7493.692839846163,-0.2976190480084186,False,1.0,1.0,-0.00040000000000040004,1.389e-05,1.0009,1.00144903,-0.0005490300000001724,120986646.4,6.005072856159345e-05,1.8249,1.389e-05,0,2,False,1.164374074722592,0.5207569638962981,42,25,5,2,0,7,1,False,0,2079253120
1779859543000,1779859544036,9,100,True,1.0008,1.0008,1.0008,1.0008,6.0,0.0,6.0,1,0,1,1.0008,1.0009,9.999999999998899e-05,1.0008499999999998,1.0008511522161263,1.000851255486151,94637.5,259482.4,554758.7,93289.7,226923.4,539222.5,554758.7,539222.5,0.014201523755618416,-0.9999999998333333,0.004002698078158189,-3.3155331326959997e-09,3.5549714976070325e-09,-6.870504630303032e-09,0.5071007618778088,-0.023044324819605735,1.0288122250091547,0.0,6.0,-6.0,44570.90000000002,1.5868525349222247,5.9999999939999995,6.0,-6.0,0.630178278928,1.0,-9.991507227173002e-05,5.696134017530604e-05,0.0,2.2462048181469538e-08,-4.999999999988347e-05,-0.0001498713605299632,1.665251204251292e-05,1,0.0,9.999999999976694e-05,9.999999999998899e-05,0.000900000000000567,1.5384750891173358e-08,7493.692839850693,-0.2976190480084186,False,1.0,1.0,0.0008000000000008001,1.389e-05,1.0009,1.00144903,-0.0005490300000001724,120986646.4,5.8943036517665344e-05,1.8249,1.389e-05,0,1,True,1.164374074722592,0.5022387471246428,43,25,5,2,0,7,1,False,0,780622355
1779859544000,1779859545080,9,101,True,1.0009,1.0009,1.0009,1.0009,2905.8,2905.8,0.0,1,1,0,1.0009,1.001,9.999999999998899e-05,1.00095,1.0009027350185602,1.0010159440808535,86090.5,268293.60000000003,538793.7,83354.2,214941.5,534526.7,538793.7,534526.7,0.003975513742215276,0.9999999999996558,0.06491404969031683,-3.4174641541796547e-09,3.4306110625882537e-09,-6.848075216767908e-09,0.5019877568711072,0.9452996275091233,1.007982763068709,2905.8,0.0,2905.8,47476.700000000026,1.5676114682034632,2905.7999970942,2905.8,2905.8,0.6379131689487583,1.0,9.991507227179724e-05,5.696046448356361e-05,0.0,3.2445069848541284e-08,0.0,0.00019983014454352726,3.4384703789580444e-08,1,0.0,0.00010000000000021103,9.999999999998899e-05,-0.000700000000000589,1.7917957284324898e-08,7493.6928406612515,-0.2976190480084186,False,1.0,1.0,-0.0008000000000008001,1.389e-05,1.0009,1.00144903,-0.0005490300000001724,120986688.6,5.9291855900960686e-05,1.8249,1.389e-05,0,2,False,0.9798865250920349,0.5245693539703608,44,25,5,2,0,10,1,False,0,3249041022
1779859545000,1779859546002,9,102,True,1.001,1.001,1.001,1.001,414.7,414.7,0.0,2,2,0,1.001,1.0011,0.00010000000000021103,1.00105,1.0010265720453755,1.001095388586789,86048.9,230915.80000000002,526616.1,90907.7,235931.0,553967.5,526616.1,553967.5,-0.025311692681621298,0.9999999999975886,-0.006909562644759171,-3.4958085571133634e-09,3.3840513796130905e-09,-6.879859936726454e-09,0.4873441536591889,0.46855909106994165,0.9506263454083479,414.7,0.0,414.7,47891.40000000002,1.5817881413771202,207.349999896325,414.5,414.7,1.264391827463309,1.1614401844814866,9.990509024740932e-05,6.11845231006213e-05,0.0,4.242709416093161e-08,0.00019999999999997797,-9.982024387920679e-09,2.409093085294633e-07,1,0.0,0.00010000000000021103,0.00010000000000021103,-0.000300000000000189,3.7937155306562304e-08,7493.692840662969,-0.2797619031654837,False,1.0,1.0,-0.00040000000000040004,1.389e-05,1.0009,1.00144903,-0.0005490300000001724,120986688.6,5.9291855900960686e-05,1.8249,1.389e-05,0,1,True,0.9899694387537059,0.5245758514522695,45,25,5,2,0,8,2,False,0,488941664
1779859546000,1779859547052,9,103,True,1.0011,1.0011,1.0011,1.0011,0.1,0.1,0.0,1,1,0,1.001,1.0011,0.00010000000000021103,1.00105,1.0010007092419875,1.0010765517938498,87735.6,238964.80000000002,532755.3,78422.1,233849.6,562995.0,532755.3,562995.0,-0.027597254593496278,0.9999999900000001,0.02709895199791808,-3.450413393956098e-09,3.2634071711965573e-09,-6.713820565152655e-09,0.4862013727032514,0.9858151586791355,0.9462878000692707,0.1,0.0,0.1,47891.50000000002,1.5627131203483622,0.0999999999,0.1,0.1,0.6399127174008533,1.0,9.989511021757124e-05,6.513445723516468e-05,0.0,5.240712416249297e-08,0.000300000000000189,-9.980029838077466e-09,0.0009989510921862015,1,0.0,0.00010000000000021103,0.00010000000000021103,-0.000300000000000189,3.433338176211198e-08,7493.692840675014,-0.445454538016126,False,1.0,1.0,-0.00040000000000040004,1.389e-05,1.0009,1.00144903,-0.0005490300000001724,120986688.6,5.9291855900960686e-05,1.8249,1.389e-05,0,1,True,0.8697750890869169,0.537204548845116,46,25,5,2,0,10,1,False,0,204451496
1779859547000,1779859548048,9,104,True,1.0011,1.0011,1.001,1.001,12.1,0.1,12.0,2,1,1,1.001,1.0011,0.00010000000000021103,1.00105,1.0010007212648835,1.0010918321636726,87621.8,238777.7,532592.2,86590.79999999999,236747.6,570807.7,532592.2,570807.7,-0.03463431526502764,-0.9834710742988867,0.02290222945976806,-3.4641919069500687e-09,3.2409312863097616e-09,-6.70512319325983e-09,0.48268284236748576,0.985574700734735,0.9330501322949901,0.1,12.0,-11.9,47879.60000000002,1.5770503950910388,6.049999996975,12.0,-11.9,1.2681902905305413,41.666664930555626,-9.989511021769161e-05,6.885818158788202e-05,5.999312770525853e-05,6.238615720788571e-08,0.00019999999999997797,-0.00019979022043526285,8.255794232184779e-06,1,-0.999990000099999,0.00010000000000021103,0.00010000000000021103,0.0005000000000006111,3.621994990973571e-08,7493.6928906225685,-0.5444444424183771,False,1.0,1.0,0.00040000000000040004,1.389e-05,1.0009,1.00144903,-0.0005490300000001724,120986688.6,5.9291855900960686e-05,1.8249,1.389e-05,0,1,True,0.8644037270132874,0.5289261020055877,47,25,5,2,0,9,2,False,0,548686067
1779859548000,1779859549038,9,105,True,1.001,1.0013,1.001,1.0013,1039.3,1004.0999999999999,35.2,4,3,1,1.0012,1.0013,9.999999999998899e-05,1.0012500000000002,1.001216498225969,1.001322094210142,87461.0,240078.8,541339.9,93094.90000000001,207820.7,537341.4,541339.9,537341.4,0.003706840936243167,0.9322620994891443,0.049428477092545775,-3.455167733290225e-09,3.284457726387927e-09,-6.739625459678152e-09,0.5018534204681212,0.670035479399313,1.0074412654599085,1004.0999999999999,35.2,968.8999999999999,48848.50000000002,1.6564913657437916,259.8249999350437,514.3,968.9,2.414742437120517,14.77832490475382,0.0002996553985367177,9.607870245376803e-05,0.000179961407048143,9.232026627203742e-08,0.000400000000000178,0.0003995505087544093,2.883242553030207e-07,1,0.9999966666777776,9.999999999976694e-05,9.999999999998899e-05,9.999999999976694e-05,3.929666951900374e-08,7493.692891860815,-0.44339622706714166,False,1.0,1.0,0.0,1.389e-05,1.0009,1.00144903,-0.0005490300000001724,120986688.6,5.476026212400696e-05,1.8249,1.389e-05,1,2,False,0.8806139250566005,0.5385760162436519,48,25,5,2,0,9,4,False,0,2405621370
1779859549000,1779859550040,9,106,True,1.0012500000000002,1.0012500000000002,1.0012500000000002,1.0012500000000002,0.0,0.0,0.0,0,0,0,1.0012,1.0013,9.999999999998899e-05,1.0012500000000002,1.0012027039312972,1.0013121865325953,87500.0,240530.9,541798.0,85743.7,200828.4,533451.1,541798.0,533451.1,0.0077627593457181366,0.0,0.059983484215621975,-3.4641298457256902e-09,3.2845938832715407e-09,-6.748723728997231e-09,0.5038813796728586,0.9459213727749427,1.0156469824506857,0.0,0.0,0.0,48848.50000000002,1.602180173424323,0.0,0.0,0.0,0.0,0.0,-4.993633118805066e-05,9.607805393934928e-05,0.0,1.0478782799458675e-07,0.0003500000000002945,-0.00034959172972476836,49936.33118805066,1,0.0,0.0,9.999999999998899e-05,-0.0,3.929666951900374e-08,7493.6928918369495,-0.44339622706714166,False,1.0,1.0,-0.0,1.389e-05,1.0009,1.00144903,-0.0005490300000001724,120987527.9,6.169776880356346e-05,1.8249,1.389e-05,1,1,False,0.853872713023905,0.5450793464152106,49,25,5,2,0,8,0,False,0,987378083
1779859550000,1779859551043,9,107,True,1.0012,1.0012,1.0011,1.0011,2639.2,0.0,2639.2,2,0,2,1.0011,1.0012,9.999999999998899e-05,1.00115,1.0011548541229582,1.0011742730840574,87157.8,219030.4,522277.1,103858.1,219747.1,537291.1,522277.1,537291.1,-0.014169923181915036,-0.9999999999996211,-0.03944071677644745,-3.4407458364895326e-09,3.4607129288149767e-09,-6.901458765304509e-09,0.49291503840904205,-0.09708246053585676,0.9720561163212995,0.0,2639.2,-2639.2,46209.300000000025,1.6152234464268043,1319.5999993402,2501.7,-2639.2,1.2382187759756578,16.666666388888896,-0.00014982395713110828,0.00010113627875416556,5.998713528370169e-05,1.0727760183396841e-07,0.00020000000000020002,-9.988762594305761e-05,5.6768701550110455e-08,1,-0.9999900000999989,9.999999999976694e-05,9.999999999998899e-05,0.0004999999999997229,4.1722283431488254e-08,12486.826747476505,-0.44339622706714166,False,1.0,1.0,0.00039999999999995595,1.389e-05,1.0009,1.00144903,-0.0005490300000001724,120987527.9,6.169776880356346e-05,1.8249,1.389e-05,1,1,False,0.7673241934012673,0.5535821135355855,50,25,5,2,0,9,2,False,0,2108716138
1779859551000,1779859552045,9,108,True,1.0012,1.0012,1.0012,1.0012,44.8,44.8,0.0,1,1,0,1.0012,1.0013,9.999999999998899e-05,1.0012500000000002,1.001240902370959,1.0013250273315388,70081.2,219777.5,510967.2,101881.2,218706.5,544631.0,510967.2,544631.0,-0.031890732667031796,0.9999999999776786,-0.04750254066424649,-3.5908281870177203e-09,3.3276901850712947e-09,-6.918518372089015e-09,0.4840546336664837,0.18195257940976417,0.9381897100972935,44.8,0.0,44.8,46254.10000000003,1.5950521858882205,44.79999995519999,44.8,44.8,0.6269387348077275,1.0,9.988513218117293e-05,0.00010113480003652985,0.0,1.222427875959156e-07,0.0003500000000002945,0.0002497090893122812,2.2295788432799857e-06,1,0.0,0.00010000000000021103,9.999999999998899e-05,-0.0002999999999997449,4.166606570567434e-08,12486.82674745638,-0.44339622706714166,False,1.0,1.0,-0.00039999999999995595,1.389e-05,1.0009,1.00144903,-0.0005490300000001724,120987527.9,6.169776880356346e-05,1.8249,1.389e-05,1,2,False,0.7729483111872649,0.5395616539650002,51,25,5,2,0,9,1,False,0,3474789713
1779859552000,1779859553058,9,109,True,1.0012500000000002,1.0012500000000002,1.0012500000000002,1.0012500000000002,0.0,0.0,0.0,0,0,0,1.0012,1.0013,9.999999999998899e-05,1.0012500000000002,1.0012565867538061,1.0013143647868044,67635.7,217701.8,518369.1,98558.9,220886.8,547894.9,518369.1,547894.9,-0.027690890811281278,0.0,-0.056516089182122475,-3.467112268738644e-09,3.289836376846473e-09,-6.756948645585117e-09,0.4861545545943589,-0.13173507805769094,0.9461104675367464,0.0,0.0,0.0,46254.10000000003,1.542755392908279,0.0,0.0,0.0,0.0,0.0,4.993882494995841e-05,0.0001017494083044123,0.0,1.2723093372701458e-07,0.0003500000000002945,-4.994630723121452e-05,49938.824949958405,1,0.0,0.0,9.999999999998899e-05,-0.00039999999999995595,4.166606570567434e-08,12486.826747512114,-0.44339622706714166,False,1.0,1.0,-0.00039999999999995595,1.389e-05,1.0009,1.00144903,-0.0005490300000001724,120987527.9,6.169776880356346e-05,1.8249,1.389e-05,1,1,False,0.7290646881008515,0.5328508489148693,52,25,5,2,0,9,0,False,0,3853238778
1779859553000,1779859554089,9,110,True,1.0012500000000002,1.0012500000000002,1.0012500000000002,1.0012500000000002,0.0,0.0,0.0,0,0,0,1.0012,1.0013,9.999999999998899e-05,1.0012500000000002,1.001241591563392,1.0013164041747193,74852.8,224874.69999999998,525065.5,99146.2,216901.19999999998,545806.7999999999,525065.5,545806.7999999999,-0.019368602586881663,0.0,-0.016640891289318598,-3.4557475354807074e-09,3.275249001816071e-09,-6.730996537296778e-09,0.4903156987065588,0.1681687296660349,0.9619988244924743,0.0,0.0,0.0,46254.10000000003,1.4921732488784993,0.0,0.0,0.0,0.0,0.0,0.0,0.00010113436880443188,0.0,1.2473530299047315e-07,0.0004500000000002835,-4.993882494995841e-05,0.0,1,0.0,0.0,9.999999999998899e-05,0.0,4.166606570567434e-08,12486.82674750476,-0.44339622706714166,False,1.0,1.0,0.0,1.389e-05,1.0009,1.00144903,-0.0005490300000001724,120987527.9,4.7445157652526305e-05,1.8249,1.389e-05,1,1,False,0.7290646881008515,0.5420975893765969,53,25,5,2,0,9,0,False,0,3270704581
1779859554000,1779859555074,9,111,True,1.0012,1.0012,1.0011,1.0012,20708.9,2506.4,18202.5,4,2,2,1.0012,1.0013,9.999999999998899e-05,1.0012500000000002,1.0012024692042811,1.0012750928117358,98770.5,249649.1,547746.4,72759.5,184549.80000000002,514665.4,547746.4,514665.4,0.031137643614274586,-0.7579398229746264,0.09303597345624623,-3.4564046728074974e-09,3.358720433056521e-09,-6.8151251058640185e-09,0.5155688218071368,0.9506159132669244,1.0642767125981247,2506.4,18202.5,-15696.1,30558.00000000003,1.5743970767841222,5177.224998705694,12876.0,-15696.1,2.5406551221689138,599.999640000216,-4.993882494998766e-05,0.00010113393757049677,5.998713528370169e-05,1.197439168387244e-07,0.000300000000000189,-4.993882494998766e-05,2.411466806541402e-09,1,0.0,0.00010000000000021103,9.999999999998899e-05,0.000500000000000167,1.0380946853967166e-08,12485.953582092483,-0.44339622706714166,False,1.0,1.0,0.00039999999999995595,1.389e-05,1.0009,1.00144903,-0.0005490300000001724,120985257.1,2.8675390405501512e-05,1.8249,1.389e-05,1,1,False,0.34832166970559053,0.5420967401778998,54,25,5,2,0,8,4,False,0,3105730376
1779859555000,1779859556052,9,112,True,1.0013,1.0013,1.0013,1.0013,444.8,444.8,0.0,1,1,0,1.0013,1.0014,9.999999999998899e-05,1.00135,1.0013089231733001,1.0013906550915124,98446.7,283973.2,561467.6,85637.5,226141.5,549143.4,561467.6,549143.4,0.011096774658273637,0.9999999999977518,0.04219261297754461,-3.3075713127138367e-09,3.252606229224876e-09,-6.560177541938713e-09,0.5055483873291364,0.8215365330375903,1.0224425896769385,444.8,0.0,444.8,31002.80000000003,1.5555643857420198,444.7999995552,444.8,444.8,0.6428534932548847,1.0,9.987515613799242e-05,0.00010113196619189853,0.0,1.2473156477795232e-07,0.000300000000000189,0.00014981398108798006,2.2453946973419037e-07,1,0.0,9.999999999976694e-05,9.999999999998899e-05,-0.000300000000000189,1.0405833886948005e-08,12485.953582067543,-0.44339622706714166,False,1.0,1.0,-0.00039999999999995595,1.389e-05,1.0009,1.00144903,-0.0005490300000001724,120985257.1,2.8675390405501512e-05,1.8249,1.389e-05,1,2,False,0.5501246864701573,0.5543740882852207,55,25,5,2,0,9,1,False,0,646105631
1779859556000,1779859557042,9,113,True,1.00135,1.00135,1.00135,1.00135,0.0,0.0,0.0,0,0,0,1.0013,1.0014,9.999999999998899e-05,1.00135,1.001305424797174,1.0013905019154714,98621.3,284192.8,561512.2,84987.3,225380.2,548282.3,561512.2,548282.3,0.011921035831408333,0.0,0.04551499620062821,-3.307965551800539e-09,3.2538707850065522e-09,-6.561836336807091e-09,0.5059605179157037,0.8915040555275725,1.0241297229547603,0.0,0.0,0.0,31002.80000000003,1.5045622747340848,0.0,0.0,0.0,0.0,0.0,4.993383767528347e-05,0.00010174646919224462,0.0,1.2971871461234039e-07,0.00024999999999986144,-4.9941318462708944e-05,49933.83767528347,1,0.0,0.0,9.999999999998899e-05,0.0,1.0405833886948005e-08,12485.953582073156,-0.44339622706714166,False,1.0,1.0,0.0,1.389e-05,1.0009,1.00144903,-0.0005490300000001724,120985257.1,2.8675390405501512e-05,1.8249,1.389e-05,1,1,False,0.5574551832588003,0.5513262004198517,56,25,5,2,0,8,0,False,0,339734445
1779859557000,1779859558080,9,114,True,1.0014,1.0014,1.0014,1.0014,1114.4,1114.4,0.0,2,2,0,1.0014,1.0015,9.999999999998899e-05,1.0014500000000002,1.0014758895576048,1.0015074479695043,69376.3,236531.5,513751.9,95282.0,245612.7,616755.2,513751.9,616755.2,-0.09111247510077543,0.9999999999991027,-0.12282501928258878,-3.4367371083633988e-09,3.0806131907278703e-09,-6.517350299091269e-09,0.4544437624496118,-0.5177911550839615,0.832991598611571,1114.4,0.0,1114.4,32117.20000000003,1.5208061345788688,557.1999997214,1100.9,1114.4,1.3150920115394815,3.9525691543376706,4.993134441184113e-05,0.00010235722226998483,0.0,1.3221197825910997e-07,0.000400000000000178,-2.4932634423436824e-09,4.480558543772103e-08,1,0.0,0.00010000000000021103,9.999999999998899e-05,0.00010000000000021103,1.0228199884647859e-08,14982.52080266521,-0.44339622706714166,False,1.0,1.0,0.0,1.389e-05,1.0009,1.00144903,-0.0005490300000001724,120985257.1,2.8675390405501512e-05,1.8249,1.389e-05,1,1,False,0.5828213185049342,0.5553464991227113,57,25,5,2,0,8,2,False,0,3377414545
1779859558000,1779859558998,9,115,True,1.0014,1.0014,1.0014,1.0014,150.0,0.0,150.0,2,0,2,1.0014,1.0015,9.999999999998899e-05,1.0014500000000002,1.0014776514300336,1.0015103561828749,69037.3,242099.3,518621.8,97040.3,272453.1,648955.0,518621.8,648955.0,-0.11162708954134744,-0.9999999999933334,-0.14005037226607003,-3.3921065984325477e-09,2.8803945130893184e-09,-6.272501111521866e-09,0.44418645522932587,-0.553028603477208,0.799164502931635,0.0,150.0,-150.0,31967.20000000003,1.5365174088549716,74.9999999625,115.4,-150.0,1.3016448672643257,1.5060240941174337,0.0,9.988918794080346e-05,0.0,1.3221197825910997e-07,9.999999999998899e-05,-4.993134441184113e-05,0.0,1,0.0,0.00010000000000021103,9.999999999998899e-05,-0.00010000000000021103,1.0450109329224873e-08,14982.52080215019,-0.44339622706714166,False,1.0,1.0,-0.00020000000000042206,1.389e-05,1.0009,1.00144903,-0.0005490300000001724,120985257.1,2.6358451689876627e-05,1.8249,1.389e-05,1,1,False,0.6096156411657558,0.5482279618076262,58,25,5,2,0,8,2,False,0,1899553419
1779859559000,1779859560071,9,116,True,1.0014500000000002,1.0014500000000002,1.0014500000000002,1.0014500000000002,0.0,0.0,0.0,0,0,0,1.0014,1.0015,9.999999999998899e-05,1.0014500000000002,1.001498627660903,1.0015122229239737,61092.4,232736.9,509268.1,101354.0,282101.2,659805.6,509268.1,659805.6,-0.12876647554384285,0.0,-0.19271951841945478,-3.402455585140782e-09,2.8526425313380458e-09,-6.255098116478828e-09,0.43561676222807816,-0.9725532199758073,0.7718456769690939,0.0,0.0,0.0,31967.20000000003,1.4861397888925134,0.0,0.0,0.0,0.0,0.0,4.992885139729214e-05,0.00010051116543730752,0.0,1.3221197825910997e-07,0.00019999999999997797,4.992885139729214e-05,49928.851397292136,1,0.0,0.0,9.999999999998899e-05,0.00020000000000042206,1.0450109329224873e-08,14982.520802166831,-0.46226415368199514,False,1.0,1.0,0.00020000000000042206,1.389e-05,1.0009,1.00144903,-0.0005490300000001724,120994785.9,0.0001051205371938168,1.8249,1.389e-05,1,2,False,0.6176822876765394,0.5447926749360859,59,25,5,2,0,9,0,False,0,4010729317
1779859560000,1779859561047,9,117,True,1.0014,1.0014,1.0014,1.0014,103.7,0.0,103.7,2,0,2,1.0014,1.0015,9.999999999998899e-05,1.0014500000000002,1.001499455104959,1.0015278599948618,54713.299999999996,227336.8,503838.0,101566.7,286705.1,669961.4,503838.0,669961.4,-0.1415262267130141,-0.9999999999903567,-0.22133421082118074,-3.4098503164985924e-09,2.78608818284626e-09,-6.195938499344852e-09,0.42923688664349263,-0.9891021008095474,0.7520403414286244,0.0,103.7,-103.7,31863.50000000003,1.5029876646665294,51.849999974075,76.7,-103.7,1.3306829095720227,2.9585798729036092,-4.9928851397266924e-05,0.00010112931764655747,0.0,1.347048684609616e-07,0.00029999999999996696,-9.985770279455906e-05,4.814739768253177e-07,1,0.0,0.00010000000000021103,9.999999999998899e-05,-0.00010000000000021103,1.046064082422042e-08,17478.96337203017,-0.36296295401449896,False,1.0,1.0,-0.00020000000000042206,1.389e-05,1.0009,1.00144903,-0.0005490300000001724,120994785.9,0.0001051205371938168,1.8249,1.389e-05,1,1,False,0.6096156411657558,0.5266295013476957,0,26,5,2,0,8,2,False,0,3425803217
1779859561000,1779859562046,9,118,True,1.0014,1.0014,1.0014,1.0014,67.1,0.0,67.1,1,0,1,1.0013,1.0014,9.999999999998899e-05,1.00135,1.0013100636571237,1.0013594280041764,90513.2,276675.3,549664.0,75505.5,222254.8,562672.7,549664.0,562672.7,-0.011694930141206294,-0.9999999999850968,0.02652870518105537,-3.31538043714381e-09,3.090594882821385e-09,-6.405975319965195e-09,0.4941525349293964,0.7987268558129299,0.9768805204162189,0.0,67.1,-67.1,31796.40000000003,1.4864962658250038,67.09999993289999,67.1,-67.1,0.6727228465469963,1.0,0.0,0.00010051048378567859,0.0,1.3220923772442017e-07,0.00019999999999997797,4.9928851397266924e-05,0.0,1,0.0,0.00010000000000021103,9.999999999998899e-05,-0.00010000000000021103,1.0281513149185303e-08,17478.9633595411,-0.46363636517127566,False,1.0,1.0,-0.00020000000000042206,1.389e-05,1.0009,1.00144903,-0.0005490300000001724,120994785.9,0.0001051205371938168,1.8249,1.389e-05,1,2,False,0.6259858712001033,0.5319774400851933,1,26,5,2,0,10,1,False,0,1780624503
1779859562000,1779859563049,9,119,True,1.0013,1.0013,1.0013,1.0013,1450.7,0.0,1450.7,2,0,2,1.0013,1.0014,9.999999999998899e-05,1.00135,1.0013729740234165,1.001377824076922,81197.2,266344.1,534081.9,93320.0,233865.69999999998,544675.9,534081.9,544675.9,-0.009820554715803669,-0.9999999999993107,-0.045325930385018746,-3.367216140114479e-09,3.330633352652858e-09,-6.697849492767337e-09,0.4950897226420977,-0.4594804702312799,0.9805499013266402,0.0,1450.7,-1450.7,30345.70000000003,1.5033324538307413,725.349999637325,1440.5,-1450.7,1.330377717565592,1.7730496422463662,-9.986518208724995e-05,0.0001023534491049039,0.0,1.2721785157267142e-07,4.999999999988347e-05,-9.986518208724995e-05,6.883930660176542e-08,1,0.0,9.999999999976694e-05,9.999999999998899e-05,9.999999999976694e-05,1.0156950732884117e-08,14981.14894670386,-0.46363636517127566,False,1.0,1.0,0.0,1.389e-05,1.0009,1.00144903,-0.0005490300000001724,120994785.9,0.0001051205371938168,1.8249,1.389e-05,1,1,False,0.6511860793770754,0.5577791662464288,2,26,5,2,0,8,2,False,0,1644179586
1779859563000,1779859564002,9,120,True,1.0013,1.0013,1.0013,1.0013,51.2,0.0,51.2,1,0,1,1.0013,1.0014,9.999999999998899e-05,1.00135,1.0013736054163154,1.0013830467463543,80784.90000000001,266297.2,540292.8,98084.6,242735.3,572561.1,540292.8,572561.1,-0.02899598950050847,-0.9999999999804688,-0.06780732895876224,-3.3164993872317547e-09,3.16375613807961e-09,-6.480255525311365e-09,0.4855020052497454,-0.47210832820411236,0.9436421719882805,0.0,51.2,-51.2,30294.50000000003,1.4868297504264547,51.1999999488,51.2,-51.2,0.6725719599305883,1.0,0.0,9.988532154584527e-05,0.0,1.1723482990559966e-07,4.999999999988347e-05,9.986518208724995e-05,0.0,1,0.0,9.999999999976694e-05,9.999999999998899e-05,-9.999999999976694e-05,1.034230437020419e-08,14981.148946699328,-0.4818181793387087,False,1.0,1.0,-0.00019999999999953388,1.389e-05,1.0009,1.00144903,-0.0005490300000001724,120994785.9,9.540577418508851e-05,1.8249,1.389e-05,1,2,False,0.6753924361612904,0.5418523470427192,3,26,5,2,0,8,1,False,0,191274405
1779859564000,1779859565028,9,121,False,1.0013,1.0013,1.0013,1.0013,12.1,0.0,12.1,1,0,1,1.0013,1.0014,9.999999999998899e-05,1.00135,1.0013114195488104,1.0013615879578004,90259.0,275504.2,548496.6,77026.3,221403.8,548491.2,548496.6,548491.2,4.922570697708105e-06,-0.9999999999173553,0.031579136577698036,-3.319985698907035e-09,3.2039943770424185e-09,-6.523980075949454e-09,0.5000024612853485,0.7716090220257419,1.0000098451898571,0.0,12.1,-12.1,30282.40000000003,1.4708681192649316,12.099999987899999,12.1,-12.1,0.6798706058160271,1.0,0.0,9.735464229795609e-05,0.0,1.0725280559320933e-07,9.999999999998899e-05,0.0,0.0,1,0.0,9.999999999976694e-05,9.999999999998899e-05,9.999999999976694e-05,1.0572389468415186e-08,14981.148945866706,-0.6488095240042092,False,1.0,1.0,0.0,1.422e-05,1.00135138,1.00184454,-0.0004931599999999925,120995286.5,9.954353728289978e-05,1.8249,1.422e-05,1,2,False,0.6753924361612904,0.5418523470427192,4,26,5,2,0,9,1,False,0,3829579913
1779859565000,1779859566060,9,122,False,1.00135,1.00135,1.00135,1.00135,0.0,0.0,0.0,0,0,0,1.0013,1.0014,9.999999999998899e-05,1.00135,1.0013959960775178,1.0013808822500532,75726.7,263720.9,536683.3,88673.40000000001,228890.6,548269.0,536683.3,548269.0,-0.010678533977945338,0.0,-0.07650803544560267,-3.309745405644391e-09,3.290738102710693e-09,-6.600483508355084e-09,0.4946607330110269,-0.9199215558095223,0.9788685845816543,0.0,0.0,0.0,30282.40000000003,1.422642935026737,0.0,0.0,0.0,0.0,0.0,4.993383767528347e-05,9.541249620120473e-05,0.0,9.727277559164798e-08,4.999999999988347e-05,4.993383767528347e-05,49933.83767528347,1,0.0,0.0,9.999999999998899e-05,0.0,1.0572389468415186e-08,14981.148946071324,-0.6488095240042092,False,1.0,1.0,0.0,1.422e-05,1.00135138,1.00184454,-0.0004931599999999925,120995286.5,9.954353728289978e-05,1.8249,1.422e-05,1,2,False,0.6345372805154729,0.4988536919820133,5,26,5,2,0,9,0,False,0,2225854857
1779859566000,1779859567062,9,123,False,1.0013,1.0013,1.0013,1.0013,15.4,0.0,15.4,1,0,1,1.0013,1.0014,9.999999999998899e-05,1.00135,1.0013560051430248,1.0013796451634303,80236.40000000001,266969.2,539956.4,91730.1,235038.4,553947.9,539956.4,553947.9,-0.012790424171474586,-0.9999999999350649,-0.04051545079160236,-3.3124781688582195e-09,3.26141629845347e-09,-6.573894467311689e-09,0.49360478791426227,-0.12010286367386497,0.974742209511037,0.0,15.4,-15.4,30267.00000000003,1.4087857896160245,15.399999984599999,15.4,-15.4,0.7098311231281844,1.0,-4.99338376753774e-05,9.343052063606099e-05,0.0,8.978713069124149e-08,-4.999999999988347e-05,-9.986767535066088e-05,3.242456991697074e-06,1,0.0,9.999999999976694e-05,9.999999999998899e-05,9.999999999976694e-05,9.691072233620566e-09,17477.840829828147,-0.6488095240042092,False,1.0,1.0,0.0,1.422e-05,1.00135138,1.00184454,-0.0004931599999999925,120995286.5,9.954353728289978e-05,1.8249,1.422e-05,1,1,False,0.6389095077436105,0.48884950461252574,6,26,5,2,0,9,1,False,0,2172900591
1779859567000,1779859568040,9,124,False,1.0013,1.0013,1.0013,1.0013,9.6,0.0,9.6,1,0,1,1.0013,1.0014,9.999999999998899e-05,1.00135,1.0013459462253103,1.0013828648355076,81433.8,267487.8,540475.0,90641.0,242371.2,567555.6,540475.0,567555.6,-0.02444029975345442,-0.9999999998958333,-0.03364092839572703,-3.3194357912680074e-09,3.1441254387967292e-09,-6.463561230064736e-09,0.4877798501232723,0.08107549120991717,0.9522855558116228,0.0,9.6,-9.6,30257.40000000003,1.3953829768417287,9.599999990399999,9.6,-9.6,0.7166491320875386,1.0,0.0,9.072105893371824e-05,0.0,5.985302162708977e-08,-9.999999999998899e-05,4.99338376753774e-05,0.0,1,0.0,9.999999999976694e-05,9.999999999998899e-05,0.000700000000000145,9.396110638747265e-09,17477.840779880593,-0.6488095240042092,False,1.0,1.0,0.000600000000000378,1.422e-05,1.00135138,1.00184454,-0.0004931599999999925,120995286.5,9.954353728289978e-05,1.8249,1.422e-05,0,2,False,0.643348086821377,0.5017289961631289,7,26,5,2,0,9,1,False,0,3591618032
1779859568000,1779859569000,9,125,False,1.0014,1.0014,1.0013,1.0013,763.5,463.5,300.0,2,1,1,1.0012,1.0013,9.999999999998899e-05,1.0012500000000002,1.001296265582441,1.0013249651247391,56271.1,223784.6,526881.5,113118.4,252122.8,582204.5,526881.5,582204.5,-0.04988161423009573,0.21414538310384526,-0.126982100690536,-3.4061363897218343e-09,3.1688502146397274e-09,-6.574986604361561e-09,0.47505919288495174,-0.9253116497150922,0.9049766877445967,463.5,300.0,163.5,30420.90000000003,1.4152064857977376,381.749999809125,463.5,163.5,1.4132213345951412,71.42856632653098,0.0,6.116079332746776e-05,5.9975154031335864e-05,4.488933040347293e-08,-9.999999999998899e-05,0.0,0.0,1,-0.9999900000999989,9.999999999976694e-05,9.999999999998899e-05,-0.000700000000000145,9.497256684610644e-09,17477.84077864235,-0.6488095240042092,False,1.0,1.0,-0.0007999999999999119,1.422e-05,1.00135138,1.00184454,-0.0004931599999999925,120995286.5,0.0001026434582368857,1.8249,1.422e-05,0,2,False,0.6389095077436105,0.5140366633740873,8,26,5,2,0,7,2,False,0,328080906
1779859569000,1779859570098,9,126,False,1.0013,1.0014,1.0013,1.0014,3475.5,2632.6,842.9,3,2,1,1.0013,1.0014,9.999999999998899e-05,1.00135,1.0013707026006262,1.0014236907607177,65213.5,251382.8,526593.9,96573.2,231889.0,546576.7,526593.9,546576.7,-0.01862033864885966,0.5149474895696978,-0.05821866663685049,-3.3471553873101246e-09,3.3311902145825254e-09,-6.67834560189265e-09,0.4906898306755697,-0.41405201494427146,0.963440080779146,2632.6,842.9,1789.6999999999998,32210.60000000003,1.4671669288863363,1158.4999996138333,2512.5,1789.7,2.0447571022013253,7.936507873519779,9.986518208736372e-05,6.414525322645634e-05,5.9975154031335864e-05,3.7407671660269605e-08,-5.0000000000105516e-05,9.986518208736372e-05,2.8734047500312183e-08,1,0.9999900000999989,0.00010000000000021103,9.999999999998899e-05,-0.0002999999999997449,9.589016316166804e-09,17477.84077864649,-0.6488095240042092,False,1.0,1.0,-0.00039999999999995595,1.422e-05,1.00135138,1.00184454,-0.0004931599999999925,120994038.4,9.232712158112462e-05,1.8249,1.422e-05,0,2,False,0.6901050305403488,0.4753513119710881,9,26,5,2,0,10,3,False,0,2639738424
1779859570000,1779859571028,9,127,False,1.00135,1.00135,1.00135,1.00135,0.0,0.0,0.0,0,0,0,1.0013,1.0014,9.999999999998899e-05,1.00135,1.0013703172733972,1.0014256712118377,64568.100000000006,250358.4,526336.4,96789.3,231026.6,546630.5,526336.4,546630.5,-0.018914003777749305,0.0,-0.05933154544380058,-3.346645205847137e-09,3.3301385362093588e-09,-6.676783742056496e-09,0.49054299811112495,-0.4063454703231689,0.9628741901522125,0.0,0.0,0.0,32210.60000000003,1.419063095152358,0.0,0.0,0.0,0.0,0.0,-4.9931344411967865e-05,5.5829289469814374e-05,0.0,2.7428888699890507e-08,-5.0000000000105516e-05,-0.0001497965264993316,49931.34441196786,1,0.0,0.0,9.999999999998899e-05,0.00039999999999995595,9.589016316166804e-09,9986.64292209179,-0.6488095240042092,False,1.0,1.0,0.00039999999999995595,1.422e-05,1.00135138,1.00184454,-0.0004931599999999925,120994038.4,9.232712158112462e-05,1.8249,1.422e-05,0,1,True,0.7223421905073204,0.4874167032478806,10,26,5,2,0,8,0,False,0,1431186043
1779859571000,1779859572114,9,128,False,1.00135,1.00135,1.00135,1.00135,0.0,0.0,0.0,0,0,0,1.0013,1.0014,9.999999999998899e-05,1.00135,1.0013146666824848,1.001408318995237,69481.0,255097.5,531013.2,80527.5,209733.3,530019.4,531013.2,530019.4,0.0009366347461896357,0.0,0.019955440357963563,-3.353256568281783e-09,3.3634740303588472e-09,-6.7167305986406304e-09,0.5004683173730943,0.706666347912274,1.001875025706604,0.0,0.0,0.0,32210.60000000003,1.3725364362949035,0.0,0.0,0.0,0.0,0.0,0.0,5.116695790411821e-05,0.0,2.2440742568791454e-08,-5.0000000000105516e-05,4.9931344411967865e-05,0.0,1,0.0,0.0,9.999999999998899e-05,0.0,9.589016316166804e-09,9986.642922089899,-0.6488095240042092,False,1.0,1.0,0.0,1.422e-05,1.00135138,1.00184454,-0.0004931599999999925,120994038.4,9.232712158112462e-05,1.8249,1.422e-05,0,2,False,0.7223421905073204,0.47534489248814227,11,26,5,2,0,9,0,False,0,3550434641
1779859572000,1779859573008,9,129,False,1.0013,1.0017,1.0013,1.0017,8504.3,7135.1,1369.1999999999998,6,4,2,1.0016,1.0017,9.999999999998899e-05,1.0016500000000002,1.0016943673986098,1.0016988440325403,58932.299999999996,215451.2,468529.60000000003,93623.9,242274.2,592052.6,468529.60000000003,592052.6,-0.11646716303554769,0.6779981891512908,-0.1775629835255738,-3.744551412097215e-09,3.180895084495621e-09,-6.925446496592836e-09,0.44176641848222575,-0.8873479737661113,0.7913648213013493,7135.1,1369.1999999999998,5765.900000000001,37976.50000000003,1.5242565531376935,1417.3833330971026,3461.1,5765.9,3.936345219387517,11.709601736421526,0.0003494670662860932,9.273470111141304e-05,0.00023986468791872565,2.2440742568791454e-08,0.00039999999999995595,0.0003494670662860932,4.1092984288660104e-08,1,0.99999750000625,9.999999999976694e-05,9.999999999998899e-05,0.000300000000000189,1.0051791189692541e-08,27459.996236338826,-0.6488095240042092,False,1.0,1.0,0.00020000000000042206,1.422e-05,1.00135138,1.00184454,-0.0004931599999999925,120994038.4,9.232712158112462e-05,1.8249,1.422e-05,1,2,False,0.8388685020468998,0.40466271787516434,12,26,5,2,0,8,6,False,0,669726785
1779859573000,1779859574076,9,130,False,1.0017,1.0017,1.0017,1.0017,205.2,205.2,0.0,1,1,0,1.0016,1.0017,9.999999999998899e-05,1.0016500000000002,1.001692255462394,1.001744456644402,65013.3,224620.7,474960.8,117682.9,283443.3,651295.4,474960.8,651295.4,-0.15656704043005482,0.9999999999951268,-0.1982607909618494,-3.7666924253959555e-09,2.891135305305708e-09,-6.657827730701663e-09,0.42171647978497223,-0.8451092496564422,0.7292555728168804,205.2,0.0,205.2,38181.700000000026,1.507067813690556,205.19999979479996,205.2,205.2,0.663540147465314,1.0,0.0,9.273470111141304e-05,0.0,2.2440742568791454e-08,0.00039999999999995595,-0.0003494670662860932,0.0,1,0.0,9.999999999976694e-05,9.999999999998899e-05,-0.0004999999999997229,1.0889084981491198e-08,27459.996236338826,-0.6488095240042092,False,1.0,1.0,-0.0005999999999994898,1.422e-05,1.00135138,1.00184454,-0.0004931599999999925,120994038.4,8.91065439815314e-05,1.8249,1.422e-05,1,1,False,0.8376298362606812,0.39954504796200174,13,26,5,2,0,10,1,False,0,3797694133
1779859574000,1779859575031,9,131,False,1.0016,1.0016,1.0016,1.0016,1515.2,0.0,1515.2,1,0,1,1.0015,1.0016,9.999999999998899e-05,1.00155,1.0015797930254708,1.001644924322735,67704.9,211988.1,464698.9,120541.9,258732.0,628935.4,464698.9,628935.4,-0.15017497165185825,-0.9999999999993401,-0.16392232685350422,-3.802205623647357e-09,3.0349486162662885e-09,-6.837154239913645e-09,0.42491251417407044,-0.5958605108770472,0.7388658676232873,0.0,1515.2,-1515.2,36666.50000000003,1.4904426394711936,1515.1999984847998,1515.2,-1515.2,0.670941620191339,1.0,-9.983527188448842e-05,9.472795022571913e-05,0.0,1.7453094629563565e-08,0.00029999999999996696,-9.983527188448842e-05,6.588917099024718e-08,1,0.0,0.00010000000000021103,9.999999999998899e-05,0.0006999999999997009,2.4355983697717e-08,24963.05498886377,-0.6488095240042092,False,1.0,1.0,0.0005999999999994898,1.422e-05,1.00135138,1.00184454,-0.0004931599999999925,120993785.5,8.70161721053999e-05,1.8249,1.422e-05,1,1,False,0.8549546002225173,0.40930434483670836,14,26,5,2,0,8,1,False,0,1572767269
1779859575000,1779859576068,9,132,False,1.00155,1.00155,1.00155,1.00155,0.0,0.0,0.0,0,0,0,1.0015,1.0016,9.999999999998899e-05,1.00155,1.001532193454656,1.0016134189066224,80493.7,224046.1,486213.1,103496.7,238344.9,600958.6,486213.1,600958.6,-0.1055449658963712,0.0,-0.079656761478654,-3.6957829431286362e-09,3.151062039787651e-09,-6.846844982916287e-09,0.44722751705181396,0.3561309050048826,0.8090625543922645,0.0,0.0,0.0,36666.50000000003,1.441575667685253,0.0,0.0,0.0,0.0,0.0,-4.992137384663694e-05,9.273208393875168e-05,0.0,1.744985872600165e-08,0.00019999999999997797,4.9913898037851474e-05,49921.37384663694,1,0.0,0.0,9.999999999998899e-05,0.001000000000000334,2.4355983697717e-08,24963.05498886517,-0.6488095240042092,False,1.0,1.0,0.001000000000000334,1.422e-05,1.00135138,1.00184454,-0.0004931599999999925,120993785.5,8.70161721053999e-05,1.8249,1.422e-05,1,2,False,0.8656937026107089,0.4441898923109402,15,26,5,2,0,9,0,False,0,3546536256
1779859576000,1779859577026,9,133,False,1.0016,1.0017,1.0016,1.0016,15166.9,5414.2,9752.7,5,3,2,1.0015,1.0016,9.999999999998899e-05,1.00155,1.0015301074813647,1.0016002512251279,68006.9,210002.0,469039.7,94198.2,236812.4,592398.7,469039.7,592398.7,-0.11621870849971119,-0.28605054427732196,-0.1090658368150498,-3.767043977390666e-09,3.2414726853524115e-09,-7.008516662743078e-09,0.441890645750144,0.3978503705893112,0.7917635538362917,5414.2,9752.7,-4338.500000000001,32328.00000000003,1.5582453179250806,3033.379999393324,5549.7,-4338.5,3.208737378687673,18.86792417230332,4.9921373846783295e-05,9.273174840750133e-05,5.995719112379052e-05,1.7448738645975094e-08,0.00029999999999996696,9.984274769342024e-05,3.2914685167555665e-09,1,0.0,0.00010000000000021103,9.999999999998899e-05,0.0009000000000001229,1.816252206852247e-08,27459.123681198726,-0.6488095240042092,False,1.0,1.0,0.0007999999999999119,1.422e-05,1.00135138,1.00184454,-0.0004931599999999925,120993785.5,8.70161721053999e-05,1.8249,1.422e-05,1,2,False,0.9920366267581503,0.40930602504933966,16,26,5,2,0,8,5,False,0,2467767868
1779859577000,1779859578028,9,134,False,1.00155,1.00155,1.00155,1.00155,0.0,0.0,0.0,0,0,0,1.0015,1.0016,9.999999999998899e-05,1.00155,1.0015298032001128,1.001611364320412,69546.8,208712.6,469154.1,99562.3,244015.5,602345.9,469154.1,602345.9,-0.12430405972935131,0.0,-0.10857667185867244,-3.781812463165629e-09,3.1553537245345916e-09,-6.937166187700221e-09,0.4378479701353239,0.40393599565217714,0.7788782159885195,0.0,0.0,0.0,32328.00000000003,1.5071553075013076,0.0,0.0,0.0,0.0,0.0,-4.992137384663694e-05,9.27314800017244e-05,0.0,1.9940882212718086e-08,0.00024999999999986144,-9.984274769342024e-05,49921.37384663694,1,0.0,0.0,9.999999999998899e-05,0.001000000000000334,1.816252206852247e-08,24962.556460606833,-0.6488095240042092,False,1.0,1.0,0.001000000000000334,1.422e-05,1.00135138,1.00184454,-0.0004931599999999925,120993785.5,8.70161721053999e-05,1.8249,1.422e-05,1,1,False,0.9899181712951528,0.4253772353701821,17,26,5,2,0,9,0,False,0,2875789527
1779859578000,1779859579081,9,135,False,1.0016,1.0019,1.0016,1.0019,62697.3,62625.4,71.9,5,4,1,1.0019,1.002,9.999999999998899e-05,1.00195,1.0019224228694597,1.0020185977690044,78584.40000000001,209413.6,448766.6,82905.40000000001,276174.8,595440.6,448766.6,595440.6,-0.14046445954404438,0.997706440309216,-0.1478033632761904,-4.4424408610705445e-09,2.9246059594655744e-09,-7.367046820536119e-09,0.4297677702279773,0.5515426103918725,0.7536714829321333,62625.4,71.9,62553.5,94881.50000000003,1.6216748056160188,12539.459997492108,27786.2,62553.5,3.083232211292472,10.050251155273857,0.00034939729322992243,0.00012125613720191665,0.00017985361883151237,3.7383275109052074e-08,0.0005999999999999339,0.00039931866707655937,5.572764588425927e-09,1,0.9999966666777776,9.999999999976694e-05,9.999999999998899e-05,-0.000300000000000189,5.220546586748206e-09,42432.421122102955,-0.6488095240042092,False,1.0,1.0,-0.00039999999999995595,1.422e-05,1.00135138,1.00184454,-0.0004931599999999925,120993785.5,8.88273273485614e-05,1.8249,1.422e-05,2,2,False,0.4537906647494204,0.34288448067425753,18,26,5,2,0,10,5,False,0,3982471287
1779859579000,1779859580014,9,136,False,1.00195,1.00195,1.00195,1.00195,0.0,0.0,0.0,0,0,0,1.0019,1.002,9.999999999998899e-05,1.00195,1.0019223427439736,1.0020342278710663,79250.5,208850.0,448426.9,102072.2,310455.1,644110.7,448426.9,644110.7,-0.17910944209151222,0.0,-0.19774618991666298,-4.45331003819393e-09,2.726077381374444e-09,-7.179387419568374e-09,0.41044527895424343,0.5531451201135641,0.6961953900160319,0.0,0.0,0.0,94881.50000000003,1.5685051398581167,0.0,0.0,0.0,0.0,0.0,4.990393493560853e-05,0.00012125562434435882,0.0,5.2326684695224236e-08,0.0005499999999998284,-0.0002994933582943139,49903.93493560853,1,0.0,0.0,9.999999999998899e-05,-0.000600000000000378,5.220546586748206e-09,42432.42112208636,-0.6488095240042092,False,1.0,1.0,-0.000600000000000378,1.422e-05,1.00135138,1.00184454,-0.0004931599999999925,120989821.7,5.6064057091535164e-05,1.8249,1.422e-05,2,1,False,0.8378605945168909,0.4197136053325622,19,26,5,2,0,8,0,False,0,1683269178
1779859580000,1779859581039,9,137,False,1.002,1.0022,1.002,1.0021,13426.7,7433.5,5993.2,4,3,1,1.002,1.0021,9.999999999998899e-05,1.00205,1.0020934555338394,1.002125414369774,82117.9,199221.3,414051.6,111024.8,278617.8,596684.0,414051.6,596684.0,-0.1806925569852292,0.10727133249420132,-0.22096573087306615,-4.595741741167305e-09,2.992800710669004e-09,-7.58854245183631e-09,0.4096537215073849,-0.8691106789439385,0.6939210704493488,7433.5,5993.2,1440.3000000000002,96321.80000000003,1.6482262828135883,3356.6749991608312,5993.2,1440.3000000000002,2.426851239591319,999.9990000010001,0.00014969686413027054,0.00012529461074431566,0.00011986053415555255,5.97971472628459e-08,0.0007500000000000284,9.9792929194662e-05,1.1149192588667311e-08,1,0.4999975000125,9.999999999976694e-05,9.999999999998899e-05,-0.000300000000000189,5.517804328755669e-09,47420.821758736536,-0.6488095240042092,False,1.0,1.0,-0.00039999999999995595,1.422e-05,1.00135138,1.00184454,-0.0004931599999999925,120989821.7,5.6064057091535164e-05,1.8249,1.422e-05,2,2,False,0.8913946742641904,0.4952000013875793,20,26,5,2,0,9,4,False,0,877807224
1779859581000,1779859582006,9,138,False,1.00205,1.00205,1.00205,1.00205,0.0,0.0,0.0,0,0,0,1.002,1.0021,9.999999999998899e-05,1.00205,1.0020829545345573,1.002133593221633,82384.8,204946.0,421375.3,119599.4,297358.0,620255.5,421375.3,620255.5,-0.19093156615568568,0.0,-0.23252357901735193,-4.508139864900878e-09,2.891416093762484e-09,-7.399555958663362e-09,0.40453421692215663,-0.6590906930541858,0.679357619561615,0.0,0.0,0.0,96321.80000000003,1.5941860768197,0.0,0.0,0.0,0.0,0.0,-4.9896464845741426e-05,0.00012579039049853805,0.0,6.726649158143966e-08,0.000700000000000145,-0.00019959332897601196,49896.46484574142,1,0.0,0.0,9.999999999998899e-05,0.00039999999999995595,5.517804328755669e-09,47420.82175873672,-0.6488095240042092,False,1.0,1.0,0.00039999999999995595,1.422e-05,1.00135138,1.00184454,-0.0004931599999999925,120989821.7,5.6064057091535164e-05,1.8249,1.422e-05,2,1,False,0.9149974130194014,0.428890832808975,21,26,5,2,0,9,0,False,0,3930023941
1779859582000,1779859583025,9,139,False,1.0021,1.0021,1.0021,1.0021,4525.6,4525.6,0.0,3,3,0,1.002,1.0021,9.999999999998899e-05,1.00205,1.002068229634409,1.002127685677172,87083.8,209652.0,419885.3,117541.5,292321.2,611677.7,419885.3,611677.7,-0.18592407831610844,0.999999999999779,-0.20944852117597174,-4.583670471229308e-09,2.932302881621161e-09,-7.51597335285047e-09,0.40703796084194527,-0.36459269018101237,0.6864485986656033,4525.6,0.0,4525.6,100847.40000000004,1.6402783365961033,1508.533332830489,3793.5,4525.6,1.8289578855236397,3.8759689772249257,4.989646484568392e-05,0.00012429421737278668,0.0,6.97561487855391e-08,0.00039999999999995595,9.979292969142535e-05,1.102538113082749e-08,1,0.0,9.999999999976694e-05,9.999999999998899e-05,-0.000300000000000189,5.60066978657905e-09,49915.6450009465,-0.6488095240042092,False,1.0,1.0,-0.00039999999999995595,1.422e-05,1.00135138,1.00184454,-0.0004931599999999925,120989821.7,5.6064057091535164e-05,1.8249,1.422e-05,2,2,False,0.9779681506036022,0.4250848922103417,22,26,5,2,0,9,3,False,0,2976656478
1779859583000,1779859584008,9,140,False,1.0021,1.0021,1.002,1.0021,12966.3,9954.3,3012.0,5,3,2,1.002,1.0021,9.999999999998899e-05,1.00205,1.002094024952357,1.0021307141236073,82423.2,203780.9,415814.2,122045.6,296779.7,616205.7,415814.2,616205.7,-0.19417406582954433,0.535411027046996,-0.2410373659604471,-4.594033096526731e-09,2.930775896090437e-09,-7.524808992617168e-09,0.40291296708522734,-0.8804990488594129,0.6747977177101726,9954.3,3012.0,6942.299999999999,107789.70000000004,1.7504331452322968,2593.2599994813477,7908.9,6942.3,2.856435854612444,5.347593554290944,0.0,0.00012429421737278665,5.993325731171067e-05,6.97561487855391e-08,0.00039999999999995595,-4.989646484568392e-05,0.0,1,0.0,9.999999999976694e-05,9.999999999998899e-05,-0.000300000000000189,5.921390263789913e-09,49915.6450009465,-0.6488095240042092,False,1.0,1.0,-0.00039999999999995595,1.422e-05,1.00135138,1.00184454,-0.0004931599999999925,120989821.7,5.732546322963664e-05,1.8249,1.422e-05,2,1,False,1.0451418448951488,0.42508489221034174,23,26,5,2,0,8,5,False,0,3190918547
1779859584000,1779859585002,9,141,False,1.0022,1.0023,1.0022,1.0022,9288.9,7841.8,1447.1,3,2,1,1.0022,1.0023,9.999999999998899e-05,1.00225,1.0022778821510325,1.0022901635018624,83168.8,218851.19999999998,431649.89999999997,99508.0,252526.9,570101.0,431649.89999999997,570101.0,-0.1382091096698789,0.6884238176747852,-0.15719101277143382,-4.269787335613409e-09,3.086242532669698e-09,-7.356029868283107e-09,0.43089544516506006,-0.5576430226977448,0.7571463652931659,7841.8,1447.1,6394.700000000001,114184.40000000004,1.7914025503066477,3096.2999989678997,7091.8,6394.700000000001,1.6746654724879129,2.75482092905008,9.978546134116072e-05,0.00012628107295658742,5.9921297569567624e-05,6.97561487855391e-08,0.0005999999999999339,9.978546134116072e-05,1.0742441122323416e-08,1,0.0,0.00010000000000021103,9.999999999998899e-05,-0.00010000000000021103,6.521191796042359e-09,49915.64500094688,-0.6488095240042092,False,1.0,1.0,-0.00020000000000042206,1.422e-05,1.00135138,1.00184454,-0.0004931599999999925,120944249.0,-0.00031936169801891247,1.8249,1.422e-05,2,2,False,1.1241101293209204,0.42504077408241514,24,26,5,2,0,10,3,False,0,1457014404
1779859585000,1779859586080,9,142,False,1.0022,1.0022,1.0022,1.0022,993.2,0.0,993.2,1,0,1,1.0022,1.0023,9.999999999998899e-05,1.00225,1.002277235608327,1.002276245878305,81981.6,219836.4,435417.8,89216.9,254441.5,570098.1,435417.8,570098.1,-0.13394149212359532,-0.9999999999989931,-0.14870207449609305,-4.2158091273485505e-09,3.04268773473538e-09,-7.258496862083931e-09,0.43302925393820185,-0.5447121685653247,0.7637594301752614,0.0,993.2,-993.2,113191.20000000004,1.7654549257064298,993.1999990068,993.2,-993.2,0.5664262422522248,1.0,0.0,0.0001257864856803698,0.0,6.726276064055285e-08,0.0006500000000000394,-9.978546134116072e-05,0.0,1,0.0,0.00010000000000021103,9.999999999998899e-05,0.00010000000000021103,6.463596633923106e-09,49915.645000740544,-0.6488095240042092,False,1.0,1.0,0.0,1.422e-05,1.00135138,1.00184454,-0.0004931599999999925,120944249.0,-0.00031936169801891247,1.8249,1.422e-05,2,1,False,1.0699143582676833,0.42504077408241514,25,26,5,2,0,10,1,False,0,3968018338
1779859586000,1779859587004,9,143,False,1.00225,1.00225,1.00225,1.00225,0.0,0.0,0.0,0,0,0,1.0022,1.0023,9.999999999998899e-05,1.00225,1.0022781377379624,1.00227361268847,83217.1,219837.9,436770.5,89626.2,254671.4,569519.0,436770.5,569519.0,-0.13191879672797924,0.0,-0.1483925221608767,-4.204993696215248e-09,3.050092854330306e-09,-7.255086550545554e-09,0.4340406016360099,-0.5627547611900736,0.7669112005042837,0.0,0.0,0.0,113191.20000000004,1.7075711576504813,0.0,0.0,0.0,0.0,0.0,4.988899699224723e-05,0.00012578559604983774,0.0,6.726276064055285e-08,0.0006500000000000394,4.988899699224723e-05,49888.99699224723,1,0.0,0.0,9.999999999998899e-05,0.0,6.463596633923106e-09,47418.95311697418,-0.6488095240042092,False,1.0,1.0,0.0,1.422e-05,1.00135138,1.00184454,-0.0004931599999999925,120944249.0,-0.00031936169801891247,1.8249,1.422e-05,2,2,False,1.0873791340227486,0.420868739713498,26,26,5,2,0,8,0,False,0,2868924522
1779859587000,1779859588018,9,144,False,1.00225,1.00225,1.00225,1.00225,0.0,0.0,0.0,0,0,0,1.0022,1.0023,9.999999999998899e-05,1.00225,1.0022695419398793,1.0022849197874342,87716.1,224336.9,444706.3,93870.20000000001,251712.1,566654.4,444706.3,566654.4,-0.12057824671257239,0.0,-0.12027713959784896,-4.161456824296896e-09,3.0568292787366555e-09,-7.218286103033552e-09,0.43971087664371333,-0.39083879984666803,0.7847928119855756,0.0,0.0,0.0,113191.20000000004,1.6515852180553836,0.0,0.0,0.0,0.0,0.0,0.0,0.00012578559604983774,0.0,6.726276064055285e-08,0.000700000000000145,-4.988899699224723e-05,0.0,1,0.0,0.0,9.999999999998899e-05,0.0,6.463596633923106e-09,47418.95311697418,-0.6488095240042092,False,1.0,1.0,0.0,1.422e-05,1.00135138,1.00184454,-0.0004931599999999925,120944249.0,-0.00031936169801891247,1.8249,1.422e-05,2,1,False,1.093323120210561,0.420868739713498,27,26,5,2,0,9,0,False,0,3140045250
1779859588000,1779859589056,9,145,False,1.0023,1.0023,1.0023,1.0023,68.3,68.3,0.0,1,1,0,1.0022,1.0023,9.999999999998899e-05,1.00225,1.0022382349190402,1.002251221610296,97111.3,232342.0,450917.8,77261.0,232198.0,546198.6,450917.8,546198.6,-0.09555634628013329,0.9999999999853587,-0.05540305373157258,-4.166583152830515e-09,3.1353073333136246e-09,-7.3018904861441396e-09,0.45222182685993284,0.23530161736847632,0.8255564917229724,68.3,0.0,68.3,113259.50000000004,1.630221768283076,68.29999993169999,68.3,68.3,0.6134134746831229,1.0,4.988650820400088e-05,0.00012627925149703866,0.0,6.726276064055285e-08,0.00039999999999995595,4.988650820400088e-05,7.304027555383671e-07,1,0.0,9.999999999976694e-05,9.999999999998899e-05,9.999999999976694e-05,6.305133523535413e-09,49913.278527174225,-0.6488095240042092,False,1.0,1.0,0.0,1.422e-05,1.00135138,1.00184454,-0.0004931599999999925,120944249.0,-0.0003471105342498914,1.8249,1.422e-05,2,2,False,1.099329294277145,0.4264961515313776,28,26,5,2,0,9,1,False,0,3704876483
1779859589000,1779859589998,9,146,False,1.0022,1.0022,1.0022,1.0022,5.6,0.0,5.6,1,0,1,1.0022,1.0023,9.999999999998899e-05,1.00225,1.002238147854297,1.0022536653355916,96695.5,231508.2,456966.4,77827.40000000001,227792.80000000002,539106.1,456966.4,539106.1,-0.08246357569353623,-0.9999999998214285,-0.04782547154185205,-4.104655348265266e-09,3.1913305885529314e-09,-7.295985936818198e-09,0.4587682121532314,0.23704291223365728,0.8476372276255066,0.0,5.6,-5.6,113253.90000000004,1.6095587594869096,5.599999994399999,5.6,-5.6,0.6212882838135644,1.0,-9.977550519626763e-05,0.00012627570708906663,0.0,6.725380939751675e-08,0.0002500000000000835,-0.0001496620134002685,1.781705449615189e-05,1,0.0,0.00010000000000021103,9.999999999998899e-05,0.0002999999999997449,6.491396289168985e-09,49913.278527240735,-0.6488095240042092,False,1.0,1.0,0.00019999999999953388,1.422e-05,1.00135138,1.00184454,-0.0004931599999999925,120944658.5,-0.0003437258519551903,1.8249,1.422e-05,2,1,False,1.1177264785122492,0.41937442821339027,29,26,5,2,0,8,1,False,0,1407587165
1779859590000,1779859591054,9,147,False,1.00225,1.00225,1.00225,1.00225,0.0,0.0,0.0,0,0,0,1.0022,1.0023,9.999999999998899e-05,1.00225,1.0022047348120562,1.0022491414834787,99626.7,234375.0,463168.8,70265.2,209321.5,523592.0,463168.8,523592.0,-0.061233887685850454,0.0,0.012101213655683552,-4.0706715937053905e-09,3.2616159694307945e-09,-7.3322875631361846e-09,0.4693830561570742,0.905303756738807,0.8845986951672278,0.0,0.0,0.0,113253.90000000004,1.5567863411430765,0.0,0.0,0.0,0.0,0.0,4.988899699224723e-05,0.00012627487020048386,0.0,7.22315092761533e-08,0.0001500000000000945,0.00014966450218851488,49888.99699224723,1,0.0,0.0,9.999999999998899e-05,-0.00039999999999995595,6.491396289168985e-09,49913.278527685456,-0.6488095240042092,False,1.0,1.0,-0.00039999999999995595,1.422e-05,1.00135138,1.00184454,-0.0004931599999999925,120944658.5,-0.0003437258519551903,1.8249,1.422e-05,2,2,False,1.12398680711144,0.4193845515014496,30,26,5,2,0,9,0,False,0,2429243378
1779859591000,1779859592002,9,148,False,1.0022,1.0022,1.0022,1.0022,32.6,0.0,32.6,1,0,1,1.0022,1.0023,9.999999999998899e-05,1.00225,1.0022069389943924,1.0022545593151457,96660.9,234285.4,461386.10000000003,71834.8,207469.0,520043.4,461386.10000000003,520043.4,-0.05976720691603414,-0.9999999999693253,0.00917367687010126,-4.069085904233266e-09,3.2978606454094345e-09,-7.3669465496427e-09,0.47011639654198245,0.8612201100391489,0.8872069138844934,0.0,32.6,-32.6,113221.30000000003,1.538531051269533,32.5999999674,32.6,-32.6,0.6499706317430969,1.0,-4.98889969921922e-05,0.00012676666929912372,0.0,7.4720421297043e-08,0.00014999999999987246,-9.977799398443944e-05,1.5303373310018978e-06,1,0.0,0.00010000000000021103,9.999999999998899e-05,-0.0002999999999997449,6.217177260228512e-09,52407.72837729507,-0.6488095240042092,False,1.0,1.0,-0.00039999999999995595,1.422e-05,1.00135138,1.00184454,-0.0004931599999999925,120944658.5,-0.0003437258519551903,1.8249,1.422e-05,2,1,False,1.1177264785122492,0.4380706201880722,31,26,5,2,0,9,1,False,0,3762872363
1779859592000,1779859592998,9,149,False,1.0022,1.0022,1.0022,1.0022,60.1,0.0,60.1,1,0,1,1.0022,1.0023,9.999999999998899e-05,1.00225,1.0022091030431433,1.002254390783149,96672.9,232859.3,460018.7,72166.0,208233.0,520816.3,460018.7,520816.3,-0.06198555312565305,-0.9999999999833611,0.0036959608264822918,-4.082951894084897e-09,3.295751290063294e-09,-7.378703184148191e-09,0.46900722343717294,0.8179391350773318,0.8832647902917,0.0,60.1,-60.1,113161.20000000003,1.520874295490204,60.099999939899995,60.1,-60.1,0.6575165365788277,1.0,0.0,9.981696711613194e-05,0.0,7.472042129704301e-08,9.999999999998899e-05,4.98889969921922e-05,0.0,1,0.0,0.00010000000000021103,9.999999999998899e-05,-0.00010000000000021103,6.216271979451387e-09,34934.3750629904,-0.6488095240042092,False,1.0,1.0,-0.00020000000000042206,1.422e-05,1.00135138,1.00184454,-0.0004931599999999925,120944658.5,-0.0003437258519551903,1.8249,1.422e-05,1,2,False,1.1303118799444394,0.4380706201880722,32,26,5,2,0,9,1,False,0,403495029
1779859593000,1779859594000,9,150,False,1.0022,1.0022,1.0022,1.0022,6.1,0.0,6.1,1,0,1,1.0022,1.0023,9.999999999998899e-05,1.00225,1.0022094794907905,1.00225468288233,98160.3,232681.0,458648.7,73903.6,212613.2,524450.1,458648.7,524450.1,-0.06693264196843683,-0.9999999998360656,-0.0035838226793765094,-4.107577897371817e-09,3.2794789198801114e-09,-7.387056817251929e-09,0.466533679015781,0.8104101821318777,0.8745325818414357,0.0,6.1,-6.1,113155.10000000002,1.5037964497364267,6.099999993899999,6.1,-6.1,0.6649836149768064,1.0,0.0,9.981696711613192e-05,0.0,7.472042129704301e-08,9.999999999998899e-05,0.0,0.0,1,0.0,0.00010000000000021103,9.999999999998899e-05,-0.00010000000000021103,6.240424238881443e-09,34934.37506299041,-0.6488095240042092,False,1.0,1.0,-0.00020000000000042206,1.422e-05,1.00135138,1.00184454,-0.0004931599999999925,120944658.5,-0.0003437258519551903,1.8249,1.422e-05,1,2,False,1.1367021066578002,0.4330888984245309,33,26,5,2,0,9,1,False,0,29732730
1779859594000,1779859595002,9,151,False,1.0023,1.0024,1.0023,1.0023,2348.6,2287.3,61.3,3,2,1,1.0023,1.0024,9.999999999998899e-05,1.0023499999999999,1.0023440323971402,1.0023489391235971,91391.8,226664.8,449076.4,90655.8,243162.0,576307.5,449076.4,576307.5,-0.12408142940414789,0.9477986885800274,-0.11836389122761204,-4.1411252578108886e-09,3.0830434404681803e-09,-7.224168698279069e-09,0.43795928529792555,0.11935205522433717,0.7792305323113081,2287.3,61.3,2226.0,115381.10000000002,1.552852303843429,782.866666405711,1364.5,2226.0,1.931928742123665,2.8530670389356145,9.977550519619214e-05,9.98139790836346e-05,5.991531948833706e-05,6.973650736621682e-08,9.999999999998899e-05,9.977550519619214e-05,4.248297078947018e-08,1,0.0,9.999999999976694e-05,9.999999999998899e-05,9.999999999976694e-05,5.954080506065168e-09,34934.37506378391,-0.6488095240042092,False,1.0,1.0,0.0,1.422e-05,1.00242931,1.00294128,-0.0005119700000000282,120943970.5,-0.00034941244882638535,1.8249,1.422e-05,1,2,False,1.1397690177903768,0.42577046353079406,34,26,5,2,0,9,3,False,0,4150065377
1779859595000,1779859596038,9,152,False,1.0024,1.0024,1.0024,1.0024,121.3,121.3,0.0,1,1,0,1.0024,1.0025,9.999999999998899e-05,1.00245,1.0024090428582682,1.002482703120158,164817.5,305772.7,520170.1,120429.90000000001,286204.9,626220.0,520170.1,626220.0,-0.09250769000883724,0.9999999999917559,-0.12386684431604644,-4.088154494726791e-09,2.963223287660545e-09,-7.051377782387336e-09,0.4537461549955809,0.8191428331025203,0.8306507297754768,121.3,0.0,121.3,115502.40000000002,1.5347259987993822,121.29999987869999,121.3,121.3,0.6515821065979979,1.0,9.976555103800339e-05,0.00010166553742968795,0.0,7.71985220554671e-08,0.00019999999999997797,-9.954158188758594e-09,8.224695056651354e-07,1,0.0,0.00010000000000021103,9.999999999998899e-05,0.0002999999999997449,5.764999125618106e-09,34934.375063784384,-0.6488095240042092,False,1.0,1.0,0.00019999999999953388,1.422e-05,1.00242931,1.00294128,-0.0005119700000000282,120943970.5,-0.00034941244882638535,1.8249,1.422e-05,1,1,False,1.12398680711144,0.4324706663400562,35,26,5,2,0,8,1,False,0,518059597
1779859596000,1779859597018,9,153,False,1.0025,1.0025,1.0018,1.002,153032.69999999998,503.2,152529.5,10,3,7,1.002,1.0021,9.999999999998899e-05,1.00205,1.0020099640428903,1.002088495076684,89811.5,225128.8,482202.9,94627.8,229382.2,528446.3,482202.9,528446.3,-0.045756133780148416,-0.9934236277605965,-0.01543659128217969,-4.029835904147014e-09,3.4433943593609174e-09,-7.47323026350793e-09,0.4771219331099253,0.800719140672351,0.9124917706870103,503.2,152529.5,-152026.3,-36523.899999999965,1.8122759660518615,15303.269998469672,102969.2,-152026.3,5.517923418842,30.927834095015434,-0.000399121937048441,0.0001348191023341824,0.000419490954615253,1.1452499846971711e-07,-0.0002500000000000835,-0.0004988874880864444,2.60808269767467e-09,1,-0.7142846938790087,0.00010000000000021103,9.999999999998899e-05,0.000500000000000167,1.479620335580172e-09,32438.30637160973,-0.6488095240042092,False,1.0,1.0,0.00039999999999995595,1.422e-05,1.00242931,1.00294128,-0.0005119700000000282,120943970.5,-0.00034941244882638535,1.8249,1.422e-05,2,1,False,0.2835612763319019,0.41706869040863664,36,26,5,2,0,10,10,False,0,2510095814
1779859597000,1779859598116,9,154,False,1.0021,1.0021,1.0021,1.0021,1140.6,1140.6,0.0,1,1,0,1.0021,1.0022,9.999999999998899e-05,1.0021499999999999,1.002153456888863,1.002208262198146,63393.2,197468.9,424310.2,91886.3,235375.80000000002,524357.3,424310.2,524357.3,-0.10546065929316639,0.9999999999991233,-0.11010643967953597,-4.24774477749051e-09,3.4938180717296104e-09,-7.74156284922012e-09,0.4472696703534163,-0.06913777981160692,0.8092005203322222,1140.6,0.0,1140.6,-35383.29999999997,1.7856439671649151,1140.5999988593999,1140.6,1140.6,0.5600220524518602,1.0,9.979541947313105e-05,0.0001361966940246674,0.0,1.369131467020609e-07,-0.0001500000000000945,0.000498917356521572,8.749379227866348e-08,1,0.0,9.999999999976694e-05,9.999999999998899e-05,-0.000300000000000189,1.5342868372550366e-09,32438.30637160961,-0.6488095240042092,False,1.0,1.0,-0.00039999999999995595,1.422e-05,1.00242931,1.00294128,-0.0005119700000000282,120943970.5,-0.00034941244882638535,1.8249,1.422e-05,2,2,False,1.14324855489292,0.4044693437972615,37,26,5,2,0,10,1,False,0,1568111529
1779859598000,1779859599040,9,155,False,1.0022,1.0022,1.0022,1.0022,76.8,76.8,0.0,1,1,0,1.0021,1.0022,9.999999999998899e-05,1.0021499999999999,1.002155184825588,1.0022131235924947,60535.2,193551.4,428972.9,92707.9,240503.8,543623.1,428972.9,543623.1,-0.1178805999613404,0.9999999999869791,-0.12332518876851299,-4.157939698265521e-09,3.3338110100965297e-09,-7.491750708362052e-09,0.44105970001932926,-0.10369651379114056,0.7890998377368423,76.8,0.0,76.8,-35306.49999999996,1.759885148569344,76.79999992319999,76.8,76.8,0.5682188978324562,1.0,9.978546134116072e-05,0.00011376938495123578,0.0,1.2943497888589815e-07,-9.999999999998899e-05,-9.958131970335283e-09,1.2992898611961122e-06,1,0.0,0.00010000000000021103,9.999999999998899e-05,-0.00010000000000021103,1.5792857812564372e-09,14968.441710117859,-0.6488095240042092,False,1.0,1.0,-0.00020000000000042206,1.422e-05,1.00242931,1.00294128,-0.0005119700000000282,120943970.5,-0.00035273231608481015,1.8249,1.422e-05,2,1,False,1.14324855489292,0.40448821291936615,38,26,5,2,0,8,1,False,0,262543269
1779859599000,1779859600036,9,156,False,1.0022,1.0023,1.0022,1.0022,1906.2,42.5,1863.7,5,2,3,1.0022,1.0023,9.999999999998899e-05,1.00225,1.002259285848975,1.002333584611124,63311.1,207021.1,435636.2,97361.0,230651.5,551183.7,435636.2,551183.7,-0.1170907680317349,-0.9554086664563239,-0.11835048332979223,-4.126020648774648e-09,3.1924364709268683e-09,-7.318457119701516e-09,0.44145461598413205,-0.18571698130159264,0.7903648094092753,42.5,1863.7,-1821.2,-37127.69999999996,1.8661184223867426,381.239999923752,1823.0,-1821.2,2.6793583608299105,24.844719879634287,0.0,0.00011322081441183683,5.9921297569567624e-05,1.219645163182765e-07,0.0,-9.978546134116072e-05,0.0,1,0.0,0.00010000000000021103,9.999999999998899e-05,0.00010000000000021103,1.4127537203328806e-09,14968.44171011782,-0.6488095240042092,False,1.0,1.0,0.0,1.422e-05,1.00242931,1.00294128,-0.0005119700000000282,120943970.5,-0.00035273231608481015,1.8249,1.422e-05,2,1,False,1.133919959895738,0.4044882129193661,39,26,5,2,0,9,5,False,0,4206254961
1779859600000,1779859601098,9,157,False,1.00225,1.00225,1.00225,1.00225,0.0,0.0,0.0,0,0,0,1.0022,1.0023,9.999999999998899e-05,1.00225,1.0022571523704875,1.0023557880877196,60271.7,202165.0,454883.1,113730.5,246607.1,562699.8,454883.1,562699.8,-0.10595372622712111,0.0,-0.12380507480688566,-3.856677844325358e-09,3.1855398883705256e-09,-7.042217732695884e-09,0.4470231368864389,-0.14304741148183425,0.8083939251444537,0.0,0.0,0.0,-37127.69999999996,1.8049342118166856,0.0,0.0,0.0,0.0,0.0,4.988899699224723e-05,0.00010873334750941125,0.0,1.1449517199968273e-07,0.0,4.988899699224723e-05,49888.99699224723,1,0.0,0.0,9.999999999998899e-05,0.0,1.4127537203328806e-09,7483.598503605599,-0.6488095240042092,False,1.0,1.0,0.0,1.422e-05,1.00242931,1.00294128,-0.0005119700000000282,120943970.5,-0.00035273231608481015,1.8249,1.422e-05,1,2,False,1.1237172144677463,0.39841873115631715,40,26,5,2,0,9,0,False,0,1117392170
1779859601000,1779859602064,9,158,False,1.0022,1.0023,1.0022,1.0023,11.100000000000001,5.9,5.2,2,1,1,1.0022,1.0023,9.999999999998899e-05,1.00225,1.0022895672936853,1.0023593869450242,56142.0,198926.1,448355.0,115425.0,249453.5,565783.9,448355.0,565783.9,-0.11579173227651547,0.06306306305738171,-0.16184893265269154,-3.882556811083744e-09,3.1755546968207525e-09,-7.058111507904497e-09,0.44210413386174174,-0.7913458758525318,0.792449201894927,5.9,5.2,0.7000000000000002,-37126.99999999996,1.8113298114292533,5.549999997225001,5.9,0.7000000000000002,1.1041611451852122,19.999999600000006,4.988650820400088e-05,0.00010873311908262664,5.9921297569567624e-05,1.1449430265332641e-07,9.999999999998899e-05,-2.4887882463527186e-09,4.494280017973567e-06,1,0.9999900000999989,9.999999999976694e-05,9.999999999998899e-05,9.999999999976694e-05,1.4390489373870549e-09,9977.923913805458,-0.6488095240042092,False,1.0,1.0,0.0,1.422e-05,1.00242931,1.00294128,-0.0005119700000000282,120943970.5,-0.00035273231608481015,1.8249,1.422e-05,1,1,False,1.111075155430925,0.38669202076376546,41,26,5,2,0,8,2,False,0,233057975
1779859602000,1779859603026,9,159,False,1.00225,1.00225,1.00225,1.00225,0.0,0.0,0.0,0,0,0,1.0022,1.0023,9.999999999998899e-05,1.00225,1.0022966806385734,1.0023785965448346,44614.1,183688.4,436046.5,123546.6,266678.3,587519.5,436046.5,587519.5,-0.14798557201001192,0.0,-0.2139196483594989,-3.90194392676144e-09,3.073272759383397e-09,-6.9752166861448364e-09,0.4260072139949935,-0.9336127728264807,0.7421821743788917,0.0,0.0,0.0,-37126.99999999996,1.7519419487594416,0.0,0.0,0.0,0.0,0.0,-4.988650820409366e-05,0.0001087328906553656,0.0,1.1698296635411888e-07,5.0000000000105516e-05,-9.977301640809454e-05,49886.508204093654,1,0.0,0.0,9.999999999998899e-05,-0.0,1.4390489373870549e-09,7483.100671745977,-0.6488095240042092,False,1.0,1.0,-0.0,1.422e-05,1.00242931,1.00294128,-0.0005119700000000282,120943970.5,-0.00035273231608481015,1.8249,1.422e-05,1,1,False,1.1173590974939585,0.3984210792286156,42,26,5,2,0,9,0,False,0,1546126050
1779859603000,1779859604008,9,160,False,1.0023,1.0023,1.0023,1.0023,55.5,55.5,0.0,2,2,0,1.0022,1.0023,9.999999999998899e-05,1.00225,1.0022780677587084,1.0023771548562106,48519.1,190055.9,444131.5,120112.8,260140.7,580104.7,444131.5,580104.7,-0.13275570615449817,0.9999999999819821,-0.1799671061645462,-3.875437925133402e-09,3.0977675919693185e-09,-6.97320551710272e-09,0.4336221469227504,-0.5613551754617648,0.7656057604773746,55.5,0.0,55.5,-37071.49999999996,1.7600749996197878,27.749999986124998,47.1,55.5,1.1363152134401804,2.463054181125482,4.988650820400088e-05,0.00010930358958108872,0.0,1.1947163005491138e-07,9.999999999998899e-05,9.977301640809454e-05,8.98856003659496e-07,1,0.0,9.999999999976694e-05,9.999999999998899e-05,-9.999999999976694e-05,1.390967220890713e-09,9977.426081946021,-0.6488095240042092,False,1.0,1.0,-0.00019999999999953388,1.422e-05,1.00242931,1.00294128,-0.0005119700000000282,120943970.5,-0.00035308099175460897,1.8249,1.422e-05,1,2,False,1.1048642190567122,0.3819970810134356,43,26,5,2,0,9,2,False,0,1123222796
1779859604000,1779859605076,9,161,False,1.0022,1.0022,1.0022,1.0022,648.0,0.0,648.0,2,0,2,1.0022,1.0023,9.999999999998899e-05,1.00225,1.0022400272970544,1.0023339913072686,65278.1,209122.9,463213.4,90300.5,219070.30000000002,534689.3,463213.4,534689.3,-0.07162612146454754,-0.9999999999984568,-0.056453825139683576,-3.821816279293199e-09,3.2646072959457264e-09,-7.086423575238925e-09,0.4641869392677257,0.19945405714787134,0.866322554051482,0.0,648.0,-648.0,-37719.49999999996,1.7679413930748766,323.999999838,522.9,-648.0,1.1312592186046724,6.097560938429506,-9.977550519626763e-05,0.00010930313514449708,0.0,1.244490816134433e-07,-9.999999999998899e-05,-0.0001496620134002685,1.5397454505573095e-07,1,0.0,0.00010000000000021103,9.999999999998899e-05,0.0002999999999997449,1.396306837332173e-09,9977.426082035523,-0.6666666688471441,False,1.0,1.0,0.00019999999999953388,1.422e-05,1.00242931,1.00294128,-0.0005119700000000282,120934824.8,-0.0004286736053374141,1.8249,1.422e-05,1,1,False,1.0987251361102273,0.4053420492588362,44,26,5,2,0,9,2,False,0,3884479790
1779859605000,1779859605994,9,162,False,1.00225,1.00225,1.00225,1.00225,0.0,0.0,0.0,0,0,0,1.0022,1.0023,9.999999999998899e-05,1.00225,1.0022352859838732,1.0023290275142305,64667.1,208360.69999999998,462839.4,83641.5,208325.3,518146.4,462839.4,518146.4,-0.05637900161245957,0.0,-0.02792266008936035,-3.824525665831082e-09,3.36305821907422e-09,-7.187583884905301e-09,0.47181049919376966,0.2942803209793839,0.8932598972027965,0.0,0.0,0.0,-37719.49999999996,1.7099761014986512,0.0,0.0,0.0,0.0,0.0,4.988899699224723e-05,0.00010987092860925865,0.0,1.2942678149207983e-07,-0.00014999999999987246,0.00014966450218851488,49888.99699224723,1,0.0,0.0,9.999999999998899e-05,-0.00019999999999953388,1.396306837332173e-09,9977.426082039372,-0.4999999778279875,False,1.0,1.0,-0.00019999999999953388,1.422e-05,1.00242931,1.00294128,-0.0005119700000000282,120934824.8,-0.0004286736053374141,1.8249,1.422e-05,2,2,False,1.0874947305307388,0.4121477736048625,45,26,5,2,0,8,0,False,0,146268400
1779859606000,1779859607092,9,163,False,1.0022,1.0022,1.0022,1.0022,72.8,0.0,72.8,1,0,1,1.0022,1.0023,9.999999999998899e-05,1.00225,1.0022083625916762,1.002295256693541,74795.0,218638.0,472439.89999999997,76985.2,200018.7,508135.6,472439.89999999997,508135.6,-0.036402806311191714,-0.9999999999862637,-0.00089792856686354,-3.787955330441703e-09,3.419751331600187e-09,-7.207706662041889e-09,0.48179859684440357,0.8327481646982982,0.9297516253535455,0.0,72.8,-72.8,-37792.29999999997,1.6866981965314822,72.79999992719999,72.8,-72.8,0.5928742921902215,1.0,-4.98889969921922e-05,0.00010987092860925743,0.0,1.3191569351296953e-07,0.00019999999999997797,-9.977799398443944e-05,6.85288420213007e-07,1,0.0,0.00010000000000021103,9.999999999998899e-05,0.0013000000000000789,1.396323018289254e-09,12471.875931646471,-0.0,False,1.0,1.0,0.0011999999999998678,1.422e-05,1.00242931,1.00294128,-0.0005119700000000282,120934824.8,-0.0004286736053374141,1.8249,1.422e-05,2,1,False,1.0874947305307388,0.4292635855103862,46,26,5,2,0,10,1,False,0,3203862528
1779859607000,1779859608063,9,164,False,1.0023,1.0023,1.0023,1.0023,76.8,76.8,0.0,1,1,0,1.0022,1.0023,9.999999999998899e-05,1.00225,1.0022077556738689,1.002289600472686,76233.09999999999,220076.09999999998,468894.7,75573.8,198213.1,493753.7,468894.7,493753.7,-0.025823550945495752,0.9999999999869791,0.009900126696734134,-3.832582910107869e-09,3.5536644507876737e-09,-7.386247360895543e-09,0.4870882245272516,0.8448865208349313,0.9496530355114282,76.8,0.0,76.8,-37715.49999999996,1.664183501563237,76.79999992319999,76.8,76.8,0.6008952729430156,1.0,9.977550519619214e-05,0.00011211323974142532,0.0,1.3689339339159683e-07,0.00019999999999997797,0.00014966450218838434,1.2991602238918357e-06,1,0.0,9.999999999976694e-05,9.999999999998899e-05,-0.001100000000000101,1.4430837467165048e-09,12471.875931714998,0.0,False,1.0,1.0,-0.0011999999999998678,1.422e-05,1.00242931,1.00294128,-0.0005119700000000282,120934824.8,-0.0004286736053374141,1.8249,1.422e-05,2,2,False,1.0874947305307388,0.40793092965279404,47,26,5,2,0,8,1,False,0,1314000410
1779859608000,1779859609102,9,165,False,1.0023,1.0023,1.0023,1.0023,946.5,875.3000000000001,71.2,3,2,1,1.0023,1.0024,9.999999999998899e-05,1.0023499999999999,1.002326956451563,1.0024079634273733,72210.7,219972.7,476714.6,84453.0,212285.69999999998,519365.3,476714.6,519365.3,-0.042818553009653114,0.8495509772838357,-0.018824241848210688,-3.859166066443694e-09,3.4316773858500217e-09,-7.290843452293715e-09,0.47859072349517295,0.46087096726906895,0.9178791883092673,875.3000000000001,71.2,804.1,-36911.399999999965,1.7079807638070652,315.4999998948333,818.7,804.1,1.756460061971999,6.153846115976331,0.0,0.00011155691525082126,0.0,1.3191594183306487e-07,9.999999999998899e-05,-9.977550519619214e-05,0.0,1,0.0,9.999999999976694e-05,9.999999999998899e-05,-0.001100000000000101,1.3781146092886114e-09,9977.550521514955,0.0,False,1.0,1.0,-0.0011999999999998678,1.422e-05,1.00242931,1.00294128,-0.0005119700000000282,120934824.8,-0.00043560771027216716,1.8249,1.422e-05,2,1,False,1.081399127117876,0.4556726118190109,48,26,5,2,0,9,3,False,0,1164604310
1779859609000,1779859610056,9,166,False,1.0023499999999999,1.0023499999999999,1.0023499999999999,1.0023499999999999,0.0,0.0,0.0,0,0,0,1.0023,1.0024,9.999999999998899e-05,1.0023499999999999,1.002326952393419,1.002411620731134,70779.4,218711.1,471672.9,85105.8,213054.8,519478.4,471672.9,519478.4,-0.04823229309188208,0.0,-0.02716942776426291,-3.89720711957779e-09,3.4349919496526343e-09,-7.3321990692304244e-09,0.4758838534540584,0.460952130149779,0.9079740370340694,0.0,0.0,0.0,-36911.399999999965,1.6519813945019155,0.0,0.0,0.0,0.0,0.0,4.988401966442588e-05,0.00010987087211501707,0.0,1.2693824195442833e-07,0.00014999999999987246,4.988401966442588e-05,49884.019664425876,1,0.0,0.0,9.999999999998899e-05,-0.001000000000000334,1.3781146092886114e-09,9977.550521444547,0.0,False,1.0,1.0,-0.001000000000000334,1.422e-05,1.00242931,1.00294128,-0.0005119700000000282,120934419.7,-0.000438955989280966,1.8249,1.422e-05,2,2,False,1.1062207382708047,0.4457395454555738,49,26,5,2,0,8,0,False,0,1296127514
1779859610000,1779859611059,9,167,False,1.0023,1.0024,1.0023,1.0024,181.7,49.8,131.9,3,1,2,1.0023,1.0024,9.999999999998899e-05,1.0023499999999999,1.0023830732675134,1.00243963700703,57903.5,201038.1,460583.0,100061.0,222958.5,537516.5,460583.0,537516.5,-0.07707999052198695,-0.4518436984014759,-0.11720299088801736,-3.894807933477895e-09,3.3717233946899263e-09,-7.266531328167821e-09,0.461460004739006,-0.6614653567069088,0.856872300664257,49.8,131.9,-82.10000000000001,-36993.49999999996,1.6961787258297216,60.56666664647777,121.5,-82.10000000000001,1.768681538417365,8.264462741616011,4.988153137352224e-05,0.00010987070263213118,5.991531948833706e-05,1.269376212254671e-07,0.00014999999999987246,-2.4882909036393736e-09,2.745268650151223e-07,1,0.9999900000999989,0.00010000000000021103,9.999999999998899e-05,0.0009000000000001229,1.3479484552435897e-09,12471.627089675221,0.0,False,1.0,1.0,0.0007999999999999119,1.422e-05,1.00242931,1.00294128,-0.0005119700000000282,120934419.7,-0.000438955989280966,1.8249,1.422e-05,2,1,False,1.0874947305307388,0.42863188485321235,50,26,5,2,0,9,3,False,0,1225775679
1779859611000,1779859611996,9,168,False,1.0024,1.0029,1.0024,1.0029,13649.699999999999,13312.4,337.3,7,6,1,1.0028,1.0029,9.999999999998899e-05,1.00285,1.0028709178864104,1.0028661170497755,82854.6,229466.1,480505.4,85953.9,264714.9,575415.7,480505.4,575415.7,-0.08988389378713982,0.9505776683735944,-0.07893815424380711,-3.941414512048577e-09,3.0915706227899245e-09,-7.032985134838502e-09,0.4550580531064296,-0.4183577307280997,0.8350578546953085,13312.4,337.3,12975.1,-24018.399999999965,1.8700745053107144,1949.9571425785773,4429.4,12975.1,3.7431663692424797,34.482757431629054,0.000498678512304076,0.00015614460806420496,0.0002994869679543575,1.5181246908226428e-07,0.0005999999999999339,0.0004487969809305538,3.653402729027301e-08,1,0.999998000004,9.999999999976694e-05,9.999999999998899e-05,9.999999999976694e-05,2.477274292303528e-08,9977.17724020284,0.0,False,1.0,1.0,0.0,1.422e-05,1.00242931,1.00294128,-0.0005119700000000282,120934419.7,-0.000438955989280966,1.8249,1.422e-05,2,2,False,1.1294536375001263,0.4123951385294134,51,26,5,2,0,8,7,False,0,2880020891
1779859612000,1779859613045,9,169,False,1.0028,1.0031,1.0028,1.0029,14185.7,10232.1,3953.6,6,3,3,1.0028,1.0029,9.999999999998899e-05,1.00285,1.0028706749657477,1.0028873210108675,76213.7,217978.30000000002,470317.6,98259.20000000001,283877.8,607432.8,470317.6,607432.8,-0.12722352039952847,0.4425935977780128,-0.12520581777564427,-3.99074139183534e-09,2.9605115709392296e-09,-6.95125296277457e-09,0.4363882398002354,-0.41349931639919313,0.7742709975490278,10232.1,3953.6,6278.5,-17739.899999999965,2.0054818985792155,2364.283332939286,7121.5,6278.5,2.991799627440618,5.00500497995493,0.0,0.00015614460806420496,0.00017963842929495451,1.5181246908226425e-07,0.0006499999999998174,-0.000498678512304076,0.0,1,0.3333322222256792,9.999999999976694e-05,9.999999999998899e-05,9.999999999976694e-05,2.4168630972124802e-08,9977.17724020284,0.0,False,1.0,1.0,0.0,1.422e-05,1.00242931,1.00294128,-0.0005119700000000282,120934419.7,-0.000438955989280966,1.8249,1.422e-05,2,1,False,1.2180578955106263,0.4038883267474025,52,26,5,2,0,10,6,False,0,532997589
1779859613000,1779859613992,9,170,False,1.00285,1.00285,1.00285,1.00285,0.0,0.0,0.0,0,0,0,1.0028,1.0029,9.999999999998899e-05,1.00285,1.0028868462377936,1.002931340065551,64052.2,208684.0,456314.6,125830.29999999999,310698.9,632712.2,456314.6,632712.2,-0.16197728099987976,0.0,-0.1902179922302631,-4.05341080930697e-09,2.923486873443429e-09,-6.976897682750399e-09,0.41901135950005974,-0.7369247571717061,0.7212040482228718,0.0,0.0,0.0,-17739.899999999965,1.9397283937077658,0.0,0.0,0.0,0.0,0.0,-4.985666210665224e-05,0.00015654208049385642,0.0,1.5181246908226425e-07,0.0005500000000000504,-4.985666210665224e-05,49856.662106652235,1,0.0,0.0,9.999999999998899e-05,0.00039999999999995595,2.4168630972124802e-08,9977.177240203015,0.0,False,1.0,1.0,0.00039999999999995595,1.422e-05,1.00242931,1.00294128,-0.0005119700000000282,120934419.7,-0.00042019499911440913,1.8249,1.422e-05,2,1,False,1.204980526590098,0.3943606321246886,53,26,5,2,0,9,0,False,0,102057582
1779859614000,1779859615078,9,171,False,1.0029,1.0029,1.0029,1.0029,23.5,23.5,0.0,1,1,0,1.0028,1.0029,9.999999999998899e-05,1.00285,1.0028122793872611,1.0028634600946644,81161.3,232606.30000000002,472286.6,83071.2,258038.1,578486.6,472286.6,578486.6,-0.10106843227444315,0.9999999999574468,-0.048321159145080686,-4.0328288989766995e-09,3.080550580412874e-09,-7.113379479389573e-09,0.44946578386277797,0.7544122526301462,0.8164175280810293,23.5,0.0,23.5,-17716.399999999965,1.9089176267009538,23.4999999765,23.5,23.5,0.5238570724522941,1.0,4.985666210677385e-05,0.0001553446160357954,0.0,1.4434399758269395e-07,0.0006999999999999229,9.97133242134261e-05,2.121560089559672e-06,1,0.0,9.999999999976694e-05,9.999999999998899e-05,9.999999999976694e-05,2.4175106477604398e-08,12470.010344723876,0.0,False,1.0,1.0,0.0,1.422e-05,1.00242931,1.00294128,-0.0005119700000000282,120935468.7,-0.00041152452119714564,1.8249,1.422e-05,2,2,False,1.1993558509067992,0.4123976005796621,54,26,5,2,0,10,1,False,0,581071585
1779859615000,1779859616068,9,172,False,1.0028,1.0028,1.0028,1.0028,104.3,0.0,104.3,1,0,1,1.0028,1.0029,9.999999999998899e-05,1.00285,1.0028091342321725,1.0028532351795323,89457.2,243179.1,478573.7,81261.3,237937.5,549843.3,478573.7,549843.3,-0.06930029355796331,-0.9999999999904122,-0.006503238070281199,-4.005303126675796e-09,3.2666457749007615e-09,-7.271948901576557e-09,0.46534985322101785,0.8173153549455852,0.8703819797385892,0.0,104.3,-104.3,-17820.699999999964,1.8791170487763322,104.29999989569998,104.3,-104.3,0.532164827155939,1.0,-9.971581002432873e-05,0.0001553430191899632,0.0,1.0949687504878715e-07,0.0005499999999998284,-0.00014957247213110258,9.560480347399106e-07,1,0.0,0.00010000000000021103,9.999999999998899e-05,-0.00010000000000021103,2.4256620726715995e-08,12470.010344933911,0.0,False,1.0,1.0,-0.00020000000000042206,1.422e-05,1.00242931,1.00294128,-0.0005119700000000282,120935468.7,-0.00041152452119714564,1.8249,1.422e-05,2,1,False,1.0893305715852062,0.38578333128249753,55,26,5,2,0,8,1,False,0,3692702849
1779859616000,1779859617016,9,173,False,1.0028,1.0029,1.0028,1.0029,413.3,406.8,6.5,2,1,1,1.0028,1.0029,9.999999999998899e-05,1.00285,1.002883121403221,1.0028976044625673,68098.9,225143.5,461414.3,99212.2,268665.2,586729.3,461414.3,586729.3,-0.11955899935848477,0.9685458504694688,-0.1350521569654903,-4.027433720887305e-09,3.105557666075787e-09,-7.1329913869630916e-09,0.4402205003207571,-0.6624280660569062,0.7864176887024376,406.8,6.5,400.3,-17420.399999999965,1.8830804242262886,206.64999989667498,406.8,400.3,1.0620895279922318,1.5772870637582224,9.971581002433639e-05,0.0001290879534187012,5.988544696526147e-05,7.960957668891816e-08,0.0006999999999999229,0.0001994316200486651,2.4126738452478856e-07,1,0.9999900000999989,9.999999999976694e-05,9.999999999998899e-05,0.000300000000000189,2.4668596224674878e-08,12470.010344817198,0.0,False,1.0,1.0,0.00020000000000042206,1.422e-05,1.00242931,1.00294128,-0.0005119700000000282,120935468.7,-0.00041152452119714564,1.8249,1.422e-05,2,2,False,1.0842093168657856,0.38376683078754303,56,26,5,2,0,8,2,False,0,579601926
1779859617000,1779859618048,9,174,False,1.0028,1.0029,1.0028,1.0028,660.8,510.0,150.8,4,2,2,1.0028,1.0029,9.999999999998899e-05,1.00285,1.0028507035920657,1.0028897557826828,73136.1,228102.5,465342.5,93101.1,269517.6,585089.6,465342.5,585089.6,-0.11399794427455126,0.5435835351081363,-0.09974191190432118,-4.023390721432203e-09,3.072605401686359e-09,-7.0959961231185615e-09,0.4430010278627239,-0.014071844051817306,0.7953354494764548,510.0,150.8,359.2,-17061.199999999964,1.9524876234319841,165.19999995869998,495.4,359.2,2.048668554897333,6.818181771694215,-9.971581002432873e-05,0.00012908487738258985,5.988544696526147e-05,7.95946874858659e-08,0.0004999999999999449,-0.0001994316200486651,1.5090164955232724e-07,1,0.0,0.00010000000000021103,9.999999999998899e-05,-0.00010000000000021103,2.4444355184823308e-08,12470.010344829227,0.0,False,1.0,1.0,-0.00020000000000042206,1.422e-05,1.00242931,1.00294128,-0.0005119700000000282,120935468.7,-0.00041152452119714564,1.8249,1.422e-05,2,1,False,1.0691195704894767,0.40010312614748184,57,26,5,2,0,9,4,False,0,2555344472
1779859618000,1779859619066,9,175,False,1.0028,1.003,1.0028,1.003,4218.7,4195.6,23.1,7,4,3,1.003,1.0031,0.00010000000000021103,1.00305,1.0030453517562317,1.0031774110229266,64010.1,223338.6,439345.5,126822.8,264990.8,566471.0,439345.5,566471.0,-0.12639035052616443,0.9890487590961696,-0.09466258788414984,-4.073872512070988e-09,3.165541137243522e-09,-7.2394136493145095e-09,0.4368048247369173,0.09296487339909261,0.7755833926185086,4195.6,23.1,4172.5,-12888.699999999964,2.117979832499788,602.6714284853326,3810.6,4172.5,3.3050361902799965,7.5566750058689545,0.00019942167779707338,0.00013473492098522503,0.00011976492299992802,9.948018162381177e-08,0.0006999999999999229,0.0002991374878214021,4.727088387347432e-08,1,0.999995000025,0.00010000000000021103,0.00010000000000021103,0.0002999999999997449,2.4912143198543127e-08,12470.010344839942,0.0,False,1.0,1.0,0.00019999999999953388,1.422e-05,1.00242931,1.00294128,-0.0005119700000000282,120935468.7,-0.0004902459189359414,1.8249,1.422e-05,2,2,False,1.0632833456401891,0.38642953696706167,58,26,5,2,0,8,7,False,0,1470729509
1779859619000,1779859620000,9,176,False,1.003,1.003,1.0028,1.0028,3379.5,0.0,3379.5,4,0,4,1.0028,1.0029,9.999999999998899e-05,1.00285,1.0028669441980942,1.0029180370708062,69682.0,222041.69999999998,463272.3,112623.1,278813.8,590424.0,463272.3,590424.0,-0.12067205702440058,-0.9999999999997041,-0.1397940564290052,-4.020637795169681e-09,3.103209610408276e-09,-7.123847405577957e-09,0.43966397148779923,-0.33888396413780014,0.7846434088045188,0.0,3379.5,-3379.5,-16268.199999999964,2.17968541176209,844.8749997887812,1776.8,-3379.5,1.8351272053205208,4.942339349543627,-0.0001994216777971364,0.00014192233514026634,0.00011976492299992802,1.3924918719922408e-07,0.00045000000000006146,-0.00039884335559420975,5.900922556504731e-08,1,-0.999995000025,0.00010000000000021103,9.999999999998899e-05,0.00010000000000021103,2.3750143609576277e-08,12470.010344842305,0.01724135814130563,False,1.0,1.0,0.0,1.422e-05,1.00242931,1.00294128,-0.0005119700000000282,120938290.4,-0.0004669250792897184,1.8249,1.422e-05,2,1,False,1.0453713640910518,0.40199595825267703,59,26,5,2,0,9,4,False,0,2876789211
1779859620000,1779859621052,9,177,False,1.0028,1.0028,1.0026,1.0027,1833.3,5.1,1828.2,5,1,4,1.0027,1.0028,9.999999999998899e-05,1.0027499999999998,1.0027311123769385,1.002757769626546,91637.8,217443.1,482681.2,99662.9,281170.3,572518.9,482681.2,572518.9,-0.08513807002103196,-0.9944362624769573,-0.03667356789872664,-3.965065195310542e-09,3.103454155812375e-09,-7.068519351122918e-09,0.45743096498948355,0.3777524589019953,0.8430834335774751,5.1,1828.2,-1823.1000000000001,-18091.299999999963,2.2721547425239885,366.659999926668,1015.2,-1823.1000000000001,2.200554347916142,6.535947669699689,-9.972575425859979e-05,0.00014322976266734435,0.00011978881148577891,1.5664787657531586e-07,0.00029999999999996696,9.969592353853661e-05,5.4396854992933724e-08,1,-0.4999975000125,9.999999999976694e-05,9.999999999998899e-05,0.000300000000000189,2.3062133301131e-08,12470.010344842472,0.01724135814130563,False,1.0,1.0,0.00020000000000042206,1.422e-05,1.00242931,1.00294128,-0.0005119700000000282,120938290.4,-0.0004669250792897184,1.8249,1.422e-05,2,2,False,1.0171490807584793,0.41291756752235964,0,27,5,2,0,9,5,False,0,1180632840
1779859621000,1779859622074,9,178,False,1.0028,1.0028,1.0027,1.0027,391.1,158.8,232.3,4,1,3,1.0027,1.0028,9.999999999998899e-05,1.0027499999999998,1.002774089935648,1.0027680569467443,86862.5,217659.4,472549.1,106714.8,289784.8,576951.2,472549.1,576951.2,-0.09947791344128239,-0.18793147532552304,-0.1017288076288804,-3.979644856106597e-09,3.1009909642640807e-09,-7.080635820370678e-09,0.4502610432793584,-0.48179871520337236,0.8190451809442447,158.8,232.3,-73.5,-18164.799999999963,2.32880540670353,97.77499997555626,158.8,-73.49999999999999,1.7176188215504273,8.875739566191662,0.0,0.0001427947188403843,5.9891419086577324e-05,1.5415921287452337e-07,-0.00019999999999997797,9.972575425859979e-05,0.0,1,-0.9999900000999989,9.999999999976694e-05,9.999999999998899e-05,-9.999999999976694e-05,3.119407730609823e-08,9975.684934642428,0.01724135814130563,False,1.0,1.0,-0.00019999999999953388,1.422e-05,1.00242931,1.00294128,-0.0005119700000000282,120938290.4,-0.0004669250792897184,1.8249,1.422e-05,2,2,False,1.0082374249751087,0.41291756752235975,1,27,5,2,0,10,4,False,0,1946459735
1779859622000,1779859623100,9,179,False,1.0028,1.0028,1.0028,1.0028,1041.1,1041.1,0.0,1,1,0,1.0028,1.0029,9.999999999998899e-05,1.00285,1.0028245952084878,1.0028967239891027,83461.2,235289.1,476077.89999999997,102841.6,292698.1,603082.0,476077.89999999997,603082.0,-0.11768793484635588,0.9999999999990394,-0.06875962703492933,-4.000276095548199e-09,2.9876328718479063e-09,-6.987908967396106e-09,0.4411560325768217,0.5080958281701251,0.7894082396755319,1041.1,0.0,1041.1,-17123.699999999964,2.285238016319808,1041.0999989588997,1041.1,1041.1,0.43759117974626927,1.0,9.97257542586162e-05,0.00014409427416378151,0.0,1.516705491737309e-07,-9.999999999998899e-05,9.97257542586162e-05,9.578883321344772e-08,1,0.0,0.00010000000000021103,9.999999999998899e-05,0.0002999999999997449,3.1801764728148406e-08,9975.684934430463,0.01724135814130563,False,1.0,1.0,0.00019999999999953388,1.422e-05,1.00242931,1.00294128,-0.0005119700000000282,120938290.4,-0.0004669250792897184,1.8249,1.422e-05,2,2,False,1.0082374249751087,0.37187865953435845,2,27,5,2,0,9,1,False,0,3508585000
1779859623000,1779859624000,9,180,False,1.0028,1.0028,1.0028,1.0028,96.7,5.1,91.6,3,1,2,1.0028,1.0029,9.999999999998899e-05,1.00285,1.0028687094364477,1.0029118419844267,70727.3,222972.3,464985.4,108966.4,299871.0,610646.7,464985.4,610646.7,-0.1354192571976978,-0.8945191313247722,-0.1295132150744227,-4.010563887571376e-09,2.9788587656610045e-09,-6.989422653232381e-09,0.4322903714011506,-0.37418873126180296,0.7614638710075716,5.1,91.6,-86.5,-17210.199999999964,2.3086728354568633,32.23333332258889,86.5,-86.5,1.299447870060325,6.872852186440879,0.0,0.00014366184831662038,0.0,1.4669309761519898e-07,-5.0000000000105516e-05,-9.97257542586162e-05,0.0,1,0.0,0.00010000000000021103,9.999999999998899e-05,-0.00010000000000021103,3.126219822518975e-08,7481.359524230419,0.01724135814130563,False,1.0,1.0,-0.00020000000000042206,1.422e-05,1.00242931,1.00294128,-0.0005119700000000282,120938290.4,-0.00047106049870789007,1.8249,1.422e-05,2,1,False,1.0038406043283117,0.3718786595343584,3,27,5,2,0,8,3,False,0,248675013
1779859624000,1779859625008,9,181,False,1.0029,1.0029,1.0027,1.0028,1759.7,1667.2,92.5,6,3,3,1.0028,1.0029,9.999999999998899e-05,1.00285,1.0028427282307497,1.0029047452324407,73618.0,225557.1,469798.7,101865.5,291181.1,601600.9,469798.7,601600.9,-0.12301871309266858,0.8948684434841764,-0.09098909359200896,-3.971718981989928e-09,2.9897376831413723e-09,-6.9614566651313e-09,0.43849064345366523,0.14543538210534848,0.7809142240312459,1667.2,92.5,1574.7,-15635.499999999964,2.4296999556058188,293.2833332844528,1318.4,1574.7,2.4694407157918086,5.01002001497986,0.0,0.0001419188820766607,0.00011977686605178197,1.4171539773656241e-07,-9.999999999998899e-05,0.0,0.0,1,-0.4999975000125,0.00010000000000021103,9.999999999998899e-05,0.00010000000000021103,3.436233448113215e-08,7481.359524140532,0.01724135814130563,False,1.0,1.0,0.0,1.436e-05,1.0028,1.00328884,-0.0004888400000000459,120941140.6,-0.0004475042091826111,1.8249,1.436e-05,2,2,False,0.9824295170929657,0.3718786595343584,4,27,5,2,0,9,6,False,0,1477115807
1779859625000,1779859626066,9,182,False,1.0028,1.0028,1.0028,1.0028,65.6,0.0,65.6,2,0,2,1.0028,1.0029,9.999999999998899e-05,1.00285,1.0028529992222406,1.00291105646387,70312.4,222891.4,466331.5,103143.6,290581.5,600902.1,466331.5,600902.1,-0.12609291911349105,-0.9999999999847561,-0.10584216179975525,-4.003897395545609e-09,3.0086750729602207e-09,-7.012572468505829e-09,0.436953540443254,-0.05998444691985332,0.7760523719254754,0.0,65.6,-65.6,-15701.099999999964,2.4156114324712017,32.799999983599996,60.0,-65.6,0.8279477287976015,2.0920502048283467,0.0,0.00014147976353120082,0.0,1.3922648571567271e-07,0.0,0.0,0.0,1,0.0,0.00010000000000021103,9.999999999998899e-05,-0.00010000000000021103,3.429216485506356e-08,7481.359524136683,0.01724135814130563,False,1.0,1.0,-0.00020000000000042206,1.436e-05,1.0028,1.00328884,-0.0004888400000000459,120941140.6,-0.0004475042091826111,1.8249,1.436e-05,2,2,False,0.9782589529894923,0.37550860523212115,5,27,5,2,0,9,2,False,0,4181276404
1779859626000,1779859627006,9,183,False,1.0028,1.0028,1.0028,1.0028,1154.2,0.0,1154.2,2,0,2,1.0026,1.0027,9.999999999998899e-05,1.00265,1.0026993223882752,1.0026880749211504,75072.8,188939.7,480763.7,106830.4,324616.1,627634.8,480763.7,627634.8,-0.13250748715376276,-0.9999999999991336,-0.1493987601192717,-3.996223000379625e-09,2.8746839329264117e-09,-6.870906933306037e-09,0.4337462564231182,-0.9864477668689327,0.7659927397269864,0.0,1154.2,-1154.2,-16855.299999999963,2.4019848281278837,577.09999971145,1142.2,-1154.2,0.8326447260394075,1.0141987819328613,0.0,0.0001410392778193371,0.0,1.342487858370454e-07,-9.999999999998899e-05,0.0,0.0,1,0.0,0.0002999999999997449,9.999999999998899e-05,0.00010000000000021103,3.841668843365204e-08,4986.909674527073,0.01724135814130563,False,1.0,1.0,-0.00019999999999953388,1.436e-05,1.0028,1.00328884,-0.0004888400000000459,120941140.6,-0.0004475042091826111,1.8249,1.436e-05,2,2,False,0.9741246359210705,0.37253998082599943,6,27,5,2,0,8,2,False,0,1792084411
1779859627000,1779859628044,9,184,False,1.0027,1.0027,1.0026,1.0026,2228.9,0.0,2228.9,2,0,2,1.0026,1.0027,9.999999999998899e-05,1.00265,1.0026490609995995,1.002688775943615,85674.6,206604.5,501327.9,103138.59999999999,288554.89999999997,587544.4,501327.9,587544.4,-0.07917962464468967,-0.9999999999995514,-0.058924444803435616,-3.885102071397796e-09,3.0535330249117175e-09,-6.9386350963095135e-09,0.46041018767765474,0.01878000564811983,0.8532596004659377,0.0,2228.9,-2228.9,-19084.199999999964,2.3888049976974615,1114.449999442775,2169.6,-2228.9,0.8372387034900445,2.386634839172709,-0.0001994614547352754,0.00014623120020090788,5.98973923992095e-05,1.3424878583704544e-07,-0.00019999999999997797,-0.0001994614547352754,8.948874096423613e-08,1,-0.9999900000999989,0.00010000000000021103,9.999999999998899e-05,0.000500000000000167,3.8107400566153745e-08,4986.909674467187,0.01724135814130563,False,1.0,1.0,0.00039999999999995595,1.436e-05,1.0028,1.00328884,-0.0004888400000000459,120941140.6,-0.0004475042091826111,1.8249,1.436e-05,2,1,False,0.9799717335817046,0.4084175315966361,7,27,5,2,0,9,2,False,0,1232412203
1779859628000,1779859629094,9,185,False,1.0027,1.0027,1.0027,1.0027,70.5,70.5,0.0,1,1,0,1.0027,1.0028,9.999999999998899e-05,1.0027499999999998,1.002742245337129,1.0027538113247174,85367.9,214511.3,478959.1,87188.9,276019.3,564014.7,478959.1,564014.7,-0.08155104183825125,0.9999999999858156,-0.04473139275597089,-3.988044174277274e-09,3.113954624439646e-09,-7.1019987987169206e-09,0.4592244790808739,0.15509325529363965,0.8491961291079809,70.5,0.0,70.5,-19013.699999999964,2.3432704076090203,70.49999992949999,70.5,70.5,0.42675399148389626,1.0,9.973570047656782e-05,0.00014792202138179286,0.0,1.5414221374314333e-07,-0.00029999999999996696,0.00029919715521184323,1.4146907868816046e-06,1,0.0,9.999999999976694e-05,9.999999999998899e-05,-0.0004999999999997229,4.6280456585654284e-08,4986.909674469424,0.01724135814130563,False,1.0,1.0,-0.0005999999999994898,1.436e-05,1.0028,1.00328884,-0.0004888400000000459,120941140.6,-0.0004371934410944657,1.8249,1.436e-05,2,2,False,0.9700261559171623,0.4041317412619092,8,27,5,2,0,8,1,False,0,1105742540
1779859629000,1779859630000,9,186,False,1.0027,1.0027,1.0027,1.0027,54.8,0.0,54.8,1,0,1,1.0027,1.0028,9.999999999998899e-05,1.0027499999999998,1.002797897453705,1.0028031816747158,69039.59999999999,198460.8,462908.6,112842.6,299820.7,591036.3,462908.6,591036.3,-0.12156963803325958,-0.9999999999817519,-0.15554849633269235,-4.0236753764516975e-09,3.044873847027009e-09,-7.068549223478707e-09,0.4392151809833698,-0.9579490759450934,0.7832151764620873,0.0,54.8,-54.8,-19068.499999999964,2.2992287549005277,54.79999994519999,54.8,-54.8,0.43492845043525685,1.0,0.0,0.0001475008597899739,0.0,1.516539224512149e-07,-9.999999999998899e-05,-9.973570047656782e-05,0.0,1,0.0,9.999999999976694e-05,9.999999999998899e-05,0.001100000000000101,4.731003191170271e-08,4986.9096744667895,0.01724135814130563,False,1.0,1.0,0.001000000000000334,1.436e-05,1.0028,1.00328884,-0.0004888400000000459,120942448.9,-0.00042638051165337415,1.8249,1.436e-05,2,1,False,0.9741246359210705,0.40845101075577167,9,27,5,2,0,8,1,False,0,1004765546
1779859630000,1779859631074,9,187,False,1.0027,1.0027,1.0027,1.0027,105.0,0.0,105.0,1,0,1,1.0027,1.0028,9.999999999998899e-05,1.0027499999999998,1.0027549844155073,1.00276591630839,84585.2,215084.69999999998,486851.8,97359.0,294432.5,585354.6,486851.8,585354.6,-0.0918692520395326,-0.9999999999904762,-0.07339185996351508,-3.917945464031869e-09,3.0205851286138904e-09,-6.93853059264576e-09,0.4540653739802333,-0.09968831222622736,0.8317211481724055,0.0,105.0,-105.0,-19173.499999999964,2.2566310908054286,104.99999989499999,105.0,-105.0,0.44313844811911424,1.0,0.0,0.00014707853439633247,0.0,1.267790745944177e-07,0.0,0.0,0.0,1,0.0,9.999999999976694e-05,9.999999999998899e-05,0.001100000000000101,4.7847140883050605e-08,2492.833105790677,0.01724135814130563,False,1.0,1.0,0.001000000000000334,1.436e-05,1.0028,1.00328884,-0.0004888400000000459,120942448.9,-0.00042638051165337415,1.8249,1.436e-05,2,2,False,0.9824295170929657,0.4005266191976815,10,27,5,2,0,10,1,False,0,1775492038
1779859631000,1779859632028,9,188,False,1.0028,1.0028,1.0027,1.0028,1046.9,1013.9,33.0,5,2,3,1.0028,1.0029,9.999999999998899e-05,1.00285,1.0028006411517294,1.002856954558829,76050.2,228606.0,484529.4,64426.0,252424.69999999998,547293.8,484529.4,547293.8,-0.06082863808450901,0.9369567293906419,0.023678981481992493,-3.913731233705927e-09,3.2035394634468913e-09,-7.117270697152818e-09,0.469585680957745,0.9871769635273674,0.8853186350731528,1013.9,33.0,980.9,-18192.599999999962,2.3465776124183653,209.37999995812402,1000.0,980.9,2.1307626781269233,7.827788588432183,9.97257542586162e-05,9.846493615295409e-05,5.9891419086577324e-05,1.267790745944177e-07,9.999999999998899e-05,9.97257542586162e-05,9.525814715686401e-08,1,0.0,0.00010000000000021103,9.999999999998899e-05,-0.0013000000000000789,6.321564104065733e-08,2492.8331057009395,0.01724135814130563,False,1.0,1.0,-0.00140000000000029,1.436e-05,1.0028,1.00328884,-0.0004888400000000459,120942448.9,-0.00042638051165337415,1.8249,1.436e-05,1,2,False,0.9659631063265647,0.4095264266501003,11,27,5,2,0,9,5,False,0,1326188436
1779859632000,1779859633054,9,189,False,1.00285,1.00285,1.00285,1.00285,0.0,0.0,0.0,0,0,0,1.0028,1.0029,9.999999999998899e-05,1.00285,1.0028590606405883,1.002873597988736,77911.5,230245.3,480899.6,87677.4,278595.6,581459.9,480899.6,581459.9,-0.09465750529834766,0.0,-0.06926361880014711,-3.9159013138062186e-09,3.0874886784899177e-09,-7.003389992296136e-09,0.45267124735082576,-0.1812128137436285,0.8270554856835339,0.0,0.0,0.0,-18192.599999999962,2.2696406415194024,0.0,0.0,0.0,0.0,0.0,4.9859147917624795e-05,9.90940986293276e-05,0.0,1.3175131572719476e-07,5.0000000000105516e-05,-4.9866606340991406e-05,49859.147917624796,1,0.0,0.0,9.999999999998899e-05,-0.0011999999999998678,6.321564104065733e-08,2492.833105703321,0.01724135814130563,False,1.0,1.0,-0.0011999999999998678,1.436e-05,1.0028,1.00328884,-0.0004888400000000459,120942448.9,-0.00042638051165337415,1.8249,1.436e-05,1,1,False,0.9700261559171623,0.4279478104772407,12,27,5,2,0,9,0,False,0,532497379
1779859633000,1779859634043,9,190,False,1.0029,1.003,1.0029,1.003,2951.0,2951.0,0.0,2,2,0,1.0029,1.003,9.999999999998899e-05,1.0029499999999998,1.002931591589977,1.0030565321528822,65702.1,231258.0,469054.6,95414.0,268600.6,566459.1,469054.6,566459.1,-0.09406394140415517,0.9999999999996612,-0.0393473556267692,-4.0012349522497395e-09,3.142683882147723e-09,-7.143918834397462e-09,0.4529680292979219,0.3681681987556239,0.8280467204075266,2951.0,0.0,2951.0,-15241.599999999962,2.2607999647482746,1475.49999926225,2894.0,2951.0,0.8846426177903999,3.0303030211202935,0.00014956252987963534,0.0001039894396683524,5.987947603472861e-05,1.3672268927097472e-07,0.00019999999999997797,9.970338196201055e-05,5.06819823380497e-08,1,0.9999900000999989,0.00010000000000021103,9.999999999998899e-05,-0.0013000000000000789,4.927788735959613e-08,9970.959599684913,0.01724135814130563,False,1.0,1.0,-0.00140000000000029,1.436e-05,1.0028,1.00328884,-0.0004888400000000459,120942448.9,-0.0004242912128738549,1.8249,1.436e-05,1,2,False,0.9923817728435897,0.4068011114155156,13,27,5,2,0,8,2,False,0,538445505
1779859634000,1779859635004,9,191,False,1.003,1.0032,1.003,1.0032,1109.6,1109.6,0.0,3,3,0,1.0032,1.0033,9.999999999998899e-05,1.00325,1.003221811427977,1.0033385566070547,81909.1,239723.3,457082.1,130504.3,274192.6,571412.6,457082.1,571412.6,-0.11116294522470548,0.9999999999990988,-0.0818251377239938,-4.011621979680967e-09,3.3081988196731217e-09,-7.319820799354089e-09,0.44441852738764676,0.5637714385210865,0.7999160326531112,1109.6,0.0,1109.6,-14131.999999999962,2.2850360314778393,369.86666654337773,1052.1,1109.6,1.3128895813283392,3.6563071164303205,0.00019938191672087181,0.0001125929689655659,0.00011974104404011645,1.6157125570091287e-07,0.000400000000000178,4.981938684123647e-05,1.7968810086580042e-07,1,0.999995000025,9.999999999976694e-05,9.999999999998899e-05,-0.0008999999999996788,5.016442961147315e-08,7478.126494349597,0.01724135814130563,False,1.0,1.0,-0.0009999999999994458,1.436e-05,1.0028,1.00328884,-0.0004888400000000459,120940062.4,-0.00044401536639246685,1.8249,1.436e-05,2,2,False,0.9741246359210705,0.4419972044789162,14,27,5,2,0,10,3,False,0,2190880789
1779859635000,1779859636060,9,192,False,1.0033,1.0033,1.0032,1.0032,347.9,272.9,75.0,2,1,1,1.0032,1.0033,9.999999999998899e-05,1.00325,1.0032099326633805,1.0033389286631251,79480.0,236160.9,460694.3,128471.4,283046.6,576597.1,460694.3,576597.1,-0.1117360078373347,0.5688416211538694,-0.07182916992221747,-3.975075676778223e-09,3.254480487764441e-09,-7.229556164542664e-09,0.4441319960813322,0.8013467302739052,0.7989882363265427,272.9,75.0,197.89999999999998,-13934.099999999962,2.275690587822828,173.94999991302498,272.9,197.89999999999998,0.8788540981023972,5.4347825791587905,0.0,0.00011036310308269012,5.986157038529502e-05,1.5162801293210407e-07,0.000400000000000178,-0.00019938191672087181,0.0,1,-0.9999900000999989,9.999999999976694e-05,9.999999999998899e-05,-0.000700000000000145,4.995368829556651e-08,7478.126494137437,0.01724135814130563,False,1.0,1.0,-0.0007999999999999119,1.436e-05,1.0028,1.00328884,-0.0004888400000000459,120940062.4,-0.00044401536639246685,1.8249,1.436e-05,1,1,False,0.9700261559171623,0.4550985433026769,15,27,5,2,0,10,2,False,0,617998602
1779859636000,1779859637032,9,193,False,1.0032,1.0035,1.0032,1.0035,39714.7,38917.9,796.8,5,3,2,1.0034,1.0035,9.999999999998899e-05,1.00345,1.0034270790846367,1.0035216022518734,87538.6,223894.0,458478.2,125722.5,289743.0,577307.3,458478.2,577307.3,-0.11472365658719871,0.9598737998776031,-0.06951147348677228,-4.106247514152027e-09,3.3160914451999564e-09,-7.422338959351983e-09,0.4426381717064002,0.4584183054684211,0.7941666422718007,38917.9,796.8,38121.1,24187.000000000036,2.365012207894211,7942.939998411412,30861.6,38121.1,2.114153990916524,5.830903756088025,0.0002989983577365914,0.00012709387585583713,0.00017956681383388365,1.416847701632953e-07,0.000700000000000145,0.0002989983577365914,7.528657090109806e-09,1,0.9999966666777776,0.00010000000000021103,9.999999999998899e-05,0.0002999999999997449,3.798228282028029e-09,7478.126494132605,0.01724135814130563,False,1.0,1.0,0.00019999999999953388,1.436e-05,1.0028,1.00328884,-0.0004888400000000459,120940062.4,-0.00044401536639246685,1.8249,1.436e-05,2,2,False,0.5731479877548302,0.4994206949235559,16,27,5,2,0,9,5,False,0,3208087772
1779859637000,1779859638040,9,194,False,1.00345,1.00345,1.00345,1.00345,0.0,0.0,0.0,0,0,0,1.0034,1.0035,9.999999999998899e-05,1.00345,1.0034130566654467,1.0035043341217673,88105.8,223434.4,460925.3,115035.7,291849.3,577049.1,460925.3,577049.1,-0.11187539885376738,0.0,-0.06722464563697507,-4.0959215050009244e-09,3.3054246501934136e-09,-7.4013461551943385e-09,0.44406230057311585,0.7388666891338174,0.7987627049413978,0.0,0.0,0.0,24187.000000000036,2.287470824028827,0.0,0.0,0.0,0.0,0.0,-4.9826851700776204e-05,0.00012561778098318365,0.0,1.366974228550662e-07,0.0008500000000000174,-0.0003488252094373676,49826.8517007762,1,0.0,0.0,9.999999999998899e-05,-0.00019999999999953388,3.798228282028029e-09,7478.126494120605,0.01724135814130563,False,1.0,1.0,-0.00019999999999953388,1.436e-05,1.0028,1.00328884,-0.0004888400000000459,120940062.4,-0.00044401536639246685,1.8249,1.436e-05,2,1,False,1.0544078554550853,0.49944099926067065,17,27,5,2,0,9,0,False,0,2557941180
1779859638000,1779859639096,9,195,False,1.0035,1.0036,1.0035,1.0036,38639.5,38639.5,0.0,4,4,0,1.0036,1.0037,9.999999999998899e-05,1.00365,1.003683953061662,1.0037427532038197,59617.6,190741.6,420090.3,110935.7,271984.9,555337.2,420090.3,555337.2,-0.13865397479566632,0.9999999999999742,-0.15032378566958443,-4.231127660015867e-09,3.3191796223265225e-09,-7.550307282342389e-09,0.4306730126021663,-0.6790612351861438,0.7564598589829733,38639.5,0.0,38639.5,62826.50000000004,2.3436193216016523,9659.874997585031,22478.7,38639.5,1.7067618283500066,10.238907744994117,0.00014947310757510872,0.0001221003157849197,5.9843675441176015e-05,1.04376191644053e-07,0.0009000000000001229,0.0001992999592758849,3.868401702276294e-09,1,0.9999900000999989,9.999999999976694e-05,9.999999999998899e-05,0.0004999999999997229,2.493980427614444e-09,14951.78187286095,0.01724135814130563,False,1.0,1.0,0.00039999999999995595,1.436e-05,1.0028,1.00328884,-0.0004888400000000459,120940062.4,-0.0004112684794542268,1.8249,1.436e-05,2,2,False,0.9332984018449048,0.4688965407296676,18,27,5,2,0,10,4,False,0,4033100308
1779859639000,1779859640074,9,196,False,1.0036,1.0037,1.0036,1.0037,198.6,32.8,165.79999999999998,4,1,3,1.0036,1.0037,9.999999999998899e-05,1.00365,1.0036849762632412,1.0037241960710988,60124.5,189417.6,419793.6,103932.3,279294.0,570513.8,419793.6,570513.8,-0.15219536883194038,-0.6696878146995484,-0.16306958529527113,-4.233300756734027e-09,3.1824451422145e-09,-7.415745898948528e-09,0.4239023155840293,-0.6995252667921472,0.7358167322157662,32.8,165.79999999999998,-133.0,62693.50000000004,2.3979268848278275,49.6499999875875,99.6,-133.0,1.6681075739384332,4.195804178199423,9.963632748746798e-05,0.00011582921360246459,5.983771283719155e-05,9.938166590714117e-08,0.001000000000000112,-4.983678008764074e-05,5.016934918779773e-07,1,0.9999900000999989,0.00010000000000021103,9.999999999998899e-05,-0.0006999999999997009,1.9366895951536366e-09,14951.781872858715,0.01724135814130563,False,1.0,1.0,-0.0007999999999999119,1.436e-05,1.0028,1.00328884,-0.0004888400000000459,120944287.8,-0.00037634488058763674,1.8249,1.436e-05,2,1,False,1.0198288645217641,0.47946971952727596,19,27,5,2,0,9,4,False,0,1183809038
1779859640000,1779859641004,9,197,False,1.0036,1.0038,1.0035,1.0037,34791.0,32810.4,1980.6,8,4,4,1.0035,1.0036,9.999999999998899e-05,1.0035500000000002,1.0035646017207385,1.0036125271087522,65620.0,200803.8,418884.2,98902.40000000001,239787.2,559684.7,418884.2,559684.7,-0.143884094415835,0.8861429680089425,-0.1420378509475099,-4.350053323311461e-09,3.2961946640136657e-09,-7.646247987325125e-09,0.428057952792082,-0.2920344169955768,0.7484288921959082,32810.4,1980.6,30829.800000000003,93523.30000000005,2.5816014131941283,4348.8749994563905,11735.3,30829.8,3.098851726689682,9.845288229371285,0.0,0.0001136624186820034,0.0001795131396994459,9.938166590714117e-08,0.001000000000000112,-9.963632748746798e-05,0.0,1,0.3333322222259259,0.0002999999999997449,9.999999999998899e-05,0.000500000000000167,3.0077279737600166e-09,14951.78187285724,0.01724135814130563,False,1.0,1.0,0.00020000000000042206,1.436e-05,1.0028,1.00328884,-0.0004888400000000459,120944287.8,-0.00037634488058763674,1.8249,1.436e-05,2,1,False,1.0869397261578926,0.4545036464132548,20,27,5,2,0,9,8,False,0,2205014009
1779859641000,1779859642000,9,198,False,1.0035,1.0035,1.0034,1.0034,1011.0,0.0,1011.0,2,0,2,1.0033,1.0034,9.999999999998899e-05,1.0033500000000002,1.0033420394268608,1.0034151541672895,69300.2,196880.7,440425.9,99801.8,209508.6,498726.9,440425.9,498726.9,-0.06207829013553485,-0.9999999999990109,-0.05055929656213627,-4.25607182200054e-09,3.843850699905221e-09,-8.09992252190576e-09,0.468960854932232,0.15921146093741328,0.883100350111452,0.0,1011.0,-1011.0,92512.30000000005,2.5625325144008784,505.49999974725,929.2,-1011.0,0.7804779014431835,45.45454338842985,-0.00029893876960202957,0.00013186115735576494,5.9849639233677e-05,9.938166590714117e-08,0.000600000000000156,-0.00029893876960202957,2.9568622116887627e-07,1,-0.9999900000999989,9.999999999976694e-05,9.999999999998899e-05,0.000300000000000189,4.346537987214849e-09,14951.781872857671,0.01724135814130563,False,1.0,1.0,0.00020000000000042206,1.436e-05,1.0028,1.00328884,-0.0004888400000000459,120944287.8,-0.00037634488058763674,1.8249,1.436e-05,2,1,False,1.06212298630712,0.4563929094203573,21,27,5,2,0,9,2,False,0,4158521787
1779859642000,1779859643076,9,199,False,1.0034,1.0034,1.0034,1.0034,19.9,19.9,0.0,1,1,0,1.0033,1.0034,9.999999999998899e-05,1.0033500000000002,1.003341884266241,1.0034213121717916,69386.9,192418.6,433507.6,102692.7,211557.5,497413.7,433507.6,497413.7,-0.06864823052174224,0.9999999999497488,-0.054086096388212365,-4.3029155650194675e-09,3.872767342084381e-09,-8.175682907103848e-09,0.4656758847391283,0.16231467337585023,0.871523241117,19.9,0.0,19.9,92532.20000000004,2.511301940158227,19.8999999801,19.9,19.9,0.39819982759173683,1.0,0.0,0.00012996193102627902,0.0,9.938166590714117e-08,0.0005500000000000504,0.00029893876960202957,0.0,1,0.0,9.999999999976694e-05,9.999999999998899e-05,-0.000300000000000189,4.393284649993558e-09,14951.78187284492,0.01724135814130563,False,1.0,1.0,-0.00039999999999995595,1.436e-05,1.0028,1.00328884,-0.0004888400000000459,120944287.8,-0.00037634488058763674,1.8249,1.436e-05,2,2,False,1.06212298630712,0.4593585563247711,22,27,5,2,0,9,1,False,0,664252413
1779859643000,1779859644095,9,200,False,1.0033,1.0034,1.0033,1.0034,352.1,283.0,69.1,2,1,1,1.0033,1.0034,9.999999999998899e-05,1.0033500000000002,1.003355741831043,1.003434346389949,67785.8,193274.3,433314.6,109927.2,213195.8,499060.9,433314.6,499060.9,-0.0705148301301353,0.6074978699215918,-0.06058869564562121,-4.287855034790461e-09,3.8843006395163e-09,-8.172155674306761e-09,0.46474258493493176,-0.1148366226874464,0.8682599658678912,283.0,69.1,213.9,92746.10000000003,2.4945379421202523,176.049999911975,283.0,213.9,0.8017516853234681,6.80272104215836,0.0,0.00012996193102627902,5.985560421496112e-05,9.938166590714117e-08,0.000400000000000178,0.0,0.0,1,0.9999900000999989,9.999999999976694e-05,9.999999999998899e-05,9.999999999976694e-05,4.648794212979909e-09,14951.781872844924,0.01724135814130563,False,1.0,1.0,0.0,1.436e-05,1.0028,1.00328884,-0.0004888400000000459,120944287.8,3.208089703961018e-07,1.8249,1.436e-05,2,2,False,1.0665727963646114,0.4593585563247711,23,27,5,2,0,7,2,False,0,270473905
1779859644000,1779859645042,9,201,False,1.0033,1.0033,1.0033,1.0033,49.8,0.0,49.8,1,0,1,1.0033,1.0034,9.999999999998899e-05,1.0033500000000002,1.0033810315974336,1.0034455033746172,56806.6,182714.6,421295.3,104144.09999999999,210586.4,496357.8,421295.3,496357.8,-0.08179833969939176,-0.9999999999799197,-0.09797990633387013,-4.3476495580316485e-09,3.899274784446753e-09,-8.246924342478401e-09,0.45910083015030356,-0.6206319519636742,0.848773404991317,0.0,49.8,-49.8,92696.30000000003,2.4455366981163094,49.7999999502,49.8,-49.8,0.4089081960460247,1.0,-9.96661185855287e-05,0.00013185890290676067,0.0,9.938166590714117e-08,9.999999999998899e-05,-9.96661185855287e-05,2.001327682400148e-06,1,0.0,0.00010000000000021103,9.999999999998899e-05,-0.000700000000000589,5.035394296033942e-09,14951.781872859076,0.01724135814130563,False,1.0,1.0,-0.0008000000000008001,1.436e-05,1.0028,1.00328884,-0.0004888400000000459,120965453.6,0.00017532540964386028,1.8249,1.436e-05,2,1,False,1.0213383543287975,0.478433919360375,24,27,5,2,0,8,1,False,0,2139303772
1779859645000,1779859646038,9,202,False,1.0033,1.0036,1.0032,1.0034,29264.3,25690.1,3574.2000000000003,10,6,4,1.0034,1.0035,9.999999999998899e-05,1.00345,1.0034705742330707,1.0035598592811343,58309.5,184255.1,412462.1,120785.2,240222.5,532550.0,412462.1,532550.0,-0.12707551575265533,0.7557296774568072,-0.1385668830768255,-4.416254445448941e-09,3.692034009094454e-09,-8.108288454543394e-09,0.4364622421236718,-0.4114846636892825,0.7745039902356571,25690.1,3574.2000000000003,22115.899999999998,114812.20000000003,2.693224019489545,2926.4299997073567,14119.7,22115.9,3.7130219855169377,16.304347560255202,9.966611858559202e-05,0.00013372896857252135,0.00023941048927508487,1.0931500110105216e-07,0.00019999999999997797,0.00019933223717112072,3.4057236491420814e-09,1,0.2499993750015625,9.999999999976694e-05,9.999999999998899e-05,0.000700000000000145,7.288904830095572e-09,14951.781872959142,0.01724135814130563,False,1.0,1.0,0.000600000000000378,1.436e-05,1.0028,1.00328884,-0.0004888400000000459,120965453.6,0.00017532540964386028,1.8249,1.436e-05,2,2,False,1.0441237982009022,0.463339723970229,25,27,5,2,0,9,10,False,0,3037843685
1779859646000,1779859647004,9,203,False,1.0034,1.0035,1.0034,1.0035,3152.8999999999996,5.1,3147.7999999999997,3,1,2,1.0035,1.0036,9.999999999998899e-05,1.0035500000000002,1.0035031014672051,1.0036119792781717,69437.3,200973.0,421367.1,85143.8,218097.8,518934.39999999997,421367.1,518934.39999999997,-0.1037617189805609,-0.9967648831231576,-0.03851139200921949,-4.316965607748073e-09,3.4929543677666453e-09,-7.809919975514719e-09,0.44811914050971896,0.9379706535401442,0.8119852913971385,5.1,3147.7999999999997,-3142.7,111669.50000000003,2.70328224835874,1050.9666663163443,3135.7,-3142.7,1.1097620312165501,4.1753653270339655,9.965618624024489e-05,0.00013557287637380833,5.9849639233677e-05,1.1924734637666025e-07,0.0,-9.932345347132333e-09,3.160778528980091e-08,1,0.9999900000999989,0.00010000000000021103,9.999999999998899e-05,-0.0009000000000001229,1.2093428359035095e-08,14951.781872959313,0.01724135814130563,False,1.0,1.0,-0.001000000000000334,1.436e-05,1.0028,1.00328884,-0.0004888400000000459,120965453.6,0.00017532540964386028,1.8249,1.436e-05,2,1,False,1.067426930064239,0.459811086631611,26,27,5,2,0,9,3,False,0,3652626262
1779859647000,1779859648031,9,204,False,1.0036,1.0036,1.0036,1.0036,4809.6,2943.3,1866.3,2,1,1,1.0035,1.0036,9.999999999998899e-05,1.0035500000000002,1.0035913579653974,1.0036543572937613,45878.4,166915.9,385279.1,109593.1,235356.9,556825.8,385279.1,556825.8,-0.1820887461682875,0.22392714570853628,-0.21354094656529782,-4.644704194976818e-09,3.417411855126738e-09,-8.062116050103556e-09,0.4089556269158557,-0.827159309021069,0.6919203456449022,2943.3,1866.3,1077.0000000000002,112746.50000000003,2.680223813986322,2404.7999987976,2943.3,1077.0000000000002,0.746206338745709,13.33333315555556,9.964625587435153e-05,0.00012995087543953346,0.0,1.0928428430411981e-07,0.0001500000000000945,-9.930365893354252e-09,2.0718200240005573e-08,1,0.0,9.999999999976694e-05,9.999999999998899e-05,0.001100000000000101,1.2462203972365512e-08,14951.781872952251,0.01724135814130563,False,1.0,1.0,0.001000000000000334,1.436e-05,1.0028,1.00328884,-0.0004888400000000459,120965453.6,0.00017532540964386028,1.8249,1.436e-05,2,1,False,1.0662441681378716,0.45329936163632156,27,27,5,2,0,9,2,False,0,2336726665
1779859648000,1779859649014,9,205,False,1.0036,1.0036,1.0034,1.0034,1360.9,749.5,611.4,4,1,3,1.0033,1.0034,9.999999999998899e-05,1.0033500000000002,1.0033995476002249,1.0034968127667487,36507.8,147988.1,386850.0,120487.3,237759.4,549850.5,386850.0,549850.5,-0.17401560050410972,0.10147696377389855,-0.2359177112998149,-4.633701270102559e-09,3.534500834741944e-09,-8.168202104844503e-09,0.4129921997479446,-0.9909520062941678,0.7035548753706676,749.5,611.4,138.10000000000002,112884.60000000003,2.7234951643474266,340.2249999149438,749.5,138.09999999999997,1.4687009732546135,7.3710073166756205,-0.00019930244211464955,0.0001355578942801441,0.00011969331467488398,1.291440264474593e-07,-0.00019999999999997797,-0.00029894869798900107,1.464489985410413e-07,1,-0.999995000025,9.999999999976694e-05,9.999999999998899e-05,0.000700000000000145,1.2559209962835841e-08,14951.781872952086,0.01724135814130563,False,1.0,1.0,0.000600000000000378,1.436e-05,1.0028,1.00328884,-0.0004888400000000459,120965453.6,0.00017193896992147065,1.8249,1.436e-05,2,1,False,1.0538416812026525,0.470583895289928,28,27,5,2,0,9,4,False,0,2057774386
1779859649000,1779859650010,9,206,False,1.0033,1.0033,1.003,1.003,1397.6,0.0,1397.6,4,0,4,1.0029,1.003,9.999999999998899e-05,1.0029499999999998,1.002978793243937,1.0031139300873706,34596.5,167050.4,408685.7,99476.59999999999,226803.0,481568.1,408685.7,481568.1,-0.08186699118835536,-0.9999999999992845,-0.13327675696336036,-4.438715568114165e-09,3.927918328280889e-09,-8.366633896395053e-09,0.4590665044058217,-0.5758648822231638,0.8486560883081732,0.0,1397.6,-1397.6,111487.00000000003,2.765347781909806,349.39999991264995,686.5,-1397.6,1.4464726732458386,18.072288830018874,-0.0003987240882172293,0.00016224976926917264,0.00017960261442538918,2.0861071095909005e-07,-0.000700000000000145,-0.00019942164610257975,2.852919921414883e-07,1,-0.9999966666777776,0.00010000000000021103,9.999999999998899e-05,0.00010000000000021103,1.3695092236649032e-08,14951.781872966734,0.01724135814130563,False,1.0,1.0,0.0,1.436e-05,1.0028,1.00328884,-0.0004888400000000459,120961914.5,0.0001426768260294852,1.8249,1.436e-05,2,1,False,1.0417331484580181,0.5048559915169336,29,27,5,2,0,9,4,False,0,2598126552
1779859650000,1779859651012,9,207,False,1.003,1.0031,1.003,1.0031,4983.0,4983.0,0.0,2,2,0,1.003,1.0031,0.00010000000000021103,1.00305,1.0030724132737143,1.003184267578531,42800.7,164018.5,404409.5,106194.8,230691.4,477445.2,404409.5,477445.2,-0.08282055989495767,0.9999999999997993,-0.11941302915570554,-4.392695226558869e-09,3.9846885926304e-09,-8.37738381918927e-09,0.4585897200525206,-0.4482654760638844,0.8470280987221134,4983.0,0.0,4983.0,116470.00000000003,2.7402544120111236,2491.49999875425,4539.2,4983.0,0.7298592388004964,999999999.9999999,9.96959275041281e-05,0.00016377408685730834,5.98735062949788e-05,2.483618787521445e-07,-0.0005999999999999339,0.0004984200157213574,2.000721001487218e-08,-1,0.999990000099999,0.00010000000000021103,0.00010000000000021103,0.00010000000000021103,1.2036155601865919e-08,14951.781872970303,0.034482784493959785,False,1.0,1.0,0.0,1.436e-05,1.0028,1.00328884,-0.0004888400000000459,120961914.5,0.0001426768260294852,1.8249,1.436e-05,2,1,False,1.0532133221278674,0.4963474893504723,30,27,5,2,0,9,2,False,0,2650358644
1779859651000,1779859652038,9,208,False,1.0031,1.0031,1.0031,1.0031,102.6,102.6,0.0,1,1,0,1.003,1.0031,0.00010000000000021103,1.00305,1.0030041937574512,1.00313896197146,54828.0,173663.8,419172.8,75108.7,207554.2,458287.5,419172.8,458287.5,-0.044577173463004494,0.9999999999902534,-0.014048747977685044,-4.369885688325371e-09,4.024975969067306e-09,-8.394861657392677e-09,0.47771141326849714,0.916124849161526,0.9146503013937738,102.6,0.0,102.6,116572.60000000003,2.6831968903058407,102.59999989739998,102.6,102.6,0.372689757967529,1.0,0.0,0.000162248852762732,0.0,2.433896376193675e-07,-0.00029999999999996696,-9.96959275041281e-05,0.0,-1,0.0,0.00010000000000021103,0.00010000000000021103,0.00010000000000021103,1.2044225222541478e-08,14951.781872922813,-0.4649122764229449,False,1.0,1.0,0.0,1.436e-05,1.0028,1.00328884,-0.0004888400000000459,120961914.5,0.0001426768260294852,1.8249,1.436e-05,2,0,False,1.0554584827734956,0.48858575754807254,31,27,5,2,0,8,1,False,0,3932953652
1779859652000,1779859653053,9,209,False,1.0031,1.0031,1.0031,1.0031,579.1,579.1,0.0,2,2,0,1.003,1.0031,0.00010000000000021103,1.00305,1.0030012577239746,1.003080227848724,70436.1,188435.2,430782.8,75116.6,207068.80000000002,453901.0,430782.8,453901.0,-0.026131596396362162,0.9999999999982732,0.013214346392100201,-4.296649197045771e-09,4.07285087108868e-09,-8.369500068134451e-09,0.4869342018018183,0.9748455186743793,0.9490677482534717,579.1,0.0,579.1,117151.70000000004,2.6607969922630264,289.549999855225,488.6,579.1,0.7516544873824934,3.745318338032515,0.0,0.00016186535605641221,0.0,2.359325773191646e-07,-0.00029999999999996696,0.0,0.0,-1,0.0,0.00010000000000021103,0.00010000000000021103,0.00010000000000021103,1.1955853034948263e-08,14951.78187292043,-0.6309523791612744,False,1.0,1.0,0.0,1.436e-05,1.0028,1.00328884,-0.0004888400000000459,120961914.5,0.0001426768260294852,1.8249,1.436e-05,2,0,False,1.0515133791516225,0.48858575754807254,32,27,5,2,0,9,2,False,0,1761186916
1779859653000,1779859654021,9,210,False,1.00305,1.00305,1.00305,1.00305,0.0,0.0,0.0,0,0,0,1.003,1.0031,0.00010000000000021103,1.00305,1.0030305709271463,1.0030856237654548,65920.5,184018.4,427529.4,78467.1,211940.0,458481.4,427529.4,458481.4,-0.034934111412637366,0.0,-0.021841729333596106,-4.289697736700098e-09,4.038542140343587e-09,-8.328239877043686e-09,0.4825329442936807,0.38858145498713736,0.9324901729928391,0.0,0.0,0.0,117151.70000000004,2.5735577466150583,0.0,0.0,0.0,0.0,0.0,-4.984672134238142e-05,0.0001587645450202863,0.0,2.0611251344214023e-07,-0.0003500000000000725,-4.984672134238142e-05,49846.72134238142,-1,0.0,0.0,0.00010000000000021103,-0.0,1.1955853034948263e-08,7473.65537894297,-0.7136363554304882,False,1.0,1.0,-0.0,1.436e-05,1.0028,1.00328884,-0.0004888400000000459,120961914.5,0.00014836622219211828,1.8249,1.436e-05,2,0,False,1.0554584827734956,0.49634123692756743,33,27,5,2,0,9,0,False,0,1738695073
1779859654000,1779859655170,9,211,False,1.003,1.003,1.003,1.003,32.0,0.0,32.0,1,0,1,1.003,1.0031,0.00010000000000021103,1.00305,1.0030304779125805,1.0030860060367892,65809.4,183913.3,427490.6,78472.1,212435.1,459186.0,427490.6,459186.0,-0.0357462912633535,-0.9999999999687501,-0.02391352279355971,-4.290435232725136e-09,4.034280904144168e-09,-8.324716136869303e-09,0.48212685436832264,0.3904417463187403,0.9309748119498397,0.0,32.0,-32.0,117119.70000000004,2.521965689348991,31.999999967999997,32.0,-32.0,0.39651610005115473,1.0,-4.9849206161801935e-05,0.00015278341038045385,0.0,2.085973329308265e-07,-0.000300000000000189,-2.4848194205150825e-09,1.5577876925076298e-06,-1,0.0,0.00010000000000021103,0.00010000000000021103,0.00010000000000021103,1.1951711188630418e-08,9966.115687029687,-0.7629629585731504,False,1.0,1.0,0.0,1.436e-05,1.00325161,1.00369592,-0.0004443100000000033,120961914.5,0.00014836622219211828,1.8249,1.436e-05,2,0,False,1.0515133791516225,0.5196763464272448,34,27,5,2,0,8,1,False,0,1437611448
1779859655000,1779859656094,9,212,False,1.0031,1.0031,1.003,1.003,101.0,89.0,12.0,2,1,1,1.003,1.0031,0.00010000000000021103,1.00305,1.0030290102775052,1.0030844411731814,66939.6,185114.5,427967.7,78842.6,213375.0,459688.6,427967.7,459688.6,-0.03573556566882917,0.7623762376162141,-0.02183019951867398,-4.292888210902463e-09,4.028896577352965e-09,-8.321784788255428e-09,0.4821322171655848,0.41979444782330966,0.9309948082245222,89.0,12.0,77.0,117196.70000000004,2.5048520601900077,50.49999997475,89.0,77.0,0.7984503480216864,1.8796992445870315,0.0,0.00015278341038045385,5.98735062949788e-05,2.085973329308265e-07,-0.000400000000000178,4.9849206161801935e-05,0.0,-1,-0.999990000099999,0.00010000000000021103,0.00010000000000021103,-0.00010000000000021103,1.2174453255193316e-08,9966.115687029687,-0.795597482407527,False,1.0,1.0,-0.00020000000000042206,1.436e-05,1.00325161,1.00369592,-0.0004443100000000033,120961914.5,0.00014836622219211828,1.8249,1.436e-05,2,1,False,1.0554584827734956,0.5346705546011056,35,27,5,2,0,7,2,False,0,926146334
1779859656000,1779859657008,9,213,False,1.00305,1.00305,1.00305,1.00305,0.0,0.0,0.0,0,0,0,1.003,1.0031,0.00010000000000021103,1.00305,1.0030251379051742,1.0030753933151308,69054.1,187402.7,430255.9,76732.3,214039.9,460353.5,430255.9,460353.5,-0.03379438842662107,0.0,-0.021287750140155465,-4.276745803443125e-09,4.007788708182881e-09,-8.284534511626007e-09,0.48310280578668885,0.49724189472930563,0.9346206773707577,0.0,0.0,0.0,117196.70000000004,2.4227257631345975,0.0,0.0,0.0,0.0,0.0,4.984920616180865e-05,0.0001378296657427978,0.0,1.9369918610110972e-07,-0.00045000000000006146,4.984920616180865e-05,49849.206161808645,-1,0.0,0.0,0.00010000000000021103,0.00020000000000042206,1.2174453255193316e-08,9966.115687011392,-0.818681320273823,False,1.0,1.0,0.00020000000000042206,1.436e-05,1.00325161,1.00369592,-0.0004443100000000033,120961914.5,0.00014836622219211828,1.8249,1.436e-05,2,1,False,1.05943407040562,0.4900765569648607,36,27,5,2,0,7,0,False,0,2330486252
1779859657000,1779859658074,9,214,False,1.0031,1.0031,1.0031,1.0031,14.2,14.2,0.0,1,1,0,1.003,1.0031,0.00010000000000021103,1.00305,1.0030276536988514,1.0030731069376404,69603.6,187952.2,431994.0,75466.9,212774.5,459112.9,431994.0,459112.9,-0.03043282461397167,0.9999999999295774,-0.012672566936001222,-4.268433464627919e-09,4.009796238486654e-09,-8.278229703114572e-09,0.48478358769301355,0.44692602102606976,0.940931958130558,14.2,0.0,14.2,117210.90000000004,2.376079016802316,14.199999985799998,14.2,14.2,0.4208614244339906,1.0,4.9846721342312735e-05,0.00013783002496800078,0.0,1.887362312253938e-07,-0.0004999999999999449,-2.4848194959145673e-09,3.5103324886480566e-06,-1,0.0,0.00010000000000021103,0.00010000000000021103,0.000700000000000589,1.1174667718634047e-08,12458.451754126967,-0.8357843050058439,False,1.0,1.0,0.000600000000000378,1.436e-05,1.00325161,1.00369592,-0.0004443100000000033,120961914.5,0.00014836622219211828,1.8249,1.436e-05,2,0,False,1.1878418849266077,0.4874181513836313,37,27,5,2,0,7,1,False,0,1317575407
1779859658000,1779859659100,9,215,False,1.00305,1.00305,1.00305,1.00305,0.0,0.0,0.0,0,0,0,1.003,1.0031,0.00010000000000021103,1.00305,1.0030046319674717,1.0030691396478055,69678.7,188027.3,430809.0,71553.0,210357.1,457013.7,430809.0,457013.7,-0.029515690463873003,0.0,0.003295254727218587,-4.277564597922585e-09,4.003458590120241e-09,-8.281023188042827e-09,0.4852421547680629,0.9073606484329279,0.9426610186959363,0.0,0.0,0.0,117210.90000000004,2.2981747867432234,0.0,0.0,0.0,0.0,0.0,-4.984672134238142e-05,0.00013417987952633198,0.0,1.7632797535705234e-07,-0.0003500000000000725,-9.969344268469415e-05,49846.72134238142,-1,0.0,0.0,0.00010000000000021103,-0.000600000000000378,1.1174667718634047e-08,4984.796375547048,-0.848888886935181,False,1.0,1.0,-0.000600000000000378,1.436e-05,1.00325161,1.00369592,-0.0004443100000000033,120961914.5,0.00014836622219211828,1.8249,1.436e-05,2,0,False,1.1768983748018167,0.5038677939636869,38,27,5,2,0,7,0,False,0,615860347
1779859659000,1779859660023,9,216,False,1.00305,1.00305,1.00305,1.00305,0.0,0.0,0.0,0,0,0,1.003,1.0031,0.00010000000000021103,1.00305,1.0030686686613592,1.003090389669795,61980.0,177191.1,422427.4,81382.4,219188.4,468967.2,422427.4,468967.2,-0.05221009864766954,0.0,-0.0759508126489448,-4.291400660753701e-09,3.931433976732771e-09,-8.222834637486473e-09,0.4738949506761646,-0.3733732300599348,0.9007610766808406,0.0,0.0,0.0,117210.90000000004,2.2228247937352488,0.0,0.0,0.0,0.0,0.0,0.0,0.00013231730870124842,0.0,1.7632797535705234e-07,5.0000000000105516e-05,4.984672134238142e-05,0.0,-1,0.0,0.0,0.00010000000000021103,0.0,1.1174667718634047e-08,4984.796375546919,-0.8591836738895651,False,1.0,1.0,0.0,1.436e-05,1.00325161,1.00369592,-0.0004443100000000033,120963405.0,0.00016069011063267515,1.8249,1.436e-05,2,1,False,1.1768983748018167,0.5038677939636867,39,27,5,2,0,8,0,False,0,448037699
1779859660000,1779859661068,9,217,False,1.00305,1.00305,1.00305,1.00305,0.0,0.0,0.0,0,0,0,1.003,1.0031,0.00010000000000021103,1.00305,1.0030628810109712,1.003087722177721,62477.9,177830.9,420166.39999999997,79908.1,222254.7,475317.9,420166.39999999997,475317.9,-0.061588461126565804,0.0,-0.07865768771886394,-4.3222292189542614e-09,3.851082395064761e-09,-8.173311614019022e-09,0.4692057694367165,-0.25762022277058333,0.8839692340641896,0.0,0.0,0.0,117210.90000000004,2.149945292301306,0.0,0.0,0.0,0.0,0.0,0.0,0.00013231730870124842,0.0,1.7632797535705232e-07,-5.0000000000105516e-05,0.0,0.0,-1,0.0,0.0,0.00010000000000021103,0.0,1.1174667718634047e-08,4984.796375546919,-0.867424236761984,False,1.0,1.0,0.0,1.436e-05,1.00325161,1.00369592,-0.0004443100000000033,120963405.0,0.00016069011063267515,1.8249,1.436e-05,2,0,False,1.1968396496143157,0.5104290006519621,40,27,5,2,0,8,0,False,0,913451625
1779859661000,1779859662052,9,218,False,1.003,1.003,1.003,1.003,1377.7,0.0,1377.7,1,0,1,1.0029,1.003,9.999999999998899e-05,1.0029499999999998,1.002995624886764,1.003057016352929,41071.5,173859.80000000002,416006.6,90996.4,226530.3,481247.0,416006.6,481247.0,-0.07271121564739327,-0.9999999999992741,-0.13397539493805383,-4.368426480571805e-09,3.856654143010772e-09,-8.225080623582577e-09,0.46364439217630277,-0.9124977370103612,0.8644346873850624,0.0,1377.7,-1377.7,115833.20000000004,2.1122421679635583,1377.6999986223,1377.7,-1377.7,0.47343056335755435,1.0,-4.9849206161801935e-05,0.00011473403135570021,0.0,1.763279753570523e-07,-0.00010000000000021103,-4.9849206161801935e-05,3.618291802407327e-08,-1,0.0,0.00010000000000021103,9.999999999998899e-05,-0.0009000000000001229,1.1782339159385002e-08,7477.256683636585,-0.790780142396741,False,1.0,1.0,-0.001000000000000334,1.436e-05,1.00325161,1.00369592,-0.0004443100000000033,120963405.0,0.00016069011063267515,1.8249,1.436e-05,1,0,False,1.2077742091017918,0.5224886796009716,41,27,5,2,0,9,1,False,0,1811468945
1779859662000,1779859663006,9,219,False,1.0029,1.0029,1.0028,1.0028,518.3,0.0,518.3,2,0,2,1.0027,1.0028,9.999999999998899e-05,1.0027499999999998,1.0027611189545436,1.0028716741738577,43339.5,169000.2,445265.5,96637.0,227881.6,485148.60000000003,445265.5,485148.60000000003,-0.042865966885067615,-0.9999999999980707,-0.08248096564163084,-4.2612889555697805e-09,3.8259820363268996e-09,-8.08727099189668e-09,0.4785670165574656,-0.22237909365221298,0.9177919919793628,0.0,518.3,-518.3,115314.90000000004,2.108562096882786,259.14999987042495,496.0,-518.3,0.9485136823848852,37.03703566529498,-0.0001994216777971364,0.00012309487491322309,5.988544696526147e-05,1.862689876866942e-07,-0.000300000000000189,-0.00014957247163533446,3.847610993570358e-07,-1,-0.9999900000999989,0.00010000000000021103,9.999999999998899e-05,-0.000500000000000167,1.2808768145105323e-08,7477.2566836438245,-0.790780142396741,False,1.0,1.0,-0.000600000000000378,1.436e-05,1.00325161,1.00369592,-0.0004443100000000033,120963405.0,0.00016069011063267515,1.8249,1.436e-05,2,0,False,1.2077742091017918,0.5351370734508347,42,27,5,2,0,9,2,False,0,3135116041
1779859663000,1779859664002,9,220,False,1.0027,1.0028,1.0024,1.0028,26486.8,5921.3,20565.5,9,3,6,1.0027,1.0028,9.999999999998899e-05,1.0027499999999998,1.0027469597312892,1.0028669239670889,45131.1,145905.9,431982.9,86647.40000000001,227083.7,472984.8,431982.9,472984.8,-0.04530758390603324,-0.5528867209326701,-0.07248895113741124,-4.371746510647088e-09,3.878279057373638e-09,-8.250025568020727e-09,0.47734620804698286,0.06080537116642707,0.9133124362558779,5921.3,20565.5,-14644.2,100670.70000000004,2.334510880591547,2942.97777745078,7793.5,-14644.2,3.8551972796392673,45.71428362448989,0.0,0.00012309487491322309,0.0002396015209891227,1.862689876866942e-07,-0.0002500000000000835,0.0001994216777971364,0.0,-1,0.2499993750015625,0.00010000000000021103,9.999999999998899e-05,-0.000500000000000167,1.64902622694273e-08,7477.2566836438245,-0.790780142396741,False,1.0,1.0,-0.000600000000000378,1.436e-05,1.00325161,1.00369592,-0.0004443100000000033,120963405.0,0.00023632729486538256,1.8249,1.436e-05,2,1,False,1.263571868170515,0.5408748689165707,43,27,5,2,0,9,9,False,0,3112114592
1779859664000,1779859665088,9,221,False,1.0027,1.0027,1.0026,1.0026,2531.7000000000003,495.3,2036.4,3,1,2,1.0025,1.0026,9.999999999998899e-05,1.0025499999999998,1.002542717438896,1.002687064693702,41446.9,161951.8,482404.2,83591.5,202539.1,447363.9,482404.2,447363.9,0.03768713940605184,-0.608721412489391,0.003417041151379624,-3.876515648044275e-09,4.160621226244956e-09,-8.037136874289231e-09,0.5188435697030254,0.1456512194148212,1.078326168025625,495.3,2036.4,-1541.1000000000001,99129.60000000003,2.3563301959819882,843.8999997187001,2025.9,-1541.1000000000001,1.2731662157716395,3.1007751841836426,-0.0001994614547352754,0.00012901521253891893,5.98973923992095e-05,1.7633565249278323e-07,-0.00039999999999995595,-0.0001994614547352754,7.878558073041695e-08,-1,-0.9999900000999989,0.00010000000000021103,9.999999999998899e-05,-0.00010000000000021103,1.6924521088138527e-08,7477.256683630048,-0.790780142396741,False,1.0,1.0,-0.00020000000000042206,1.436e-05,1.00325161,1.00369592,-0.0004443100000000033,120963279.9,0.0002352928533784004,1.8249,1.436e-05,2,0,False,1.2845719637222328,0.5480092234942012,44,27,5,2,0,10,3,False,0,3370456103
1779859665000,1779859666024,9,222,False,1.0025,1.0025,1.0025,1.0025,1822.9,0.0,1822.9,2,0,2,1.0025,1.0026,9.999999999998899e-05,1.0025499999999998,1.0025969809637687,1.0027210980510524,28639.5,149297.1,470359.5,113567.0,237758.3,489964.60000000003,470359.5,489964.60000000003,-0.02041508694825009,-0.9999999999994514,-0.1266250446051185,-3.878278317842255e-09,3.947861978016972e-09,-7.826140295859227e-09,0.4897924565258744,-0.9396192777301001,0.9599867010800353,0.0,1822.9,-1822.9,97306.70000000004,2.3446472387366772,911.449999544275,1803.0,-1822.9,0.8530067833251607,4.1152263205134725,-9.974564867871652e-05,0.00012901828563534494,0.0,1.862987194061456e-07,-0.0004999999999999449,9.971580605655888e-05,5.471811326933008e-08,-1,0.0,9.999999999976694e-05,9.999999999998899e-05,9.999999999976694e-05,1.6751032478368536e-08,7477.25668353195,-0.790780142396741,False,1.0,1.0,0.0,1.436e-05,1.00325161,1.00369592,-0.0004443100000000033,120963279.9,0.0002352928533784004,1.8249,1.436e-05,2,1,False,1.288254102548419,0.5622522098787609,45,27,5,2,0,8,2,False,0,1289986919
1779859666000,1779859667080,9,223,False,1.0025499999999998,1.0025499999999998,1.0025499999999998,1.0025499999999998,0.0,0.0,0.0,0,0,0,1.0025,1.0026,9.999999999998899e-05,1.0025499999999998,1.0025519970743768,1.0027026078199928,38016.5,160611.9,481367.9,107070.2,243119.6,501765.5,481367.9,501765.5,-0.020747540466024197,0.0,-0.06896438249375644,-3.854484043120079e-09,3.76161550415703e-09,-7.616099547277108e-09,0.4896262297669874,-0.03994148957782697,0.9593483410078992,0.0,0.0,0.0,97306.70000000004,2.2677735587780976,0.0,0.0,0.0,0.0,0.0,4.9874067988620875e-05,0.0001275677129542292,0.0,1.8134307483635958e-07,-0.000500000000000167,0.0001496197166673374,49874.067988620875,-1,0.0,0.0,9.999999999998899e-05,0.0,1.6751032478368536e-08,7477.256683533148,-0.790780142396741,False,1.0,1.0,0.0,1.436e-05,1.00325161,1.00369592,-0.0004443100000000033,120963279.9,0.0002352928533784004,1.8249,1.436e-05,2,1,False,1.2787396426617277,0.5604116321135271,46,27,5,2,0,9,0,False,0,1722309743
1779859667000,1779859668022,9,224,False,1.0025499999999998,1.0025499999999998,1.0025499999999998,1.0025499999999998,0.0,0.0,0.0,0,0,0,1.0025,1.0026,9.999999999998899e-05,1.0025499999999998,1.0025856182098687,1.002709753174641,33402.7,155998.1,476754.1,107202.8,240403.7,494101.7,476754.1,494101.7,-0.01786835902921939,0.0,-0.09986616699588183,-3.854714401787059e-09,3.850809847480588e-09,-7.705524249267647e-09,0.4910658204853897,-0.7123642007241439,0.964890628791601,0.0,0.0,0.0,97306.70000000004,2.19342032734275,0.0,0.0,0.0,0.0,0.0,0.0,0.00012560673776865547,0.0,1.6148333269302007e-07,-0.0005500000000002725,-4.9874067988620875e-05,0.0,-1,0.0,0.0,9.999999999998899e-05,0.0,1.6751032478368536e-08,7477.256683531568,-0.790780142396741,False,1.0,1.0,0.0,1.436e-05,1.00325161,1.00369592,-0.0004443100000000033,120963279.9,0.0002352928533784004,1.8249,1.436e-05,2,0,False,1.2787396426617277,0.5534560636291467,47,27,5,2,0,8,0,False,0,705202412
1779859668000,1779859669072,9,225,False,1.0025,1.0026,1.0025,1.0026,28.200000000000003,13.9,14.3,2,1,1,1.0025,1.0026,9.999999999998899e-05,1.0025499999999998,1.0025813724120332,1.0027217616734543,33742.1,155318.0,477099.5,113878.9,243352.80000000002,496921.2,477099.5,496921.2,-0.020350388857238857,-0.014184397162617586,-0.09487740590137084,-3.853629426296255e-09,3.83062116007125e-09,-7.684250586367506e-09,0.4898248055713801,-0.6274482437775254,0.9601109793665455,13.9,14.3,-0.40000000000000036,97306.30000000005,2.1870786772659385,14.099999992950002,14.3,-0.40000000000000036,0.914461843496976,3.424657522518296,4.9871580690182365e-05,0.00011796329144809195,5.990336690355798e-05,8.20166481813893e-08,-0.00045000000000006146,4.9871580690182365e-05,1.7684957690926903e-06,-1,0.9999900000999989,0.00010000000000021103,9.999999999998899e-05,-0.0002999999999997449,1.7346726915494966e-08,9970.835718038614,-0.790780142396741,False,1.0,1.0,-0.00039999999999995595,1.436e-05,1.00325161,1.00369592,-0.0004443100000000033,120963279.9,0.00023864339095185636,1.8249,1.436e-05,1,1,False,1.2690254713070297,0.5572400576711972,48,27,5,2,0,9,2,False,0,3411639878
1779859669000,1779859670230,9,226,False,1.0025499999999998,1.0025499999999998,1.0025499999999998,1.0025499999999998,0.0,0.0,0.0,0,0,0,1.0025,1.0026,9.999999999998899e-05,1.0025499999999998,1.0025268280277477,1.002689970697086,38791.8,159779.6,482398.10000000003,74746.5,205287.5,457597.4,482398.10000000003,457597.4,0.02638384970991881,0.0,0.008038025790448104,-3.849331412766089e-09,3.9784908031652135e-09,-7.827822215931302e-09,0.5131919248549589,0.46343944185743474,1.0541976418572285,0.0,0.0,0.0,97306.30000000005,2.115371179650662,0.0,0.0,0.0,0.0,0.0,-4.987158069016601e-05,7.804262893484066e-05,0.0,4.475265494887139e-08,-0.000500000000000167,-9.974316138034837e-05,49871.580690166,-1,0.0,0.0,9.999999999998899e-05,-0.00019999999999953388,1.7346726915494966e-08,9970.83571811239,-0.790780142396741,False,1.0,1.0,-0.00019999999999953388,1.436e-05,1.00325161,1.00369592,-0.0004443100000000033,120950313.0,0.00013142081501216332,1.8249,1.436e-05,0,0,False,1.2836523826679254,0.5490516278351787,49,27,5,2,0,8,0,False,0,3338068083
1779859670000,1779859671076,9,227,False,1.0025,1.0025,1.0025,1.0025,7.7,0.0,7.7,1,0,1,1.0025,1.0026,9.999999999998899e-05,1.0025499999999998,1.0025270309698542,1.0026924391604397,38546.5,158415.0,482053.0,75450.1,204993.7,456318.2,482053.0,456318.2,0.027424967859201094,-0.9999999998701299,0.008130573806321926,-3.849794250249502e-09,3.997121024545352e-09,-7.846915274794854e-09,0.5137124839296,0.45938059973668993,1.0563966109613838,0.0,7.7,-7.7,97298.60000000005,2.07880163277687,7.6999999922999995,7.7,-7.7,0.4810463796794071,1.0,-4.9874067988566875e-05,7.56178495191593e-05,0.0,4.7239953554910024e-08,-0.0005500000000000504,-2.487298400867511e-09,6.477151685985678e-06,-1,0.0,9.999999999976694e-05,9.999999999998899e-05,-9.999999999976694e-05,1.6991316826706765e-08,12464.539117537166,-0.790780142396741,False,1.0,1.0,-0.00019999999999953388,1.436e-05,1.00325161,1.00369592,-0.0004443100000000033,120950313.0,0.00013142081501216332,1.8249,1.436e-05,0,0,False,1.2787396426617277,0.5422556271459944,50,27,5,2,0,7,1,False,0,3962487188
1779859671000,1779859672018,9,228,False,1.0025499999999998,1.0025499999999998,1.0025499999999998,1.0025499999999998,0.0,0.0,0.0,0,0,0,1.0025,1.0026,9.999999999998899e-05,1.0025499999999998,1.002595693881789,1.0027214813867031,27603.2,149962.6,470670.4,110763.1,249280.8,494269.5,470670.4,494269.5,-0.024456549055542166,0.0,-0.12545007189105076,-3.8705757998804865e-09,3.861157190646127e-09,-7.731732990526613e-09,0.48777172547222836,-0.9138776380301682,0.9522545898543185,0.0,0.0,0.0,97298.60000000005,2.0106442021940216,0.0,0.0,0.0,0.0,0.0,4.9874067988620875e-05,7.643579200079567e-05,0.0,4.972737621264091e-08,-0.00045000000000006146,9.974813597718774e-05,49874.067988620875,-1,0.0,0.0,9.999999999998899e-05,0.00019999999999953388,1.6991316826706765e-08,12464.539117861024,-0.790780142396741,False,1.0,1.0,0.00019999999999953388,1.436e-05,1.00325161,1.00369592,-0.0004443100000000033,120950313.0,0.00013142081501216332,1.8249,1.436e-05,0,1,True,1.2935908092017463,0.5587363301503162,51,27,5,2,0,8,0,False,0,406632870
1779859672000,1779859673068,9,229,False,1.0025,1.0026,1.0025,1.0026,306.8,287.6,19.2,2,1,1,1.0024,1.0025,9.999999999998899e-05,1.00245,1.0024941157816083,1.0024498414418141,57643.299999999996,168406.9,480947.8,83188.3,242978.19999999998,515175.3,480947.8,515175.3,-0.034360713048417375,0.8748370273765489,-0.09971480335265395,-3.716605596632586e-09,3.6353556921064123e-09,-7.351961288738998e-09,0.48281964347579076,-0.8823156332994954,0.9335614498598809,287.6,19.2,268.40000000000003,97567.00000000004,2.010295211958152,153.3999999233,287.6,268.40000000000003,0.9948787556714107,2.004008012016016,4.9871580690182365e-05,7.724499353884216e-05,5.990336690355798e-05,5.221467481868305e-08,-0.00019999999999997797,-2.487298438509655e-09,1.6255404397007762e-07,-1,0.9999900000999989,0.0002999999999997449,9.999999999998899e-05,0.0002999999999997449,1.9428972311990354e-08,14958.118152370142,-0.790780142396741,False,1.0,1.0,0.0,1.436e-05,1.00325161,1.00369592,-0.0004443100000000033,120950313.0,0.00013142081501216332,1.8249,1.436e-05,0,0,False,1.2249356241183207,0.556032766667518,52,27,5,2,0,9,2,False,0,1853482336
1779859673000,1779859674034,9,230,False,1.0025,1.0025,1.0025,1.0025,394.2,0.0,394.2,1,0,1,1.0024,1.0025,9.999999999998899e-05,1.00245,1.002489212463447,1.0025233449402093,51606.5,162370.2,469928.9,106202.0,244589.4,500217.3,469928.9,500217.3,-0.031220449041597993,-0.9999999999974633,-0.12316387554406165,-3.771816788607292e-09,3.805722794267052e-09,-7.577539582874344e-09,0.4843897754792005,-0.784249270211906,0.9394495152406747,0.0,394.2,-394.2,97172.80000000005,1.9771707787791963,394.1999996058,394.2,-394.2,0.5057732039271168,1.0,-9.974564867871652e-05,7.962420465476195e-05,0.0,5.4704328496571983e-08,-0.00029999999999996696,-0.00014961722936889888,2.5303310167037926e-07,-1,0.0,9.999999999976694e-05,9.999999999998899e-05,-9.999999999976694e-05,1.9244659306482327e-08,14958.11815238209,-0.790780142396741,False,1.0,1.0,-0.00019999999999953388,1.436e-05,1.00325161,1.00369592,-0.0004443100000000033,120950313.0,0.00012274562756126332,1.8249,1.436e-05,0,0,False,1.1447576535870003,0.5572908266697114,53,27,5,2,0,9,1,False,0,2257979108
1779859674000,1779859675096,9,231,False,1.0024,1.0024,1.0024,1.0024,10.4,0.0,10.4,1,0,1,1.0024,1.0025,9.999999999998899e-05,1.00245,1.0024966749282997,1.0026038030205755,28034.2,140270.6,452829.10000000003,104515.7,242377.5,506280.7,452829.10000000003,506280.7,-0.055730428361799575,-0.9999999999038461,-0.16848538128506907,-3.816998001744379e-09,3.768973464780673e-09,-7.585971466525051e-09,0.4721347858190997,-0.9334985676118602,0.8944229949907219,0.0,10.4,-10.4,97162.40000000005,1.9451323925897146,10.3999999896,10.4,-10.4,0.5141038231102172,1.0,-9.975559886567265e-05,8.193488740706105e-05,0.0,6.465451541476233e-08,-0.00019999999999997797,-9.95018695612766e-09,9.59188450539238e-06,-1,0.0,0.00010000000000021103,9.999999999998899e-05,0.00010000000000021103,1.87815528344019e-08,12465.657844304651,-0.790780142396741,False,1.0,1.0,0.0,1.436e-05,1.00325161,1.00369592,-0.0004443100000000033,120950337.0,0.00012294408050693748,1.8249,1.436e-05,0,0,False,1.1447576535870003,0.5631826172840065,54,27,5,2,0,9,1,False,0,4088392632
1779859675000,1779859676052,9,232,False,1.0025,1.0025,1.0024,1.0024,11824.4,11427.699999999999,396.7,4,2,2,1.0024,1.0025,9.999999999998899e-05,1.00245,1.0024156382956473,1.0025179300412919,54788.7,169707.3,481525.3,65064.9,200071.7,456454.8,481525.3,456454.8,0.026728178988019012,0.9329014580020183,0.032830730670139995,-3.7703017470569925e-09,3.9744632992285236e-09,-7.744765046285515e-09,0.5133640894940089,0.6872340850527647,1.0549243868177067,11427.699999999999,396.7,11030.999999999998,108193.40000000005,2.012505101029396,2956.099999260975,11418.4,11031.0,1.9875726009173482,3.0737704823552137,0.0,8.193488740706105e-05,5.990934259975605e-05,6.465451541476234e-08,-9.999999999998899e-05,9.975559886567265e-05,0.0,-1,-0.9999900000999989,0.00010000000000021103,9.999999999998899e-05,-0.00010000000000021103,1.0387739958844484e-08,12465.65784430465,-0.790780142396741,False,1.0,1.0,-0.00020000000000042206,1.436e-05,1.00325161,1.00369592,-0.0004443100000000033,120950337.0,0.00012294408050693748,1.8249,1.436e-05,0,1,True,0.9850357200599714,0.5599818229703858,55,27,5,2,0,8,4,False,0,2112941053
1779859676000,1779859677064,9,233,False,1.0024,1.0024,1.0024,1.0024,5.4,0.0,5.4,1,0,1,1.0024,1.0025,9.999999999998899e-05,1.00245,1.0024105603270956,1.0024697481641272,67830.9,182266.8,495688.2,65676.7,202517.9,455238.10000000003,495688.2,455238.10000000003,0.04253757625590956,-0.9999999998148148,0.033746276406636536,-3.6942450618129665e-09,4.075183159289807e-09,-7.769428221102773e-09,0.5212687881279542,0.7887934560326392,1.088854821246286,0.0,5.4,-5.4,108188.00000000006,1.979308212471055,5.3999999946,5.4,-5.4,0.50522702487367,1.0,0.0,8.117313968708891e-05,0.0,6.216969592607916e-08,-0.00014999999999987246,0.0,0.0,-1,0.0,0.00010000000000021103,9.999999999998899e-05,0.00010000000000021103,1.0271428519550752e-08,12465.657844279973,-0.790780142396741,False,1.0,1.0,0.0,1.436e-05,1.00325161,1.00369592,-0.0004443100000000033,120950337.0,0.00012294408050693748,1.8249,1.436e-05,0,0,False,1.1713846005575057,0.5660718739803974,56,27,5,2,0,10,1,False,0,4241571302
1779859677000,1779859677994,9,234,False,1.00245,1.00245,1.00245,1.00245,0.0,0.0,0.0,0,0,0,1.0024,1.0025,9.999999999998899e-05,1.00245,1.0024144571073579,1.0024630399520114,71469.3,187133.5,499535.3,66626.3,203467.5,455771.5,499535.3,455771.5,0.04581125142205618,0.0,0.04041823263977175,-3.680805617639042e-09,4.07496019773463e-09,-7.755765815373673e-09,0.5229056257110275,0.7108578509602983,1.096021361581404,0.0,0.0,0.0,108188.00000000006,1.9144128612424958,0.0,0.0,0.0,0.0,0.0,4.9879043330401836e-05,8.11741324154964e-05,0.0,5.968500029749757e-08,-9.999999999976694e-05,4.9879043330401836e-05,49879.04333040183,-1,0.0,0.0,9.999999999998899e-05,0.0,1.0271428519550752e-08,9973.321777626177,-0.8120567326690058,False,1.0,1.0,0.0,1.436e-05,1.00325161,1.00369592,-0.0004443100000000033,120950337.0,0.00012294408050693748,1.8249,1.436e-05,0,1,True,1.1811628230112114,0.5601979087981249,57,27,5,2,0,8,0,False,0,3832273119
1779859678000,1779859679032,9,235,False,1.0024,1.0025,1.0024,1.0024,253.9,154.0,99.9,4,1,3,1.0024,1.0025,9.999999999998899e-05,1.00245,1.0024128690646326,1.0024180813648327,75773.7,189609.4,504156.2,48734.6,186288.0,438329.2,504156.2,438329.2,0.06984405275667922,0.2130760141779713,0.09830329317498145,-3.664335808327963e-09,4.140797413539577e-09,-7.80513322186754e-09,0.5349220263783391,0.7426187050358857,1.1501770815177244,154.0,99.9,54.099999999999994,108242.10000000006,1.9827927674312664,63.47499998413125,154.0,54.099999999999994,2.0173565607487536,3.9113428790951383,-4.987904333038397e-05,8.11751251317607e-05,5.990934259975605e-05,6.217291926105278e-08,-0.00019999999999997797,-9.975808666078581e-05,1.9645152946115603e-07,-1,0.0,0.00010000000000021103,9.999999999998899e-05,-0.0002999999999997449,9.569685810410731e-09,12467.27394396986,-0.8882575761052582,False,1.0,1.0,-0.00039999999999995595,1.436e-05,1.00325161,1.00369592,-0.0004443100000000033,120950337.0,9.960947819049077e-05,1.8249,1.436e-05,0,0,False,1.176252983392231,0.5774576951939487,58,27,5,2,0,8,4,False,0,3415754205
1779859679000,1779859680076,9,236,False,1.0025,1.0025,1.0025,1.0025,6.6,6.6,0.0,1,1,0,1.0024,1.0025,9.999999999998899e-05,1.00245,1.0024169262320952,1.0024149761111838,78713.2,193398.5,507299.7,49422.2,184896.8,439135.9,507299.7,439135.9,0.07202159343963806,0.9999999998484849,0.09637713696773977,-3.6602668977049916e-09,4.146803413794368e-09,-7.80707031149936e-09,0.5360107967198184,0.6614753558971833,1.1552225632201758,6.6,0.0,6.6,108248.70000000007,1.9505700537449955,6.599999993399999,6.6,6.6,0.5126706408556719,1.0,9.97555988657064e-05,8.418408350400802e-05,0.0,6.714863309932375e-08,-4.999999999988347e-05,0.00014963464219609036,1.5114484674332108e-05,-1,0.0,9.999999999976694e-05,9.999999999998899e-05,-9.999999999976694e-05,8.900555581451666e-09,12467.273943989505,-0.8882575761052582,False,1.0,1.0,-0.00019999999999953388,1.436e-05,1.00325161,1.00369592,-0.0004443100000000033,120950337.0,9.960947819049077e-05,1.8249,1.436e-05,0,1,True,1.2063497916277133,0.5682046395584246,59,27,5,2,0,7,1,False,0,1915261070
1779859680000,1779859681102,9,237,False,1.0024,1.0024,1.0024,1.0024,8.4,0.0,8.4,1,0,1,1.0024,1.0025,9.999999999998899e-05,1.00245,1.0024219113650223,1.0024256050016522,79246.7,190710.2,563029.3,55108.3,191555.7,443471.7,563029.3,443471.7,0.11878537626887595,-0.9999999998809523,0.0986507187668734,-3.234126131954516e-09,4.072286749284109e-09,-7.306412881238624e-09,0.5593926881344374,0.5617726969804991,1.269594655081708,0.0,8.4,-8.4,108240.30000000008,1.9194038224746677,8.3999999916,8.4,-8.4,0.5209951067981698,1.0,-9.975559886567265e-05,8.708914335703529e-05,0.0,7.709981260437611e-08,-9.999999999998899e-05,-0.00019951119773137905,1.1875666530213927e-05,-1,0.0,0.00010000000000021103,9.999999999998899e-05,0.0006999999999997009,7.670994573804152e-09,12467.27394474523,-0.8882575761052582,False,1.0,1.0,0.0005999999999994898,1.436e-05,1.00325161,1.00369592,-0.0004443100000000033,120950337.0,9.960947819049077e-05,1.8249,1.436e-05,0,0,False,1.2219887630097368,0.5682050891320604,0,28,5,2,0,9,1,False,0,1086659736
1779859681000,1779859681996,9,238,False,1.0025,1.0025,1.0025,1.0025,29.9,29.9,0.0,1,1,0,1.0024,1.0025,9.999999999998899e-05,1.00245,1.0024286044070438,1.0024629740165691,76742.9,190227.1,562514.9,75612.0,211149.2,460801.1,562514.9,460801.1,0.0993962764190142,0.9999999999665552,0.05995744787296069,-3.2252964984733184e-09,4.0111873626453545e-09,-7.236483861118673e-09,0.5496981382095066,0.4279118572927207,1.2207325459943539,29.9,0.0,29.9,108270.20000000007,1.8892594348525473,29.899999970099998,29.9,29.9,0.5293079293520849,1.0,9.97555988657064e-05,8.920667406739778e-05,0.0,7.710997977978659e-08,-4.999999999988347e-05,0.00019951119773137905,3.3363076542598695e-06,-1,0.0,9.999999999976694e-05,9.999999999998899e-05,-0.0004999999999997229,5.857466931309202e-09,9974.813637248917,-0.8882575761052582,False,1.0,1.0,-0.0005999999999994898,1.436e-05,1.00325161,1.00369592,-0.0004443100000000033,120950337.0,9.960947819049077e-05,1.8249,1.436e-05,0,1,True,1.2434813410461463,0.5709885700598655,1,28,5,2,0,8,1,False,0,1679293617
1779859682000,1779859683046,9,239,False,1.0024,1.0025,1.0024,1.0024,739.0,672.3,66.7,3,1,2,1.0024,1.0025,9.999999999998899e-05,1.00245,1.0024664227142916,1.002480051682582,72239.5,183554.8,556422.2,83751.1,212185.0,468857.2,556422.2,468857.2,0.0854059878702331,0.8194857916091751,0.016933878707366616,-3.2256841876331044e-09,3.980807349293704e-09,-7.206491536926809e-09,0.542702993935116,-0.32845428882942834,1.186762621966771,672.3,66.7,605.5999999999999,108875.80000000008,1.9256771583000047,246.33333325122223,672.3,605.5999999999999,1.5578935365731388,5.319148907876867,-9.975559886567265e-05,8.041728293500187e-05,5.990934259975605e-05,8.706115928483892e-08,-0.00019999999999997797,-0.00019951119773137905,1.3498727857312268e-07,-1,0.0,0.00010000000000021103,9.999999999998899e-05,-0.000500000000000167,6.673523429916565e-09,9974.813637408495,-0.8882575761052582,False,1.0,1.0,-0.000600000000000378,1.436e-05,1.00325161,1.00369592,-0.0004443100000000033,120950337.0,9.960947819049077e-05,1.8249,1.436e-05,0,0,False,1.2489719853922479,0.5712996720586927,2,28,5,2,0,9,3,False,0,712400847
1779859683000,1779859684027,9,240,False,1.0024,1.0025,1.0024,1.0025,4261.2,4235.9,25.3,2,1,1,1.0025,1.0026,9.999999999998899e-05,1.0025499999999998,1.0025087470381377,1.0025982756153042,75098.5,194252.6,569470.7,66749.2,203548.6,448343.7,569470.7,448343.7,0.11900696236956347,0.9881254106822048,0.1325661844292224,-3.424395704647193e-09,3.996364585753722e-09,-7.420760290400915e-09,0.5595034811847812,0.8250592358223616,1.2701655002624073,4235.9,25.3,4210.599999999999,113086.40000000008,1.9281139727819718,2130.5999989346997,4235.9,4210.599999999999,1.0372830793176735,2.9673590416398836,9.97555988657064e-05,8.345357014472736e-05,5.990934259975605e-05,9.701233878989129e-08,0.0,0.00019951119773137905,2.34102128193192e-08,-1,0.9999900000999989,9.999999999976694e-05,9.999999999998899e-05,-0.000300000000000189,6.159426270391401e-09,9974.813637415244,-0.8882575761052582,False,1.0,1.0,-0.00039999999999995595,1.436e-05,1.00325161,1.00369592,-0.0004443100000000033,120950337.0,7.604029492678656e-05,1.8249,1.436e-05,0,1,True,1.243481341046146,0.5650407370114852,3,28,5,2,0,9,2,False,0,2973293588
1779859684000,1779859685086,9,241,False,1.0025,1.0026,1.0025,1.0025,21.0,9.9,11.1,3,1,2,1.0025,1.0026,9.999999999998899e-05,1.0025499999999998,1.002512453295158,1.002606020086868,73459.4,193809.7,574145.7,70355.8,203277.0,448318.6,574145.7,448318.6,0.12306258516801012,-0.05714285714013602,0.13445516058733434,-3.3884827138688033e-09,4.020563947379739e-09,-7.4090466612485425e-09,0.5615312925840046,0.7509340952619586,1.2806644649586225,9.9,11.1,-1.1999999999999993,113085.20000000008,1.9632577769530548,6.9999999976666665,9.9,-1.1999999999999993,1.5280723874823408,2.6178010402675365,0.0,7.053548591769475e-05,5.990336690355798e-05,7.711692660092079e-08,9.999999999998899e-05,-9.97555988657064e-05,0.0,-1,0.0,9.999999999976694e-05,9.999999999998899e-05,0.000300000000000189,4.462184944624676e-09,9974.813637414865,-0.8882575761052582,False,1.0,1.0,0.00020000000000042206,1.443e-05,1.0025,1.0030362,-0.0005361999999999867,120953137.5,9.919618700872382e-05,1.8193,1.443e-05,0,0,False,1.2675454723867052,0.5650407370114852,4,28,5,2,0,9,3,False,0,3277071383
1779859685000,1779859686002,9,242,False,1.0026,1.0026,1.0026,1.0026,1227.4,1227.4,0.0,1,1,0,1.0027,1.0028,9.999999999998899e-05,1.0027499999999998,1.0027081760348657,1.0028223455909913,64206.7,163280.4,497838.6,81976.5,205901.6,496256.9,497838.6,496256.9,0.001591094618172954,0.9999999999991853,0.0075701390252423464,-4.131666512301277e-09,3.8535437344499295e-09,-7.985210246751207e-09,0.5007955473090859,0.8364792991968513,1.0031872604693233,1227.4,0.0,1227.4,114312.60000000008,1.9316755547578728,1227.3999987726,1227.4,1227.4,0.5176852795073345,1.0,9.974564867885723e-05,7.053548591770469e-05,0.0,7.214220533714938e-08,0.00019999999999997797,9.974564867885723e-05,8.12658046918494e-08,-1,0.0,0.0002999999999997449,9.999999999998899e-05,-0.00010000000000021103,4.5928733347804495e-09,9974.813637650386,-0.8882575761052582,False,1.0,1.0,-0.00039999999999995595,1.443e-05,1.0025,1.0030362,-0.0005361999999999867,120953137.5,9.919618700872382e-05,1.8193,1.443e-05,0,1,True,1.3125297358993884,0.5678719878803996,5,28,5,2,0,8,1,False,0,1162409554
1779859686000,1779859687084,9,243,False,1.0027,1.0029,1.0026,1.0027,34030.5,248.5,33782.0,12,4,8,1.0027,1.0028,9.999999999998899e-05,1.0027499999999998,1.002799395742395,1.0028432921996935,51324.7,157789.0,499746.7,103633.7,258388.4,555284.7,499746.7,555284.7,-0.052641087270009115,-0.9853954540779306,-0.14135426615532773,-3.989167182175317e-09,3.473952536435761e-09,-7.463119718611078e-09,0.47367945636499503,-0.9879148499614273,0.8999828376326579,248.5,33782.0,-33533.5,80779.10000000008,2.2617845529625327,2835.874999763677,15771.4,-33533.5,5.3055451187765,11.815252277155988,9.973570047656782e-05,7.313169038274461e-05,0.00017967425845110896,8.209040747762484e-08,0.00029999999999996696,-9.948202289410666e-09,2.9307738786254948e-09,1,0.0,9.999999999976694e-05,9.999999999998899e-05,-9.999999999976694e-05,1.0987047766095435e-08,9974.813637653082,-0.8882575761052582,False,1.0,1.0,-0.00019999999999953388,1.443e-05,1.0025,1.0030362,-0.0005361999999999867,120953137.5,9.919618700872382e-05,1.8193,1.443e-05,0,1,True,1.05360169060888,0.5776648820901389,6,28,5,2,0,10,12,False,0,194404500
1779859687000,1779859688082,9,244,False,1.0027,1.0027,1.0027,1.0027,17.6,0.0,17.6,1,0,1,1.0026,1.0027,9.999999999998899e-05,1.00265,1.0026777331072867,1.0027702983578441,51379.9,168281.7,537795.4,114933.8,250839.9,518684.9,537795.4,518684.9,0.018088837056403212,-0.9999999999431818,-0.06903219009927992,-3.624141855217634e-09,3.604193947844395e-09,-7.228335803062029e-09,0.5090444185282011,-0.5546621475444802,1.036844141790129,0.0,17.6,-17.6,80761.50000000007,2.220414567619499,17.5999999824,17.6,-17.6,0.45036634785806295,1.0,0.0,7.313169038274461e-05,0.0,8.209040747762484e-08,0.00024999999999986144,-9.973570047656782e-05,0.0,1,0.0,9.999999999976694e-05,9.999999999998899e-05,-9.999999999976694e-05,1.098807401349357e-08,9974.813637653082,-0.8882575761052582,False,1.0,1.0,-0.00019999999999953388,1.443e-05,1.0025,1.0030362,-0.0005361999999999867,120953137.5,9.919618700872382e-05,1.8193,1.443e-05,0,1,True,1.426535734422702,0.6078954808370439,7,28,5,2,0,9,1,False,0,300811291
1779859688000,1779859689102,9,245,False,1.00265,1.00265,1.00265,1.00265,0.0,0.0,0.0,0,0,0,1.0026,1.0027,9.999999999998899e-05,1.00265,1.0026769044480748,1.0027683231134321,53192.2,170094.0,539643.2,115156.1,251819.2,519960.2,539643.2,519960.2,0.01857581808438886,0.0,-0.0652155957682951,-3.623034967542586e-09,3.5958518792804147e-09,-7.218886846823001e-09,0.509287909042194,-0.5380889632821203,1.0378548204266382,0.0,0.0,0.0,80761.50000000007,2.14761408999263,0.0,0.0,0.0,0.0,0.0,-4.9866606836936285e-05,7.313152079700128e-05,0.0,7.960323291708829e-08,0.0002500000000000835,-4.9866606836936285e-05,49866.606836936284,1,0.0,0.0,9.999999999998899e-05,-0.0,1.098807401349357e-08,7481.234603285629,-0.8882575761052582,False,1.0,1.0,-0.0,1.443e-05,1.0025,1.0030362,-0.0005361999999999867,120953137.5,8.837757211970957e-05,1.8193,1.443e-05,0,1,True,1.4060723309957586,0.5905842868021908,8,28,5,2,0,9,0,False,0,1680268282
1779859689000,1779859690008,9,246,False,1.0027,1.0027,1.0026,1.0026,267.0,250.0,17.0,3,1,2,1.0026,1.0027,9.999999999998899e-05,1.00265,1.0026761298028157,1.002764597383469,54906.5,171914.1,540025.2,113493.2,245995.1,513845.9,540025.2,513845.9,0.024841083506322456,0.8726591760266942,-0.05608161145927419,-3.6319125275122523e-09,3.6399389532793842e-09,-7.2718514807916365e-09,0.5124205417531608,-0.5225960581325427,1.0509477646897618,250.0,17.0,233.0,80994.50000000007,2.1755611690092653,88.99999997033333,250.0,233.0,1.3789545618647088,3.9525691543376706,-4.98690936396965e-05,7.313143599764527e-05,5.98973923992095e-05,7.960273679689476e-08,9.999999999998899e-05,-2.4868027602160513e-09,1.8677563160865065e-07,1,-0.9999900000999989,0.00010000000000021103,9.999999999998899e-05,-0.00010000000000021103,1.0653432746632698e-08,9974.68928518203,-0.8882575761052582,False,1.0,1.0,-0.00020000000000042206,1.443e-05,1.0025,1.0030362,-0.0005361999999999867,120951641.2,7.600557193609976e-05,1.8193,1.443e-05,0,1,True,1.3894577761615727,0.5846958901040884,9,28,5,2,0,8,3,False,0,1842362769
1779859690000,1779859690998,9,247,False,1.0027,1.0027,1.0027,1.0027,13.5,13.5,0.0,2,2,0,1.0026,1.0027,9.999999999998899e-05,1.00265,1.0026195515234542,1.0027340148520256,63566.2,182529.6,552647.6,87483.7,226262.5,491070.7,552647.6,491070.7,0.05899762416736384,0.9999999999259259,0.04569281899168007,-3.5897549603416336e-09,3.690156826863101e-09,-7.279911787204735e-09,0.5294988120836814,0.6089695280616819,1.1253931460378288,13.5,0.0,13.5,81008.00000000007,2.1698050651073224,6.749999996625,8.5,13.5,0.9217417874261136,5.952380916950113,9.973570047656782e-05,7.563858998995724e-05,0.0,8.208904312545057e-08,0.00029999999999996696,0.00014960479411626432,7.387829664383702e-06,1,0.0,9.999999999976694e-05,9.999999999998899e-05,9.999999999976694e-05,1.0652131785129439e-08,7480.985885772364,-0.8882575761052582,False,1.0,1.0,0.0,1.443e-05,1.0025,1.0030362,-0.0005361999999999867,120951641.2,7.600557193609976e-05,1.8193,1.443e-05,0,2,False,1.3839954545066606,0.5939610061442501,10,28,5,2,0,8,2,False,0,3053086870
1779859691000,1779859691994,9,248,False,1.0026,1.0026,1.0026,1.0026,12.0,0.0,12.0,1,0,1,1.0026,1.0027,9.999999999998899e-05,1.00265,1.0026233810777458,1.0026937185602751,78527.9,190343.8,556191.5,87583.7,220580.3,473479.6,556191.5,473479.6,0.08032846605095544,-0.9999999999166667,0.05637430101659049,-3.6310674524281394e-09,3.8837976421004204e-09,-7.51486509452856e-09,0.5401642330254772,0.5323784418965712,1.1746894691978258,0.0,12.0,-12.0,80996.00000000007,2.131450800677574,11.999999987999999,12.0,-12.0,0.4691640075449748,1.0,-9.973570047658097e-05,7.806526538903134e-05,0.0,8.954895446896137e-08,9.999999999998899e-05,-0.00019947140095314878,8.311308372355805e-06,1,0.0,0.00010000000000021103,9.999999999998899e-05,0.00010000000000021103,1.065337336505564e-08,7480.985885817898,-0.8882575761052582,False,1.0,1.0,0.0,1.443e-05,1.0025,1.0030362,-0.0005361999999999867,120951641.2,7.600557193609976e-05,1.8193,1.443e-05,0,1,True,1.3839954545066606,0.5717798776478686,11,28,5,2,0,9,1,False,0,2790063905
1779859692000,1779859693008,9,249,False,1.00265,1.00265,1.00265,1.00265,0.0,0.0,0.0,0,0,0,1.0026,1.0027,9.999999999998899e-05,1.00265,1.0026232404886521,1.0026933962422666,78863.2,190679.1,562265.9,87589.0,224365.0,474272.7,562265.9,474272.7,0.08489138754697598,0.0,0.062008677881391326,-3.5795940211887352e-09,3.879464473404619e-09,-7.459058494593354e-09,0.5424456937734875,0.5351902238018755,1.18553292230398,0.0,0.0,0.0,80996.00000000007,2.0615671678684735,0.0,0.0,0.0,0.0,0.0,4.986909363974912e-05,7.806518594902295e-05,0.0,8.954821028867878e-08,0.0002500000000000835,0.0001496047941163301,49869.09363974912,1,0.0,0.0,9.999999999998899e-05,0.000600000000000378,1.065337336505564e-08,4987.406851516568,-0.8882575761052582,False,1.0,1.0,0.000600000000000378,1.443e-05,1.0025,1.0030362,-0.0005361999999999867,120951641.2,7.600557193609976e-05,1.8193,1.443e-05,0,2,False,1.4116865344968865,0.5717808722148501,12,28,5,2,0,8,0,False,0,4190950584
1779859693000,1779859694058,9,250,False,1.0026,1.0026,1.0026,1.0026,5.3,0.0,5.3,1,0,1,1.0026,1.0027,9.999999999998899e-05,1.00265,1.0026461932307382,1.002703688135378,73209.9,185025.8,557851.0,92011.8,228947.9,481357.8,557851.0,481357.8,0.07360715190248575,-0.9999999998113207,0.019245480249543964,-3.5812940728656695e-09,3.84649063973823e-09,-7.4277847126038995e-09,0.5368035759512424,0.07613538289285578,1.1589113129568045,0.0,5.3,-5.3,80990.70000000007,2.026761686954753,5.299999994699999,5.3,-5.3,0.4933979194214592,1.0,-4.98690936396965e-05,7.563768809767306e-05,0.0,8.208494987093586e-08,9.999999999998899e-05,-9.973818727944563e-05,9.4092629491108e-06,1,0.0,0.00010000000000021103,9.999999999998899e-05,-0.000500000000000167,1.039172065816322e-08,7480.861533485137,-0.8882575761052582,False,1.0,1.0,-0.000600000000000378,1.443e-05,1.0025,1.0030362,-0.0005361999999999867,120951641.2,9.573998698380875e-05,1.8193,1.443e-05,0,1,True,1.4060723309957586,0.5508026922784399,13,28,5,2,0,9,1,False,0,132868884
1779859694000,1779859695048,9,251,False,1.00265,1.00265,1.00265,1.00265,0.0,0.0,0.0,0,0,0,1.0026,1.0027,9.999999999998899e-05,1.00265,1.0026221638831672,1.0027010865055024,74305.4,187780.1,560186.6,89099.2,227151.4,480081.2,560186.6,480081.2,0.07700459439386655,0.0,0.04930580508402725,-3.566734772682076e-09,3.8275925148789654e-09,-7.394327287561042e-09,0.5385022971969328,0.5567223332541992,1.1668580231844088,0.0,0.0,0.0,80990.70000000007,1.9603104841037775,0.0,0.0,0.0,0.0,0.0,4.986909363974912e-05,7.312897654508045e-05,0.0,8.45718763713833e-08,0.0001500000000000945,9.973818727944563e-05,49869.09363974912,1,0.0,0.0,9.999999999998899e-05,0.000600000000000378,1.039172065816322e-08,7480.861533942947,-0.8882575761052582,False,1.0,1.0,0.000600000000000378,1.443e-05,1.0025,1.0030362,-0.0005361999999999867,120961629.5,0.00017832883142281263,1.8193,1.443e-05,0,2,False,1.3811473529390728,0.5373511674262602,14,28,5,2,0,8,0,False,0,2140702255
1779859695000,1779859696038,9,252,False,1.0026,1.0026,1.0026,1.0026,403.90000000000003,0.0,403.90000000000003,2,0,2,1.0026,1.0027,9.999999999998899e-05,1.00265,1.0026304139681934,1.0026992064848987,75344.9,188441.1,560872.4,88987.2,237726.5,491201.4,560872.4,491201.4,0.06622254066207137,-0.9999999999975242,0.03773514959753963,-3.5671613408808234e-09,3.7069360240841216e-09,-7.2740973649649446e-09,0.5331112703310352,0.39172063283869296,1.1418379507875973,0.0,403.90000000000003,-403.90000000000003,80586.80000000008,1.9616117797069323,201.94999989902502,394.3,-403.90000000000003,1.0195697332523326,4.132231387883341,-4.98690936396965e-05,7.397427617458089e-05,0.0,8.705880287183075e-08,0.0,-9.973818727944563e-05,1.2346891220493446e-07,1,0.0,0.00010000000000021103,9.999999999998899e-05,-0.000500000000000167,1.0270827689835424e-08,9974.31621592777,-0.8882575761052582,False,1.0,1.0,-0.000600000000000378,1.443e-05,1.0025,1.0030362,-0.0005361999999999867,120961629.5,0.00017832883142281263,1.8193,1.443e-05,0,1,True,1.3811473529390728,0.5299775662215638,15,28,5,2,0,8,2,False,0,2560560287
1779859696000,1779859697076,9,253,False,1.0026,1.0026,1.0026,1.0026,5.0,0.0,5.0,1,0,1,1.0026,1.0027,9.999999999998899e-05,1.00265,1.0026270647059898,1.0026951776447983,78274.6,191370.8,562812.7,87922.2,234847.2,487723.8,562812.7,487723.8,0.07147671689655705,-0.9999999998,0.04891629192507313,-3.5726077072575167e-09,3.73454095713488e-09,-7.3071486643923975e-09,0.535738358448278,0.45870587736762025,1.153957834331642,0.0,5.0,-5.0,80581.80000000008,1.930083524634574,4.999999995,5.0,-5.0,0.5181122924051794,1.0,0.0,7.397427617458089e-05,0.0,8.705880287183075e-08,-9.999999999998899e-05,4.98690936396965e-05,0.0,1,0.0,0.00010000000000021103,9.999999999998899e-05,-0.000500000000000167,1.0529983084968241e-08,9974.31621592777,-0.8882575761052582,False,1.0,1.0,-0.000600000000000378,1.443e-05,1.0025,1.0030362,-0.0005361999999999867,120961629.5,0.00017832883142281263,1.8193,1.443e-05,0,2,False,1.3867639593073042,0.5125097675228084,16,28,5,2,0,8,1,False,0,521238849
1779859697000,1779859698005,9,254,False,1.0026,1.0026,1.0021,1.0023,24210.0,2120.9,22089.1,9,2,7,1.0023,1.0024,9.999999999998899e-05,1.0023499999999999,1.0023004297677598,1.002503098909741,41967.8,132493.2,459725.7,81785.4,219104.0,457161.9,459725.7,457161.9,0.0027961987925237347,-0.8247914085088465,-0.02884018476017338,-3.615742358583778e-09,3.866547050717393e-09,-7.48228940930117e-09,0.5013980993962612,0.9914046429620014,1.0056080788884616,2120.9,22089.1,-19968.199999999997,60613.60000000008,2.1618840648104896,2689.999999701111,11170.5,-19968.2,4.1630354477985865,36.8663580878762,-0.0002992667985824117,9.912531676652363e-05,0.0002995766034050946,8.457088390827553e-08,-0.00039999999999995595,-0.0002992667985824117,1.2361288665113562e-08,-1,-0.5999988000024,9.999999999976694e-05,9.999999999998899e-05,0.000300000000000189,9.511112991814827e-09,9974.316218458596,-0.8882575761052582,False,1.0,1.0,0.00020000000000042206,1.443e-05,1.0025,1.0030362,-0.0005361999999999867,120961629.5,0.00017832883142281263,1.8193,1.443e-05,1,0,False,1.1087548872081252,0.4745096137555339,17,28,5,2,0,6,9,False,0,1925278215
1779859698000,1779859699032,9,255,False,1.0023,1.0023,1.0023,1.0023,691.5999999999999,0.0,691.5999999999999,2,0,2,1.0023,1.0024,9.999999999998899e-05,1.0023499999999999,1.0023128160040802,1.0024872056574043,42291.9,179719.1,519792.8,83305.8,217117.3,471435.60000000003,519792.8,471435.60000000003,0.04878512359008267,-0.999999999998554,0.019855694523929997,-3.2989521780122944e-09,3.85948911516096e-09,-7.158441293173254e-09,0.5243925617950408,0.7436799150685515,1.1025743494975748,0.0,691.5999999999999,-691.5999999999999,59922.00000000008,2.1565763905544078,345.79999982709995,640.8,-691.5999999999999,0.9273958519774246,2.9850746179550005,0.0,9.849585004397867e-05,0.0,7.959517007000456e-08,-0.0003500000000000725,0.0002992667985824117,0.0,-1,0.0,9.999999999976694e-05,9.999999999998899e-05,0.000300000000000189,8.643533613448605e-09,7480.364051939398,-0.8882575761052582,False,1.0,1.0,0.00020000000000042206,1.443e-05,1.0025,1.0030362,-0.0005361999999999867,120961629.5,0.00014338585406100494,1.8193,1.443e-05,1,1,False,1.3088242298575374,0.48717097748194105,18,28,5,2,0,10,2,False,0,4179089132
1779859699000,1779859700082,9,256,False,1.0023,1.0023,1.0023,1.0023,5.4,0.0,5.4,1,0,1,1.0023,1.0024,9.999999999998899e-05,1.0023499999999999,1.0023179146828851,1.0024817871263867,44430.4,182465.8,522516.2,86274.40000000001,220090.9,474426.8,522516.2,474426.8,0.04823686008126841,-0.9999999998148148,0.01216629442061176,-3.294264836300558e-09,3.853058581736711e-09,-7.147323418037269e-09,0.5241184300406336,0.6417063396002258,1.1013631607657892,0.0,5.4,-5.4,59916.60000000008,2.1186558531591815,5.3999999946,5.4,-5.4,0.47199737420160864,1.0,0.0,9.593682035919862e-05,0.0,6.96439905649522e-08,-0.00029999999999996696,0.0,0.0,-1,0.0,9.999999999976694e-05,9.999999999998899e-05,nan,8.738350917912081e-09,7480.364051919753,-0.8882575761052582,False,1.0,1.0,nan,1.443e-05,1.0025,1.0030362,-0.0005361999999999867,120961646.8,0.0001435288951281914,1.8193,1.443e-05,1,0,False,1.311987106942616,0.5045767822081507,19,28,5,2,0,9,1,False,0,1490848680
1779859700000,1779859701003,9,257,False,1.0023499999999999,1.0023499999999999,1.0023499999999999,1.0023499999999999,0.0,0.0,0.0,0,0,0,1.0023,1.0024,9.999999999998899e-05,1.0023499999999999,1.0023177904907212,1.002473204776645,46113.2,184337.7,524553.1,82260.8,216182.2,470518.1,524553.1,470518.1,0.05430264688597152,0.0,0.030458849101027585,-3.2869555571925722e-09,3.862685675749147e-09,-7.149641232941719e-09,0.5271513234429852,0.6441901829089377,1.1148414906886661,0.0,0.0,0.0,59916.60000000008,2.0491917268260935,0.0,0.0,0.0,0.0,0.0,4.988401966442588e-05,9.397199208420953e-05,0.0,5.969281105989985e-08,-0.0003500000000000725,4.988401966442588e-05,49884.019664425876,-1,0.0,0.0,9.999999999998899e-05,nan,8.738350917912081e-09,7480.364051625918,-0.8882575761052582,False,1.0,1.0,nan,1.443e-05,1.0025,1.0030362,-0.0005361999999999867,120961646.8,0.0001435288951281914,1.8193,1.443e-05,1,1,False,1.3299959783531576,0.4964244041987768,20,28,5,2,0,8,0,False,0,4249831588
1779859701000,1779859702056,9,258,False,1.0023499999999999,1.0023499999999999,1.0023499999999999,1.0023499999999999,0.0,0.0,0.0,0,0,0,1.0023,1.0024,9.999999999998899e-05,1.0023499999999999,1.002322066438688,1.0024172906193227,64883.6,198149.1,535513.3,84644.3,215585.0,469912.0,535513.3,469912.0,0.06524731374871905,0.0,0.0333434668344471,-3.308559469189843e-09,3.878214605022203e-09,-7.186774074212046e-09,0.532623656874359,0.5586712241848089,1.1396033725463468,0.0,0.0,0.0,59916.60000000008,1.9820051128317955,0.0,0.0,0.0,0.0,0.0,0.0,9.128623292162927e-05,0.0,4.974163155484749e-08,-0.0002500000000000835,-4.988401966442588e-05,0.0,-1,0.0,0.0,9.999999999998899e-05,nan,8.738350917912081e-09,7480.364051032137,-0.8882575761052582,False,1.0,1.0,nan,1.443e-05,1.0025,1.0030362,-0.0005361999999999867,120961646.8,0.0001435288951281914,1.8193,1.443e-05,0,0,False,1.3973157076032159,0.5065316950455081,21,28,5,2,0,9,0,False,0,4285014626
1779859702000,1779859703058,9,259,False,1.0024,1.0024,1.0024,1.0024,2163.4,2163.4,0.0,1,1,0,1.0024,1.0025,9.999999999998899e-05,1.00245,1.002437481206234,1.0024906287457245,67483.5,180708.8,513231.5,92030.90000000001,232312.7,500947.0,513231.5,500947.0,0.01211275924307209,0.9999999999995378,-0.039300051296459734,-3.4384458088590214e-09,3.796051886191431e-09,-7.234497695050453e-09,0.5060563796215355,0.2503758733527658,1.0245225542821874,2163.4,0.0,2163.4,62080.00000000008,1.9498082238864907,2163.3999978366,2163.4,2163.4,0.5128709517358896,1.0,4.988153137352224e-05,8.92189761450886e-05,0.0,3.9790452049795134e-08,-0.0002500000000000835,4.988153137352224e-05,2.30570081230929e-08,-1,0.0,0.00010000000000021103,9.999999999998899e-05,nan,9.022424771488619e-09,9974.440619541432,-0.8882575761052582,False,1.0,1.0,nan,1.443e-05,1.0025,1.0030362,-0.0005361999999999867,120961646.8,0.0001435288951281914,1.8193,1.443e-05,0,1,True,1.397103484611066,0.5102654746276682,22,28,5,2,0,9,1,False,0,3755466002
1779859703000,1779859704894,9,260,False,1.0024,1.0024,1.0024,1.0024,12.6,0.0,12.6,1,0,1,1.0024,1.0025,9.999999999998899e-05,1.00245,1.0024197028976924,1.0024913077064368,67481.9,180328.6,512672.3,90191.1,231126.1,500757.8,512672.3,500757.8,0.011756607584479668,-0.9999999999206349,-0.023824294127946892,-3.442890528366346e-09,3.776008889717238e-09,-7.218899418083584e-09,0.5058783037922393,0.6059420436186633,1.0237929394210115,0.0,12.6,-12.6,62067.40000000008,1.9186669706443107,12.599999987399999,12.6,-12.6,0.5211951916506871,1.0,0.0,8.638557014412246e-05,0.0,3.979045204979513e-08,-0.00019999999999997797,-4.988153137352224e-05,0.0,-1,0.0,0.00010000000000021103,9.999999999998899e-05,nan,8.613865606810852e-09,9974.440619534682,-0.8882575761052582,False,1.0,1.0,nan,1.443e-05,1.0025,1.0030362,-0.0005361999999999867,120961646.8,-3.1470141984380737e-05,1.8193,1.443e-05,0,0,False,1.397103484611066,0.5102654746276682,23,28,5,2,0,6,1,False,0,977002712
1779860479000,1779860480034,9,1,True,0.99965,0.99965,0.99965,0.99965,0.0,0.0,0.0,0,0,0,0.9996,0.9997,9.999999999998899e-05,0.99965,0.999696886705976,0.9998436569838522,32173.7,202027.9,538948.6,147103.0,287585.7,547132.0,538948.6,547132.0,-0.007534799903432595,0.0,-0.086931115583599,-3.2378055527090854e-09,3.5596117539985712e-09,-6.797417306707657e-09,0.49623260004828323,-0.9377341213684306,0.9850430974609399,0.0,0.0,0.0,0.0,0.0,0.0,0.0,0.0,0.0,0.0,0.0,0.0,0.0,0.0,0.0,0.0,0.0,0,0.0,0.0,9.999999999998899e-05,0.0,0.0,0.0,0.0,False,0.0,0.0,0.0,6.96e-06,0.9998,1.00040053,-0.0006005300000000435,121038608.1,0.0,1.8209,6.96e-06,1,1,False,0.0,0.5,19,41,5,2,0,4,0,False,0,976498463
1779860480000,1779860481006,9,2,True,0.99965,0.99965,0.99965,0.99965,0.0,0.0,0.0,0,0,0,0.9996,0.9997,9.999999999998899e-05,0.99965,0.9996970681631889,0.999839407156345,33661.8,205952.2,542875.8,148450.3,288546.5,552293.1,542875.8,552293.1,-0.008598947614381602,0.0,-0.08439862685664673,-3.2178547643413314e-09,3.534532046046462e-09,-6.7523868103877936e-09,0.49570052619280885,-0.9413632656976119,0.9829487277679172,0.0,0.0,0.0,0.0,0.0,0.0,0.0,0.0,0.0,0.0,0.0,0.0,0.0,0.0,0.0,0.0,0.0,0,0.0,0.0,9.999999999998899e-05,0.0,0.0,0.0,0.0,False,0.0,0.0,0.0,6.96e-06,0.9998,1.00040053,-0.0006005300000000435,121038608.1,0.0,1.8209,6.96e-06,1,1,False,0.0,0.5,20,41,5,2,0,9,0,False,0,2431231654
1779860481000,1779860482098,9,3,True,0.9996,0.9996,0.9996,0.9996,12.8,0.0,12.8,1,0,1,0.9996,0.9997,9.999999999998899e-05,0.99965,0.9996972945379351,0.9998484990907673,31364.5,202519.5,540465.6,153849.9,293805.9,557552.5,540465.6,557552.5,-0.01556158318337376,-0.999999999921875,-0.09267051235308343,-3.2231803571382177e-09,3.5112080080667064e-09,-6.7343883652049245e-09,0.4922192084083126,-0.9458907605920492,0.9693537379887974,0.0,12.8,-12.8,-12.8,0.03278688524590164,12.7999999872,12.8,-12.8,30.49999906975003,1.0,-5.0018757044269586e-05,0.0,0.0,0.0,0.0,-5.0018757044269586e-05,3.907715393778271e-06,0,0.0,9.999999999998899e-05,9.999999999998899e-05,0.001100000000000101,0.0,0.0,0.0,False,0.9999999989218752,0.0,0.001000000000000112,6.96e-06,0.9998,1.00040053,-0.0006005300000000435,121038608.1,0.0,1.8209,6.96e-06,1,1,False,0.0,0.5,21,41,5,2,0,10,1,False,0,1759370438
1779860482000,1779860483076,9,4,True,0.9997,0.9997,0.9995,0.9996,9035.5,8403.8,631.7,4,2,2,0.9996,0.9997,9.999999999998899e-05,0.99965,0.9996024719075528,0.9997790761375263,63960.6,245755.5,588545.1,106859.2,247522.6,508181.8,588545.1,508181.8,0.07327558027435994,0.8601737590613844,0.08569490718681454,-3.1001705973567942e-09,3.6664698445996736e-09,-6.766640441956468e-09,0.5366377901371796,0.9505618478302728,1.1581388786453959,8403.8,631.7,7772.099999999999,7759.299999999999,0.1628594463853803,2258.874999435281,7903.8,7772.1,24.561055954799187,16.666666388888896,0.0,0.0,0.00012016030540143835,0.0,0.0,5.0018757044269586e-05,0.0,0,-0.4999975000125,9.999999999998899e-05,9.999999999998899e-05,-0.001100000000000101,0.0,0.0,0.0,False,0.8600090744700679,0.0,-0.0012000000000000899,6.96e-06,0.9998,1.00040053,-0.0006005300000000435,121038608.1,0.0,1.8209,6.96e-06,1,1,False,0.41011649007343176,0.5,22,41,5,2,0,9,4,False,0,1805891846
1779860483000,1779860484015,9,5,True,0.9997,0.9999,0.9997,0.9998,2425.7999999999997,915.0,1510.8,7,4,3,0.9998,0.9999,9.999999999998899e-05,0.99985,0.9998315437740756,0.9999535301053792,71835.1,233586.9,579806.0,117111.1,240361.1,521355.1,579806.0,521355.1,0.05308115224920311,-0.24560969577036623,0.06665336028116356,-3.277056395197428e-09,3.6293934908562614e-09,-6.90644988605369e-09,0.526540576124601,0.3691245161365796,1.1121134136790816,915.0,1510.8,-595.8,7163.499999999999,0.3870279891268432,346.54285709335096,1485.1,-595.8,18.08654717118998,19.672130760548246,0.00020006001867263622,0.0,0.00012013626853290437,0.0,0.0,0.00020006001867263622,8.247176959046656e-08,0,0.4999975000125,9.999999999998899e-05,9.999999999998899e-05,0.000700000000000145,1.6587814415551406e-08,0.0,0.0,False,0.8600090744700679,0.0,0.000600000000000156,6.96e-06,0.9998,1.00040053,-0.0006005300000000435,121038608.1,0.0,1.8209,6.96e-06,1,1,False,1.0547210437896903,0.5,23,41,5,2,0,8,7,False,0,2519416105
1779860484000,1779860485052,9,6,True,0.99985,0.99985,0.99985,0.99985,0.0,0.0,0.0,0,0,0,0.9998,0.9999,9.999999999998899e-05,0.99985,0.9998350666693033,0.9999434734563534,78417.8,230945.4,589011.2,123476.20000000001,246226.4,531007.5,589011.2,531007.5,0.051788153179942356,0.0,0.062378901525958895,-3.2637384919734617e-09,3.5713103136810353e-09,-6.835048805654497e-09,0.5258940765899708,0.2986666118792453,1.109233297081489,0.0,0.0,0.0,7163.499999999999,0.37433854686038937,0.0,0.0,0.0,0.0,0.0,5.000875154198466e-05,0.0,0.0,0.0,0.0,-0.00015005126713065156,50008.75154198465,0,0.0,0.0,9.999999999998899e-05,-0.000600000000000156,1.6587814415551406e-08,0.0,0.0,False,0.8600090744700679,0.0,-0.000600000000000156,6.96e-06,0.9998,1.00040053,-0.0006005300000000435,121038809.0,0.0,1.8209,6.96e-06,1,1,False,1.0346013781133834,0.5,24,41,5,2,0,9,0,False,0,435444753
1779860485000,1779860486054,9,7,True,0.9999,1.0001,0.9999,1.0001,1590.5,1590.5,0.0,3,3,0,1.0001,1.0002,9.999999999998899e-05,1.00015,1.0001238031759923,1.00025262036115,72514.7,231072.9,521028.0,126746.0,265057.4,587334.5,521028.0,587334.5,-0.059823839222276055,0.9999999999993713,-0.04059395120617228,-3.518097351711295e-09,3.347123944781186e-09,-6.865221296492481e-09,0.4700880803888616,0.5239364784976963,0.8871060698801093,1590.5,0.0,1590.5,8754.0,0.46042580761906515,530.1666664899444,807.2,1590.5,6.515707729325095,16.949152255099115,0.0002500062514583908,0.0,0.00012011224127905288,0.0,0.0,0.0001999974999164061,1.571872061981978e-07,0,0.999995000025,0.00010000000000021103,9.999999999998899e-05,-0.00010000000000021103,1.6107148298840252e-08,0.0,0.0,False,0.8600090744700679,0.0,-0.00020000000000042206,6.96e-06,0.9998,1.00040053,-0.0006005300000000435,121038809.0,0.0,1.8209,6.96e-06,1,1,False,1.3014811916389148,0.5,25,41,5,2,0,9,3,False,0,4052657752
1779860486000,1779860487092,9,8,True,1.0001,1.0003,1.0001,1.0002,1364.0,910.6,453.4,4,2,2,1.0001,1.0002,9.999999999998899e-05,1.00015,1.0001150761210436,1.0002008147956596,76307.3,245922.7,531547.0,86653.8,242980.9,575514.3,531547.0,575514.3,-0.03971532561024399,0.33519061583553145,0.010071621783818758,-3.410475957075344e-09,3.3299195989679945e-09,-6.740395556043338e-09,0.4801423371948776,0.6984775772030218,0.9236034621554998,910.6,453.4,457.20000000000005,9211.2,0.5764774204840138,340.99999991475,782.1,457.20000000000005,6.938693261746286,4.636785140787704,9.9985002332975e-05,0.0,0.00012008822363415212,0.0,0.0,-0.0001500212491254158,7.330278763409216e-08,0,0.4999975000125,9.999999999976694e-05,9.999999999998899e-05,9.999999999976694e-05,1.7941490763129366e-08,0.0,0.0,False,0.8600090744700679,0.0,0.0,6.96e-06,0.9998,1.00040053,-0.0006005300000000435,121038809.0,0.0,1.8209,6.96e-06,1,1,False,1.4443560357533298,0.5,26,41,5,2,0,10,4,False,0,495726343
1779860487000,1779860487998,9,9,True,1.0001,1.0001,1.0001,1.0001,250.0,0.0,250.0,1,0,1,1.0001,1.0002,9.999999999998899e-05,1.00015,1.0001093054573116,1.0001486681059095,79655.1,248627.4,533127.3,59582.700000000004,215456.30000000002,554548.6,533127.3,554548.6,-0.01969456158769346,-0.9999999999960001,0.061463986063487464,-3.417761715398796e-09,3.3669001297197876e-09,-6.784661845118584e-09,0.4901527192061529,0.8138908522747803,0.9613716453346002,0.0,250.0,-250.0,8961.2,0.5903634066976527,249.99999974999997,250.0,-250.0,1.693871921872464,1.0,-9.99850023328921e-05,0.0,0.0,0.0,0.0,-0.00019997000466586708,3.9994000932996867e-07,0,0.0,0.00010000000000021103,9.999999999998899e-05,0.00010000000000021103,1.9298214528146742e-08,0.0,0.0,False,0.8600090744700679,0.0,0.0,6.96e-06,0.9998,1.00040053,-0.0006005300000000435,121038809.0,0.0,1.8209,6.96e-06,1,1,False,1.2135347076053773,0.5,27,41,5,2,0,8,1,False,0,2608914019
1779860488000,1779860489056,9,10,True,1.00015,1.00015,1.00015,1.00015,0.0,0.0,0.0,0,0,0,1.0001,1.0002,9.999999999998899e-05,1.00015,1.0001145259903326,1.0001531151778547,79735.0,249197.3,533733.2,63086.7,218947.4,556139.6,533733.2,556139.6,-0.020558729422369297,0.0,0.05291420251579824,-3.4119435172403266e-09,3.3757737622546024e-09,-6.787717279494929e-09,0.489720635288815,0.7094801918312075,0.9597108351931762,0.0,0.0,0.0,8961.2,0.5710072294288773,0.0,0.0,0.0,0.0,0.0,4.999375079157342e-05,0.0,0.0,0.0,0.0,0.0001499787531244655,49993.75079157342,0,0.0,0.0,9.999999999998899e-05,0.0,1.9298214528146742e-08,0.0,0.0,False,0.8600090744700679,0.9,0.0,6.96e-06,0.9998,1.00040053,-0.0006005300000000435,121038809.0,0.0,1.8209,6.96e-06,1,1,False,1.2135347076053773,0.5,28,41,5,2,0,9,0,False,0,3605002728
1779860489000,1779860490086,9,11,True,1.00015,1.00015,1.00015,1.00015,0.0,0.0,0.0,0,0,0,1.0001,1.0002,9.999999999998899e-05,1.00015,1.0001114803413242,1.0001537617518463,81178.5,250940.9,535476.8,66074.7,220669.5,559505.7,535476.8,559505.7,-0.02194455162525418,0.0,0.044653278546971195,-3.405114195934481e-09,3.369487202839317e-09,-6.774601398773798e-09,0.4890277241873725,0.7703931719602032,0.9570533419051837,0.0,0.0,0.0,8961.2,0.5522856809230124,0.0,0.0,0.0,0.0,0.0,0.0,0.0,0.0,0.0,0.000500000000000056,-4.999375079157342e-05,0.0,0,0.0,0.0,9.999999999998899e-05,0.0,1.9298214528146742e-08,0.0,0.0,False,0.8600090744700679,0.9090909090909091,0.0,6.96e-06,0.9998,1.00040053,-0.0006005300000000435,121035063.2,0.0,1.8209,6.96e-06,1,1,False,1.2319254682466503,0.5,29,41,5,2,0,9,0,False,0,1139756592
1779860490000,1779860491059,9,12,True,1.0001,1.0001,1.0001,1.0001,47.8,0.0,47.8,1,0,1,1.0001,1.0002,9.999999999998899e-05,1.00015,1.0001109118968992,1.0001207644660026,87430.6,250747.2,535283.1,57237.700000000004,211363.1,546924.7,535283.1,546924.7,-0.01075726861329217,-0.9999999999790796,0.07730634711991055,-3.426075821301612e-09,3.417255481133437e-09,-6.8433313024350495e-09,0.4946213656933535,0.7817620605370819,0.9787144372890801,0.0,47.8,-47.8,8913.400000000001,0.5669648389255366,47.7999999522,47.8,-47.8,1.7637778034548612,1.0,-4.999375079165189e-05,0.0,0.0,0.0,0.00044999999999995044,-4.999375079165189e-05,1.0458943680043096e-06,0,0.0,0.00010000000000021103,9.999999999998899e-05,0.00010000000000021103,1.942396984953215e-08,0.0,0.0,False,0.8600090744700679,0.9166666666666666,0.0,6.96e-06,0.9998,1.00040053,-0.0006005300000000435,121035063.2,0.0,1.8209,6.96e-06,1,1,False,1.2472787715692948,0.5,30,41,5,2,0,7,1,False,0,2655626287
1779860491000,1779860491994,9,13,True,1.0001,1.0001,1.0001,1.0001,2287.3,0.0,2287.3,1,0,1,1.0001,1.0002,9.999999999998899e-05,1.00015,1.0001397218656602,1.0001319360253218,84200.9,249318.0,533835.9,67834.3,225929.5,562805.0,533835.9,562805.0,-0.026416213365742566,-0.9999999999995628,0.018643549034075054,-3.4110150984935864e-09,3.366809800297251e-09,-6.777824898790837e-09,0.48679189331712835,0.2055626853442814,0.9485272874263715,0.0,2287.3,-2287.3,6626.100000000001,0.5811627130591256,2287.2999977127,2287.3,-2287.3,1.7206885022191278,1.0,0.0,0.0,0.0,0.0,0.0004999999999999449,4.999375079165189e-05,0.0,0,0.0,0.00010000000000021103,9.999999999998899e-05,0.00010000000000021103,1.8394803489562852e-08,0.0,0.0,False,0.8456232928412335,0.15384615384615385,0.0,6.96e-06,0.9998,1.00040053,-0.0006005300000000435,121035063.2,0.0,1.8209,6.96e-06,1,1,False,1.2668267204972474,0.5,31,41,5,2,0,8,1,False,0,74392296
1779860492000,1779860493052,9,14,True,1.0001,1.0001,1.0001,1.0001,126.3,0.0,126.3,1,0,1,1.0001,1.0002,9.999999999998899e-05,1.00015,1.0001860393432154,1.0002095904979056,72446.4,236344.9,524294.3,130566.0,285620.6,619003.8,524294.3,619003.8,-0.08283885016514933,-0.9999999999920823,-0.11771364364272816,-3.400233256109176e-09,3.2730367078067034e-09,-6.67326996391588e-09,0.45858057491742493,-0.7207868659449324,0.8469969005036788,0.0,126.3,-126.3,6499.800000000001,0.5948950831227608,126.29999987369999,126.3,-126.3,1.6809686727780102,1.0,0.0,0.0,0.0,0.0,0.0004999999999999449,0.0,0.0,0,0.0,0.00010000000000021103,9.999999999998899e-05,0.00010000000000021103,1.8487673248959267e-08,0.0,0.0,False,0.8456232928412335,0.14285714285714285,0.0,6.96e-06,0.9998,1.00040053,-0.0006005300000000435,121035063.2,0.0,1.8209,6.96e-06,1,1,False,1.2680103996386318,0.5,32,41,5,2,0,9,1,False,0,1464131575
1779860493000,1779860494040,9,15,True,1.00015,1.00015,1.00015,1.00015,0.0,0.0,0.0,0,0,0,1.0001,1.0002,9.999999999998899e-05,1.00015,1.0001868975301509,1.0002011333909269,76345.1,236746.6,534443.7,127097.5,281329.5,616975.2,534443.7,616975.2,-0.07167808344990684,0.0,-0.10414398091306003,-3.3886221235755293e-09,3.2682265781898873e-09,-6.656848701765416e-09,0.46416095827504616,-0.7379506052409059,0.8662320624880856,0.0,0.0,0.0,6499.800000000001,0.5753903262990637,0.0,0.0,0.0,0.0,0.0,4.999375079157342e-05,0.0,0.0,0.0,0.0003500000000000725,4.999375079157342e-05,49993.75079157342,0,0.0,0.0,9.999999999998899e-05,0.000400000000000178,1.8487673248959267e-08,0.0,0.0,False,0.8456232928412335,0.13333333333333333,0.000400000000000178,6.96e-06,0.9998,1.00040053,-0.0006005300000000435,121035063.2,0.0,1.8209,6.96e-06,1,1,False,1.2680103996386318,0.5,33,41,5,2,0,10,0,False,0,4131946836
1779860494000,1779860495073,9,16,True,1.00015,1.00015,1.00015,1.00015,0.0,0.0,0.0,0,0,0,1.0001,1.0002,9.999999999998899e-05,1.00015,1.0001832931897048,1.0001960211821947,75656.09999999999,235357.0,533054.1,121452.7,276070.6,611707.0,533054.1,611707.0,-0.06870682450687741,0.0,-0.10021798941165513,-3.3992408642216896e-09,3.282094883491889e-09,-6.681335747713579e-09,0.4656465877465608,-0.6658637962271484,0.8714206311191454,0.0,0.0,0.0,6499.800000000001,0.5565250696990944,0.0,0.0,0.0,0.0,0.0,0.0,0.0,0.0,0.0,0.000300000000000078,-4.999375079157342e-05,0.0,0,0.0,0.0,9.999999999998899e-05,0.0,1.8487673248959267e-08,0.0,0.0,False,0.8456232928412335,0.125,0.0,6.96e-06,0.9998,1.00040053,-0.0006005300000000435,121031057.7,0.0,1.8209,6.96e-06,1,1,False,1.2660225943773689,0.5,34,41,5,2,0,9,0,False,0,1755944773
1779860495000,1779860496090,9,17,True,1.0001,1.0001,1.0001,1.0001,9.7,0.0,9.7,1,0,1,1.0001,1.0002,9.999999999998899e-05,1.00015,1.0001879034230714,1.000220269299773,75090.40000000001,235062.5,531507.5,139347.2,282708.6,613350.2,531507.5,613350.2,-0.07148722500621683,-0.9999999998969072,-0.10382426920297749,-3.3987012160457875e-09,3.3123310677220107e-09,-6.711032283767798e-09,0.4642563874968912,-0.7580684635601521,0.8665644846940608,0.0,9.7,-9.7,6490.100000000001,0.5710652313483044,9.699999990299998,9.7,-9.7,1.7511134339029055,1.0,-4.999375079165189e-05,0.0,0.0,0.0,0.0,-4.999375079165189e-05,5.153994926443083e-06,0,0.0,0.00010000000000021103,9.999999999998899e-05,-0.0004999999999999449,1.8557653738110315e-08,0.0,0.0,False,0.8456232928412335,0.11764705882352941,-0.000600000000000156,6.96e-06,0.9998,1.00040053,-0.0006005300000000435,121031057.7,0.0,1.8209,6.96e-06,1,1,False,1.2553178372420495,0.5,35,41,5,2,0,9,1,False,0,2115722270
1779860496000,1779860497032,9,18,True,1.0002,1.0002,1.0002,1.0002,12.5,12.5,0.0,1,1,0,1.0001,1.0002,9.999999999998899e-05,1.00015,1.0001839167088875,1.0002283842661825,72821.9,232794.0,532800.2,144208.9,293217.2,628858.1,532800.2,628858.1,-0.08269032296330166,0.99999999992,-0.1142715628215979,-3.3951690823542603e-09,3.2353670261192676e-09,-6.630536108473528e-09,0.4586548385183488,-0.6783341797866249,0.8472502779243825,12.5,0.0,12.5,6502.600000000001,0.585128666386065,12.499999987499999,12.5,12.5,1.7090258190002594,1.0,9.9985002332975e-05,0.0,0.0,0.0,0.0,0.0001499787531246269,7.998800185998095e-06,0,0.0,9.999999999976694e-05,9.999999999998899e-05,0.0004999999999999449,1.8255703139479423e-08,0.0,0.0,False,0.8456232928412335,0.1111111111111111,0.000400000000000178,6.96e-06,0.9998,1.00040053,-0.0006005300000000435,121031057.7,0.0,1.8209,6.96e-06,1,1,False,1.2475864636270733,0.5,36,41,5,2,0,8,1,False,0,3611656491
1779860497000,1779860498050,9,19,True,1.00015,1.00015,1.00015,1.00015,0.0,0.0,0.0,0,0,0,1.0001,1.0002,9.999999999998899e-05,1.00015,1.000182535173056,1.000229826027557,72937.1,233405.1,528613.0,145678.0,293536.39999999997,627836.9,528613.0,627836.9,-0.08580043112978777,0.0,-0.11643146474871165,-3.404885161925209e-09,3.2460598937900353e-09,-6.650945055715244e-09,0.45709978443510574,-0.6507034632033954,0.8419591139036254,0.0,0.0,0.0,6502.600000000001,0.5659441199471776,0.0,0.0,0.0,0.0,0.0,-4.99912515412491e-05,0.0,0.0,0.0,5.0000000000105516e-05,-0.0001499762538742241,49991.2515412491,0,0.0,0.0,9.999999999998899e-05,-0.000400000000000178,1.8255703139479423e-08,0.0,0.0,False,0.8456232928412335,0.10526315789473684,-0.000400000000000178,6.96e-06,0.9998,1.00040053,-0.0006005300000000435,121031057.7,0.0,1.8209,6.96e-06,1,1,False,1.2475864636270733,0.5,37,41,5,2,0,8,0,False,0,3141725278
1779860498000,1779860498992,9,20,True,1.0001,1.0001,1.0,1.0,8664.5,7498.5,1166.0,3,1,2,0.9999,1.0,9.999999999998899e-05,0.99995,0.9999546589445302,0.999986110774449,97339.5,243435.80000000002,625056.5,118843.9,249665.6,543867.2,625056.5,543867.2,0.06945645810757364,0.7308557908707103,0.04448354475049088,-3.177507315560899e-09,3.5609062616138093e-09,-6.738413577174709e-09,0.5347282290537865,-0.09317889317888119,1.1492814790081087,7498.5,1166.0,6332.5,12835.100000000002,0.6457492307685817,2888.1666657039445,7498.5,6332.5,4.64576627026498,8.510638225441376,-0.00014998875112502276,9.287468475551658e-05,6.005311783346596e-05,7.999487997414446e-08,-0.0001500000000000945,-9.999749958377365e-05,1.7310722041087824e-08,1,-0.9999900000999989,9.999999999998899e-05,9.999999999998899e-05,-0.000300000000000189,1.117967366716424e-08,0.0,0.0,False,0.8335598740798659,0.15,-0.000400000000000178,6.96e-06,0.9998,1.00040053,-0.0006005300000000435,121031057.7,0.0,1.8209,6.96e-06,1,1,False,0.6474421652403407,0.5,38,41,5,2,0,7,3,False,0,4000475645
1779860499000,1779860500054,9,21,True,0.9999,0.9999,0.9999,0.9999,5312.8,1778.3,3534.5,2,1,1,0.9998,0.9999,9.999999999998899e-05,0.99985,0.9998169869789238,0.9998656441916676,102949.8,256944.0,688956.2,94319.9,213778.4,493152.2,688956.2,493152.2,0.1656396316953672,-0.330560156602859,0.1714626805900581,-2.9296181924905367e-09,3.781139999423579e-09,-6.710758191914116e-09,0.5828198158476833,0.6602604196280718,1.3970457801871279,1778.3,3534.5,-1756.2,11078.900000000001,0.6901508953335462,2656.3999986718,3534.5,-1756.2,2.897916978192854,6.410256369165023,-0.00010000500033334732,9.552882849182348e-05,0.0,9.499450508040073e-08,-0.0002500000000000835,4.998375079167544e-05,1.882340768207508e-08,1,0.0,9.999999999998899e-05,9.999999999998899e-05,0.0009000000000001229,1.281977334192065e-08,27500.063061304005,0.0,False,0.8188124295221217,0.09523809523809523,0.0008000000000001339,6.96e-06,0.9998,1.00040053,-0.0006005300000000435,121031050.3,0.0,1.8209,6.96e-06,1,2,False,1.1346715417599709,0.5,39,41,5,2,0,9,2,False,0,1655024862
1779860500000,1779860501045,9,22,True,0.9998,0.9998,0.9998,0.9998,600.5,0.0,600.5,1,0,1,0.9998,0.9999,9.999999999998899e-05,0.99985,0.9998189941254346,0.9998562927599965,103672.8,259305.1,691322.7,91866.2,209826.3,490736.4,691322.7,490736.4,0.16969227680747923,-0.9999999999983348,0.17150441161399801,-2.915461750104999e-09,3.791191719978741e-09,-6.70665347008374e-09,0.5848461384037391,0.6201174894361987,1.4087455098093367,0.0,600.5,-600.5,10478.400000000001,0.7003098823717906,600.4999993995,600.5,-600.5,1.4279392933672272,1.0,-0.00010001500233373653,9.811170729128656e-05,0.0,1.0499650542212578e-07,-0.00029999999999996696,-1.0002000389201858e-08,1.6655287649220645e-07,-1,0.0,9.999999999998899e-05,9.999999999998899e-05,0.0008999999999996788,1.3369719694552255e-08,27500.06306130495,0.0,False,0.8188124295221217,0.09090909090909091,0.0007999999999996898,6.96e-06,0.9998,1.00040053,-0.0006005300000000435,121031050.3,0.0,1.8209,6.96e-06,1,0,False,1.3561775368109603,0.5,40,41,5,2,0,9,1,False,0,2654632033
1779860501000,1779860502028,9,23,True,0.9999,0.9999,0.9999,0.9999,2027.3,2027.3,0.0,2,2,0,0.9999,1.0,9.999999999998899e-05,0.99995,0.9999062023688697,0.9998798002740222,124540.1,273455.1,665810.0,64338.700000000004,196638.1,489204.1,665810.0,489204.1,0.1529036745092548,0.9999999999995067,0.1940485057315524,-3.0870674248108066e-09,3.7909991479873955e-09,-6.878066572798202e-09,0.5764518372546269,0.8759526218005458,1.3610065819153983,2027.3,0.0,2027.3,12505.7,0.7429226731136991,1013.649999493175,2001.3,2027.3,2.6920702109219974,4.166666649305556,0.0001000150023337974,0.00010000481658095215,0.0,1.1499950611394919e-07,-0.00019999999999997797,0.00020003000466753393,4.9334090827084335e-08,-1,0.0,9.999999999998899e-05,9.999999999998899e-05,-0.0009000000000001229,1.1824407468234441e-08,24999.125209099795,0.0,False,0.8188124295221217,0.08695652173913043,-0.001000000000000112,6.96e-06,0.9998,1.00040053,-0.0006005300000000435,121031050.3,0.0,1.8209,6.96e-06,1,1,False,1.4291347199607953,0.5,41,41,5,2,0,8,2,False,0,1995817437
1779860502000,1779860503030,9,24,True,1.0,1.0,1.0,1.0,5.1,5.1,0.0,1,1,0,0.9999,1.0,9.999999999998899e-05,0.99995,0.9999073171526448,0.9998964671723151,115985.9,266403.3,658958.4,71648.5,205010.4,500121.6,658958.4,500121.6,0.13703696034786203,0.9999999998039215,0.16157159449559805,-3.0902667775845723e-09,3.750088689566875e-09,-6.840355467151447e-09,0.5685184801739306,0.8536569461716129,1.317596360565108,5.1,0.0,5.1,12510.800000000001,0.7513514379296434,5.099999994899999,5.1,5.1,1.3309350966633873,1.0,0.00010000500033327544,0.00010247445215258681,0.0,1.2500150645567316e-07,-9.999999999998899e-05,-1.0002000521962414e-08,1.9608823590915023e-05,-1,0.0,9.999999999998899e-05,9.999999999998899e-05,-0.000700000000000145,1.1843993044467914e-08,24999.125209102258,0.0,False,0.8188124295221217,0.08333333333333333,-0.0008000000000001339,6.96e-06,0.9998,1.00040053,-0.0006005300000000435,121031050.3,0.0,1.8209,6.96e-06,1,0,False,1.474616629392208,0.5,42,41,5,2,0,8,1,False,0,1099393781
1779860503000,1779860504093,9,25,True,0.9999,1.0001,0.9999,1.0001,3509.4,3302.0,207.4,4,2,2,1.0001,1.0002,9.999999999998899e-05,1.00015,1.000107637596185,1.0001431116993813,103415.4,265757.1,567893.0,81679.6,232527.0,552721.8,567893.0,552721.8,0.013538282735512632,0.8818031572346037,0.07334839006078506,-3.298398005805239e-09,3.450785861063761e-09,-6.749183866869e-09,0.5067691413677559,0.8472480745913653,1.0274481665098045,3302.0,207.4,3094.6,15605.400000000001,0.8578645055385076,877.3499997806625,3291.4,3094.6,4.662740991744772,5.190311391745788,9.999500033329732e-05,9.486707961664486e-05,0.00012011224127905288,1.2499675473004573e-07,-5.0000000000105516e-05,-9.999999978121043e-09,2.8493474762999038e-08,1,0.999995000025,0.00010000000000021103,9.999999999998899e-05,-0.000500000000000167,1.33938098903105e-08,24999.125210081496,0.0,False,0.8151095496089057,0.08,-0.000600000000000378,6.96e-06,0.9998,1.00040053,-0.0006005300000000435,121031050.3,0.0,1.8209,6.96e-06,1,1,False,1.4345519576257595,0.5,43,41,5,2,0,10,4,False,0,588975038
1779860504000,1779860505100,9,26,True,1.0001,1.0003,1.0001,1.0003,927.5,922.0,5.5,3,2,1,1.0003,1.0004,9.999999999998899e-05,1.00035,1.0003451503016185,1.0004537744199833,77480.3,253057.7,524340.3,143035.7,283982.3,604921.9,524340.3,604921.9,-0.07135774136422869,0.988140161724002,-0.0484852026655201,-3.4139803926894695e-09,3.129850437090563e-09,-6.543830829780032e-09,0.46432112931788516,0.09699396537137246,0.8667900765371516,922.0,5.5,916.5,16521.9,0.9280984561765893,309.1666665636111,906.4,916.5,3.232415674007731,9.523809433106576,0.00019996000866470036,0.00010427808632071642,0.00012008822363415212,1.32489255349993e-07,0.00014999999999987246,9.996500833140304e-05,2.1559030583771943e-07,1,0.999995000025,0.00010000000000021103,9.999999999998899e-05,-0.00010000000000021103,1.1936462289371477e-08,24999.125210083315,0.0,False,0.8151095496089057,0.07692307692307693,-0.00020000000000042206,6.96e-06,0.9998,1.00040053,-0.0006005300000000435,121032094.1,0.0,1.8209,6.96e-06,1,2,False,1.5484085530233167,0.5,44,41,5,2,0,9,3,False,0,715390193
1779860505000,1779860506000,9,27,True,1.0004,1.0004,1.0002,1.0002,5047.5,124.7,4922.8,3,1,2,1.0002,1.0003,9.999999999998899e-05,1.0002499999999999,1.0002525480232884,1.0003351216427783,75925.7,264108.8,556603.7,120982.8,288111.6,601066.5,556603.7,601066.5,-0.03840713875160647,-0.9505894006932243,-0.030322964323260516,-3.332331489963953e-09,3.1694609420216807e-09,-6.501792431985634e-09,0.48079643062419636,-0.05096046737135264,0.9260268206596092,124.7,4922.8,-4798.1,11723.800000000001,0.9960296543347339,1682.4999994391667,4862.7,-4798.099999999999,3.011958513415743,3.6297640521605663,-9.997500633171563e-05,9.082132509960593e-05,0.00012007621841317542,1.2748338284701078e-07,9.999999999998899e-05,-0.000299935014996416,1.9806836321286936e-08,1,-0.999995000025,9.999999999976694e-05,9.999999999998899e-05,0.000300000000000189,1.3586173259279878e-08,12498.812637169172,0.0,False,0.8151095496089057,0.07407407407407407,0.00020000000000042206,6.96e-06,0.9998,1.00040053,-0.0006005300000000435,121032094.1,0.0,1.8209,6.96e-06,1,1,False,1.2479782465471203,0.5,45,41,5,2,0,8,3,False,0,1607013119
1779860506000,1779860506999,9,28,True,1.0003,1.0003,1.0003,1.0003,10.4,10.4,0.0,1,1,0,1.0003,1.0004,9.999999999998899e-05,1.00035,1.0003321894476553,1.0004563978735843,74603.3,254082.2,523222.5,134557.6,274542.2,595819.9,523222.5,595819.9,-0.06487457490440038,0.9999999999038461,-0.025631942181744506,-3.409898134098375e-09,3.155212915484289e-09,-6.565111049582664e-09,0.46756271254779946,0.35621104507896467,0.878155462749732,10.4,0.0,10.4,11734.2,0.9961598296024475,10.3999999896,10.4,10.4,1.0038549731474617,1.0,9.997500633164248e-05,9.082077489662075e-05,0.0,1.2748138404651332e-07,9.999999999998899e-05,0.0001999500126633581,9.61298137711822e-06,1,0.0,0.00010000000000021103,9.999999999998899e-05,-0.00010000000000021103,1.350812863078168e-08,12498.812637167019,0.0,False,0.8151095496089057,0.07142857142857142,-0.00020000000000042206,6.96e-06,0.9998,1.00040053,-0.0006005300000000435,121032094.1,0.0,1.8209,6.96e-06,1,2,False,1.65582369125,0.5,46,41,5,2,0,9,1,False,0,2493356655
1779860507000,1779860508036,9,29,True,1.00035,1.00035,1.00035,1.00035,0.0,0.0,0.0,0,0,0,1.0003,1.0004,9.999999999998899e-05,1.00035,1.0003105048236935,1.0004327221188083,84097.1,259008.3,555868.6,128239.7,274024.8,591438.8,555868.6,591438.8,-0.03100319931693986,0.0,0.02896940552332744,-3.2131429774932146e-09,3.1635969176186058e-09,-6.3767398951118204e-09,0.4844984003415297,0.7899035242414638,0.9398581898921731,0.0,0.0,0.0,11734.2,0.9634988515826951,0.0,0.0,0.0,0.0,0.0,4.9983755290110625e-05,8.873264285420737e-05,0.0,1.274798850085959e-07,0.00019999999999997797,-4.999125104153185e-05,49983.755290110625,1,0.0,0.0,9.999999999998899e-05,0.0,1.350812863078168e-08,12498.812637403662,0.0,False,0.8151095496089057,0.06896551724137931,0.0,6.96e-06,0.9998,1.00040053,-0.0006005300000000435,121032094.1,0.0,1.8209,6.96e-06,1,1,False,1.65582369125,0.5,47,41,5,2,0,8,0,False,0,329358116
1779860508000,1779860509056,9,30,True,1.00035,1.00035,1.00035,1.00035,0.0,0.0,0.0,0,0,0,1.0003,1.0004,9.999999999998899e-05,1.00035,1.0003730821483432,1.0004370941239291,75822.6,249536.0,546591.5,136634.5,285449.7,608061.6,546591.5,608061.6,-0.053236855294460234,0.0,-0.058053031673508504,-3.2099877057202824e-09,3.1133995289901847e-09,-6.323387234710467e-09,0.47338157235276945,-0.4616429695591313,0.8989081040473516,0.0,0.0,0.0,11734.2,0.9319087253012952,0.0,0.0,0.0,0.0,0.0,0.0,8.802563917394648e-05,0.0,1.274798850085959e-07,0.0003500000000000725,-4.9983755290110625e-05,0.0,1,0.0,0.0,9.999999999998899e-05,0.0,1.350812863078168e-08,12498.812637393661,0.0,False,0.8151095496089057,0.06666666666666667,0.0,6.96e-06,0.9998,1.00040053,-0.0006005300000000435,121032094.1,0.0,1.8209,6.96e-06,1,1,False,1.6469465835669124,0.5,48,41,5,2,0,9,0,False,0,1533320242
1779860509000,1779860510015,9,31,True,1.00035,1.00035,1.00035,1.00035,0.0,0.0,0.0,0,0,0,1.0003,1.0004,9.999999999998899e-05,1.00035,1.00037683112008,1.000445089213801,75750.7,249464.1,550110.8,145291.3,293654.9,616290.6,550110.8,616290.6,-0.05673844355810948,0.0,-0.06108117887418899,-3.2050010949489067e-09,3.0902536438536416e-09,-6.295254738802548e-09,0.4716307782209449,-0.5366224038911048,0.8926159185293417,0.0,0.0,0.0,11734.2,0.9013543408651872,0.0,0.0,0.0,0.0,0.0,0.0,8.802563917394648e-05,0.0,1.274798850085959e-07,0.00045000000000006146,0.0,0.0,1,0.0,0.0,9.999999999998899e-05,0.0,1.350812863078168e-08,12498.812637393661,0.0,False,0.8151095496089057,0.06451612903225806,0.0,6.96e-06,1.0003,1.00070984,-0.0004098400000001057,121028047.5,0.0,1.8209,6.96e-06,1,2,False,1.6376588630296283,0.5,49,41,5,2,0,8,0,False,0,1752097496
1779860510000,1779860511037,9,32,True,1.00035,1.00035,1.00035,1.00035,0.0,0.0,0.0,0,0,0,1.0003,1.0004,9.999999999998899e-05,1.00035,1.0003768418048946,1.0004490400418313,74365.7,248423.5,564941.4,146258.5,294622.1,617257.8,564941.4,617257.8,-0.04425345576278513,0.0,-0.05114533379069177,-3.183606398605018e-09,3.087477442769633e-09,-6.271083841374651e-09,0.477873272118607,-0.5368361001767885,0.9152438413900951,0.0,0.0,0.0,11734.2,0.871801739525345,0.0,0.0,0.0,0.0,0.0,0.0,8.731291082120061e-05,0.0,1.274798850085959e-07,0.0005500000000000504,0.0,0.0,1,0.0,0.0,9.999999999998899e-05,0.0,1.350812863078168e-08,9999.125097811066,0.0,False,0.8151095496089057,0.0625,0.0,6.96e-06,1.0003,1.00070984,-0.0004098400000001057,121028047.5,0.0,1.8209,6.96e-06,1,2,False,1.6280349655788786,0.5,50,41,5,2,0,8,0,False,0,2034456941
1779860511000,1779860512049,9,33,True,1.00035,1.00035,1.00035,1.00035,0.0,0.0,0.0,0,0,0,1.0003,1.0004,9.999999999998899e-05,1.00035,1.0003349653413902,1.0004323644694033,81281.3,256203.8,571829.6,129684.0,277660.7,600396.3,571829.6,600396.3,-0.02436962022422474,0.0,0.00828431358335,-3.1830546623904926e-09,3.1254662814823485e-09,-6.308520943872841e-09,0.4878151898878873,0.3006931705653884,0.9524202597517655,0.0,0.0,0.0,11734.2,0.84321807593435,0.0,0.0,0.0,0.0,0.0,0.0,8.731291082120061e-05,0.0,1.274798850085959e-07,0.00045000000000006146,0.0,0.0,1,0.0,0.0,9.999999999998899e-05,0.0,1.350812863078168e-08,9999.125097811066,0.0,False,0.8151095496089057,0.06060606060606061,0.0,6.96e-06,1.0003,1.00070984,-0.0004098400000001057,121028047.5,0.0,1.8209,6.96e-06,1,2,False,1.6181382608045665,0.5,51,41,5,2,0,9,0,False,0,2248815051
1779860512000,1779860513087,9,34,True,1.00035,1.00035,1.00035,1.00035,0.0,0.0,0.0,0,0,0,1.0003,1.0004,9.999999999998899e-05,1.00035,1.0003236919032747,1.0004232116669067,82720.9,256621.7,573270.7,117071.3,266678.5,589414.1,573270.7,589414.1,-0.013884588497243631,0.0,0.0250476540520423,-3.1585174482920288e-09,3.1452256475610945e-09,-6.303743095853123e-09,0.4930577057513778,0.5261619326026219,0.9726111065208636,0.0,0.0,0.0,11734.2,0.8155715816414205,0.0,0.0,0.0,0.0,0.0,0.0,8.731291082120061e-05,0.0,1.274798850085959e-07,0.0003500000000000725,0.0,0.0,1,0.0,0.0,9.999999999998899e-05,0.0,1.350812863078168e-08,9999.125097811067,0.0,False,0.8151095496089057,0.058823529411764705,0.0,6.96e-06,1.0003,1.00070984,-0.0004098400000001057,121028047.5,0.0,1.8209,6.96e-06,1,2,False,1.6080228890572568,0.5,52,41,5,2,0,8,0,False,0,186313593
1779860513000,1779860514017,9,35,True,1.0003,1.0003,1.0003,1.0003,270.9,0.0,270.9,1,0,1,1.0003,1.0004,9.999999999998899e-05,1.00035,1.000335514531081,1.0004229919608019,80468.4,255696.2,570988.4,115944.6,265551.8,588262.6,570988.4,588262.6,-0.014901173257560218,-0.9999999999963086,0.012195633156145996,-3.1618833031208797e-09,3.1542999844517683e-09,-6.3161832875726476e-09,0.4925494133712195,0.2897093767135566,0.9706352231129415,0.0,270.9,-270.9,11463.300000000001,0.8216184150302264,270.89999972909993,270.9,-270.9,1.2171100117639175,1.0,-4.9983755290064506e-05,8.73126246874144e-05,0.0,1.274798850085959e-07,0.00019999999999997797,-4.9983755290064506e-05,1.845099863044666e-07,1,0.0,0.00010000000000021103,9.999999999998899e-05,-0.000500000000000167,1.3006150076837278e-08,12498.3128622945,0.0,False,0.809396174003057,0.08571428571428572,-0.000600000000000378,6.96e-06,1.0003,1.00070984,-0.0004098400000001057,121028047.5,0.0,1.8209,6.96e-06,1,1,False,1.5873151844172066,0.5,53,41,5,2,0,8,1,False,0,4193557756
1779860514000,1779860515222,9,36,True,1.0003,1.0003,1.0003,1.0003,5.5,0.0,5.5,1,0,1,1.0003,1.0004,9.999999999998899e-05,1.00035,1.000380105798024,1.0004443709788446,71499.2,246927.0,562189.2,136837.2,285509.7,608289.5,562189.2,608289.5,-0.03938585127606339,-0.9999999998181818,-0.06251644553316339,-3.1547506371863994e-09,3.1076051471917643e-09,-6.262355784378164e-09,0.4803070743619679,-0.6021159630742918,0.9242132241309425,0.0,5.5,-5.5,11457.800000000001,0.8274669915866124,5.4999999944999995,5.5,-5.5,1.208507419581849,1.0,0.0,8.73126246874144e-05,0.0,1.274798850085959e-07,0.0,4.9983755290064506e-05,0.0,1,0.0,0.00010000000000021103,9.999999999998899e-05,-0.00010000000000021103,1.2953815835973457e-08,12498.312862294499,0.0,False,0.809396174003057,0.1111111111111111,-0.00020000000000042206,6.96e-06,1.0003,1.00070984,-0.0004098400000001057,121028047.5,0.0,1.8209,6.96e-06,1,2,False,1.5767970190336908,0.5,54,41,5,2,0,9,1,False,0,911796752
1779860515000,1779860516014,9,37,True,1.0004,1.0004,1.0004,1.0004,45.1,45.1,0.0,1,1,0,1.0003,1.0004,9.999999999998899e-05,1.00035,1.000382039295514,1.0004471035759255,70283.3,245717.1,560967.3,141588.3,290831.9,613593.7,560967.3,613593.7,-0.04480516550438833,0.9999999999778272,-0.0674076736831127,-3.156316521636001e-09,3.097594814080454e-09,-6.253911335716455e-09,0.4775974172478054,-0.6407859126216254,0.9142324961941414,45.1,0.0,45.1,11502.900000000001,0.8331238115345924,45.0999999549,45.1,45.1,1.200301785826676,1.0,9.996501232885576e-05,8.943252125703385e-05,0.0,1.2248125971905843e-07,0.00019999999999997797,9.996501232885576e-05,2.216519120324595e-06,1,0.0,9.999999999976694e-05,9.999999999998899e-05,0.000300000000000189,1.2508381462515757e-08,9998.625323620678,0.0,False,0.809396174003057,0.13513513513513514,0.00020000000000042206,6.96e-06,1.0003,1.00070984,-0.0004098400000001057,121028047.5,0.0,1.8209,6.96e-06,1,2,False,1.566210333920513,0.5,55,41,5,2,0,6,1,False,0,4071980819
1779860516000,1779860517046,9,38,True,1.00035,1.00035,1.00035,1.00035,0.0,0.0,0.0,0,0,0,1.0003,1.0004,9.999999999998899e-05,1.00035,1.0003801704239819,1.0004632984567172,68950.09999999999,243865.9,559122.1,152229.7,294495.0,617256.8,559122.1,617256.8,-0.049418346418828175,0.0,-0.06770327579458815,-3.1645683888064942e-09,3.094672324022261e-09,-6.259240712828755e-09,0.47529082679058554,-0.6034084818253751,0.9058176434832294,0.0,0.0,0.0,11502.900000000001,0.8058082767301795,0.0,0.0,0.0,0.0,0.0,-4.9981257038937364e-05,8.731112258225281e-05,0.0,1.2247926129318737e-07,5.0000000000105516e-05,-0.00014994626936779313,49981.25703893736,1,0.0,0.0,9.999999999998899e-05,-0.00020000000000042206,1.2508381462515757e-08,9998.625323160704,0.0,False,0.809396174003057,0.15789473684210525,-0.00020000000000042206,6.96e-06,1.0003,1.00070984,-0.0004098400000001057,121028047.5,0.0,1.8209,6.96e-06,1,1,False,1.566210333920513,0.5,56,41,5,2,0,9,0,False,0,3139311154
1779860517000,1779860518000,9,39,True,1.0003,1.0003,1.0001,1.0001,1398.6,0.0,1398.6,4,0,4,1.0,1.0001,9.999999999998899e-05,1.0000499999999999,1.0000587045688945,1.0001392649668133,78207.5,242443.8,613404.2,144005.6,273620.5,588035.4,613404.2,588035.4,0.021115335302748395,-0.999999999999285,0.006286719380384789,-3.0059474121409144e-09,3.4330444985114618e-09,-6.438991910652376e-09,0.5105576676513738,-0.1740913800029416,1.0431416203854373,0.0,1398.6,-1398.6,10104.300000000001,0.9105358742144359,349.6499999125875,1345.3,-1398.6,4.393017462445375,13.157894563711913,-0.00024994376395467185,0.00010306245738401346,0.00012008822363415212,1.274736394188365e-07,-0.0002500000000000835,-0.0001999625069157345,1.7870996993743255e-07,1,-0.999995000025,0.00010000000000021103,9.999999999998899e-05,0.0002999999999997449,1.4050555732919299e-08,22495.813520694333,0.0,False,0.809396174003057,0.1794871794871795,0.00019999999999953388,6.96e-06,1.0003,1.00070984,-0.0004098400000001057,121028047.5,0.0,1.8209,6.96e-06,1,1,False,1.578469105331679,0.5,57,41,5,2,0,9,4,False,0,602959800
1779860518000,1779860519111,9,40,True,1.0000499999999999,1.0000499999999999,1.0000499999999999,1.0000499999999999,0.0,0.0,0.0,0,0,0,1.0,1.0001,9.999999999998899e-05,1.0000499999999999,1.0000578905116817,1.0001286384559658,80362.2,245157.9,615138.4,134816.3,258542.9,574109.3,615138.4,574109.3,0.034500045701160435,0.0,0.021934539426460727,-3.005788193071213e-09,3.502479299438791e-09,-6.508267492510004e-09,0.5172500228505797,-0.15781023571970543,1.071465659936181,0.0,0.0,0.0,10104.300000000001,0.8806822389942905,0.0,0.0,0.0,0.0,0.0,-4.999625029176256e-05,9.809189620448377e-05,0.0,1.2497026529412324e-07,-0.000300000000000189,0.0001999475136629093,49996.25029176256,-1,0.0,0.0,9.999999999998899e-05,0.00039999999999995595,1.4050555732919299e-08,14996.37596444498,0.0,False,0.809396174003057,0.2,0.00039999999999995595,6.96e-06,1.0003,1.00070984,-0.0004098400000001057,121028047.5,0.0,1.8209,6.96e-06,1,1,False,1.5362411341825566,0.5,58,41,5,2,0,9,0,False,0,3808886239
1779860519000,1779860520025,9,41,True,1.0,1.0002,1.0,1.0002,720.8,665.6,55.2,3,2,1,1.0002,1.0003,9.999999999998899e-05,1.0002499999999999,1.000224712035691,1.0003377281485675,70225.7,243905.4,580990.0,109131.1,269449.6,576330.1,580990.0,576330.1,0.004026457330171678,0.846836847945551,0.020710283719062687,-3.1650517909131473e-09,3.2642832890674587e-09,-6.429335079980606e-09,0.5020132286650854,0.5057592842378524,1.0080854704621518,665.6,55.2,610.4,10714.7,0.950168067223986,240.26666658657777,649.0,610.4,3.1573361601253067,11.560693507968862,0.00014998125262479376,0.00010122592999500023,0.00012010023125580025,1.2246676519769945e-07,-0.0001500000000000945,0.00019997750291655633,2.0807609964565164e-07,-1,0.999995000025,9.999999999976694e-05,9.999999999998899e-05,-9.999999999976694e-05,1.3681574041575002e-08,22495.43859568409,0.0,False,0.809396174003057,0.21951219512195122,-0.00019999999999953388,6.96e-06,1.0003,1.00070984,-0.0004098400000001057,121027782.1,0.0,1.8209,6.96e-06,1,1,False,1.5427698387793243,0.5,59,41,5,2,0,8,3,False,0,148709305
1779860520000,1779860520996,9,42,True,1.0002499999999999,1.0002499999999999,1.0002499999999999,1.0002499999999999,0.0,0.0,0.0,0,0,0,1.0002,1.0003,9.999999999998899e-05,1.0002499999999999,1.0002987395583196,1.0003320899363517,71349.40000000001,241366.6,577423.4,140800.6,304378.3,614492.0,577423.4,614492.0,-0.031100026058896422,0.0,-0.08636429070024618,-3.1278415977702655e-09,3.1589350894226715e-09,-6.2867766871929366e-09,0.48444998697055147,-0.9747911681435244,0.9396760250743688,0.0,0.0,0.0,10714.7,0.919015015839593,0.0,0.0,0.0,0.0,0.0,4.998875254094607e-05,9.935533522560235e-05,0.0,1.19961140229118e-07,-0.00010000000000021103,-9.999250008384769e-05,49988.75254094607,1,0.0,0.0,9.999999999998899e-05,0.0,1.3681574041575002e-08,22495.438595686617,0.0,False,0.809396174003057,0.23809523809523808,0.0,6.96e-06,1.0003,1.00070984,-0.0004098400000001057,121027782.1,0.0,1.8209,6.96e-06,1,1,False,1.5005438114222802,0.5,0,42,5,2,0,9,0,False,0,1565641994
1779860521000,1779860522056,9,43,True,1.0002499999999999,1.0002499999999999,1.0002499999999999,1.0002499999999999,0.0,0.0,0.0,0,0,0,1.0002,1.0003,9.999999999998899e-05,1.0002499999999999,1.0002573403955477,1.000319045049423,81911.5,246177.7,583456.5,136761.6,300339.8,610653.6,583456.5,610653.6,-0.022776040500787954,0.0,-0.03860892312833187,-3.131146026796935e-09,3.156214806406229e-09,-6.287360833203164e-09,0.4886119797496056,-0.14680791339686017,0.9554623112022905,0.0,0.0,0.0,10714.7,0.8888833759759998,0.0,0.0,0.0,0.0,0.0,0.0,9.680564344706534e-05,0.0,1.09959139887394e-07,-0.00010000000000021103,-4.998875254094607e-05,0.0,1,0.0,0.0,9.999999999998899e-05,0.0,1.3681574041575002e-08,22495.438595678286,0.0,False,0.809396174003057,0.2558139534883721,0.0,6.96e-06,1.0003,1.00070984,-0.0004098400000001057,121027782.1,0.0,1.8209,6.96e-06,1,1,False,1.4915363624951574,0.5,1,42,5,2,0,10,0,False,0,2939075021
1779860522000,1779860523040,9,44,True,1.0002499999999999,1.0002499999999999,1.0002499999999999,1.0002499999999999,0.0,0.0,0.0,0,0,0,1.0002,1.0003,9.999999999998899e-05,1.0002499999999999,1.0002572482795973,1.000308202391949,83147.0,247646.9,583903.9,129740.9,291919.8,602311.5,583903.9,602311.5,-0.015517923641861305,0.0,-0.03141592177161702,-3.1380042999650175e-09,3.1913678077173027e-09,-6.32937210768232e-09,0.492241038179069,-0.14496559437837123,0.9694384052105912,0.0,0.0,0.0,10714.7,0.859739658730885,0.0,0.0,0.0,0.0,0.0,0.0,9.418748642265289e-05,0.0,9.995913984573673e-08,-0.00010000000000021103,0.0,0.0,1,0.0,0.0,9.999999999998899e-05,0.0,1.3681574041575002e-08,22495.43859567582,0.0,False,0.809396174003057,0.2727272727272727,0.0,6.96e-06,1.0003,1.00070984,-0.0004098400000001057,121027782.1,0.0,1.8209,6.96e-06,1,2,False,1.4825239898998532,0.5,2,42,5,2,0,8,0,False,0,3166120297
1779860523000,1779860524132,9,45,True,1.0003,1.0003,1.0003,1.0003,10.2,10.2,0.0,1,1,0,1.0002,1.0003,9.999999999998899e-05,1.0002499999999999,1.0002037828832944,1.0002836753646893,89753.7,253367.2,590338.1,101695.6,263980.0,574308.0,590338.1,574308.0,0.013763923650283089,0.9999999999019608,0.04710775468387254,-3.1429075132883475e-09,3.2465533498607458e-09,-6.389460863149094e-09,0.5068819618251411,0.9243423323896186,1.027912026299475,10.2,0.0,10.2,10724.900000000001,0.8643383584446265,10.199999989799998,10.2,10.2,1.1569543212712923,1.0,4.998625379074864e-05,9.217518034935583e-05,0.0,7.996413871266389e-08,0.0,4.998625379074864e-05,4.900613116259611e-06,1,0.0,0.00010000000000021103,9.999999999998899e-05,-0.00010000000000021103,1.3338124945053383e-08,24994.751284232912,0.0,False,0.809396174003057,0.28888888888888886,-0.00020000000000042206,6.96e-06,1.0003,1.00070984,-0.0004098400000001057,121027782.1,0.0,1.8209,6.96e-06,1,2,False,1.4645281571383788,0.5,3,42,5,2,0,9,1,False,0,2360348986
1779860524000,1779860525003,9,46,True,1.0002499999999999,1.0002499999999999,1.0002499999999999,1.0002499999999999,0.0,0.0,0.0,0,0,0,1.0002,1.0003,9.999999999998899e-05,1.0002499999999999,1.0002078215318464,1.000266083373735,93631.1,255964.7,595130.0,89661.59999999999,249144.3,529801.6,595130.0,529801.6,0.058073219740649086,0.0,0.0912365189198792,-3.1347185262925293e-09,3.483853809631617e-09,-6.618572335924147e-09,0.5290366098703241,0.843569361713605,1.1233072908802066,0.0,0.0,0.0,10724.900000000001,0.8359993958726715,0.0,0.0,0.0,0.0,0.0,-4.998625379067747e-05,8.13756406892027e-05,0.0,6.247176114835013e-08,-5.0000000000105516e-05,-9.997250758142612e-05,49986.25379067747,1,0.0,0.0,9.999999999998899e-05,0.00020000000000042206,1.3338124945053383e-08,24994.751284475096,0.0,False,0.7992991561934062,0.043478260869565216,0.00020000000000042206,6.96e-06,1.0003,1.00070984,-0.0004098400000001057,121028907.0,0.0,1.8209,6.96e-06,1,1,False,1.4645281571383788,0.5,4,42,5,2,0,7,0,False,0,1598976329
1779860525000,1779860526070,9,47,True,1.0002,1.0002,1.0002,1.0002,5.5,0.0,5.5,1,0,1,1.0002,1.0003,9.999999999998899e-05,1.0002499999999999,1.0002113370941492,1.000264644448811,91998.9,254657.5,594452.2,88492.7,247868.8,528535.0,594452.2,528535.0,0.058698086674540816,-0.9999999998181818,0.08943088030420812,-3.1294228459779834e-09,3.492293055575776e-09,-6.62171590155376e-09,0.52934904333727,0.7732581155977283,1.1247168115640378,0.0,5.5,-5.5,10719.400000000001,0.8413764648604527,5.4999999944999995,5.5,-5.5,1.1885286082696969,1.0,-4.998875254099832e-05,7.903915847260238e-05,0.0,5.497550972852458e-08,-0.00019999999999997797,-2.498750320846228e-09,9.08886409671081e-06,1,0.0,9.999999999976694e-05,9.999999999998899e-05,0.0004999999999997229,2.740814221752139e-08,27494.188911519617,0.0,False,0.7992991561934062,0.0425531914893617,0.00039999999999995595,6.96e-06,1.0003,1.00070984,-0.0004098400000001057,121028907.0,0.0,1.8209,6.96e-06,1,1,False,1.4466311294170968,0.5,5,42,5,2,0,9,1,False,0,3198696394
1779860526000,1779860527084,9,48,True,1.0003,1.0004,1.0003,1.0003,1433.0,1409.9,23.1,3,2,1,1.0003,1.0004,9.999999999998899e-05,1.00035,1.000340627012277,1.000421880627263,74601.5,239794.80000000002,557372.3,112211.7,262326.0,561335.2,557372.3,561335.2,-0.003542391554539416,0.9677599441723883,0.0043509634762297295,-3.23509675584318e-09,3.3560081349486155e-09,-6.591104890791795e-09,0.49822880422272986,0.1874597530587544,0.9929402253769211,1409.9,23.1,1386.8000000000002,12106.2,0.9121510069961756,477.6666665074444,1210.0,1386.8,3.288929106804844,8.163265239483549,9.997500633164248e-05,7.903915847260236e-05,6.003510820140119e-05,5.497600932871372e-08,-5.0000000000105516e-05,0.0001499637588726408,6.976622912182324e-08,1,0.0,0.00010000000000021103,9.999999999998899e-05,-0.0006999999999997009,2.933756552446237e-08,27494.188912427497,0.0,False,0.795921386654739,0.0625,-0.0007999999999999119,6.96e-06,1.0003,1.00070984,-0.0004098400000001057,121028907.0,0.0,1.8209,6.96e-06,1,2,False,1.4782264597591526,0.5,6,42,5,2,0,9,3,False,0,2729301789
1779860527000,1779860528104,9,49,True,1.0003,1.0004,1.0003,1.0004,21.4,11.7,9.7,2,1,1,1.0003,1.0004,9.999999999998899e-05,1.00035,1.0003337734589228,1.0004204265643588,74761.0,240522.6,559121.8,109966.1,259601.2,557787.0,559121.8,557787.0,0.001195084146530178,0.09345794392086645,0.02036921203420732,-3.235345065678441e-09,3.379402681838338e-09,-6.614747747516779e-09,0.5005975420732647,0.32453082004331346,1.0023930281630784,11.7,9.7,2.0,12108.2,0.9478181870946616,10.69999999465,11.7,2.0,2.110109328056336,2.5839793214884255,9.996501232885576e-05,8.13751802880183e-05,6.003510820140119e-05,6.49700120692338e-08,0.00029999999999996696,-9.994002786716536e-09,4.671262258139463e-06,1,0.9999900000999989,9.999999999976694e-05,9.999999999998899e-05,-0.000300000000000189,3.3128338174749394e-08,27494.18891219068,0.0,False,0.795921386654739,0.08163265306122448,-0.00039999999999995595,6.96e-06,1.0003,1.00070984,-0.0004098400000001057,121028907.0,0.0,1.8209,6.96e-06,1,1,False,1.4232761599811552,0.5,7,42,5,2,0,8,2,False,0,2262816244
1779860528000,1779860529046,9,50,True,1.00035,1.00035,1.00035,1.00035,0.0,0.0,0.0,0,0,0,1.0003,1.0004,9.999999999998899e-05,1.00035,1.0003616335477443,1.000447947516231,65914.5,231460.2,549007.7,128233.2,268721.9,567107.3,549007.7,567107.3,-0.01621660850360409,0.0,-0.03229624183690568,-3.2378660292685904e-09,3.3728946447460223e-09,-6.610760674014613e-09,0.4918916957481975,-0.2326709565565105,0.9680843466483308,0.0,0.0,0.0,12108.2,0.9167421809604104,0.0,0.0,0.0,0.0,0.0,-4.9981257038937364e-05,8.21390666471631e-05,0.0,6.996638904534288e-08,0.000300000000000189,-0.00014994626936779313,49981.25703893736,1,0.0,0.0,9.999999999998899e-05,0.00039999999999995595,3.3128338174749394e-08,27494.188912307454,0.0,False,0.795921386654739,0.1,0.00039999999999995595,6.96e-06,1.0003,1.00070984,-0.0004098400000001057,121028907.0,0.0,1.8209,6.96e-06,1,1,False,1.4232761599811552,0.5,8,42,5,2,0,8,0,False,0,2303471233
1779860529000,1779860530001,9,51,True,1.0003,1.0003,1.0003,1.0003,1027.9,0.0,1027.9,1,0,1,1.0003,1.0004,9.999999999998899e-05,1.00035,1.000342715468281,1.0004318419027003,70096.0,234240.6,552839.8,117904.7,266505.7,564930.1,552839.8,564930.1,-0.010816448000612577,-0.9999999999990271,-0.002442188461042156,-3.2395634490677002e-09,3.3560015947602675e-09,-6.595565043827968e-09,0.49459177599969334,0.14569063247243036,0.9785985912239391,0.0,1027.9,-1027.9,11080.300000000001,0.9194719455190854,1027.8999989721,1027.9,-1027.9,1.0875807617467568,1.0,-4.9983755290064506e-05,8.289598940426462e-05,0.0,7.246463996626694e-08,9.999999999998899e-05,-2.4982511271422767e-09,4.8627060307438346e-08,1,0.0,0.00010000000000021103,9.999999999998899e-05,0.000500000000000167,3.5055070701431307e-08,29993.37667681068,0.0,False,0.7879165031918958,0.058823529411764705,0.00039999999999995595,6.96e-06,1.0003,1.00070984,-0.0004098400000001057,121028301.7,0.0,1.8209,6.96e-06,1,1,False,1.42886706809777,0.5,9,42,5,2,0,8,1,False,0,2339842736
1779860530000,1779860531164,9,52,True,1.0004499999999998,1.0004499999999998,1.0004499999999998,1.0004499999999998,0.0,0.0,0.0,0,0,0,1.0004,1.0005,9.999999999998899e-05,1.0004499999999998,1.0004008038821615,1.0005614195294896,75990.0,243690.7,549358.9,106919.9,233294.0,577462.5,549358.9,577462.5,-0.024940598394741133,0.0,0.03513374426546646,-3.3152772830548335e-09,3.3233761487356956e-09,-6.638653431790529e-09,0.4875297008026291,0.9839223556356235,0.9513325973548049,0.0,0.0,0.0,11080.300000000001,0.8893253243545253,0.0,0.0,0.0,0.0,0.0,0.00014994377136662044,8.941980646307741e-05,0.0,7.995939274152548e-08,0.00019999999999997797,0.00019992752665668495,149943.77136662044,1,0.0,0.0,9.999999999998899e-05,-0.00020000000000042206,3.5055070701431307e-08,29993.376676817967,0.0,False,0.7879165031918958,0.07692307692307693,-0.00020000000000042206,6.96e-06,1.0003,1.00070984,-0.0004098400000001057,121028301.7,0.0,1.8209,6.96e-06,1,2,False,1.42886706809777,0.5,10,42,5,2,0,9,0,False,0,505796305
1779860531000,1779860531998,9,53,True,1.0004,1.0006,1.0004,1.0006,4777.1,4777.1,0.0,3,3,0,1.0006,1.0007,9.999999999998899e-05,1.0006499999999998,1.000633823025702,1.000761052228503,75558.40000000001,235512.7,542049.3,134935.8,268611.1,582255.2,542049.3,582255.2,-0.035760685828438714,0.9999999999997906,0.0050346042737184436,-3.4899863051632402e-09,3.2136994147914427e-09,-6.7036857199546825e-09,0.48211965708578025,0.32353948419838924,0.9309479760764681,4777.1,0.0,4777.1,15857.400000000001,0.9585277727363442,1592.366666135878,4483.8,4777.1,3.129799763971357,8.130081234714787,0.00014992129160285573,9.549723279596977e-05,0.00012005221517097026,1.0243915661261251e-07,0.0003500000000000725,-2.2479763764707023e-08,3.138332704000844e-08,1,0.999995000025,9.999999999976694e-05,9.999999999998899e-05,9.999999999976694e-05,3.10098936352739e-08,37489.44125696076,0.0,False,0.787821232254753,0.03773584905660377,0.0,6.96e-06,1.0003,1.00070984,-0.0004098400000001057,121028301.7,0.0,1.8209,6.96e-06,1,1,False,1.1188550315269574,0.5,11,42,5,2,0,8,3,False,0,2069011646
1779860532000,1779860533007,9,54,True,1.0006,1.0006,1.0005,1.0006,7506.4,10.2,7496.2,3,1,2,1.0005,1.0006,9.999999999998899e-05,1.00055,1.000529284851375,1.0006222574202865,77118.1,223808.7,534304.2,113612.0,258640.4,585209.8,534304.2,585209.8,-0.0454711598068448,-0.9972823190875789,-0.016397893592113626,-3.3758024730493566e-09,3.1839110153422473e-09,-6.559713488391604e-09,0.47726442009657716,0.4143029697196308,0.9130130766777982,10.2,7496.2,-7486.0,8371.400000000001,1.0254612883843328,2502.133332499289,6574.5,-7486.0,2.9255126751797156,105.2631468144056,0.0,9.549723279596977e-05,6.002310777998124e-05,1.0243915661261251e-07,0.0003500000000000725,-0.00014992129160285573,0.0,1,0.0,9.999999999976694e-05,9.999999999998899e-05,-0.000300000000000189,2.4531580858397786e-08,37489.44125696075,0.0,False,0.7911005310790238,0.1111111111111111,-0.00039999999999995595,6.96e-06,1.0003,1.00070984,-0.0004098400000001057,121028301.7,0.0,1.8209,6.96e-06,1,1,False,0.9944015635711903,0.5,12,42,5,2,0,9,3,False,0,3538729086
1779860533000,1779860534038,9,55,True,1.0005,1.0006,1.0005,1.0006,31.8,9.7,22.1,2,1,1,1.0005,1.0006,9.999999999998899e-05,1.00055,1.000509011606073,1.000601279817136,80885.6,229232.3,538058.2,98499.4,242494.0,568972.7,538058.2,568972.7,-0.02792559810209451,-0.3899371069059769,0.020745849365922005,-3.3773624723573275e-09,3.2351379516183688e-09,-6.612500423975697e-09,0.4860372009489523,0.819767876399968,0.9456661101666196,9.7,22.1,-12.400000000000002,8359.000000000002,1.0574133772897645,15.89999999205,22.1,-12.400000000000002,1.8914078836743609,1.9342359730478995,0.0,9.484093357850707e-05,6.002310777998124e-05,1.0243915661261251e-07,0.00029999999999996696,0.0,0.0,1,0.9999900000999989,9.999999999976694e-05,9.999999999998899e-05,-0.000300000000000189,2.383000816119817e-08,34990.25349245754,0.0,False,0.7911005310790238,0.12727272727272726,-0.00039999999999995595,6.96e-06,1.0003,1.00070984,-0.0004098400000001057,121028301.7,0.0,1.8209,6.96e-06,1,2,False,1.5539161042284657,0.5,13,42,5,2,0,9,2,False,0,345093166
1779860534000,1779860535070,9,56,True,1.0005,1.0005,1.0005,1.0005,14.7,0.0,14.7,1,0,1,1.0005,1.0006,9.999999999998899e-05,1.00055,1.0005085308146888,1.0005637829056,89509.4,234229.2,540664.4,85240.40000000001,228798.7,555476.9,540664.4,555476.9,-0.01351331256289676,-0.9999999999319727,0.048597247442667954,-3.3795237617295554e-09,3.279499243733054e-09,-6.659023005462609e-09,0.4932433437185512,0.829383704300841,0.9733337245887255,0.0,14.7,-14.7,8344.300000000001,1.0555309714769854,14.699999985299998,14.7,-14.7,0.9473904850497448,1.0,-9.994503031650666e-05,9.743845819947668e-05,0.0,1.024391566126125e-07,0.0002500000000000835,-9.994503031650666e-05,6.798981653721611e-06,1,0.0,0.00010000000000021103,9.999999999998899e-05,-0.00010000000000021103,2.380851055426434e-08,34990.25349261468,0.0,False,0.7911005310790238,0.14285714285714285,-0.00020000000000042206,6.96e-06,1.0003,1.00070984,-0.0004098400000001057,121028302.7,0.0,1.8209,6.96e-06,1,1,False,1.5457731214801682,0.5,14,42,5,2,0,9,1,False,0,4254536664
1779860535000,1779860536042,9,57,True,1.00055,1.00055,1.00055,1.00055,0.0,0.0,0.0,0,0,0,1.0005,1.0006,9.999999999998899e-05,1.00055,1.000571419892359,1.000580909119108,79010.3,219968.6,522939.1,101419.29999999999,243873.6,569425.1,522939.1,569425.1,-0.042555404140853355,0.0,-0.05780341490183331,-3.408392606901145e-09,3.2753790881625587e-09,-6.683771695063704e-09,0.4787222979295729,-0.4283978502998009,0.9183632755212214,0.0,0.0,0.0,8344.300000000001,1.0209233986416744,0.0,0.0,0.0,0.0,0.0,4.997376378448498e-05,9.549592559442064e-05,0.0,1.0243740897297371e-07,0.0003500000000000725,0.00014991879410099164,49973.76378448498,1,0.0,0.0,9.999999999998899e-05,0.00020000000000042206,2.380851055426434e-08,34990.25349187589,0.0,False,0.7911005310790238,0.15789473684210525,0.00020000000000042206,6.96e-06,1.0003,1.00070984,-0.0004098400000001057,121028302.7,0.0,1.8209,6.96e-06,1,2,False,1.5457731214801682,0.5,15,42,5,2,0,8,0,False,0,747374269
1779860536000,1779860537033,9,58,True,1.00055,1.00055,1.00055,1.00055,0.0,0.0,0.0,0,0,0,1.0005,1.0006,9.999999999998899e-05,1.00055,1.0005709150527435,1.0005933147402901,80477.90000000001,221416.2,524380.7,112712.8,254716.6,580298.1,524380.7,580298.1,-0.0506186956787801,0.0,-0.06515518626689144,-3.4049686780242e-09,3.2454512428565027e-09,-6.650419920880703e-09,0.47469065216060957,-0.4183010579718464,0.903640215261775,0.0,0.0,0.0,8344.300000000001,0.9874505003255539,0.0,0.0,0.0,0.0,0.0,0.0,9.48396831625639e-05,0.0,8.994490546147577e-08,0.0002500000000000835,-4.997376378448498e-05,0.0,1,0.0,0.0,9.999999999998899e-05,0.0,2.380851055426434e-08,34990.25349182048,0.0,False,0.7911005310790238,0.1724137931034483,0.0,6.96e-06,1.0003,1.00070984,-0.0004098400000001057,121028302.7,0.0,1.8209,6.96e-06,1,1,False,1.5376687340328932,0.5,16,42,5,2,0,9,0,False,0,2598360995
1779860537000,1779860538010,9,59,True,1.0005,1.0005,1.0005,1.0005,1124.1,0.0,1124.1,1,0,1,1.0004,1.0005,9.999999999998899e-05,1.0004499999999998,1.0004648439944934,1.0005549356175796,65335.4,225399.7,515739.7,125524.2,250513.69999999998,593778.4,515739.7,593778.4,-0.07033567095480456,-0.9999999999991104,-0.0796288152288035,-3.4006281005870475e-09,3.26187287937974e-09,-6.662500979966787e-09,0.4648321645225973,-0.29687989147446225,0.8685726863759259,0.0,1124.1,-1124.1,7220.200000000001,0.9878619593312735,1124.0999988759,1124.1,-1124.1,1.0122871819709063,1.0,-4.997376378446938e-05,7.74328102210127e-05,0.0,7.744865447993278e-08,9.999999999998899e-05,-4.997376378446938e-05,4.445668871490519e-08,1,0.0,0.00010000000000021103,9.999999999998899e-05,0.0002999999999997449,2.3719473062449268e-08,24991.753483310353,0.0,False,0.7911005310790238,0.1864406779661017,0.00019999999999953388,6.96e-06,1.0003,1.00070984,-0.0004098400000001057,121028302.7,0.0,1.8209,6.96e-06,1,1,False,1.540181037176846,0.5,17,42,5,2,0,9,1,False,0,898006261
1779860538000,1779860539007,9,60,True,1.0004499999999998,1.0004499999999998,1.0004499999999998,1.0004499999999998,0.0,0.0,0.0,0,0,0,1.0004,1.0005,9.999999999998899e-05,1.0004499999999998,1.00046459407801,1.0005501786251167,65283.7,225265.1,515617.1,118593.0,246705.69999999998,582578.4,515617.1,582578.4,-0.060973934058189086,0.0,-0.07002718449914576,-3.403002884686426e-09,3.3024451124378533e-09,-6.705447997124279e-09,0.469513032970905,-0.2918815617978194,0.8850604485164555,0.0,0.0,0.0,7220.200000000001,0.9554730426318875,0.0,0.0,0.0,0.0,0.0,-4.997626128636186e-05,7.74321650295901e-05,0.0,7.244765611098708e-08,9.999999999976694e-05,-2.497501892483587e-09,49976.261286361856,1,0.0,0.0,9.999999999998899e-05,0.00039999999999995595,2.3719473062449268e-08,24991.75348331079,0.0,False,0.7911005310790238,0.2,0.00039999999999995595,6.96e-06,1.0003,1.00070984,-0.0004098400000001057,121028302.7,-8.514142852235145e-05,1.8209,6.96e-06,0,1,True,1.540181037176846,0.45880688215681414,18,42,5,2,0,8,0,False,0,4037104523
1779860539000,1779860540069,9,61,True,1.0004499999999998,1.0004499999999998,1.0004499999999998,1.0004499999999998,0.0,0.0,0.0,0,0,0,1.0004,1.0005,9.999999999998899e-05,1.0004499999999998,1.0004257638808076,1.000540029638809,70659.9,229240.5,519622.5,108159.6,237642.0,574611.4,519622.5,574611.4,-0.05025333249134393,0.0,-0.01978163021772298,-3.406612395513991e-09,3.304590739197317e-09,-6.7112031347113075e-09,0.47487333375432766,0.4847223812977405,0.9043024555377757,0.0,0.0,0.0,7220.200000000001,0.9241460576275633,0.0,0.0,0.0,0.0,0.0,0.0,6.979270287232444e-05,0.0,6.495028038774515e-08,0.00014999999999987246,4.997626128636186e-05,0.0,1,0.0,0.0,9.999999999998899e-05,0.0,2.3719473062449268e-08,17492.6908520711,0.0,False,0.7911005310790238,0.21311475409836064,0.0,6.45e-06,1.00057656,1.00101772,-0.0004411600000000515,121029865.0,-7.223397672229213e-05,1.8209,6.45e-06,0,2,False,1.5322420047484122,0.45880688215681414,19,42,5,2,0,8,0,False,0,1441179333
1779860540000,1779860541004,9,62,True,1.0004499999999998,1.0004499999999998,1.0004499999999998,1.0004499999999998,0.0,0.0,0.0,0,0,0,1.0004,1.0005,9.999999999998899e-05,1.0004499999999998,1.0004021288155676,1.0005204131845062,76743.2,235737.8,531129.6,94894.4,223032.8,566990.2,531129.6,566990.2,-0.0326563640870513,0.0,0.018230529099461105,-3.3674089573048263e-09,3.305169068455374e-09,-6.6725780257602e-09,0.48367181795647396,0.957423687027528,0.9367526987238916,0.0,0.0,0.0,7220.200000000001,0.893846186885676,0.0,0.0,0.0,0.0,0.0,0.0,6.889178184075781e-05,0.0,6.495028038774515e-08,0.0,0.0,0.0,1,0.0,0.0,9.999999999998899e-05,0.0,2.3719473062449268e-08,17492.69085206763,0.0,False,0.7911005310790238,0.22580645161290322,0.0,6.45e-06,1.00057656,1.00101772,-0.0004411600000000515,121029865.0,-7.223397672229213e-05,1.8209,6.45e-06,0,2,False,1.5322420047484122,0.4588068821568142,20,42,5,2,0,8,0,False,0,1146399414
1779860541000,1779860542013,9,63,True,1.0005,1.0006,1.0005,1.0006,278.1,278.1,0.0,2,2,0,1.0006,1.0007,9.999999999998899e-05,1.0006499999999998,1.0006591942818763,1.0007912745340473,59140.299999999996,214828.6,526470.9,136465.3,269593.1,590497.1,526470.9,590497.1,-0.057321427292455915,0.9999999999964042,-0.05870423264583989,-3.461622914430506e-09,3.151273622964404e-09,-6.61289653739491e-09,0.47133928635377165,-0.1838856400259679,0.8915723718202835,278.1,0.0,278.1,7498.300000000001,0.9301135250205719,139.049999930475,262.5,278.1,2.150275148192786,58.82352595155729,0.00014992129160285573,7.661525493652027e-05,6.002310777998124e-05,6.495028038774517e-08,0.0,0.00014992129160285573,5.39091303855867e-07,1,0.9999900000999989,9.999999999976694e-05,9.999999999998899e-05,0.000300000000000189,2.359514924043697e-08,24988.75543221042,0.0,False,0.7911005310790238,0.23809523809523808,0.00020000000000042206,6.45e-06,1.00057656,1.00101772,-0.0004411600000000515,121029865.0,-7.223397672229213e-05,1.8209,6.45e-06,1,2,False,1.5164977799622446,0.4924905030903218,21,42,5,2,0,9,2,False,0,1612734586
1779860542000,1779860543026,9,64,True,1.0006499999999998,1.0006499999999998,1.0006499999999998,1.0006499999999998,0.0,0.0,0.0,0,0,0,1.0006,1.0007,9.999999999998899e-05,1.0006499999999998,1.000697734858625,1.0008157486769382,50176.6,202879.0,514457.4,160624.6,292632.2,613527.3,514457.4,613527.3,-0.08782911683110589,0.0,-0.12470925056962849,-3.4909913917650437e-09,3.0927041307226914e-09,-6.5836955224877356e-09,0.4560854415844466,-0.9546971749224852,0.8385240558977557,0.0,0.0,0.0,7498.300000000001,0.8996179996100613,0.0,0.0,0.0,0.0,0.0,4.996876952925075e-05,7.742571398057212e-05,0.0,7.244166285537585e-08,4.999999999988347e-05,-9.995252207360498e-05,49968.76952925075,1,0.0,0.0,9.999999999998899e-05,0.00039999999999995595,2.359514924043697e-08,24988.7554322194,0.0,False,0.7911005310790238,0.25,0.00039999999999995595,6.45e-06,1.00057656,1.00101772,-0.0004411600000000515,121029865.0,-7.223397672229213e-05,1.8209,6.45e-06,1,1,False,1.5243468256607537,0.5016383436772794,22,42,5,2,0,9,0,False,0,269060383
1779860543000,1779860543992,9,65,True,1.0006,1.0006,1.0006,1.0006,5.5,0.0,5.5,1,0,1,1.0006,1.0007,9.999999999998899e-05,1.0006499999999998,1.0006981878850134,1.0008047013588524,53978.299999999996,200678.0,512265.3,168442.5,300511.1,621439.6,512265.3,621439.6,-0.09629869289618481,-0.9999999998181818,-0.1362559582751379,-3.5070170066938677e-09,3.0728224981346425e-09,-6.57983950482851e-09,0.45185065355190723,-0.9637577027058768,0.824320336200009,0.0,5.5,-5.5,7492.800000000001,0.9029092127376003,5.4999999944999995,5.5,-5.5,1.1075310615787068,1.0,-4.9968769529363923e-05,7.742514968286235e-05,0.0,7.24399152156193e-08,0.0,-9.993753905861467e-05,9.085230821868853e-06,1,0.0,9.999999999976694e-05,9.999999999998899e-05,-0.0004999999999997229,2.3595149240436977e-08,24987.881219150164,0.0,False,0.7911005310790238,0.26153846153846155,-0.0005999999999994898,6.45e-06,1.00057656,1.00101772,-0.0004411600000000515,121029865.0,-7.389365505075319e-05,1.8209,6.45e-06,1,1,False,1.4231481222880964,0.46273450170325725,23,42,5,2,0,9,1,False,0,1728355192
1779860544000,1779860545072,9,66,True,1.0006,1.0006,1.0006,1.0006,168.8,20.0,148.8,2,1,1,1.0005,1.0006,9.999999999998899e-05,1.00055,1.0005639618574482,1.0006870144866176,52963.9,186432.0,484540.8,130805.5,283269.3,615809.6,484540.8,615809.6,-0.11929727112381645,-0.76303317535093,-0.13150620683172518,-3.616281800461802e-09,3.0743823887676613e-09,-6.690664189229464e-09,0.44035136443809136,-0.2792371506311081,0.786835411464841,20.0,148.8,-128.8,7364.000000000001,0.9388794024839084,84.3999999578,148.8,-128.8,2.130199035763892,13.33333315555556,0.0,7.66141143981469e-05,0.0,6.99411647444256e-08,9.999999999998899e-05,4.9968769529363923e-05,0.0,1,0.0,9.999999999976694e-05,9.999999999998899e-05,-0.001100000000000101,2.190573259883433e-08,24987.88121890513,0.0,False,0.7911005310790238,0.2727272727272727,-0.0011999999999998678,6.45e-06,1.00057656,1.00101772,-0.0004411600000000515,121030998.5,-6.452889006863906e-05,1.8209,6.45e-06,0,2,False,1.3976924370130341,0.45814939063245896,24,42,5,2,0,10,2,False,0,2024908839
1779860545000,1779860546098,9,67,True,1.0005,1.0005,1.0004,1.0005,191.3,9.9,181.4,3,1,2,1.0004,1.0005,9.999999999998899e-05,1.0004499999999998,1.0004597269064237,1.0005721396154077,60665.5,202725.1,492363.5,136782.6,271541.6,616087.2,492363.5,616087.2,-0.11161858619422574,-0.8964976476691244,-0.11953920018693243,-3.5804929730767294e-09,3.173251982528956e-09,-6.753744955605685e-09,0.4441907069028867,-0.19453813003558534,0.7991782656740786,9.9,181.4,-171.5,7192.500000000001,1.0064571269926328,63.766666645411114,148.9,-171.5,2.9807528970294697,6.7567567111029945,-9.994503031650666e-05,7.902043539636095e-05,6.002910739103332e-05,6.494353889262838e-08,-5.0000000000105516e-05,-9.994503031650666e-05,5.224518051018516e-07,1,0.0,0.00010000000000021103,9.999999999998899e-05,-0.0009000000000001229,2.229449097311978e-08,22488.44359188482,0.0,False,0.7911005310790238,0.2835820895522388,-0.001000000000000334,6.45e-06,1.00057656,1.00101772,-0.0004411600000000515,121030998.5,-6.452889006863906e-05,1.8209,6.45e-06,1,1,False,1.380324474832212,0.4786623576081671,25,42,5,2,0,9,3,False,0,130086746
1779860546000,1779860547034,9,68,True,1.0004499999999998,1.0004499999999998,1.0004499999999998,1.0004499999999998,0.0,0.0,0.0,0,0,0,1.0004,1.0005,9.999999999998899e-05,1.0004499999999998,1.000469493766773,1.0005816540058046,58967.2,202048.4,484088.4,141427.5,271714.2,614563.9,484088.4,614563.9,-0.11875959300317296,0.0,-0.13005854785878176,-3.64160314514791e-09,3.1897088523089955e-09,-6.8313119974569055e-09,0.4406202034984131,-0.38987533722423523,0.7876941681735604,0.0,0.0,0.0,7192.500000000001,0.9734585326650055,0.0,0.0,0.0,0.0,0.0,-4.997626128636186e-05,7.66117513850714e-05,0.0,5.99444151014794e-08,-0.00010000000000021103,4.99687690301448e-05,49976.261286361856,1,0.0,0.0,9.999999999998899e-05,-0.0007999999999999119,2.229449097311978e-08,22488.44359098902,0.0,False,0.7911005310790238,0.29411764705882354,-0.0007999999999999119,6.45e-06,1.00057656,1.00101772,-0.0004411600000000515,121030998.5,-6.452889006863906e-05,1.8209,6.45e-06,0,2,False,1.3668882447987314,0.5119037329224129,26,42,5,2,0,8,0,False,0,762816342
1779860547000,1779860547995,9,69,True,1.0004499999999998,1.0004499999999998,1.0004499999999998,1.0004499999999998,0.0,0.0,0.0,0,0,0,1.0004,1.0005,9.999999999998899e-05,1.0004499999999998,1.0004349306156572,1.0005734638928359,63917.7,206354.2,492018.7,132033.8,262345.3,605165.0,492018.7,605165.0,-0.1031242990576691,0.0,-0.08309038038491319,-3.604761773257764e-09,3.2035352063732227e-09,-6.808296979630987e-09,0.4484378504711651,0.30138768430178287,0.8130323135012751,0.0,0.0,0.0,7192.500000000001,0.9415418594628742,0.0,0.0,0.0,0.0,0.0,0.0,7.327830692498686e-05,0.0,5.4948038125370315e-08,-5.0000000000105516e-05,4.997626128636186e-05,0.0,1,0.0,0.0,9.999999999998899e-05,0.0,2.229449097311978e-08,22488.44359098553,0.0,False,0.7911005310790238,0.30434782608695654,0.0,6.45e-06,1.00057656,1.00101772,-0.0004411600000000515,121030998.5,-6.452889006863906e-05,1.8209,6.45e-06,0,2,False,1.3277902196243336,0.49417275145158834,27,42,5,2,0,8,0,False,0,1105428549
1779860548000,1779860549047,9,70,True,1.0004,1.0004,1.0003,1.0003,388.0,0.0,388.0,2,0,2,1.0003,1.0004,9.999999999998899e-05,1.00035,1.0003961327055655,1.0004881761615643,52141.3,197590.7,499746.3,149280.6,285281.8,593427.2,499746.3,593427.2,-0.08569627785525342,-0.9999999999974227,-0.1346520986259517,-3.5557075291260856e-09,3.263000461144515e-09,-6.818707990270601e-09,0.4571518610723728,-0.9226541125433855,0.8421358171651032,0.0,388.0,-388.0,6804.500000000001,0.9762454050542554,193.999999903,382.5,-388.0,2.048665210199052,83.33332638888947,-0.0001499437713666579,7.980576853596355e-05,6.003510820140119e-05,5.2449787204446256e-08,-0.00014999999999987246,-0.0001499437713666579,3.864530189852357e-07,-1,-0.9999900000999989,0.00010000000000021103,9.999999999998899e-05,-0.000500000000000167,2.1798847158486452e-08,29985.63215920165,0.0,False,0.7911005310790238,0.3142857142857143,-0.000600000000000378,6.45e-06,1.00057656,1.00101772,-0.0004411600000000515,121030998.5,-3.358283040086007e-05,1.8209,6.45e-06,1,0,False,1.32748429278762,0.5328359085282436,28,42,5,2,0,8,2,False,0,2401269504
1779860549000,1779860550029,9,71,True,1.0003,1.0003,1.0001,1.0001,561.4,0.0,561.4,4,0,4,1.0,1.0001,9.999999999998899e-05,1.0000499999999999,1.0000930162752288,1.0001910267701077,52104.4,201688.7,567851.8,160909.2,305863.7,592459.7,567851.8,592459.7,-0.021208011814068797,-0.9999999999982188,-0.08806246281971673,-3.166662129867878e-09,3.3852527249621554e-09,-6.551914854830033e-09,0.4893959940929652,-0.8603255059925624,0.9584648542339658,0.0,561.4,-561.4,6243.100000000001,1.0753848999705093,140.34999996491248,353.2,-561.4,3.719598439954006,8.086253303884744,-0.0001999600086646809,9.079230229061216e-05,0.00012008822363415212,7.493779225087956e-08,-0.00034999999999985043,-5.0016237298023005e-05,3.561809915645257e-07,-1,-0.999995000025,0.00010000000000021103,9.999999999998899e-05,-0.00029999999999996696,1.9824532106003417e-08,27486.444394724193,0.0,False,0.7911005310790238,0.323943661971831,-0.000400000000000178,6.45e-06,1.00057656,1.00101772,-0.0004411600000000515,121030998.5,-3.358283040086007e-05,1.8209,6.45e-06,2,0,False,1.30021612542883,0.5636228851046284,29,42,5,2,0,10,4,False,0,1401885413
1779860550000,1779860551073,9,72,True,1.0,1.0,1.0,1.0,16.5,0.0,16.5,1,0,1,1.0,1.0001,9.999999999998899e-05,1.0000499999999999,1.000084168285649,1.000190370974398,55611.3,205269.80000000002,571431.1,159605.7,309733.8,594348.8,571431.1,594348.8,-0.01965868514288165,-0.9999999999393939,-0.07406768127813146,-3.1619662808480615e-09,3.3381981451528603e-09,-6.500164426000922e-09,0.4901706574285588,-0.6833657155192346,0.9614406557226984,0.0,16.5,-16.5,6226.600000000001,1.0729132639059025,16.4999999835,16.5,-16.5,0.9320417900581206,1.0,-9.999500033332494e-05,8.728708627987713e-05,0.0,7.245302951286895e-08,-0.0004499999999998394,9.996500833135596e-05,6.060303050137251e-06,-1,0.0,9.999999999976694e-05,9.999999999998899e-05,-9.999999999998899e-05,1.89418492398352e-08,27486.444394725804,0.0,False,0.7911005310790238,0.3333333333333333,-0.00019999999999975593,6.45e-06,1.00057656,1.00101772,-0.0004411600000000515,121030998.5,-3.358283040086007e-05,1.8209,6.45e-06,1,1,False,1.281742819155182,0.5711442925010266,30,42,5,2,0,10,1,False,0,2259050538
1779860551000,1779860552052,9,73,True,1.0000499999999999,1.0000499999999999,1.0000499999999999,1.0000499999999999,0.0,0.0,0.0,0,0,0,1.0,1.0001,9.999999999998899e-05,1.0000499999999999,1.000063262678475,1.0001816661709635,59260.1,208828.4,575010.6,151221.3,303868.8,584774.4,575010.6,584774.4,-0.00841862931491616,0.0,-0.04550448061508629,-3.1613264356880247e-09,3.3518744025300846e-09,-6.51320083821811e-09,0.4957906853425415,-0.2652535713947359,0.9833033046590256,0.0,0.0,0.0,6226.600000000001,1.037735779843414,0.0,0.0,0.0,0.0,0.0,4.999875004154858e-05,8.136466983724049e-05,0.0,7.745265453993943e-08,-0.0005500000000000504,0.00014999375037487352,49998.75004154858,-1,0.0,0.0,9.999999999998899e-05,0.00019999999999975593,1.89418492398352e-08,19990.37981473453,0.0,False,0.7911005310790238,0.3424657534246575,0.00019999999999975593,6.45e-06,1.00057656,1.00101772,-0.0004411600000000515,121030998.5,-3.358283040086007e-05,1.8209,6.45e-06,1,1,False,1.2906944882270193,0.5609814197748318,31,42,5,2,0,9,0,False,0,997162871
1779860552000,1779860553022,9,74,True,1.0001,1.0001,1.0001,1.0001,181.5,181.5,0.0,3,3,0,1.0,1.0001,9.999999999998899e-05,1.0000499999999999,1.0000211481861787,1.0001743725931926,61460.7,210994.6,576172.8,137377.6,289244.6,567513.3,576172.8,567513.3,0.007571570555941873,0.9999999999944904,0.009428498479981685,-3.1680027834920643e-09,3.43208602284296e-09,-6.6000888063350245e-09,0.5037857852779706,0.5770362725985978,1.0152586732328546,181.5,0.0,181.5,6408.100000000001,1.1020723116518265,60.49999997983333,101.5,181.5,2.722144423337653,4.0485829795603925,4.999625029178129e-05,8.212911024652023e-05,0.0,7.99524045612929e-08,-0.0005499999999998284,-2.4997497672892607e-09,2.754614341129798e-07,-1,0.0,0.00010000000000021103,9.999999999998899e-05,0.0006999999999999229,1.92788325679975e-08,22490.192329323592,0.0,False,0.7879698681843692,0.06756756756756757,0.0005999999999997119,6.45e-06,1.00057656,1.00101772,-0.0004411600000000515,121030998.5,-3.358283040086007e-05,1.8209,6.45e-06,1,0,False,1.210326454275052,0.5504621802229415,32,42,5,2,0,8,3,False,0,4136175410
1779860553000,1779860554007,9,75,True,1.0000499999999999,1.0000499999999999,1.0000499999999999,1.0000499999999999,0.0,0.0,0.0,0,0,0,1.0,1.0001,9.999999999998899e-05,1.0000499999999999,1.000024728240862,1.0001714490860067,61461.7,210669.1,575847.3,134566.0,284784.4,563053.1,575847.3,563053.1,0.011233818163555004,0.0,0.009706507130424612,-3.1730830186838822e-09,3.4583823456964507e-09,-6.631465364380333e-09,0.5056169090817771,0.5054351791054742,1.0227229012681025,0.0,0.0,0.0,6408.100000000001,1.0659387932370126,0.0,0.0,0.0,0.0,0.0,-4.999625029176256e-05,8.28865007226563e-05,0.0,8.245202960453041e-08,-0.0005500000000000504,-9.999250058354386e-05,49996.25029176256,-1,0.0,0.0,9.999999999998899e-05,-0.0007999999999996898,1.92788325679975e-08,22490.192329337362,0.0,False,0.7848392052897009,0.02666666666666667,-0.0007999999999996898,6.45e-06,1.00057656,1.00101772,-0.0004411600000000515,121030998.5,-4.89130650660919e-07,1.8209,6.45e-06,1,0,False,1.2186323836224022,0.569836208641611,33,42,5,2,0,8,0,False,0,2644912859
1779860554000,1779860555027,9,76,True,1.0,1.0,1.0,1.0,1269.1999999999998,0.0,1269.1999999999998,2,0,2,0.9999,1.0,9.999999999998899e-05,0.99995,0.999992070811473,1.0000610332438635,66257.4,240972.8,645427.6,168715.2,328849.3,587498.0,645427.6,587498.0,0.04698547909135793,-0.9999999999992121,-0.0449157852163116,-2.9780661412282644e-09,3.3277850225374186e-09,-6.305851163765683e-09,0.5234927395456785,-0.8414162305521595,1.0986039101409686,0.0,1269.1999999999998,-1269.1999999999998,5138.9000000000015,1.096563750835799,634.5999996826998,1236.6,-1269.1999999999998,1.8238793655651337,3.021148027126441,-4.999875004158113e-05,8.059600050923468e-05,0.0,7.995715028941428e-08,-0.0005999999999999339,-2.499749818565247e-09,3.939390958205306e-08,-1,0.0,9.999999999998899e-05,9.999999999998899e-05,-0.0006999999999999229,1.4607328998325643e-08,24990.129831259277,0.0,False,0.7886953611014746,0.10526315789473684,-0.0007999999999999119,6.45e-06,1.00057656,1.00101772,-0.0004411600000000515,121030737.5,-2.645601931337829e-06,1.8209,6.45e-06,1,0,False,1.2556263877418563,0.5783627715160636,34,42,5,2,0,9,2,False,0,435017719
1779860555000,1779860556016,9,77,True,1.0,1.0,1.0,1.0,19.2,19.2,0.0,2,2,0,0.9999,1.0,9.999999999998899e-05,0.99995,0.9999854140984071,1.0000539680080667,71495.3,248000.7,652538.6,159606.8,319276.6,576464.0,652538.6,576464.0,0.061899462214319086,0.9999999999479167,-0.02370528032914304,-2.9631442840599553e-09,3.3468183444419995e-09,-6.309962628501955e-09,0.5309497311071592,-0.7082819697657247,1.1319676510588672,19.2,0.0,19.2,5158.100000000001,1.1261846114641334,9.5999999952,12.0,19.2,1.7759077666883818,3.571428558673469,0.0,7.981758230330697e-05,0.0,7.995715028941428e-08,-0.0004999999999999449,4.999875004158113e-05,0.0,-1,0.0,9.999999999998899e-05,9.999999999998899e-05,0.0006999999999999229,1.2222989792140856e-08,24990.129831089296,0.0,False,0.7886953611014746,0.11688311688311688,0.0005999999999999339,6.45e-06,1.00057656,1.00101772,-0.0004411600000000515,121030737.5,-2.645601931337829e-06,1.8209,6.45e-06,1,1,False,1.2661220257755776,0.5698370122100404,35,42,5,2,0,9,2,False,0,1357106594
1779860556000,1779860557042,9,78,True,0.99995,0.99995,0.99995,0.99995,0.0,0.0,0.0,0,0,0,0.9999,1.0,9.999999999998899e-05,0.99995,0.9999855011989608,1.0000504133530213,72182.1,248712.5,653250.4,156230.4,316513.3,573583.0,653250.4,573583.0,0.06493742345130152,0.0,-0.02014797638471067,-2.961304833192469e-09,3.358362799474055e-09,-6.319667632666524e-09,0.5324687117256505,-0.7100239808152911,1.1388942838264016,0.0,0.0,0.0,5158.100000000001,1.0892605258423584,0.0,0.0,0.0,0.0,0.0,-5.000125004166272e-05,8.059685288540507e-05,0.0,7.995715028941428e-08,-0.0004999999999998339,-5.000125004166272e-05,50001.250041662715,-1,0.0,0.0,9.999999999998899e-05,-0.0005999999999999339,1.2222989792140856e-08,24990.129831219507,0.0,False,0.7886953611014746,0.1282051282051282,-0.0005999999999999339,6.45e-06,1.00057656,1.00101772,-0.0004411600000000515,121030737.5,-2.645601931337829e-06,1.8209,6.45e-06,1,0,False,1.2746179587557918,0.5984326872428867,36,42,5,2,0,9,0,False,0,2495560337
1779860557000,1779860558034,9,79,True,0.9999,0.9999,0.9998,0.9998,1560.1,0.0,1560.1,3,0,3,0.9997,0.9998,9.999999999998899e-05,0.99975,0.9997856114710513,0.999915195113366,43638.1,224487.1,645978.0,168074.7,324001.4,597755.8,645978.0,597755.8,0.03877212310222647,-0.9999999999993591,-0.05723169793171974,-2.7853474423329085e-09,3.297420982104911e-09,-6.08276842443782e-09,0.5193860615511129,-0.7122294220313804,1.0806720737799598,0.0,1560.1,-1560.1,3598.0000000000014,1.1519077217163796,520.0333331599888,1391.1,-1560.1,2.604375281837271,3.683241238735759,-0.00015001875262535098,8.658097451897641e-05,6.006513025897657e-05,8.496077357401723e-08,-0.0006499999999998174,-0.00010001750258368826,9.615970298394644e-08,-1,-0.9999900000999989,9.999999999998899e-05,9.999999999998899e-05,-0.0004999999999999449,-5.017631835444123e-09,29992.379273263585,0.0,False,0.7910033640739725,0.13924050632911392,-0.0005999999999999339,6.45e-06,1.00057656,1.00101772,-0.0004411600000000515,121030737.5,-2.645601931337829e-06,1.8209,6.45e-06,1,0,False,1.3015008008237599,0.6096436345260744,37,42,5,2,0,9,3,False,0,1266854267
1779860558000,1779860559005,9,80,True,0.9998,0.9998,0.9996,0.9996,462.3,244.1,218.2,3,1,2,0.9996,0.9997,9.999999999998899e-05,0.99965,0.9996159168397681,0.999782076192167,59156.9,257721.2,676889.1,122717.4,294718.2,559560.0,676889.1,559560.0,0.094891977356771,0.05602422669250266,0.05069093983219532,-2.662950196938365e-09,3.32972089325334e-09,-5.992671090191705e-09,0.5474459886783851,0.681663203013323,1.209680999356635,244.1,218.2,25.900000000000006,3623.9000000000015,1.2125009111683016,154.09999994863333,244.1,25.89999999999999,2.474224942754999,2.424242418365473,-0.00020006001867262462,9.681210857951629e-05,0.00012014828576496947,1.149735280254888e-07,-0.0006999999999999229,-5.004126604727364e-05,4.32749337383067e-07,-1,-0.999995000025,9.999999999998899e-05,9.999999999998899e-05,9.999999999998899e-05,-4.3735579920280424e-09,29992.379273267783,0.0,False,0.7910033640739725,0.15,0.0,6.45e-06,1.00057656,1.00101772,-0.0004411600000000515,121030737.5,-2.5844607579764162e-06,1.8209,6.45e-06,2,0,False,1.284558390524451,0.6131163028496658,38,42,5,2,0,9,3,False,0,657970565
1779860559000,1779860560042,9,81,True,0.9996,0.9996,0.9996,0.9996,6716.599999999999,6706.9,9.7,2,1,1,0.9996,0.9997,9.999999999998899e-05,0.99965,0.999621172710247,0.999767013981275,61437.2,268836.6,695497.3,110664.2,277285.6,543153.5,695497.3,543153.5,0.12299172615881726,0.9971116338622223,0.08305419607444617,-2.5797189862274403e-09,3.397610762279257e-09,-5.977329748506697e-09,0.5614958630794082,0.5765457935390147,1.2804801957457674,6706.9,9.7,6697.2,10321.100000000002,1.2383205534250785,3358.2999983208497,6706.9,6697.2,1.6150906910598364,2.4813895720064774,0.0,9.681210857951629e-05,0.0,1.149735280254888e-07,-0.0004999999999999449,0.00020006001867262462,0.0,-1,0.0,9.999999999998899e-05,9.999999999998899e-05,9.999999999998899e-05,4.417168378578563e-09,29992.379273267776,0.0,False,0.7838191143706346,0.024691358024691357,0.0,6.45e-06,1.00057656,1.00101772,-0.0004411600000000515,121030850.1,-1.6541209838859032e-06,1.8209,6.45e-06,2,1,False,0.7452162054665633,0.599684315487713,39,42,5,2,0,9,2,False,0,4283547046
1779860560000,1779860561026,9,82,True,0.99965,0.99965,0.99965,0.99965,0.0,0.0,0.0,0,0,0,0.9996,0.9997,9.999999999998899e-05,0.99965,0.999657519741872,0.9997732695493816,54735.2,260407.2,685814.7,116007.90000000001,280747.6,546616.1,685814.7,546616.1,0.11294638206055861,0.0,0.03752170207695905,-2.586800131459392e-09,3.402650986409859e-09,-5.989451117869251e-09,0.5564731910302789,-0.15039483981121798,1.2546551409663906,0.0,0.0,0.0,10321.100000000002,1.197719879542289,0.0,0.0,0.0,0.0,0.0,5.001875704425249e-05,9.745603198583784e-05,0.0,1.149735280254888e-07,-0.00034999999999996145,5.001875704425249e-05,50018.75704425249,-1,0.0,0.0,9.999999999998899e-05,0.00019999999999997797,4.417168378578563e-09,29992.379273268154,0.0,False,0.7838191143706346,0.024390243902439025,0.00019999999999997797,6.45e-06,1.00057656,1.00101772,-0.0004411600000000515,121030850.1,-1.6541209838859032e-06,1.8209,6.45e-06,2,1,False,1.1949092224250837,0.5894855524807385,40,42,5,2,0,9,0,False,0,103360760
1779860561000,1779860562046,9,83,True,0.99965,0.99965,0.99965,0.99965,0.0,0.0,0.0,0,0,0,0.9996,0.9997,9.999999999998899e-05,0.99965,0.9996543819325362,0.9997875722402508,54552.9,259202.4,678758.4,128291.8,289222.2,552929.2,678758.4,552929.2,0.1021599957651599,0.0,0.03524092660198614,-2.6177103053029616e-09,3.4394911615448085e-09,-6.05720146684777e-09,0.5510799978825796,-0.08763865294293023,1.2275683758426916,0.0,0.0,0.0,10321.100000000002,1.1584503752950008,0.0,0.0,0.0,0.0,0.0,0.0,9.150878912230903e-05,0.0,1.0748214555785812e-07,-0.0003999999999998449,-5.001875704425249e-05,0.0,-1,0.0,0.0,9.999999999998899e-05,0.0,4.417168378578563e-09,22496.314693125365,0.0,False,0.7838191143706346,0.024096385542168676,0.0,6.45e-06,1.00057656,1.00101772,-0.0004411600000000515,121030850.1,-1.6541209838859032e-06,1.8209,6.45e-06,2,0,False,1.1778507463759114,0.5856825161864355,41,42,5,2,0,9,0,False,0,3076644726
1779860562000,1779860563073,9,84,True,0.9996,0.9996,0.9996,0.9996,49.9,0.0,49.9,1,0,1,0.9995,0.9996,9.999999999998899e-05,0.99955,0.9995911836239133,0.9996624276571181,57410.9,241873.30000000002,666647.4,147602.4,331881.8,588713.2,666647.4,588713.2,0.06208112633135054,-0.99999999997996,-0.04014506728444363,-2.53872141265544e-09,3.2078731142855864e-09,-5.746594526941026e-09,0.5310405631656748,-0.8236724798022952,1.1323805887145029,0.0,49.9,-49.9,10271.200000000003,1.1532552810230337,49.899999950099996,49.9,-49.9,0.8671107044450781,1.0,-5.0018757044269586e-05,9.151015458969861e-05,0.0,1.0498526762958508e-07,-0.0004999999999999449,-5.0018757044269586e-05,1.0023799006666777e-06,-1,0.0,9.999999999998899e-05,9.999999999998899e-05,-9.999999999998899e-05,4.538478046093242e-09,24997.252545329866,0.0,False,0.7838191143706346,0.023809523809523808,-0.00019999999999997797,6.45e-06,1.00057656,1.00101772,-0.0004411600000000515,121030850.1,-1.6541209838859032e-06,1.8209,6.45e-06,2,0,False,1.1137685003880538,0.577924175493898,42,42,5,2,0,9,1,False,0,3558029866
1779860563000,1779860564038,9,85,True,0.9996,0.9996,0.9996,0.9996,326.0,150.0,176.0,2,1,1,0.9995,0.9996,9.999999999998899e-05,0.99955,0.9995920785897974,0.9996847268097805,51854.7,236896.0,658251.2000000001,164944.8,338684.89999999997,594020.1,658251.2000000001,594020.1,0.05129168096402117,-0.07975460122674922,-0.054225195801055226,-2.56184145823336e-09,3.2174563106987125e-09,-5.779297768932073e-09,0.5256458404820102,-0.8415717972314101,1.108129506055433,150.0,176.0,-26.0,10245.200000000003,1.1810174029567047,162.99999991849998,176.0,-26.0,1.6934551457916691,1.6233766207412719,0.0,9.082546171980963e-05,0.0,1.0498526762958508e-07,-0.0004499999999998394,5.0018757044269586e-05,0.0,-1,0.0,9.999999999998899e-05,9.999999999998899e-05,0.00029999999999996696,4.628805538116923e-09,22498.814068861662,0.0,False,0.7838191143706346,0.023529411764705882,0.00019999999999997797,6.45e-06,1.00057656,1.00101772,-0.0004411600000000515,121030850.1,-1.0278265523293132e-05,1.8209,6.45e-06,2,1,False,1.106040881170314,0.5739967402459559,43,42,5,2,0,9,2,False,0,3354655355
1779860564000,1779860565045,9,86,True,0.9996,0.9996,0.9995,0.9996,134.4,127.8,6.6,3,2,1,0.9995,0.9996,9.999999999998899e-05,0.99955,0.9995918298335191,0.9996929709290804,50002.2,235045.3,656406.6,166544.2,340798.3,594395.2,656406.6,594395.2,0.04957731912442082,0.9017857142790047,-0.05544054041765147,-2.566433704170776e-09,3.213113897158858e-09,-5.779547601329634e-09,0.5247886595622101,-0.836596671648165,1.104326885546853,127.8,6.6,121.2,10366.400000000003,1.2406561766302553,44.79999998506667,121.7,121.2,2.4180752525088947,2.0120724305592104,0.0,9.082546171980961e-05,6.008315791050978e-05,1.0498526762958508e-07,-0.00039999999999995595,0.0,0.0,-1,0.0,9.999999999998899e-05,9.999999999998899e-05,-0.00029999999999996696,4.036872469016995e-09,22498.814068861666,0.0,False,0.7838191143706346,0.023255813953488372,-0.00039999999999995595,6.45e-06,1.00057656,1.00101772,-0.0004411600000000515,121026866.5,-4.319184955748064e-05,1.8209,6.45e-06,2,0,False,0.9555541026614776,0.57702366909548,44,42,5,2,0,8,3,False,0,1421806561
1779860565000,1779860566042,9,87,True,0.9995,0.9995,0.9995,0.9995,500.2,0.0,500.2,1,0,1,0.9995,0.9996,9.999999999998899e-05,0.99955,0.9995947529576666,0.9997023784204914,47537.5,231913.30000000002,654455.8,174958.9,349630.3,603993.9,654455.8,603993.9,0.040098464006944404,-0.9999999999980008,-0.06568632739458982,-2.567273059200665e-09,3.1757983621516e-09,-5.743071421352265e-09,0.5200492320034718,-0.8950591546358931,1.0835470358227108,0.0,500.2,-500.2,9866.200000000003,1.2327658101833616,500.19999949979996,500.2,-500.2,0.8111840796753407,1.0,-0.00010004502034254631,9.083096579435483e-05,0.0,9.999038868021399e-08,-0.0004999999999999449,-0.00010004502034254631,2.000100366700246e-07,-1,0.0,9.999999999998899e-05,9.999999999998899e-05,0.0008999999999999009,5.098557932273593e-09,22498.814068869277,0.0,False,0.7838191143706346,0.022988505747126436,0.0007999999999999119,6.45e-06,1.00057656,1.00101772,-0.0004411600000000515,121026866.5,-4.319184955748064e-05,1.8209,6.45e-06,2,0,False,0.9872742264832126,0.5770319166979708,45,42,5,2,0,10,1,False,0,3660766645
1779860566000,1779860566999,9,88,True,0.9996,0.9996,0.9991,0.9991,40328.1,141.7,40186.4,7,2,5,0.9995,0.9996,9.999999999998899e-05,0.99955,0.9995946968255083,0.9997005894766002,48081.9,232357.7,655025.2,173267.0,347938.4,602293.8,655025.2,602293.8,0.04193955551455109,-0.9929726419047517,-0.06422875778203385,-2.566167475378316e-09,3.1809715224379322e-09,-5.747138997816248e-09,0.5209697777572752,-0.8939365114768137,1.087550959349073,141.7,40186.4,-40044.700000000004,-30178.5,1.4218554557511203,5761.15714203412,22029.4,-40044.700000000004,4.923144590234723,7.27272721983471,-0.0004002802014818613,0.0001270298980454802,0.00030047591780724646,1.4003642958018535e-07,-0.0008500000000000174,-0.00030023518113931496,9.925590381938436e-09,-1,-0.999998000004,0.0009000000000001229,9.999999999998899e-05,0.0017000000000000348,4.798671552138391e-09,22498.81406889623,0.0,False,0.8140748750223268,0.6363636363636364,0.0007999999999999119,6.45e-06,1.00057656,1.00101772,-0.0004411600000000515,121026866.5,-4.319184955748064e-05,1.8209,6.45e-06,2,0,False,0.3646529213456936,0.5917411196079824,46,42,5,2,0,6,7,False,0,599978446
1779860567000,1779860567993,9,89,True,0.999,0.9996,0.9989,0.9996,13134.4,12144.3,990.1,11,8,3,0.9995,0.9996,9.999999999998899e-05,0.99955,0.9995065997031162,0.9995486688642392,93883.8,218840.6,578836.6,81763.2,215413.2,495165.2,578836.6,495165.2,0.07790620090208404,0.8492355950785075,0.1020377383830178,-3.1727500617719533e-09,3.6142583588648427e-09,-6.787008420636796e-09,0.5389531004510416,0.8680059353954037,1.1689767374605462,12144.3,990.1,11154.199999999999,-19024.300000000003,1.7358929817920672,1194.0363635278147,3239.2,11154.199999999999,6.3367961671849375,10.288065737777101,0.0005003252218245288,0.00016927156104063463,0.00042070839156075756,3.4030671017856464e-07,-0.00019999999999997797,0.0009006054233063901,3.8092735246717835e-08,-1,0.8571416326548331,9.999999999998899e-05,9.999999999998899e-05,-0.0004999999999999449,7.457733827822156e-09,22498.81406889685,0.0,False,0.8094290689032846,0.6292134831460674,-0.0005999999999999339,6.45e-06,1.00057656,1.00101772,-0.0004411600000000515,121026866.5,-4.319184955748064e-05,1.8209,6.45e-06,2,1,False,0.9271495009106616,0.579199330175603,47,42,5,2,0,11,11,False,0,3587889633
1779860568000,1779860569030,9,90,True,0.9997,0.9997,0.9997,0.9997,262.8,10.7,252.1,2,1,1,0.9997,0.9998,9.999999999998899e-05,0.99975,0.9997049511146943,0.9997663693093053,101958.7,242111.5,594818.2,90918.09999999999,220371.2,501329.5,594818.2,501329.5,0.08528841505574465,-0.9185692541821973,0.11595096846201063,-3.283595567178928e-09,3.56658744953179e-09,-6.850183016710718e-09,0.5426442075278719,0.9009777045334986,1.1864815455703261,10.7,252.1,-241.4,-19265.700000000004,1.744552228290688,131.3999999343,252.1,-241.4,1.1464259805011248,1.6891891863358293,0.00010003501233780469,0.0001674188007161134,0.0,3.6037399209500445e-07,9.999999999998899e-05,-0.00040029020948672417,3.8065073187756485e-07,-1,0.0,9.999999999998899e-05,9.999999999998899e-05,0.00029999999999996696,7.775708957359567e-09,15001.625500564336,0.0,False,0.8094290689032846,0.6333333333333333,0.00019999999999997797,6.45e-06,1.00057656,1.00101772,-0.0004411600000000515,121026866.5,-9.758068682385378e-06,1.8209,6.45e-06,2,0,False,0.955063052789864,0.5850326896947048,48,42,5,2,0,10,2,False,0,4192116465
1779860569000,1779860570099,9,91,True,0.9997,0.9997,0.9995,0.9997,30010.600000000002,10.6,30000.0,4,1,3,0.9997,0.9998,9.999999999998899e-05,0.99975,0.9997548742795849,0.9998040738931395,82621.2,236542.6,590384.3,121684.6,249033.6,531302.3,590384.3,531302.3,0.05267246662302995,-0.9992935829339966,0.003404022575386584,-3.1888831657810436e-09,3.494544695985417e-09,-6.683427861766461e-09,0.5263362333115146,-0.0974855939590747,1.1112022289382124,10.6,30000.0,-29989.4,-49255.100000000006,1.8185013355598458,7502.649998124338,16047.2,-29989.4,2.199613450692871,26.315788781163455,0.0,0.00016133770352884887,0.00012016030540143835,3.40378990961928e-07,9.999999999998899e-05,-0.00010003501233780469,0.0,-1,0.0,9.999999999998899e-05,9.999999999998899e-05,0.00029999999999996696,7.702052089490555e-09,15001.625500538566,0.0,False,0.810356352950087,0.6263736263736264,0.00019999999999997797,6.45e-06,0.9997,0.99990541,-0.00020540999999996146,121026668.9,-1.1390748082538797e-05,1.8209,6.45e-06,2,0,False,0.565411637041468,0.5850326896947048,49,42,5,2,0,10,4,False,0,4100721823
1779860570000,1779860571059,9,92,True,0.9998,0.9999,0.9998,0.9999,2351.7,2351.7,0.0,2,2,0,0.9999,1.0,9.999999999998899e-05,0.99995,0.9999826292137962,1.000025659689866,78018.8,242440.4,583793.0,128972.4,260466.5,557882.0,583793.0,557882.0,0.022695600762038214,0.9999999999995748,-0.03200111959371199,-3.3565485813367117e-09,3.5024186462135977e-09,-6.858967227550309e-09,0.5113478003810187,-0.6525842809446865,1.0464453056381078,2351.7,0.0,2351.7,-46903.40000000001,1.8244521114431296,1175.8499994120748,2341.0,2351.7,1.0962195096048828,26.315788781163455,0.0002000400086686979,0.00016592379223242306,6.006513025897657e-05,3.3537936593485756e-07,0.00024999999999997247,0.0002000400086686979,8.506187382260188e-08,-1,0.9999900000999989,9.999999999998899e-05,9.999999999998899e-05,9.999999999998899e-05,8.246030115311703e-09,15001.625500529995,0.0,False,0.810356352950087,0.6195652173913043,0.0,6.45e-06,0.9997,0.99990541,-0.00020540999999996146,121026668.9,-1.1390748082538797e-05,1.8209,6.45e-06,2,1,False,1.0572002280663453,0.5933592599874782,50,42,5,2,0,9,2,False,0,439344060
1779860571000,1779860572024,9,93,True,1.0,1.0,1.0,1.0,191.0,191.0,0.0,1,1,0,0.9999,1.0,9.999999999998899e-05,0.99995,0.9999800222910595,1.0000346356480274,76297.7,241033.2,582377.9,135299.9,262766.5,558593.7000000001,582377.9,558593.7000000001,0.020845567058811923,0.9999999999947644,-0.034230873928213,-3.353609029677543e-09,3.524196075429091e-09,-6.877805105106634e-09,0.5104227835294055,-0.6004458243769445,1.042578711503547,191.0,0.0,191.0,-46712.40000000001,1.7974208946745023,190.99999980899997,191.0,191.0,0.5563527176113855,1.0,0.00010000500033327544,0.0001670501753458683,0.0,3.5288461704708565e-07,0.00034999999999996145,-0.00010003500833542247,5.235863891767113e-07,1,0.0,9.999999999998899e-05,9.999999999998899e-05,0.00029999999999996696,8.670298591416592e-09,15001.62550038061,0.0,False,0.810356352950087,0.6129032258064516,0.00019999999999997797,6.45e-06,0.9997,0.99990541,-0.00020540999999996146,121026668.9,-1.1390748082538797e-05,1.8209,6.45e-06,2,1,False,1.0604482799832664,0.5987876746978958,51,42,5,2,0,9,1,False,0,4247569992
1779860572000,1779860573003,9,94,True,0.9999,0.9999,0.9998,0.9998,1452.3,0.0,1452.3,3,0,3,0.9998,0.9999,9.999999999998899e-05,0.99985,0.9998463699972595,0.9999326990318465,78054.1,253505.4,619398.6,116422.3,238431.9,521254.1,619398.6,521254.1,0.08604240361680635,-0.9999999999993114,0.04710573059919175,-3.1818876737774284e-09,3.6156461886806877e-09,-6.797533862458116e-09,0.5430212018084027,0.0726000530990063,1.1882853295542402,0.0,1452.3,-1452.3,-48164.70000000001,1.8368497177999283,484.0999998386333,1265.0,-1452.3,1.6332310527613518,3.0075187879473115,-0.0002000200026670447,0.0001725722454633701,6.006513025897657e-05,3.7038799243722765e-07,0.00019999999999997797,-0.00030002500300032014,1.377263669124196e-07,1,-0.9999900000999989,9.999999999998899e-05,9.999999999998899e-05,9.999999999998899e-05,8.153733234732474e-09,12501.812985843906,0.0,False,0.810356352950087,0.6063829787234043,0.0,6.45e-06,0.9997,0.99990541,-0.00020540999999996146,121026668.9,-1.1390748082538797e-05,1.8209,6.45e-06,2,1,False,1.0625422621600749,0.5794399971796859,52,42,5,2,0,9,3,False,0,4136407390
1779860573000,1779860574016,9,95,True,0.9999,0.9999,0.9999,0.9999,30.0,30.0,0.0,1,1,0,0.9998,0.9999,9.999999999998899e-05,0.99985,0.9998514792358486,0.9999221493821134,75394.0,249828.7,622731.2,105153.7,226374.4,514523.3,622731.2,514523.3,0.09514835949209247,0.9999999999666667,0.0519000493894504,-3.1743473914268643e-09,3.63044329830829e-09,-6.804790689735154e-09,0.5475741797460458,-0.029584718492538853,1.2103070939644498,30.0,0.0,30.0,-48134.70000000001,1.8094120221343568,29.999999969999998,30.0,30.0,0.5526657208056728,1.0,0.0001000150023337974,0.00017365583401285226,0.0,3.8789324344942417e-07,0.00029999999999996696,0.0003000350050008421,3.3338334110154523e-06,1,0.0,9.999999999998899e-05,9.999999999998899e-05,0.00029999999999996696,8.458539125685151e-09,12501.812985833576,0.0,False,0.810356352950087,0.6,0.00019999999999997797,6.45e-06,0.9997,0.99990541,-0.00020540999999996146,121026668.9,-1.1390748082538797e-05,1.8209,6.45e-06,2,2,False,1.048250590285789,0.588893547352909,53,42,5,2,0,9,1,False,0,1387027313
1779860574000,1779860574994,9,96,True,0.99985,0.99985,0.99985,0.99985,0.0,0.0,0.0,0,0,0,0.9998,0.9999,9.999999999998899e-05,0.99985,0.9998512474365688,0.9999221054193387,75455.9,249900.9,625803.1,105152.29999999999,229312.1,517461.0,625803.1,517461.0,0.09476559265702464,0.0,0.05413269334401356,-3.160493121705387e-09,3.6042703144806003e-09,-6.764763436185987e-09,0.5473827963285118,-0.02494873288889035,1.2093724937724752,0.0,0.0,0.0,-48134.70000000001,1.7500870378020827,0.0,0.0,0.0,0.0,0.0,-5.000625079172679e-05,0.00017365594200120403,0.0,3.928946187390632e-07,0.00024999999999997247,-0.0001500212531255242,50006.25079172679,1,0.0,0.0,9.999999999998899e-05,-0.00019999999999997797,8.458539125685151e-09,10001.875483837863,0.0,False,0.810356352950087,0.59375,-0.00019999999999997797,6.45e-06,0.9997,0.99990541,-0.00020540999999996146,121005458.7,-0.00018664103459156456,1.8209,6.45e-06,2,1,False,1.0543122667639524,0.5851156269684477,54,42,5,2,0,8,0,False,0,2532402821
1779860575000,1779860576026,9,97,True,0.9999,0.9999,0.9999,0.9999,489.3,489.3,0.0,1,1,0,0.9998,0.9999,9.999999999998899e-05,0.99985,0.9998535861327305,0.9999192115194234,75444.9,249732.0,625315.1,103098.5,227639.69999999998,515556.0,625315.1,515556.0,0.09620639877721496,0.9999999999979563,0.056434997345403935,-3.1647811614221796e-09,3.6105258066765456e-09,-6.7753069680987256e-09,0.548103199388607,-0.07172265605283322,1.2128946225046333,489.3,0.0,489.3,-47645.40000000001,1.7254940201692275,489.2999995107,489.3,489.3,0.5795441698038345,1.0,5.000625079175942e-05,0.00017401556668366754,0.0,3.9539524385730995e-07,0.00039999999999995595,0.00010001250158348622,1.0219957243338896e-07,1,0.0,9.999999999998899e-05,9.999999999998899e-05,-0.0002999999999997449,8.419111394807216e-09,12502.188023425831,0.0,False,0.810356352950087,0.5876288659793815,-0.0003999999999997339,6.45e-06,0.9997,0.99990541,-0.00020540999999996146,121005458.7,-0.00018664103459156456,1.8209,6.45e-06,2,2,False,1.048250590285789,0.5826323741011404,55,42,5,2,0,8,1,False,0,3887039966
1779860576000,1779860577100,9,98,True,0.9998,0.9998,0.9998,0.9998,226.0,0.0,226.0,2,0,2,0.9998,0.9999,9.999999999998899e-05,0.99985,0.9998545117545916,0.9999168970525945,76591.7,250883.9,626472.9,102607.59999999999,227346.19999999998,515162.5,626472.9,515162.5,0.09750083082567336,-0.9999999999955753,0.06054355709963516,-3.1632398148333566e-09,3.6114944326992504e-09,-6.774734247532607e-09,0.5487504154128363,-0.09023509329738015,1.2160685220682772,0.0,226.0,-226.0,-47871.40000000001,1.7344942162292527,112.9999999435,176.4,-226.0,1.1530738933191005,2.314814809456447,-0.00010001500233373653,0.00017509015172916602,0.0,3.928954939859906e-07,0.0007000000000000339,-0.00015002125312549595,4.425442581119203e-07,1,0.0,9.999999999998899e-05,9.999999999998899e-05,0.000700000000000145,7.268353444560597e-09,12502.188023305842,0.0,False,0.810356352950087,0.5816326530612245,0.000600000000000156,6.45e-06,0.9997,0.99990541,-0.00020540999999996146,121005458.7,-0.00018664103459156456,1.8209,6.45e-06,2,1,False,1.0422619814464729,0.5780998835105385,56,42,5,2,0,8,2,False,0,2369280696
1779860577000,1779860578139,9,99,True,0.9999,0.9999,0.9999,0.9999,222.0,222.0,0.0,1,1,0,0.9998,0.9999,9.999999999998899e-05,0.99985,0.9998478178654329,0.999913289921184,76879.8,250922.0,626541.0,99061.8,225924.3,509910.8,626541.0,509910.8,0.10262661381679355,0.9999999999954955,0.07086053420872981,-3.163141842091718e-09,3.6276089864972846e-09,-6.7907508285890025e-09,0.5513133069083963,0.04364268966038511,1.2287266714099776,222.0,0.0,222.0,-47649.40000000001,1.7104124386479658,221.999999778,222.0,222.0,0.584654307241719,1.0,0.0001000150023337974,0.0001732957874853585,0.0,3.7288574022634245e-07,0.00029999999999996696,0.00020003000466753393,4.505180285285896e-07,1,0.0,9.999999999998899e-05,9.999999999998899e-05,-0.0006999999999997009,8.857884377309485e-09,5001.250392060421,0.0,False,0.810356352950087,0.5757575757575758,-0.0007999999999996898,6.45e-06,0.9997,0.99990541,-0.00020540999999996146,121005458.7,-0.00018664103459156456,1.8209,6.45e-06,2,2,False,1.0422619814464729,0.6091101456701601,57,42,5,2,0,7,1,False,0,1343923489
1779860578000,1779860579020,9,100,True,0.9998,0.9998,0.9998,0.9998,2155.9,0.0,2155.9,1,0,1,0.9997,0.9998,9.999999999998899e-05,0.99975,0.999766861752522,0.9997883802517904,75753.1,220946.3,630912.2,109238.0,244206.4,511123.89999999997,630912.2,511123.89999999997,0.10489011687108657,-0.9999999999995361,0.01734165462905021,-3.0389464222623898e-09,3.6676128245709265e-09,-6.706559246833316e-09,0.5524450584355429,-0.3372350521986417,1.2343625488849157,0.0,2155.9,-2155.9,-49805.30000000001,1.6871202275447539,2155.8999978440997,2155.9,-2155.9,0.5927259854281767,1.0,-0.00010001500233373653,0.00016890938233620078,0.0,3.828887409181658e-07,9.999999999998899e-05,-0.00020003000466753393,4.639129938016148e-08,1,0.0,9.999999999998899e-05,9.999999999998899e-05,0.0008999999999996788,9.299737349330719e-09,5001.250392076536,0.0,False,0.810356352950087,0.57,0.0007999999999996898,6.45e-06,0.9997,0.99990541,-0.00020540999999996146,121005458.7,-0.00018444855893951856,1.8209,6.45e-06,2,1,False,1.0877431505314212,0.6047668137581049,58,42,5,2,0,8,1,False,0,3051543337
1779860579000,1779860580016,9,101,True,0.9997,0.9997,0.9997,0.9997,105.19999999999999,0.0,105.19999999999999,2,0,2,0.9997,0.9998,9.999999999998899e-05,0.99975,0.9997659865439685,0.9997991821505665,77124.8,226831.3,630666.5,117055.2,251591.4,513491.0,630666.5,513491.0,0.10241203680437344,-0.9999999999904943,0.015346042849060406,-3.0393114683156428e-09,3.665713228916402e-09,-6.705024697232044e-09,0.5512060184021863,-0.31973088106022046,1.2281938729208473,0.0,105.19999999999999,-105.19999999999999,-49910.50000000001,1.697378580740008,52.599999973699994,93.1,-105.19999999999999,1.1782875202477048,2.386634839172709,-0.00010002500633493674,0.000170383771339327,0.0,3.928927421601866e-07,0.0,-1.0004001200217749e-08,9.508080449998664e-07,-1,0.0,9.999999999998899e-05,9.999999999998899e-05,0.0014999999999996128,9.2798634045227e-09,5001.250392078855,0.0,False,0.810356352950087,0.5643564356435643,0.0013999999999996238,6.45e-06,0.9997,0.99990541,-0.00020540999999996146,121007761.3,-0.00016542317518018055,1.8209,6.45e-06,2,0,False,1.0814782676714148,0.5895096506369953,59,42,5,2,0,9,2,False,0,2580106335
1779860580000,1779860581072,9,102,True,0.9998,1.0,0.9998,1.0,7825.8,7825.8,0.0,4,4,0,1.0,1.0001,9.999999999998899e-05,1.0000499999999999,1.0000054716479194,1.0000236909457163,102678.2,273215.8,560815.1,62400.899999999994,206660.6,526064.7,560815.1,526064.7,0.031972624755745756,0.9999999999998722,0.11382413158771207,-3.469435975260607e-09,3.4799142013593513e-09,-6.949350176619958e-09,0.5159863123778725,0.8905670398957507,1.0660572739436782,7825.8,0.0,7825.8,-42084.700000000004,1.7728743649780405,1956.4499995108874,5525.3,7825.8,2.2562230447690648,4.823151102139143,0.0003000450090019606,0.0001827755073973228,0.00012012425370444321,4.229047460863738e-07,9.999999999998899e-05,0.00040007001533689737,3.8340490301556675e-08,1,0.999995000025,9.999999999976694e-05,9.999999999998899e-05,-0.0008999999999996788,7.96379578978901e-09,5001.250392221088,0.0,False,0.7977534789901094,0.4215686274509804,-0.0009999999999994458,6.45e-06,0.9997,0.99990541,-0.00020540999999996146,121007761.3,-0.00016542317518018055,1.8209,6.45e-06,2,2,False,1.1203542273075464,0.5947435123912828,0,43,5,2,0,9,4,False,0,1080185408
1779860581000,1779860581993,9,103,True,1.0001,1.0001,1.0001,1.0001,644.0,644.0,0.0,1,1,0,1.0001,1.0002,9.999999999998899e-05,1.00015,1.0001002877907998,1.0001689609154054,103411.7,265140.4,536547.1,92013.2,227072.9,550128.3,536547.1,550128.3,-0.012497936366278339,0.9999999999984472,0.05273078470194707,-3.5070051019406145e-09,3.3862145556325204e-09,-6.893219657573135e-09,0.4937510318168605,0.9942441824577963,0.9753126679721783,644.0,0.0,644.0,-41440.700000000004,1.7475342218640064,643.999999356,644.0,644.0,0.5722348592184453,1.0,9.999500033329732e-05,0.00018413808978299845,0.0,4.5290774686152915e-07,9.999999999998899e-05,-0.0002000500086686633,1.552717396477361e-07,1,0.0,0.00010000000000021103,9.999999999998899e-05,-0.0006999999999997009,7.827120802038527e-09,5001.250392221727,0.0,False,0.7977534789901094,0.42718446601941745,-0.0007999999999999119,6.45e-06,0.9997,0.99990541,-0.00020540999999996146,121007761.3,-0.00016542317518018055,1.8209,6.45e-06,2,1,False,1.1644966266481789,0.6000280527877858,1,43,5,2,0,9,1,False,0,1384152198
1779860582000,1779860583071,9,104,True,1.0001,1.0003,1.0001,1.0003,80.1,61.9,18.2,4,2,2,1.0002,1.0003,9.999999999998899e-05,1.0002499999999999,1.000255858913708,1.0003437585079402,69298.6,248950.1,516165.9,127135.2,289512.4,588146.7,516165.9,588146.7,-0.06518154370420103,0.5455680399432514,-0.07191207692621708,-3.523132347193583e-09,3.2170050926403263e-09,-6.740137439833909e-09,0.46740922814789904,-0.11717827626917304,0.8776142074757864,61.9,18.2,43.7,-41397.00000000001,1.8213855588520718,20.02499999499375,37.3,43.7,2.196130291229974,5.6603773264506945,0.00019996000866470036,0.00018915851172859833,0.00012008822363415212,4.729027479946019e-07,0.0004999999999999449,9.996500833140304e-05,2.4963796337353805e-06,1,0.999995000025,0.00010000000000021103,9.999999999998899e-05,-0.0002999999999997449,7.569333311997137e-09,2500.3125400237745,0.0,False,0.7977534789901094,0.4326923076923077,-0.00039999999999995595,6.45e-06,0.9997,0.99990541,-0.00020540999999996146,121007761.3,-0.00016542317518018055,1.8209,6.45e-06,2,2,False,1.1453639274261553,0.6077870323083262,2,43,5,2,0,10,4,False,0,3878449217
1779860583000,1779860584037,9,105,True,1.0002,1.0002,1.0002,1.0002,1782.9,0.0,1782.9,2,0,2,1.0002,1.0003,9.999999999998899e-05,1.0002499999999999,1.0002277028559166,1.0003331473431234,76185.4,255892.69999999998,524770.2,120706.7,275863.39999999997,583707.2,524770.2,583707.2,-0.05316932938822204,-0.9999999999994391,-0.030916854739645845,-3.4939798877945273e-09,3.207260808690883e-09,-6.70124069648541e-09,0.4734153353058886,0.44594287969215735,0.8990298560648199,0.0,1782.9,-1782.9,-43179.90000000001,1.8272417700372496,891.449999554275,1534.0,-1782.9,1.0945459061307923,5.4347825791587905,-9.997500633171563e-05,0.00019047491345037962,0.0,4.928937511269452e-07,0.00029999999999996696,-0.000299935014996416,5.607437676350864e-08,1,0.0,9.999999999976694e-05,9.999999999998899e-05,0.0004999999999997229,7.3320048235001414e-09,2500.312540086181,0.0,False,0.7977534789901094,0.4380952380952381,0.00039999999999995595,6.45e-06,0.9997,0.99990541,-0.00020540999999996146,121007761.3,-0.0001747161114162832,1.8209,6.45e-06,2,1,False,1.1578167715912693,0.5973794181120701,3,43,5,2,0,9,2,False,0,731329203
1779860584000,1779860585093,9,106,True,1.0002,1.0004,1.0002,1.0004,98.1,98.1,0.0,3,3,0,1.0004,1.0005,9.999999999998899e-05,1.0004499999999998,1.0004483139221847,1.0005296807606832,85203.6,248348.30000000002,548177.7,133290.8,269495.9,602854.2,548177.7,602854.2,-0.04750215871514939,0.9999999999898063,-0.05252701093518873,-3.376626372831436e-09,3.193522376416058e-09,-6.570148749247494e-09,0.4762489206424249,0.03372155470233863,0.9093039411519387,98.1,0.0,98.1,-43081.80000000001,1.865692859544225,32.6999999891,77.1,98.1,1.6079817120192528,2.361275082972196,0.0001999400186605361,0.00019565145848428624,0.00012007621841317542,5.128827557584957e-07,0.0005499999999999394,0.00029991502499225175,2.038124553093761e-06,1,0.999995000025,9.999999999976694e-05,9.999999999998899e-05,-9.999999999976694e-05,1.6627150716435295e-08,2500.312540091788,0.0,False,0.7977534789901094,0.44339622641509435,-0.00019999999999953388,6.45e-06,0.9997,0.99990541,-0.00020540999999996146,121008780.2,-0.00016629746148163612,1.8209,6.45e-06,2,2,False,1.1536493292797545,0.6086109366030487,4,43,5,2,0,10,3,False,0,4170987998
1779860585000,1779860586001,9,107,True,1.0004499999999998,1.0004499999999998,1.0004499999999998,1.0004499999999998,0.0,0.0,0.0,0,0,0,1.0004,1.0005,9.999999999998899e-05,1.0004499999999998,1.000480513738295,1.0005616333052194,69204.7,233826.0,535398.0,147402.7,278222.5,611617.7,535398.0,611617.7,-0.06645044178558314,0.0,-0.10735246057190515,-3.3752653462500075e-09,3.181130500579735e-09,-6.556395846829742e-09,0.46677477910720805,-0.6102747685771862,0.8753801598612976,0.0,0.0,0.0,-43081.80000000001,1.8045226018542504,0.0,0.0,0.0,0.0,0.0,4.9978759037734895e-05,0.00019468933386297503,0.0,4.828294688731595e-07,0.0005499999999998284,-0.0001499612596228012,49978.75903773489,1,0.0,0.0,9.999999999998899e-05,-0.00039999999999995595,1.6627150716435295e-08,2500.3125400800427,0.0,False,0.7977534789901094,0.4485981308411215,-0.00039999999999995595,6.45e-06,0.9997,0.99990541,-0.00020540999999996146,121008780.2,-0.00016629746148163612,1.8209,6.45e-06,2,1,False,1.1597652123725395,0.6146800803892579,5,43,5,2,0,8,0,False,0,3856179522
1779860586000,1779860586995,9,108,True,1.0005,1.0005,1.0004,1.0004,131.2,50.0,81.19999999999999,3,1,2,1.0004,1.0005,9.999999999998899e-05,1.0004499999999998,1.0004880990487885,1.0005709362798825,66510.5,230187.5,532567.9,157189.7,287625.2,628086.3,532567.9,628086.3,-0.08229703558562053,-0.2378048780469679,-0.12935721912058687,-3.3813223660381797e-09,3.1203881997946996e-09,-6.501710565832879e-09,0.4588514822071893,-0.7619809776109092,0.8479215356233675,50.0,81.19999999999999,-31.19999999999999,-43113.00000000001,1.8437185821213242,43.73333331875555,61.8,-31.199999999999996,1.6271463700936117,6.211180085644844,-4.997875903774016e-05,0.00017325593367281423,6.002910739103332e-05,2.850570646297324e-07,0.0005999999999999339,-9.995751807547506e-05,3.8093566339450635e-07,1,-0.9999900000999989,9.999999999976694e-05,9.999999999998899e-05,9.999999999976694e-05,1.610799778613457e-08,4999.250491927039,0.0,False,0.7977534789901094,0.4537037037037037,0.0,6.45e-06,0.9997,0.99990541,-0.00020540999999996146,121008780.2,-0.00016629746148163612,1.8209,6.45e-06,2,1,False,1.1416142103849274,0.606411849786236,6,43,5,2,0,9,3,False,0,3289944874
1779860587000,1779860588063,9,109,True,1.0004499999999998,1.0004499999999998,1.0004499999999998,1.0004499999999998,0.0,0.0,0.0,0,0,0,1.0004,1.0005,9.999999999998899e-05,1.0004499999999998,1.0004829965637787,1.0005534281390698,66554.3,237240.0,533608.5,136590.9,265459.7,598911.9,533608.5,598911.9,-0.057662007677742474,0.0,-0.10365559064315163,-3.385130784590041e-09,3.231625967629679e-09,-6.61675675221972e-09,0.4711689961611284,-0.6599312779255947,0.8909632618754094,0.0,0.0,0.0,-43113.00000000001,1.783268792543576,0.0,0.0,0.0,0.0,0.0,4.9978759037734895e-05,0.00013276387306378947,0.0,2.3750490124655297e-07,0.0005499999999998284,9.995751807547506e-05,49978.75903773489,1,0.0,0.0,9.999999999998899e-05,-0.00020000000000042206,1.610799778613457e-08,4999.250491945465,0.0,False,0.7977534789901094,0.45871559633027525,-0.00020000000000042206,6.45e-06,0.9997,0.99990541,-0.00020540999999996146,121008780.2,-0.00016629746148163612,1.8209,6.45e-06,2,2,False,1.1597652123725395,0.6041896348403474,7,43,5,2,0,10,0,False,0,2397605466
1779860588000,1779860589065,9,110,True,1.0005,1.0005,1.0004,1.0004,279.9,99.9,180.0,2,1,1,1.0004,1.0005,9.999999999998899e-05,1.0004499999999998,1.000482197907305,1.0005522435503875,66243.8,237551.3,532177.8,132543.8,262823.5,596275.7,532177.8,596275.7,-0.056801542996676294,-0.2861736334394921,-0.10098934948960328,-3.3615818017953265e-09,3.2304794306679375e-09,-6.592061232463264e-09,0.4715992285016614,-0.6439581484421687,0.8925029143397913,99.9,180.0,-80.1,-43193.100000000006,1.7903747337716553,139.94999993002497,180.0,-80.1,1.117084575176984,1.8939393903523876,-4.997875903774016e-05,0.00013134226137833315,6.002910739103332e-05,2.400027776015052e-07,0.0005999999999999339,-9.995751807547506e-05,1.7855933918385712e-07,1,-0.9999900000999989,9.999999999976694e-05,9.999999999998899e-05,0.000300000000000189,1.3558068358616984e-08,7498.188443832092,0.0,False,0.7977534789901094,0.4636363636363636,0.00020000000000042206,6.45e-06,0.9997,0.99990541,-0.00020540999999996146,121008780.2,-0.00016129698364593346,1.8209,6.45e-06,2,1,False,1.1536493292797545,0.6041898202770675,8,43,5,2,0,9,2,False,0,607353107
1779860589000,1779860590050,9,111,True,1.0004499999999998,1.0004499999999998,1.0004499999999998,1.0004499999999998,0.0,0.0,0.0,0,0,0,1.0004,1.0005,9.999999999998899e-05,1.0004499999999998,1.000483164839011,1.0005484730725462,69286.3,240824.7,535452.1,137118.4,272604.60000000003,606065.7,535452.1,606065.7,-0.06185939457098254,0.0,-0.10537574185101602,-3.346527646662996e-09,3.1883343574393457e-09,-6.534862004102342e-09,0.4690703027145084,-0.6632967824735253,0.8834885392788259,0.0,0.0,0.0,-43193.100000000006,1.7316739228283224,0.0,0.0,0.0,0.0,0.0,4.9978759037734895e-05,0.00013181685568136567,0.0,2.425006539564574e-07,0.0007499999999998064,9.995751807547506e-05,49978.75903773489,1,0.0,0.0,9.999999999998899e-05,-0.00020000000000042206,1.3558068358616984e-08,7498.18844384102,0.0,False,0.7977534789901094,0.46846846846846846,-0.00020000000000042206,6.45e-06,0.9997,0.99990541,-0.00020540999999996146,121008750.6,-0.0001615415545404529,1.8209,6.45e-06,2,2,False,1.1597652123725395,0.6103709792475609,9,43,5,2,0,8,0,False,0,2625529114
1779860590000,1779860591074,9,112,True,1.0004,1.0006,1.0004,1.0006,9794.5,8854.9,939.6,4,2,2,1.0006,1.0007,9.999999999998899e-05,1.0006499999999998,1.0006415688869323,1.000712971316688,80902.7,224849.9,531202.9,114685.0,258679.4,600078.0,531202.9,600078.0,-0.06088240330054182,0.8081372198682109,-0.047819647086411496,-3.3749261903927444e-09,3.1006002121477725e-09,-6.475526402540517e-09,0.46955879834972875,0.16862225853250762,0.8852230876652687,8854.9,939.6,7915.299999999999,-35277.8,1.8060452696208364,2448.6249993878437,6183.9,7915.299999999999,2.2147839066210016,6.315789433795015,0.00014992129160285573,0.00012844727662393926,0.00012005221517097026,2.29988532930521e-07,0.0005999999999999339,9.994253256512083e-05,1.530668146437699e-08,1,0.999995000025,9.999999999976694e-05,9.999999999998899e-05,9.999999999976694e-05,1.4778842370289683e-08,14994.253023983474,0.0,False,0.7484706883089293,0.026785714285714284,0.0,6.45e-06,0.9997,0.99990541,-0.00020540999999996146,121008750.6,-0.0001615415545404529,1.8209,6.45e-06,2,2,False,1.2040442645032663,0.6103703992260742,10,43,5,2,0,9,4,False,0,4096728406
1779860591000,1779860592064,9,113,True,1.0006,1.0007,1.0005,1.0005,5036.9,12.0,5024.9,4,1,3,1.0004,1.0005,9.999999999998899e-05,1.0004499999999998,1.0004629131303044,1.000524749422415,68428.6,223635.6,535770.2,121981.5,256757.0,595547.7,535770.2,595547.7,-0.05283881745352032,-0.995235164485895,-0.08859092138422352,-3.362072384810519e-09,3.268697604624265e-09,-6.630769989434784e-09,0.4735805912732394,-0.2582626075369856,0.8996260081266354,12.0,5024.9,-5012.9,-40290.700000000004,1.877978211600481,1259.2249996851936,4409.9,-5012.9,2.1299501629793163,5.05050502499745,-9.994503031650666e-05,0.00012844494276448656,0.00012004021714827551,2.2496942053147868e-07,0.00039999999999995595,-0.0002498663219193624,1.984256791210602e-08,1,-0.4999975000125,0.00010000000000021103,9.999999999998899e-05,-0.0006999999999997009,1.5395459281123936e-08,14994.253023981853,0.0,False,0.7429221547299111,0.02654867256637168,-0.0007999999999999119,6.45e-06,0.9997,0.99990541,-0.00020540999999996146,121008750.6,-0.0001615415545404529,1.8209,6.45e-06,2,1,False,1.236868452207418,0.6009820189883355,11,43,5,2,0,8,4,False,0,898670546
1779860592000,1779860593019,9,114,True,1.0004,1.0005,1.0004,1.0005,34.4,24.7,9.7,2,1,1,1.0005,1.0006,9.999999999998899e-05,1.00055,1.000576546412595,1.0006573941061703,53122.9,206675.19999999998,509271.6,116020.59999999999,253218.2,590909.3,509271.6,590909.3,-0.07420388774246127,0.4360465116152313,-0.12126115164458677,-3.380512682988375e-09,3.2267273566824874e-09,-6.607240039670862e-09,0.462898056128769,-0.530928257366652,0.8618439411936807,24.7,9.7,15.0,-40275.700000000004,1.8819789259742359,17.1999999914,24.7,15.0,1.0627111554407855,3.0120481836986497,0.0,0.00012040640866841763,6.002910739103332e-05,2.0496441949792805e-07,0.00019999999999997797,9.994503031650666e-05,0.0,1,0.9999900000999989,0.00010000000000021103,9.999999999998899e-05,0.0006999999999997009,1.506846351508528e-08,14994.253023929496,0.0,False,0.7429221547299111,0.03508771929824561,0.0005999999999994898,6.45e-06,0.9997,0.99990541,-0.00020540999999996146,121008750.6,-0.0001615415545404529,1.8209,6.45e-06,2,2,False,1.1887504973213034,0.6009820189883355,12,43,5,2,0,10,2,False,0,2598162318
1779860593000,1779860594080,9,115,True,1.00055,1.00055,1.00055,1.00055,0.0,0.0,0.0,0,0,0,1.0005,1.0006,9.999999999998899e-05,1.00055,1.0005862722471783,1.0006741516663102,51604.6,202958.3,510804.4,129341.3,268404.7,607331.3,510804.4,607331.3,-0.0863284304400619,0.0,-0.13795045535528513,-3.3662041019423465e-09,3.1700554839515157e-09,-6.536259585893862e-09,0.45683578477996856,-0.7254449467327276,0.8410638476890605,0.0,0.0,0.0,-40275.700000000004,1.8202746988931133,0.0,0.0,0.0,0.0,0.0,4.997376378448498e-05,0.00011883779730024406,0.0,1.9996304420828903e-07,0.0003500000000000725,4.997376378448498e-05,49973.76378448498,1,0.0,0.0,9.999999999998899e-05,0.0007999999999999119,1.506846351508528e-08,14994.253023998686,0.0,False,0.7429221547299111,0.043478260869565216,0.0007999999999999119,6.45e-06,0.9997,0.99990541,-0.00020540999999996146,121008750.6,-0.00016154981573586043,1.8209,6.45e-06,2,2,False,1.1417248042267165,0.5990779988178502,13,43,5,2,0,10,0,False,0,3244022846
1779860594000,1779860595016,9,116,True,1.00055,1.00055,1.00055,1.00055,0.0,0.0,0.0,0,0,0,1.0005,1.0006,9.999999999998899e-05,1.00055,1.000586027896872,1.0006806560918946,51629.7,202982.19999999998,522728.8,136831.7,269942.6,608899.2,522728.8,608899.2,-0.07614728515024363,0.0,-0.12953049636527095,-3.3524368230852815e-09,3.179871991134756e-09,-6.532308814220037e-09,0.46192635742487775,-0.7205579405889637,0.8584816665878344,0.0,0.0,0.0,-40275.700000000004,1.7605935612244867,0.0,0.0,0.0,0.0,0.0,0.0,0.00011831056931340344,0.0,1.974624190900423e-07,0.0001500000000000945,-4.997376378448498e-05,0.0,1,0.0,0.0,9.999999999998899e-05,0.0,1.506846351508528e-08,14994.253023915346,0.0,False,0.7429221547299111,0.05172413793103448,0.0,6.45e-06,0.9997,0.99990541,-0.00020540999999996146,121008902.6,-0.0001602939111531384,1.8209,6.45e-06,2,1,False,1.1476136256946714,0.6065754060018586,14,43,5,2,0,7,0,False,0,960168586
1779860595000,1779860596127,9,117,True,1.00055,1.00055,1.00055,1.00055,0.0,0.0,0.0,0,0,0,1.0005,1.0006,9.999999999998899e-05,1.00055,1.0005859287647083,1.0006803214008153,51629.7,202982.19999999998,521477.5,135824.7,268016.4,606997.8,521477.5,606997.8,-0.0757839360772894,0.0,-0.12944347752793978,-3.359580614543058e-09,3.1874124345163223e-09,-6.546993049059381e-09,0.4621080319613549,-0.7185752973408424,0.8591093740372684,0.0,0.0,0.0,-40275.700000000004,1.7028691821679462,0.0,0.0,0.0,0.0,0.0,0.0,0.00011778098129727576,0.0,1.9246104380040308e-07,0.00010000000000021103,0.0,0.0,1,0.0,0.0,9.999999999998899e-05,0.0,1.506846351508528e-08,12493.940484327373,0.0,False,0.7429221547299111,0.05982905982905983,0.0,6.45e-06,0.9997,0.99990541,-0.00020540999999996146,121008902.6,-0.0001602939111531384,1.8209,6.45e-06,2,2,False,1.1476136256946714,0.6037425333559663,15,43,5,2,0,9,0,False,0,2973149866
1779860596000,1779860597093,9,118,True,1.0005,1.0005,1.0003,1.0003,2219.2,75.0,2144.2,5,1,4,1.0001,1.0002,9.999999999998899e-05,1.00015,1.00019538068819,1.0001922680492907,62763.4,223873.0,578904.9,103276.2,261065.5,571710.5,578904.9,571710.5,0.0062526540145386705,-0.9324080749815553,-0.06205649973575923,-3.0430520147239464e-09,3.44305981655208e-09,-6.486111831276027e-09,0.503126327007269,-0.9076137654979809,1.0125839913732544,75.0,2144.2,-2069.2,-42344.9,1.8109718319329315,443.839999911232,888.5,-2069.2,2.7609485189520186,7.421150223219664,-0.0002498937964375216,0.00012843112938713973,0.00012006421559247029,1.8245804310857967e-07,-9.999999999998899e-05,-0.0002498937964375216,1.1260535167511222e-07,1,-0.999995000025,0.0002999999999997449,9.999999999998899e-05,-0.0002999999999997449,2.297255509250283e-08,24988.630306193234,0.0,False,0.7429221547299111,0.06779661016949153,-0.0005999999999994898,6.45e-06,0.9997,0.99990541,-0.00020540999999996146,121008902.6,-0.0001602939111531384,1.8209,6.45e-06,2,1,False,1.1406380540913506,0.604289855285248,16,43,5,2,0,8,5,False,0,617552258
1779860597000,1779860598053,9,119,True,1.0002,1.0002,1.0,1.0,884.5999999999999,0.0,884.5999999999999,3,0,3,1.0001,1.0002,9.999999999998899e-05,1.00015,1.000125495976759,1.0001652824497662,73323.1,227376.9,598663.7,78526.90000000001,235196.5,550468.4,598663.7,550468.4,0.041940608916938175,-0.9999999999988696,0.030210884579229613,-3.006817676416164e-09,3.4282468410809733e-09,-6.435064517497137e-09,0.5209703044584686,0.49008046300239566,1.0875532546464044,0.0,884.5999999999999,-884.5999999999999,-43229.5,1.8499563620334911,294.86666656837775,537.3,-884.5999999999999,1.6216598726040807,3.7383177430343255,-0.0002999550089979961,0.0001431539567466235,0.00012010023125580025,2.4741193837571645e-07,-0.0004499999999998394,-5.006121256047449e-05,3.3908547252730844e-07,1,-0.999995000025,0.000300000000000189,9.999999999998899e-05,0.000300000000000189,2.3807236745783273e-08,24988.630306177867,0.0,False,0.7429221547299111,0.07563025210084033,0.0,6.45e-06,0.9997,0.99990541,-0.00020540999999996146,121008902.6,-0.0001602939111531384,1.8209,6.45e-06,2,1,False,1.107651654679659,0.6098433772720864,17,43,5,2,0,9,3,False,0,1076665083
1779860598000,1779860599102,9,120,True,1.0001,1.0001,1.0001,1.0001,19.3,19.3,0.0,1,1,0,1.0001,1.0002,9.999999999998899e-05,1.00015,1.0001355283644544,1.0001754727155352,70244.6,222029.6,593331.3,83674.6,237802.90000000002,558492.0,593331.3,558492.0,0.03024708737876723,0.9999999999481866,0.009134049094054231,-3.0202173278782565e-09,3.4195769248416898e-09,-6.439794252719947e-09,0.5151235436893832,0.2894327084584567,1.0623810188865712,19.3,0.0,19.3,-43210.2,1.822088940327475,19.2999999807,19.3,19.3,0.5488206296183623,1.0,9.999500033329732e-05,0.00014315325809148075,0.0,2.6740193835842455e-07,-0.00029999999999996696,0.00039995000933129343,5.181088099902395e-06,-1,0.0,0.00010000000000021103,9.999999999998899e-05,-0.00010000000000021103,2.379949383749192e-08,24988.63030616099,0.0,False,0.7429221547299111,0.08333333333333333,-0.00020000000000042206,6.45e-06,0.9997,0.99990541,-0.00020540999999996146,121008902.6,-0.00017320022624172935,1.8209,6.45e-06,2,1,False,1.0960186124189648,0.6000576015403685,18,43,5,2,0,9,1,False,0,3200803854
1779860599000,1779860600014,9,121,False,1.00015,1.00015,1.00015,1.00015,0.0,0.0,0.0,0,0,0,1.0001,1.0002,9.999999999998899e-05,1.00015,1.0001353894163325,1.0001759583514986,70025.3,220391.2,591679.9,84179.59999999999,238330.4,559025.5,591679.9,559025.5,0.02837772378577523,0.0,0.006158154951714699,-3.0277548376552205e-09,3.417626455874003e-09,-6.445381293529224e-09,0.5141888618928873,0.2922116709128897,1.0584130777576317,0.0,0.0,0.0,-43210.2,1.7623483193331315,0.0,0.0,0.0,0.0,0.0,4.999375079157342e-05,0.00014183643383666055,0.0,2.423890595593035e-07,-0.0002999999999997449,-5.00012495417239e-05,49993.75079157342,-1,0.0,0.0,9.999999999998899e-05,0.0,2.379949383749192e-08,24988.63030628819,0.0,False,0.7429221547299111,0.09090909090909091,0.0,6.45e-06,1.00042392,1.00090397,-0.0004800499999999541,121010975.8,-0.00015607056985482865,1.8225,6.45e-06,2,0,False,1.1015484675672498,0.5967433866027188,19,43,5,2,0,7,0,False,0,4205234746
1779860600000,1779860601185,9,122,False,1.0001,1.0002,1.0001,1.0002,672.6999999999999,667.4,5.3,2,1,1,1.0001,1.0002,9.999999999998899e-05,1.00015,1.0001274835967005,1.0001808891870092,68795.8,219161.7,561160.3,83705.3,236398.6,558056.7,561160.3,558056.7,0.002773010059711468,0.9842426044284464,0.001694272241643438,-3.19930600424949e-09,3.4188260744905377e-09,-6.618132078740028e-09,0.5013865050298553,0.45032806348803966,1.0055614420541839,667.4,5.3,662.1,-42548.1,1.7701401777156518,336.34999983182496,667.4,662.1,1.129854021759523,2.6881720357844836,4.999125154136902e-05,0.00012546385875496447,6.004711342235087e-05,2.148853089554663e-07,-0.00039999999999995595,-2.499250204400917e-09,7.431433260189493e-08,-1,0.9999900000999989,9.999999999976694e-05,9.999999999998899e-05,9.999999999976694e-05,2.524166604414784e-08,27488.192883214033,0.0,False,0.7429221547299111,0.09836065573770492,0.0,6.45e-06,1.00042392,1.00090397,-0.0004800499999999541,121010975.8,-0.00015607056985482865,1.8225,6.45e-06,2,0,False,1.0905461969112673,0.5934016497096667,20,43,5,2,0,9,2,False,0,565927474
1779860601000,1779860602048,9,123,False,1.00015,1.00015,1.00015,1.00015,0.0,0.0,0.0,0,0,0,1.0001,1.0002,9.999999999998899e-05,1.00015,1.0001237295985996,1.000196842673872,70028.5,222296.9,567399.0,91209.2,238897.2,556774.6,567399.0,556774.6,0.00945085349807184,0.0,0.010859488110648519,-3.1799938911172435e-09,3.4603096020035856e-09,-6.6403034931208296e-09,0.5047254267490354,0.5254080258550471,1.0190820486423033,0.0,0.0,0.0,-42548.1,1.7121027948397287,0.0,0.0,0.0,0.0,0.0,-4.99912515412491e-05,0.00012396042154912143,0.0,1.9738943305305987e-07,-0.00034999999999985043,-9.998250308261813e-05,49991.2515412491,-1,0.0,0.0,9.999999999998899e-05,-0.0,2.524166604414784e-08,27488.192883217107,0.0,False,0.7429221547299111,0.10569105691056911,-0.0,6.45e-06,1.00042392,1.00090397,-0.0004800499999999541,121010975.8,-0.00015607056985482865,1.8225,6.45e-06,2,0,False,1.0960186124189648,0.6076588230559259,21,43,5,2,0,7,0,False,0,2492718597
1779860602000,1779860603129,9,124,False,1.00015,1.00015,1.00015,1.00015,0.0,0.0,0.0,0,0,0,1.0001,1.0002,9.999999999998899e-05,1.00015,1.0001235283427221,1.0001942036703968,70392.2,228235.1,567737.5,89769.5,240173.30000000002,553731.9,567737.5,553731.9,0.012488615382639925,0.0,0.01729821091879736,-3.187297760964141e-09,3.4791547686404744e-09,-6.666452529604616e-09,0.5062443076913196,0.5294331434190409,1.025293106646012,0.0,0.0,0.0,-42548.1,1.655968276976131,0.0,0.0,0.0,0.0,0.0,0.0,0.00011561568171046928,0.0,1.7739842992071653e-07,-0.00034999999999985043,4.99912515412491e-05,0.0,-1,0.0,0.0,9.999999999998899e-05,0.0,2.524166604414784e-08,27488.192883201576,0.0,False,0.7429221547299111,0.11290322580645161,0.0,6.45e-06,1.00042392,1.00090397,-0.0004800499999999541,121010975.8,-0.00015607056985482865,1.8225,6.45e-06,2,1,False,1.1015484675672498,0.6108969598508642,22,43,5,2,0,9,0,False,0,2961145631
1779860603000,1779860604058,9,125,False,1.00015,1.00015,1.00015,1.00015,0.0,0.0,0.0,0,0,0,1.0001,1.0002,9.999999999998899e-05,1.00015,1.0001234728408799,1.000192236643006,70392.5,229257.3,567737.8,88760.3,239112.9,549773.1,567737.8,549773.1,0.016075637383044815,0.0,0.02070704016409684,-3.187474816457236e-09,3.5014729796603182e-09,-6.6889477961175545e-09,0.5080378186915221,0.5305431802603955,1.0326765714801234,0.0,0.0,0.0,-42548.1,1.601674235108061,0.0,0.0,0.0,0.0,0.0,0.0,0.00011343383870267817,0.0,1.574094252891661e-07,-0.00039999999999995595,0.0,0.0,-1,0.0,0.0,9.999999999998899e-05,0.0,2.524166604414784e-08,27488.192883139178,0.0,False,0.7429221547299111,0.12,0.0,6.45e-06,1.00042392,1.00090397,-0.0004800499999999541,121010975.8,-0.00016543447751530348,1.8225,6.45e-06,2,0,False,1.1015484675672498,0.6081904712500765,23,43,5,2,0,7,0,False,0,2264002944
1779860604000,1779860605051,9,126,False,1.0001,1.0001,1.0001,1.0001,53.6,0.0,53.6,1,0,1,1.0001,1.0002,9.999999999998899e-05,1.00015,1.0001238519804942,1.0001932525189692,70344.0,228211.9,567720.3,90246.3,239217.2,549850.4,567720.3,549850.4,0.015989950344975943,-0.9999999999813434,0.016648329462958307,-3.187036229425702e-09,3.51217667815941e-09,-6.6992129075851116e-09,0.5079949751724875,0.5229603879661257,1.0324995671549915,0.0,53.6,-53.6,-42601.7,1.5819472110061574,53.5999999464,53.6,-53.6,0.6321323444995632,1.0,-4.999375079165189e-05,0.00010484943474162045,0.0,1.4741667127453098e-07,-0.00045000000000006146,-4.999375079165189e-05,9.327192311701338e-07,-1,0.0,0.00010000000000021103,9.999999999998899e-05,0.00010000000000021103,2.5346731142645727e-08,29987.880422716164,0.0,False,0.7375648577541561,0.015873015873015872,0.0,6.45e-06,1.00042392,1.00090397,-0.0004800499999999541,121010975.8,-0.00016543447751530348,1.8225,6.45e-06,2,0,False,1.0960186124189648,0.6108981736490016,24,43,5,2,0,8,1,False,0,4026983782
1779860605000,1779860606068,9,127,False,1.0001,1.0001,1.0001,1.0001,224.0,0.0,224.0,1,0,1,1.0001,1.0002,9.999999999998899e-05,1.00015,1.0001663200586104,1.000222370812447,58483.2,215223.5,554502.0,104545.3,254703.9,567545.0,554502.0,567545.0,-0.011624290248091203,-0.9999999999955358,-0.07784843287790127,-3.2089014055102008e-09,3.434754833183341e-09,-6.6436562386935414e-09,0.49418785487595396,-0.3264011746157434,0.9770185624047414,0.0,224.0,-224.0,-42825.7,1.5628669745797261,223.99999977599998,224.0,-224.0,0.6398497220974692,1.0,0.0,0.00010425214697016904,0.0,1.4491879491957875e-07,-0.00045000000000006146,4.999375079165189e-05,0.0,-1,0.0,0.00010000000000021103,9.999999999998899e-05,0.000500000000000167,2.5307034540113306e-08,29987.88042269069,0.0,False,0.7375648577541561,0.015748031496062992,0.00039999999999995595,6.45e-06,1.00042392,1.00090397,-0.0004800499999999541,121010975.8,-0.00016543447751530348,1.8225,6.45e-06,2,1,False,1.1015484675672498,0.6059943381734453,25,43,5,2,0,8,1,False,0,73703709
1779860606000,1779860607046,9,128,False,1.00015,1.00015,1.00015,1.00015,0.0,0.0,0.0,0,0,0,1.0001,1.0002,9.999999999998899e-05,1.00015,1.0001642031060818,1.0002389675152719,59636.5,216376.8,555655.3,117191.29999999999,266837.0,576296.0,555655.3,576296.0,-0.0182346183974522,0.0,-0.07493608268868726,-3.207857927483499e-09,3.4056206886438742e-09,-6.613478616127373e-09,0.4908826908012735,-0.28406212419718496,0.9641838569068656,0.0,0.0,0.0,-42825.7,1.5116254344295712,0.0,0.0,0.0,0.0,0.0,4.999375079157342e-05,0.00010425250637779698,0.0,1.4242091856462652e-07,-0.00014999999999987246,4.999375079157342e-05,49993.75079157342,-1,0.0,0.0,9.999999999998899e-05,-0.00039999999999995595,2.5307034540113306e-08,27488.94247081484,0.0,False,0.7375648577541561,0.015625,-0.00039999999999995595,6.45e-06,1.00042392,1.00090397,-0.0004800499999999541,121010975.8,-0.00016543447751530348,1.8225,6.45e-06,2,1,False,1.118490955699842,0.5999141708383599,26,43,5,2,0,8,0,False,0,407961906
1779860607000,1779860608048,9,129,False,1.00015,1.00015,1.00015,1.00015,0.0,0.0,0.0,0,0,0,1.0001,1.0002,9.999999999998899e-05,1.00015,1.0001609171158197,1.000230451267525,62294.299999999996,219034.6,558313.1,111250.2,261917.8,571427.8,558313.1,571427.8,-0.011608590960989427,0.0,-0.05992329431472755,-3.204343358506134e-09,3.415058301801108e-09,-6.619401660307242e-09,0.49419570451950495,-0.21834231918872837,0.9770492440164775,0.0,0.0,0.0,-42825.7,1.4620639447761425,0.0,0.0,0.0,0.0,0.0,0.0,0.0001036517788959987,0.0,1.3992304220967427e-07,0.0001500000000000945,-4.999375079157342e-05,0.0,-1,0.0,0.0,9.999999999998899e-05,0.0,2.5307034540113306e-08,27488.942470795795,0.0,False,0.7375648577541561,0.015503875968992248,0.0,6.45e-06,1.00042392,1.00090397,-0.0004800499999999541,121010975.8,-0.00016543447751530348,1.8225,6.45e-06,2,0,False,1.118490955699842,0.5999141708383597,27,43,5,2,0,8,0,False,0,1812675652
1779860608000,1779860609050,9,130,False,1.0001,1.0001,1.0001,1.0001,2798.1,0.0,2798.1,1,0,1,1.0,1.0001,9.999999999998899e-05,1.0000499999999999,1.000097478417639,1.0002122964249869,42023.0,226122.5,583835.8,173112.7,320145.2,611638.7,583835.8,611638.7,-0.023256790504523422,-0.9999999999996426,-0.11190620896747994,-3.1493357942290397e-09,3.390759178565097e-09,-6.540094972794137e-09,0.4883716047477379,-0.9495683536731918,0.9545435892136961,0.0,2798.1,-2798.1,-45623.799999999996,1.4469143072424986,2798.0999972019,2798.1,-2798.1,0.6911259321325357,1.0,-4.999375079165189e-05,0.00010365214038536912,0.0,1.3742516585472207e-07,0.0,-4.999375079165189e-05,1.7867035056514788e-08,-1,0.0,0.00010000000000021103,9.999999999998899e-05,0.0006999999999997009,2.230574672921127e-08,27489.692058491382,0.0,False,0.7375648577541561,0.015384615384615385,0.0005999999999994898,6.45e-06,1.00042392,1.00090397,-0.0004800499999999541,121010975.8,-0.00016543447751530348,1.8225,6.45e-06,2,0,False,1.1358941647447047,0.5958825298331273,28,43,5,2,0,9,1,False,0,2075928404
1779860609000,1779860610011,9,131,False,1.0001,1.0001,1.0001,1.0001,150.4,150.4,0.0,1,1,0,1.0001,1.0002,9.999999999998899e-05,1.00015,1.0001002131966104,1.000244042421502,59069.4,219862.4,558052.9,93956.70000000001,243445.30000000002,560619.3,558052.9,560619.3,-0.0022941483662506502,0.9999999999933511,0.015183251536341058,-3.2375851271511683e-09,3.420265891336028e-09,-6.657851018487197e-09,0.4988529258168742,0.9957360651120295,0.9954222054074823,150.4,0.0,150.4,-45473.399999999994,1.4322613791361871,150.3999998496,150.4,150.4,0.6981965819010735,1.0,0.0,0.00010304791307309754,0.0,1.2993228574707695e-07,-5.0000000000105516e-05,4.999375079165189e-05,0.0,-1,0.0,0.00010000000000021103,9.999999999998899e-05,-0.0006999999999997009,2.2132454515736592e-08,27489.69205848245,0.0,False,0.7375648577541561,0.015267175572519083,-0.0007999999999999119,6.45e-06,1.00042392,1.00090397,-0.0004800499999999541,121011008.6,-0.00016516347256282415,1.8225,6.45e-06,1,1,False,1.1416917313070463,0.5875610859059978,29,43,5,2,0,9,1,False,0,1055676946
1779860610000,1779860611103,9,132,False,1.0002,1.0004,1.0002,1.0004,692.9,692.9,0.0,4,4,0,1.0003,1.0004,9.999999999998899e-05,1.00035,1.0003363557114462,1.00047529975635,62611.0,219702.5,540342.0,112939.9,233325.5,554019.8,540342.0,554019.8,-0.012498426023276794,0.9999999999985568,-0.012222466044641637,-3.3530186904687217e-09,3.3268090796171238e-09,-6.679827770085846e-09,0.49375078698836117,0.2728857687479342,0.975311712686079,692.9,0.0,692.9,-44780.49999999999,1.5164495306399186,173.22499995669375,548.5,692.9,2.637740271959015,4.322766551918876,0.00029992502099367683,0.00011829118147955966,0.00012007621841317542,1.1494839771273969e-07,0.00019999999999997797,0.00029992502099367683,4.3285469908102756e-07,1,0.999995000025,9.999999999976694e-05,9.999999999998899e-05,-9.999999999976694e-05,2.288205009113322e-08,19993.62747843938,0.0,False,0.7375648577541561,0.015151515151515152,-0.00019999999999953388,6.45e-06,1.00042392,1.00090397,-0.0004800499999999541,121011008.6,-0.00016516347256282415,1.8225,6.45e-06,2,2,False,1.1416917313070463,0.5515849257990307,30,43,5,2,0,10,4,False,0,1643800331
1779860611000,1779860612128,9,133,False,1.0003,1.0003,1.0003,1.0003,212.0,0.0,212.0,2,0,2,1.0003,1.0004,9.999999999998899e-05,1.00035,1.000328128590063,1.000460524812696,68694.1,225140.3,545329.2,115314.4,246109.3,564335.7999999999,545329.2,564335.7999999999,-0.017128232394461356,-0.9999999999952831,-0.011148657794502258,-3.3398647285087247e-09,3.2715226716177014e-09,-6.611387400126426e-09,0.49143588380276887,0.4374281967079334,0.9663204071051297,0.0,212.0,-212.0,-44992.49999999999,1.5323036443894296,105.99999994699999,201.5,-212.0,1.305224330711363,1.9880715666241122,-9.996501232890719e-05,0.00011829202570789663,0.0,1.4493040613412034e-07,0.00014999999999987246,-0.000399890033322584,4.7153307702092296e-07,1,0.0,0.00010000000000021103,9.999999999998899e-05,0.0002999999999997449,3.028458609759478e-08,19993.62747844608,0.0,False,0.746484620647288,0.16541353383458646,0.00019999999999953388,6.45e-06,1.00042392,1.00090397,-0.0004800499999999541,121011008.6,-0.00016516347256282415,1.8225,6.45e-06,2,1,False,1.1358941647447047,0.5613207942869322,31,43,5,2,0,9,2,False,0,1937357533
1779860612000,1779860613029,9,134,False,1.0004,1.0004,1.0004,1.0004,28.9,28.9,0.0,1,1,0,1.0004,1.0005,9.999999999998899e-05,1.0004499999999998,1.0004355296047214,1.0005730246323619,63966.4,222433.2,539819.0,136870.9,262192.2,612828.5,539819.0,612828.5,-0.06334070043096432,0.9999999999653979,-0.0640163490166579,-3.3569763650737568e-09,3.1447292523388696e-09,-6.501705617412626e-09,0.46832964978451747,0.2894079030425085,0.8808647117423538,28.9,0.0,28.9,-44963.59999999999,1.5148510658848582,28.899999971099998,28.9,28.9,0.6601309012221256,1.0,9.996501232885576e-05,0.00012038543736919798,0.0,1.5492340982403377e-07,0.00024999999999986144,0.00019993002465776294,3.458996966276705e-06,1,0.0,9.999999999976694e-05,9.999999999998899e-05,-9.999999999976694e-05,2.973354701895171e-08,19993.627478469658,0.0,False,0.746484620647288,0.16417910447761194,-0.00019999999999953388,6.45e-06,1.00042392,1.00090397,-0.0004800499999999541,121011008.6,-0.00016516347256282415,1.8225,6.45e-06,2,2,False,1.1358941647447047,0.5570752522724667,32,43,5,2,0,8,1,False,0,3555354107
1779860613000,1779860614061,9,135,False,1.0004499999999998,1.0004499999999998,1.0004499999999998,1.0004499999999998,0.0,0.0,0.0,0,0,0,1.0004,1.0005,9.999999999998899e-05,1.0004499999999998,1.0004368034738553,1.0005659027265839,64079.100000000006,227812.0,544037.0,134435.6,261245.69999999998,608817.5,544037.0,608817.5,-0.05619139275598087,0.0,-0.0640629109888762,-3.3525428866587337e-09,3.1752312652018347e-09,-6.527774151860568e-09,0.47190430362200914,0.2639305203289186,0.8935961926192973,0.0,0.0,0.0,-44963.59999999999,1.4651838178230596,0.0,0.0,0.0,0.0,0.0,4.9978759037734895e-05,0.0001203855410544859,0.0,1.5991953708742185e-07,0.0002999999999997449,-4.9986253291120864e-05,49978.75903773489,1,0.0,0.0,9.999999999998899e-05,0.0,2.973354701895171e-08,19993.62747848349,0.0,False,0.746484620647288,0.16296296296296298,0.0,6.45e-06,1.00042392,1.00090397,-0.0004800499999999541,121011008.6,-0.00016300735174819503,1.8225,6.45e-06,2,1,False,1.153471145931215,0.5500159403341681,33,43,5,2,0,9,0,False,0,2842475816
1779860614000,1779860614997,9,136,False,1.0004499999999998,1.0004499999999998,1.0004499999999998,1.0004499999999998,0.0,0.0,0.0,0,0,0,1.0004,1.0005,9.999999999998899e-05,1.0004499999999998,1.000484457587024,1.000580490893871,56954.799999999996,221138.3,537877.7,146441.5,276773.9,624384.7,537877.7,624384.7,-0.07442983615403882,0.0,-0.12522706002364287,-3.354407267512751e-09,3.1377548270807118e-09,-6.492162094593463e-09,0.4627850819229802,-0.689151742438269,0.8614524026613706,0.0,0.0,0.0,-44963.59999999999,1.4171450041239428,0.0,0.0,0.0,0.0,0.0,0.0,0.0001203855410544859,0.0,1.5991953708742185e-07,0.00034999999999985043,-4.9978759037734895e-05,0.0,1,0.0,0.0,9.999999999998899e-05,0.0,2.973354701895171e-08,19993.62747848349,0.0,False,0.746484620647288,0.16176470588235295,0.0,6.45e-06,1.00042392,1.00090397,-0.0004800499999999541,121009114.1,-0.0001786604002144989,1.8225,6.45e-06,2,1,False,1.153471145931215,0.5466784327389618,34,43,5,2,0,8,0,False,0,476420595
1779860615000,1779860615998,9,137,False,1.0004499999999998,1.0004499999999998,1.0004499999999998,1.0004499999999998,0.0,0.0,0.0,0,0,0,1.0004,1.0005,9.999999999998899e-05,1.0004499999999998,1.0004508416073505,1.0005725756594408,63116.6,224250.69999999998,532448.6,142568.2,270685.2,618296.0,532448.6,618296.0,-0.0746016101226979,0.0,-0.09455611673425762,-3.4476034100470733e-09,3.1473382306321196e-09,-6.5949416406791925e-09,0.4626991949386506,-0.01683214878306164,0.8611548513980344,0.0,0.0,0.0,-44963.59999999999,1.3706812334969283,0.0,0.0,0.0,0.0,0.0,0.0,0.0001203855410544859,0.0,1.5991953708742185e-07,0.00034999999999985043,0.0,0.0,1,0.0,0.0,9.999999999998899e-05,0.0,2.973354701895171e-08,19993.62747848349,0.0,False,0.746484620647288,0.16058394160583941,0.0,6.45e-06,1.00042392,1.00090397,-0.0004800499999999541,121009114.1,-0.0001786604002144989,1.8225,6.45e-06,2,2,False,1.1594546959626888,0.5466784327389618,35,43,5,2,0,8,0,False,0,2726035177
1779860616000,1779860617103,9,138,False,1.0004499999999998,1.0004499999999998,1.0004499999999998,1.0004499999999998,0.0,0.0,0.0,0,0,0,1.0004,1.0005,9.999999999998899e-05,1.0004499999999998,1.0004502635910568,1.0005696751376871,64871.5,224212.1,532345.1,141317.4,267502.0,615112.8,532345.1,615112.8,-0.07213136098500869,0.0,-0.08872716771164023,-3.4531731191294055e-09,3.15937073421667e-09,-6.612543853346075e-09,0.4639343195074953,-0.005271822894773236,0.8654430536968163,0.0,0.0,0.0,-44963.59999999999,1.3257408651855536,0.0,0.0,0.0,0.0,0.0,0.0,0.00010663176365456701,0.0,8.496264112846164e-08,0.0002999999999997449,0.0,0.0,1,0.0,0.0,9.999999999998899e-05,0.0,2.973354701895171e-08,7498.937656607411,0.0,False,0.746484620647288,0.15942028985507245,0.0,6.45e-06,1.00042392,1.00090397,-0.0004800499999999541,121009114.1,-0.0001786604002144989,1.8225,6.45e-06,2,2,False,1.1655019555832113,0.5432943610480497,36,43,5,2,0,9,0,False,0,1174313889
1779860617000,1779860618068,9,139,False,1.0004499999999998,1.0004499999999998,1.0004499999999998,1.0004499999999998,0.0,0.0,0.0,0,0,0,1.0004,1.0005,9.999999999998899e-05,1.0004499999999998,1.0004252744558155,1.000496925303507,90761.1,248941.7,568477.2,110995.4,237950.9,587631.1,568477.2,587631.1,-0.016567565512677324,0.0,0.004406244288634886,-3.3143353084521366e-09,3.2251219270348787e-09,-6.539457235487015e-09,0.491716217243661,0.49451088193576814,0.9674048905852651,0.0,0.0,0.0,-44963.59999999999,1.2822739515729125,0.0,0.0,0.0,0.0,0.0,0.0,8.289561296554866e-05,0.0,5.4968639903732825e-08,0.0002999999999997449,0.0,0.0,1,0.0,0.0,9.999999999998899e-05,0.0,2.973354701895171e-08,7498.937656600652,0.0,False,0.746484620647288,0.15827338129496402,0.0,6.45e-06,1.00042392,1.00090397,-0.0004800499999999541,121009114.1,-0.0001786604002144989,1.8225,6.45e-06,0,2,False,1.1655019555832113,0.5344412253294966,37,43,5,2,0,8,0,False,0,3936919660
1779860618000,1779860619035,9,140,False,1.0004499999999998,1.0004499999999998,1.0004499999999998,1.0004499999999998,0.0,0.0,0.0,0,0,0,1.0004,1.0005,9.999999999998899e-05,1.0004499999999998,1.0004336685381763,1.0005008214221052,83851.3,241662.2,561232.9,110482.4,238860.2,586468.3,561232.9,586468.3,-0.021987778700588618,0.0,-0.015950867106011606,-3.3320225290348197e-09,3.243657832421291e-09,-6.575680361456111e-09,0.48900611064970523,0.32662923416785633,0.9569705643084186,0.0,0.0,0.0,-44963.59999999999,1.2402321826688825,0.0,0.0,0.0,0.0,0.0,0.0,7.982313351623847e-05,0.0,4.996951477666666e-08,0.00034999999999985043,0.0,0.0,1,0.0,0.0,9.999999999998899e-05,0.0,2.973354701895171e-08,7498.937656594999,0.0,False,0.746484620647288,0.15714285714285714,0.0,6.45e-06,1.00042392,1.00090397,-0.0004800499999999541,121009114.1,-0.00017959057531233519,1.8225,6.45e-06,0,2,False,1.1777910897168757,0.5230681696626667,38,43,5,2,0,8,0,False,0,1773350913
1779860619000,1779860620049,9,141,False,1.0004499999999998,1.0004499999999998,1.0004499999999998,1.0004499999999998,0.0,0.0,0.0,0,0,0,1.0004,1.0005,9.999999999998899e-05,1.0004499999999998,1.0004336773685911,1.0005030206614944,83691.2,242177.1,561738.9,110670.20000000001,239132.30000000002,586731.5,561738.9,586731.5,-0.021761640526390544,0.0,-0.013567885416175245,-3.3311510958346824e-09,3.239200898375479e-09,-6.570351994210161e-09,0.48911917973680435,0.32645262586726626,0.9574036846496209,0.0,0.0,0.0,-44963.59999999999,1.1995688324174436,0.0,0.0,0.0,0.0,0.0,0.0,7.903647188760854e-05,0.0,4.747026460534859e-08,0.00034999999999985043,0.0,0.0,1,0.0,0.0,9.999999999998899e-05,0.0,2.973354701895171e-08,7498.937656465483,0.0,False,0.746484620647288,0.15602836879432624,0.0,6.45e-06,1.00042392,1.00090397,-0.0004800499999999541,121008930.8,-0.00018110506521177463,1.8225,6.45e-06,0,2,False,1.190345581599905,0.5230681696626667,39,43,5,2,0,7,0,False,0,2168195295
1779860620000,1779860621093,9,142,False,1.0004499999999998,1.0004499999999998,1.0004499999999998,1.0004499999999998,0.0,0.0,0.0,0,0,0,1.0004,1.0005,9.999999999998899e-05,1.0004499999999998,1.0004337468350344,1.0005067955314406,81384.6,239880.3,559442.1,112110.20000000001,239134.2,586698.9,559442.1,586698.9,-0.023781367213981545,0.0,-0.01986863783279213,-3.3353414250356013e-09,3.2482167114812176e-09,-6.583558136516819e-09,0.4881093163930088,0.32506329699292164,0.9535420979995002,0.0,0.0,0.0,-44963.59999999999,1.1602387067644127,0.0,0.0,0.0,0.0,0.0,0.0,7.824198123071216e-05,0.0,4.497113937468216e-08,4.999999999988347e-05,0.0,0.0,1,0.0,0.0,9.999999999998899e-05,0.0,2.973354701895171e-08,4999.375079397031,0.0,False,0.746484620647288,0.15492957746478872,0.0,6.45e-06,1.00042392,1.00090397,-0.0004800499999999541,121008930.8,-0.00018110506521177463,1.8225,6.45e-06,0,2,False,1.1179003361536528,0.5273696101658407,40,43,5,2,0,8,0,False,0,1022471960
1779860621000,1779860622046,9,143,False,1.0004,1.0004,1.0004,1.0004,376.5,0.0,376.5,2,0,2,1.0004,1.0005,9.999999999998899e-05,1.0004499999999998,1.0004301436106806,1.000508462273532,80889.6,239385.3,559249.9,111971.1,238970.30000000002,585352.1,559249.9,585352.1,-0.022804608064637254,-0.999999999997344,-0.016921706315268303,-3.3362340247554534e-09,3.2579958319283635e-09,-6.594229856683817e-09,0.488597695967681,0.39712778429069695,0.9554076939332737,0.0,376.5,-376.5,-45340.09999999999,1.1877718639196777,188.249999905875,325.0,-376.5,1.683825033299007,3.690036886752631,-4.997875903774016e-05,7.824158218697854e-05,0.0,4.497113937468216e-08,9.999999999998899e-05,-4.997875903774016e-05,1.3274570793521227e-07,1,0.0,9.999999999976694e-05,9.999999999998899e-05,0.0004999999999997229,3.0251345861835025e-08,7498.313031280324,0.0,False,0.7484647210670409,0.23076923076923078,0.00039999999999995595,6.45e-06,1.00042392,1.00090397,-0.0004800499999999541,121008930.8,-0.00018110506521177463,1.8225,6.45e-06,0,1,True,1.1060968418758732,0.5310500732403277,41,43,5,2,0,7,2,False,0,1044105271
1779860622000,1779860623115,9,144,False,1.0004499999999998,1.0004499999999998,1.0004499999999998,1.0004499999999998,0.0,0.0,0.0,0,0,0,1.0004,1.0005,9.999999999998899e-05,1.0004499999999998,1.0004303906126726,1.0005095441736833,79632.5,238128.2,557992.8,111576.3,238581.5,586196.9,557992.8,586196.9,-0.024649846087584908,0.0,-0.020407735947728555,-3.3394565850227346e-09,3.250476342673772e-09,-6.5899329276965065e-09,0.4876750769562071,0.39218774445889,0.9518863030493663,0.0,0.0,0.0,-45340.09999999999,1.1488285241190326,0.0,0.0,0.0,0.0,0.0,4.9978759037734895e-05,7.90356818207404e-05,0.0,4.7469015729634394e-08,4.999999999988347e-05,9.995751807547506e-05,49978.75903773489,1,0.0,0.0,9.999999999998899e-05,-0.00039999999999995595,3.0251345861835025e-08,7498.31303128696,0.0,False,0.7484647210670409,0.2361111111111111,-0.00039999999999995595,6.45e-06,1.00042392,1.00090397,-0.0004800499999999541,121008930.8,-0.00018110506521177463,1.8225,6.45e-06,0,2,False,1.1119668730958336,0.5230690610990624,42,43,5,2,0,7,0,False,0,1395839926
1779860623000,1779860624092,9,145,False,1.0004,1.0005,1.0004,1.0005,240.6,230.9,9.7,2,1,1,1.0004,1.0005,9.999999999998899e-05,1.0004499999999998,1.0004286701706089,1.0005061173289491,81323.7,238547.8,559442.9,110480.6,237485.8,585110.1,559442.9,585110.1,-0.022425523326573722,0.9193682460477168,-0.013867786888165628,-3.3379120377841747e-09,3.2541770005795276e-09,-6.592089038363703e-09,0.4887872383367127,0.426596585688906,0.9561327004951701,230.9,9.7,221.20000000000002,-45118.899999999994,1.1767357856233267,120.29999993985,230.9,221.20000000000002,1.6996168746928746,3.424657522518296,4.9976261286441245e-05,7.98218036345825e-05,6.002910739103332e-05,4.996676725007632e-08,5.0000000000105516e-05,-2.4977512936506232e-09,2.0771513419049682e-07,1,0.9999900000999989,0.00010000000000021103,9.999999999998899e-05,-0.0002999999999997449,2.9956234541992834e-08,9997.126095609023,0.0,False,0.7484647210670409,0.2413793103448276,-0.00039999999999995595,6.45e-06,1.00042392,1.00090397,-0.0004800499999999541,121008930.8,-0.00014819602059186568,1.8225,6.45e-06,0,1,True,1.1002893988110434,0.5187083653691659,43,43,5,2,0,7,2,False,0,3382753146
1779860624000,1779860625034,9,146,False,1.0005,1.0006,1.0005,1.0006,178.70000000000002,171.5,7.2,3,2,1,1.0006,1.0007,9.999999999998899e-05,1.0006499999999998,1.0006274866558267,1.0007576979713686,63913.1,203045.19999999998,512435.3,116860.5,267088.8,602407.9,512435.3,602407.9,-0.08070426406152897,0.919418019021156,-0.0801204208695522,-3.4981663386770983e-09,3.1049441453346963e-09,-6.603110484011795e-09,0.4596478679692351,0.4502668807200359,0.8506450529616213,171.5,7.2,164.3,-44954.59999999999,1.2365149401930537,59.566666646811115,155.9,164.3,2.426173675754734,33.89830393565071,9.994503031647773e-05,8.213404917459652e-05,6.002310777998124e-05,5.4961646199453904e-08,0.0001500000000000945,4.996876903003648e-05,5.592894813425766e-07,1,0.9999900000999989,9.999999999976694e-05,9.999999999998899e-05,-0.000300000000000189,4.1906025274391806e-08,7497.438556047198,0.0,False,0.7484647210670409,0.2465753424657534,-0.00039999999999995595,6.45e-06,1.00042392,1.00090397,-0.0004800499999999541,121008559.4,-0.00015126476070496332,1.8225,6.45e-06,0,2,False,1.0945437053401568,0.5092339643484546,44,43,5,2,0,8,3,False,0,3472947909
1779860625000,1779860626024,9,147,False,1.0006499999999998,1.0006499999999998,1.0006499999999998,1.0006499999999998,0.0,0.0,0.0,0,0,0,1.0006,1.0007,9.999999999998899e-05,1.0006499999999998,1.0006229565008364,1.000754227277837,66722.2,206153.9,516768.89999999997,117732.2,264876.9,604982.5,516768.89999999997,604982.5,-0.07863917085372032,0.0,-0.07019864353820274,-3.4794217954555997e-09,3.0764587893667065e-09,-6.555880584822306e-09,0.46068041457313946,0.5408699808794765,0.8541881789969116,0.0,0.0,0.0,-44954.59999999999,1.195973466744101,0.0,0.0,0.0,0.0,0.0,4.996876952925075e-05,8.289056599051794e-05,0.0,5.995577638493196e-08,0.00019999999999997797,-4.9976260787226975e-05,49968.76952925075,1,0.0,0.0,9.999999999998899e-05,-0.00020000000000042206,4.1906025274391806e-08,7497.43855606118,0.0,False,0.7484647210670409,0.25170068027210885,-0.00020000000000042206,6.45e-06,1.00042392,1.00090397,-0.0004800499999999541,121008559.4,-0.00015126476070496332,1.8225,6.45e-06,1,1,False,1.1119668730958336,0.4969710920003729,45,43,5,2,0,8,0,False,0,2637750803
1779860626000,1779860626996,9,148,False,1.0006499999999998,1.0006499999999998,1.0006499999999998,1.0006499999999998,0.0,0.0,0.0,0,0,0,1.0006,1.0007,9.999999999998899e-05,1.0006499999999998,1.0006384465861982,1.0007307326254369,66779.6,207158.9,515814.3,102279.5,252757.0,593055.4,515814.3,593055.4,-0.06965750800116549,0.0,-0.06935766071992847,-3.4935893912845537e-09,3.105627665872135e-09,-6.599217057156689e-09,0.46517124599941684,0.23106827424351642,0.8697573616225382,0.0,0.0,0.0,-44954.59999999999,1.1567612219328192,0.0,0.0,0.0,0.0,0.0,0.0,8.213328907524593e-05,0.0,5.995577638493196e-08,0.00019999999999997797,-4.996876952925075e-05,0.0,1,0.0,0.0,9.999999999998899e-05,0.0,4.1906025274391806e-08,7497.43855605002,0.0,False,0.7484647210670409,0.25675675675675674,0.0,6.45e-06,1.00042392,1.00090397,-0.0004800499999999541,121008559.4,-0.00015126476070496332,1.8225,6.45e-06,0,1,True,1.1119668730958336,0.5093211700369026,46,43,5,2,0,8,0,False,0,2036061912
1779860627000,1779860628014,9,149,False,1.0007,1.0007,1.0007,1.0007,12.0,12.0,0.0,1,1,0,1.0006,1.0007,9.999999999998899e-05,1.0006499999999998,1.0006367235704614,1.0007386721431302,64050.2,204429.5,508038.1,102747.9,253186.4,586351.7,508038.1,586351.7,-0.07155914647596306,0.9999999999166667,-0.07205930120917176,-3.5395407597760657e-09,3.1549716132953542e-09,-6.6945123730714195e-09,0.4642204267620181,0.2655285890579781,0.8664392036383609,12.0,0.0,12.0,-44942.59999999999,1.1516215097383005,11.999999987999999,12.0,12.0,0.8683408486863913,1.0,4.996627277641685e-05,8.28897375739378e-05,0.0,5.995577638493196e-08,0.0002500000000000835,4.996627277641685e-05,4.163856064354416e-06,1,0.0,0.00010000000000021103,9.999999999998899e-05,-0.00010000000000021103,4.5351334369270195e-08,9995.752194870864,0.0,False,0.7484647210670409,0.26174496644295303,-0.00020000000000042206,6.45e-06,1.00042392,1.00090397,-0.0004800499999999541,121008559.4,-0.00015126476070496332,1.8225,6.45e-06,1,2,False,0.9332662901041267,0.5039735559673705,47,43,5,2,0,8,1,False,0,24159268
1779860628000,1779860629004,9,150,False,1.0007,1.0007,1.0007,1.0007,5603.5,4284.6,1318.9,2,1,1,1.0006,1.0007,9.999999999998899e-05,1.0006499999999998,1.000677832594565,1.0007857015996153,56368.5,197927.5,509921.1,154999.2,308266.2,642216.6,509921.1,642216.6,-0.11482611844053006,0.5292584991522211,-0.1623303160584878,-3.4552254114413977e-09,2.9889635349231844e-09,-6.444188946364582e-09,0.44258694077973454,-0.5566518927558994,0.7940017433370598,4284.6,1318.9,2965.7000000000003,-41976.899999999994,1.179437197943602,2801.749998599125,4284.6,2965.7000000000003,1.6957240298943932,3.311258267181264,0.0,8.213245302050455e-05,0.0,5.995577638493196e-08,0.0002500000000000835,-4.996627277641685e-05,0.0,1,0.0,0.00010000000000021103,9.999999999998899e-05,-0.00010000000000021103,1.2261310319604059e-08,7496.064655288268,0.0,False,0.7489883203519497,0.26666666666666666,-0.00020000000000042206,6.45e-06,1.00042392,1.00090397,-0.0004800499999999541,121008559.4,-0.00014963230967683023,1.8225,6.45e-06,0,1,True,0.8695322613363339,0.49584227416371623,48,43,5,2,0,9,2,False,0,1990541703
1779860629000,1779860630104,9,151,False,1.0007,1.0007,1.0007,1.0007,5.1,5.1,0.0,1,1,0,1.0007,1.0008,9.999999999998899e-05,1.00075,1.0007797691376839,1.0009149963675985,45259.1,194662.2,491966.4,160666.1,306798.0,635346.4,491966.4,635346.4,-0.12718741417643786,0.9999999998039215,-0.17174882207089806,-3.5698316816296876e-09,3.0241866605459645e-09,-6.594018342175652e-09,0.4364062929117806,-0.5953827551763313,0.7743278312429238,5.1,0.0,5.1,-41971.799999999996,1.173554011125779,5.099999994899999,5.1,5.1,0.8521124632249326,1.0,0.0,8.213245302050455e-05,0.0,5.995577638493194e-08,0.0002500000000000835,0.0,0.0,1,0.0,0.00010000000000021103,9.999999999998899e-05,0.000500000000000167,1.1999771542566911e-08,7496.064655288268,0.0,False,0.7489883203519497,0.26490066225165565,0.00039999999999995595,6.45e-06,1.0007,1.00112157,-0.00042157000000009326,121008559.4,-0.00014963230967683023,1.8225,6.45e-06,0,2,False,0.8519736922357851,0.49584227416371623,49,43,5,2,0,10,1,False,0,360505783
1779860630000,1779860631092,9,152,False,1.0007,1.0007,1.0007,1.0007,718.6,0.0,718.6,2,0,2,1.0007,1.0008,9.999999999998899e-05,1.00075,1.0007819380782812,1.000911651397007,46214.9,195618.0,492932.2,162106.9,306991.2,635539.6,492932.2,635539.6,-0.1263721432826233,-0.9999999999986084,-0.1717042636986514,-3.56405289314448e-09,3.02868167281836e-09,-6.59273456596284e-09,0.43681392835868793,-0.6387615670673241,0.775612094037884,0.0,718.6,-718.6,-42690.399999999994,1.2006506009249338,359.29999982035,399.6,-718.6,1.6657635425272892,2.164502159817095,0.0,4.741296160611055e-05,0.0,2.99737679635513e-08,0.0002500000000000835,0.0,0.0,1,0.0,0.00010000000000021103,9.999999999998899e-05,-0.000500000000000167,7.519585577934142e-09,7496.06465518856,0.0,False,0.7489883203519497,0.2631578947368421,-0.000600000000000378,6.45e-06,1.0007,1.00112157,-0.00042157000000009326,121008559.4,-0.00014963230967683023,1.8225,6.45e-06,0,2,False,1.269878389547046,0.48245283918291954,50,43,5,2,0,8,2,False,0,3649026914
1779860631000,1779860632016,9,153,False,1.0008,1.0008,1.0008,1.0008,67.9,67.9,0.0,1,1,0,1.0007,1.0008,9.999999999998899e-05,1.00075,1.0007988957310647,1.0009209803541235,41290.6,195861.8,487152.2,167582.9,312016.8,640595.2,487152.2,640595.2,-0.13606149745944865,0.9999999999852724,-0.19559988696597713,-3.5863246760614414e-09,3.0246493009404916e-09,-6.610973977001933e-09,0.4319692512702753,-0.9779146226906739,0.7604680771882137,67.9,0.0,67.9,-42622.49999999999,1.1940718926978868,67.8999999321,67.9,67.9,0.837470511849273,1.0,9.992505629095692e-05,4.740875011539673e-05,0.0,1.9980764273637874e-08,0.00039999999999995595,9.992505629095692e-05,1.4716503135417564e-06,1,0.0,9.999999999976694e-05,9.999999999998899e-05,0.000700000000000145,6.256003890722069e-09,7496.064655188299,0.0,False,0.7489883203519497,0.26143790849673204,0.000600000000000378,6.45e-06,1.0007,1.00112157,-0.00042157000000009326,121008559.4,-0.00014963230967683023,1.8225,6.45e-06,0,2,False,1.2270384154109686,0.48246021771970776,51,43,5,2,0,8,1,False,0,3549695781
1779860632000,1779860633019,9,154,False,1.0008,1.0008,1.0008,1.0008,1000.0,1000.0,0.0,1,1,0,1.0007,1.0008,9.999999999998899e-05,1.00075,1.0007987446018625,1.0009199696095326,42181.2,195877.5,486756.9,168740.3,313174.2,641764.6,486756.9,641764.6,-0.13735467157692594,0.999999999999,-0.19587312822023134,-3.5948269960518413e-09,3.019221036512879e-09,-6.61404803256472e-09,0.43132266421153664,-0.9748920387396238,0.7584664221117825,1000.0,0.0,1000.0,-41622.49999999999,1.1877088798225464,999.9999989999999,1000.0,1000.0,0.8419571631959603,1.0,0.0,4.18083652276517e-05,0.0,1.4984637010249795e-08,0.0003500000000000725,-9.992505629095692e-05,0.0,1,0.0,9.999999999976694e-05,9.999999999998899e-05,0.0008999999999996788,5.032938734711076e-09,7496.064655164722,0.0,False,0.738895019376647,0.06493506493506493,0.0007999999999999119,6.45e-06,1.0007,1.00112157,-0.00042157000000009326,121008559.4,-0.00014963230967683023,1.8225,6.45e-06,0,1,True,1.2594393842575853,0.5111696973762677,52,43,5,2,0,9,1,False,0,611075654
1779860633000,1779860634039,9,155,False,1.00075,1.00075,1.00075,1.00075,0.0,0.0,0.0,0,0,0,1.0007,1.0008,9.999999999998899e-05,1.00075,1.0007988921370838,1.0009264659437198,39603.0,193299.30000000002,482934.60000000003,171905.8,318658.2,648418.8,482934.60000000003,648418.8,-0.14627100603577967,0.0,-0.20513837525980044,-3.6129249578802766e-09,2.9952924531793248e-09,-6.608217411059602e-09,0.4268644969821097,-0.9778427430022105,0.7447880906599241,0.0,0.0,0.0,-41622.49999999999,1.1487676050742661,0.0,0.0,0.0,0.0,0.0,-4.9961280018293456e-05,4.180732065457476e-05,0.0,1.4984637010249795e-08,0.0002500000000000835,-4.9961280018293456e-05,49961.28001829345,1,0.0,0.0,9.999999999998899e-05,-0.0007999999999999119,5.032938734711076e-09,7496.064655080752,0.0,False,0.738895019376647,0.07096774193548387,-0.0007999999999999119,6.45e-06,1.0007,1.00112157,-0.00042157000000009326,121008559.4,2.5624463832580638e-05,1.8225,6.45e-06,0,1,True,1.2389805747889708,0.4971217379913627,53,43,5,2,0,9,0,False,0,4285341604
1779860634000,1779860634998,9,156,False,1.0007,1.0007,1.0005,1.0005,632.0,0.0,632.0,3,0,3,1.0004,1.0005,9.999999999998899e-05,1.0004499999999998,1.0004819246181706,1.0006068399715038,49796.0,214957.9,527463.8,158757.5,298471.8,641270.5,527463.8,641270.5,-0.09737602464478014,-0.9999999999984177,-0.15544655220662956,-3.378216465373276e-09,3.0641370987410436e-09,-6.442353564114319e-09,0.45131198767760955,-0.6384923654440583,0.8225293382433765,0.0,632.0,-632.0,-42254.49999999999,1.2094637491701918,210.66666659644443,393.0,-632.0,2.480438127705646,45.45454338842985,-0.0002498438488949964,6.97778582492163e-05,0.00012004021714827551,2.746715550574091e-08,-9.999999999998899e-05,-0.00019988256887670298,3.9532254571930556e-07,1,-0.999995000025,0.00010000000000021103,9.999999999998899e-05,-0.0002999999999997449,6.254005131249781e-09,19988.257099830575,0.0,False,0.738895019376647,0.07692307692307693,-0.00039999999999995595,6.45e-06,1.0007,1.00112157,-0.00042157000000009326,121007796.6,1.9320615987971617e-05,1.8225,6.45e-06,0,1,True,1.230086750844878,0.48820508890002634,54,43,5,2,0,8,3,False,0,2423259312
1779860635000,1779860635994,9,157,False,1.0004499999999998,1.0004499999999998,1.0004499999999998,1.0004499999999998,0.0,0.0,0.0,0,0,0,1.0004,1.0005,9.999999999998899e-05,1.0004499999999998,1.000484507742812,1.000600754675037,46643.299999999996,204024.8,516725.89999999997,146857.2,280981.7,623649.5,516725.89999999997,623649.5,-0.09376175599719176,0.0,-0.1574073829924642,-3.4630912110337227e-09,3.14788325330231e-09,-6.610974464336032e-09,0.45311912200140375,-0.690154858085076,0.8285517746747156,0.0,0.0,0.0,-42254.49999999999,1.1698092000170708,0.0,0.0,0.0,0.0,0.0,-4.997626128636186e-05,7.066704208084458e-05,0.0,3.995341697890756e-08,-0.00019999999999997797,0.00019986758760863455,49976.261286361856,1,0.0,0.0,9.999999999998899e-05,-0.0005999999999994898,6.254005131249781e-09,19988.25709983453,0.0,False,0.738895019376647,0.08280254777070063,-0.0005999999999994898,6.45e-06,1.0007,1.00112157,-0.00042157000000009326,121007796.6,1.9320615987971617e-05,1.8225,6.45e-06,0,2,False,1.2223106916926116,0.49350444435156415,55,43,5,2,0,9,0,False,0,640273578
1779860636000,1779860637053,9,158,False,1.0004499999999998,1.0004499999999998,1.0004499999999998,1.0004499999999998,0.0,0.0,0.0,0,0,0,1.0004,1.0005,9.999999999998899e-05,1.0004499999999998,1.0004817702535629,1.000602172569811,46611.5,204543.5,517244.6,148572.1,283337.5,624187.8,517244.6,624187.8,-0.09369210125803332,0.0,-0.15694795918588922,-3.4592192396220507e-09,3.152968837768296e-09,-6.612188077390347e-09,0.45315394937098297,-0.6354050729306481,0.828668230939469,0.0,0.0,0.0,-42254.49999999999,1.131454800016511,0.0,0.0,0.0,0.0,0.0,0.0,7.066704208084458e-05,0.0,3.995341697890756e-08,-0.00019999999999997797,4.997626128636186e-05,0.0,-1,0.0,0.0,9.999999999998899e-05,0.0,6.254005131249781e-09,19988.25709983453,0.0,False,0.738895019376647,0.08860759493670886,0.0,6.45e-06,1.0007,1.00112157,-0.00042157000000009326,121007796.6,1.9320615987971617e-05,1.8225,6.45e-06,0,1,True,1.2054441258941393,0.4900685413710396,56,43,5,2,0,9,0,False,0,3873217113
1779860637000,1779860638088,9,159,False,1.0004,1.0004,1.0004,1.0004,166.5,0.0,166.5,1,0,1,1.0003,1.0004,9.999999999998899e-05,1.00035,1.0003881095686558,1.0005107220891971,51548.5,206082.5,527482.5,174037.2,317960.0,623079.9,527482.5,623079.9,-0.08308754049324048,-0.999999999993994,-0.13939331380898928,-3.3636085862506954e-09,3.134593725799571e-09,-6.498202312050266e-09,0.4584562297533794,-0.7621913739402751,0.8465728071151053,0.0,166.5,-166.5,-42420.99999999999,1.1271448065733467,166.4999998335,166.5,-166.5,0.8871974508341307,1.0,-4.997875903774016e-05,7.154526297529057e-05,0.0,3.995341697890757e-08,-0.00029999999999996696,-4.997875903774016e-05,3.0017272695159155e-07,-1,0.0,9.999999999976694e-05,9.999999999998899e-05,-0.0008999999999999009,6.663290794382083e-09,22487.195051721537,0.0,False,0.738895019376647,0.09433962264150944,-0.0009999999999996678,6.45e-06,1.0007,1.00112157,-0.00042157000000009326,121007796.6,1.9320615987971617e-05,1.8225,6.45e-06,0,0,False,1.2054441258941393,0.4993961973539437,57,43,5,2,0,9,1,False,0,1386624749
1779860638000,1779860639004,9,160,False,1.0004,1.0004,1.0004,1.0004,2111.9,0.0,2111.9,1,0,1,1.0003,1.0004,9.999999999998899e-05,1.00035,1.000389183929889,1.000513016755638,46655.7,202609.4,524209.6,156559.3,295159.9,602932.9,524209.6,602932.9,-0.06984325406947212,-0.9999999999995265,-0.14479033779866518,-3.3596538764928295e-09,3.188084314895756e-09,-6.547738191388586e-09,0.46507837296526355,-0.7836785989378068,0.8694327345547059,0.0,2111.9,-2111.9,-44532.899999999994,1.122976124390614,2111.8999978880997,2111.9,-2111.9,0.8904908816758341,1.0,0.0,7.154526297529057e-05,0.0,3.995341697890756e-08,-0.00029999999999996696,4.997875903774016e-05,0.0,-1,0.0,9.999999999976694e-05,9.999999999998899e-05,-0.0008999999999999009,6.395604460133374e-09,22487.195051721537,0.0,False,0.7386404600885155,0.05625,-0.0009999999999996678,6.45e-06,1.0007,1.00112157,-0.00042157000000009326,121007796.6,2.917168255803421e-07,1.8225,6.45e-06,0,1,True,1.2437023657498314,0.4960513150475242,58,43,5,2,0,8,1,False,0,611284184
1779860639000,1779860640027,9,161,False,1.00035,1.00035,1.00035,1.00035,0.0,0.0,0.0,0,0,0,1.0003,1.0004,9.999999999998899e-05,1.00035,1.0003892375725663,1.0005161260227904,48226.4,204180.1,525775.2,168188.4,306789.0,614567.0,525775.2,614567.0,-0.07786417094798384,0.0,-0.14819887941767745,-3.3541721360827797e-09,3.1488941828719796e-09,-6.503066318954759e-09,0.46106791452600765,-0.7847514524756414,0.8555213670763303,0.0,0.0,0.0,-44532.899999999994,1.0861572350663316,0.0,0.0,0.0,0.0,0.0,-4.9981257038937364e-05,7.241291982072744e-05,0.0,3.995341697890756e-08,-0.00034999999999985043,-4.9981257038937364e-05,49981.25703893736,-1,0.0,0.0,9.999999999998899e-05,-0.0008000000000001339,6.395604460133374e-09,22487.19505172272,0.0,False,0.7386404600885155,0.055900621118012424,-0.0008000000000001339,6.45e-06,1.0007,1.00112157,-0.00042157000000009326,121009777.8,1.6664220363524732e-05,1.8225,6.45e-06,0,0,False,1.2137007833635622,0.4948566295303857,59,43,5,2,0,9,0,False,0,1204959316
1779860640000,1779860641005,9,162,False,1.0003,1.0003,1.0002,1.0002,1956.1,0.0,1956.1,2,0,2,1.0001,1.0002,9.999999999998899e-05,1.00015,1.0001763388240583,1.0003047415655961,40608.9,203428.3,533700.0,125971.1,297939.9,614117.2,533700.0,614117.2,-0.0700609818357835,-0.9999999999994887,-0.12940688346003856,-3.292197651099167e-09,3.1915059291517297e-09,-6.483703580250897e-09,0.4649695090821078,-0.5267764825856884,0.8690523567814077,0.0,1956.1,-1956.1,-46488.99999999999,1.1161192929330093,978.0499995109749,1791.0,-1956.1,1.7919231491396852,14.705882136678204,-0.0001499587616217989,7.979982748302328e-05,6.004111021175149e-05,4.744854438876743e-08,-0.0004999999999999449,-9.997750458286153e-05,7.666211421794501e-08,-1,-0.9999900000999989,9.999999999976694e-05,9.999999999998899e-05,-0.0004999999999999449,1.3464203754076815e-08,29985.133132812665,0.0,False,0.7475273204883917,0.25308641975308643,-0.0005999999999997119,6.45e-06,1.0007,1.00112157,-0.00042157000000009326,121009777.8,1.6664220363524732e-05,1.8225,6.45e-06,0,0,False,1.2325451887656962,0.4759747956021128,0,44,5,2,0,9,2,False,0,1978021249
1779860641000,1779860642001,9,163,False,1.00015,1.00015,1.00015,1.00015,0.0,0.0,0.0,0,0,0,1.0001,1.0002,9.999999999998899e-05,1.00015,1.0001952839057104,1.0003007798220116,37647.4,204523.9,535498.9,127851.9,299221.7,613598.5,535498.9,613598.5,-0.06796604012853907,0.0,-0.14652538379943245,-3.2516362084888813e-09,3.2215636346287e-09,-6.473199843117581e-09,0.4660169799357301,-0.9056781158315445,0.8727187240516382,0.0,0.0,0.0,-46488.99999999999,1.0795252177548778,0.0,0.0,0.0,0.0,0.0,-4.99912515412491e-05,7.980021873469818e-05,0.0,5.2447294206864756e-08,-0.0006499999999998174,9.996751008054978e-05,49991.2515412491,-1,0.0,0.0,9.999999999998899e-05,-0.000400000000000178,1.3464203754076815e-08,27486.195180926938,0.0,False,0.7475273204883917,0.25766871165644173,-0.000400000000000178,6.45e-06,1.0007,1.00112157,-0.00042157000000009326,121009777.8,1.6664220363524732e-05,1.8225,6.45e-06,0,1,True,1.139666226123811,0.5059859313649302,1,44,5,2,0,9,0,False,0,237123632
1779860642000,1779860643057,9,164,False,1.0001,1.0001,0.9999,1.0,1113.5,95.4,1018.0999999999999,7,4,3,0.9999,1.0,9.999999999998899e-05,0.99995,0.9999915036901195,1.0000202417752482,75922.0,239862.7,651206.1,141015.0,294857.3,578913.3,651206.1,578913.3,0.058768929260037586,-0.8286484059265121,-0.04675979781838054,-2.9700767166395167e-09,3.354142337663654e-09,-6.324219054303171e-09,0.5293844646300184,-0.8300738043498728,1.124876730246133,95.4,1018.0999999999999,-922.6999999999999,-47411.69999999999,1.2736391450416031,159.0714285487041,614.9,-922.6999999999999,5.496062225910372,8.995502167956502,-0.00014998875112502276,8.583712696473638e-05,0.00012011224127905288,5.7447668072271656e-08,-0.0007999999999999119,-9.999749958377365e-05,1.3470027043097267e-07,-1,-0.4999975000125,9.999999999998899e-05,9.999999999998899e-05,-9.999999999998899e-05,1.2687171149278393e-08,34985.632737171436,0.0,False,0.7475273204883917,0.2621951219512195,-0.00019999999999997797,6.45e-06,1.0007,1.00112157,-0.00042157000000009326,121009777.8,1.6664220363524732e-05,1.8225,6.45e-06,1,0,False,1.1036835741979196,0.5673485599299364,2,44,5,2,0,10,7,False,0,3846494308
1779860643000,1779860644082,9,165,False,0.99995,0.99995,0.99995,0.99995,0.0,0.0,0.0,0,0,0,0.9999,1.0,9.999999999998899e-05,0.99995,0.9999854380111503,1.0000123355130583,77042.2,240285.6,652619.7,132845.3,287384.8,566672.3,652619.7,566672.3,0.07048959560138165,0.0,-0.03184284963274155,-2.9680597675716556e-09,3.4138047948196687e-09,-6.381864562391324e-09,0.5352447978006905,-0.7087602248319966,1.15167037457098,0.0,0.0,0.0,-47411.69999999999,1.231880484548436,0.0,0.0,0.0,0.0,0.0,-5.000125004166272e-05,8.583785459363595e-05,0.0,5.995241417133305e-08,-0.0008000000000000229,9.998750108336004e-05,50001.250041662715,-1,0.0,0.0,9.999999999998899e-05,-0.0,1.2687171149278393e-08,32486.819672851612,0.0,False,0.7475273204883917,0.26666666666666666,-0.0,6.45e-06,1.0007,1.00112157,-0.00042157000000009326,121009777.8,8.24402988233774e-06,1.8225,6.45e-06,1,1,False,1.0633327725213921,0.5615394399397541,3,44,5,2,0,9,0,False,0,520899653
1779860644000,1779860645019,9,166,False,0.99995,0.99995,0.99995,0.99995,0.0,0.0,0.0,0,0,0,0.9999,1.0,9.999999999998899e-05,0.99995,0.9999843830031923,1.00001176461612,77182.5,241011.6,653274.7,132554.9,287094.4,566516.8,653274.7,566516.8,0.07112518819814685,0.0,-0.030616143787077017,-2.964913635409198e-09,3.4131001465916777e-09,-6.378013782000876e-09,0.535562594099073,-0.6876600656493987,1.1531426782047747,0.0,0.0,0.0,-47411.69999999999,1.1914909604648807,0.0,0.0,0.0,0.0,0.0,0.0,8.287754114951833e-05,0.0,5.4958283985855e-08,-0.0005499999999999394,5.000125004166272e-05,0.0,-1,0.0,0.0,9.999999999998899e-05,0.0,1.2687171149278393e-08,32486.819672830847,0.0,False,0.7475273204883917,0.2710843373493976,0.0,6.45e-06,1.0007,1.00112157,-0.00042157000000009326,121009777.8,8.24402988233774e-06,1.8225,6.45e-06,1,1,False,1.0119963327880115,0.6000868222312674,4,44,5,2,0,8,0,False,0,1349480703
1779860645000,1779860646086,9,167,False,0.99995,0.99995,0.99995,0.99995,0.0,0.0,0.0,0,0,0,0.9999,1.0,9.999999999998899e-05,0.99995,0.9999838482865193,1.0000088290464706,77538.3,241567.4,653805.5,131651.9,285045.7,561446.5,653805.5,561446.5,0.07599987492306116,0.0,-0.025809295469308473,-2.9631988479283893e-09,3.452041060280732e-09,-6.415239908209121e-09,0.5379999374615302,-0.6769657322000727,1.164501871505119,0.0,0.0,0.0,-47411.69999999999,1.1524256830725894,0.0,0.0,0.0,0.0,0.0,0.0,8.212090434582863e-05,0.0,5.4958283985855e-08,-0.0004999999999998339,0.0,0.0,-1,0.0,0.0,9.999999999998899e-05,0.0,1.2687171149278393e-08,32486.81967281687,0.0,False,0.7475273204883917,0.2754491017964072,0.0,6.45e-06,1.0007,1.00112157,-0.00042157000000009326,121009777.8,8.24402988233774e-06,1.8225,6.45e-06,1,0,False,1.0262830870985524,0.607525052855553,5,44,5,2,0,9,0,False,0,566150008
1779860646000,1779860647065,9,168,False,0.99995,0.99995,0.99995,0.99995,0.0,0.0,0.0,0,0,0,0.9999,1.0,9.999999999998899e-05,0.99995,0.999983376703228,1.0000096692547333,77538.0,241567.1,660805.2,131626.0,291025.5,561417.6,660805.2,561417.6,0.08131708883192157,0.0,-0.022429669928298653,-2.9506763824046633e-09,3.4554247259121464e-09,-6.40610110831681e-09,0.5406585444159605,-0.6675340664259709,1.1770297190540495,0.0,0.0,0.0,-47411.69999999999,1.1146412344472587,0.0,0.0,0.0,0.0,0.0,0.0,8.212090434582863e-05,0.0,5.4958283985855006e-08,-0.0004999999999998339,0.0,0.0,-1,0.0,0.0,9.999999999998899e-05,0.0,1.2687171149278393e-08,32486.819672816862,0.0,False,0.7475273204883917,0.27976190476190477,0.0,6.45e-06,1.0007,1.00112157,-0.00042157000000009326,121009777.8,8.24402988233774e-06,1.8225,6.45e-06,1,0,False,1.0262830870985524,0.6013413921950853,6,44,5,2,0,8,0,False,0,270356226
1779860647000,1779860648043,9,169,False,0.9999,0.9999,0.9999,0.9999,5.1,0.0,5.1,1,0,1,0.9999,1.0,9.999999999998899e-05,0.99995,0.999983460015594,1.0000084102405573,76907.1,238747.0,657939.1,129022.8,287071.4,556190.5,657939.1,556190.5,0.08380373890892694,-0.9999999998039215,-0.021284005914221325,-2.9640406202000043e-09,3.4844015748659295e-09,-6.448442195065933e-09,0.5419018694544631,-0.6692003137488637,1.1829383997029772,0.0,5.1,-5.1,-47416.79999999999,1.110882505448988,5.099999994899999,5.1,-5.1,0.9001852078817665,1.0,-5.0003750291674264e-05,8.212204492083704e-05,0.0,5.4958283985855006e-08,-0.0004999999999999449,-5.0003750291674264e-05,9.804656918013648e-06,-1,0.0,9.999999999998899e-05,9.999999999998899e-05,0.0009000000000001229,1.2629421387283144e-08,32488.693548579737,0.0,False,0.7475273204883917,0.28402366863905326,0.0008000000000001339,6.45e-06,1.0007,1.00112157,-0.00042157000000009326,121009777.8,8.24402988233774e-06,1.8225,6.45e-06,1,0,False,1.0335882048436928,0.6148182575778133,7,44,5,2,0,8,1,False,0,3049058872
1779860648000,1779860649050,9,170,False,0.9999,0.9999,0.9999,0.9999,33.6,0.0,33.6,2,0,2,0.9999,1.0,9.999999999998899e-05,0.99995,0.9999835761167417,1.0000115207267564,75858.8,237122.4,651328.8,129322.7,287351.4,551525.5,651328.8,551525.5,0.08297206070593917,-0.9999999999702383,-0.01795486853017763,-2.98046788457549e-09,3.527382129187416e-09,-6.507850013762905e-09,0.5414860303529692,-0.6715223367054367,1.1809586320124796,0.0,33.6,-33.6,-47450.39999999999,1.1400338987129555,16.7999999916,27.9,-33.6,1.7543337970068889,3.3898304969836253,0.0,8.212204492083704e-05,0.0,5.4958283985855006e-08,-0.0004999999999999449,5.0003750291674264e-05,0.0,-1,0.0,9.999999999998899e-05,9.999999999998899e-05,0.0009000000000001229,1.2644538774877753e-08,32488.693548579737,0.0,False,0.7475273204883917,0.28823529411764703,0.0008000000000001339,6.45e-06,1.0007,1.00112157,-0.00042157000000009326,121009777.8,8.488642308178498e-06,1.8225,6.45e-06,1,1,False,1.0262830870985524,0.6087908996329324,8,44,5,2,0,9,2,False,0,2700667044
1779860649000,1779860650011,9,171,False,1.0,1.0,0.9999,0.9999,1488.9,1483.5,5.4,2,1,1,0.9999,1.0,9.999999999998899e-05,0.99995,0.9999319669999042,0.9999813991234278,92477.2,253257.4,672499.2,118233.3,298397.9,567877.9,672499.2,567877.9,0.08434636531100086,0.992746322787969,0.04135365333524508,-2.9485859050048455e-09,3.3088894113826314e-09,-6.257475316387477e-09,0.5421731826555,0.36065999917905617,1.1842320329775091,1483.5,5.4,1478.1,-45972.29999999999,1.1682295085912193,744.449999627775,1483.5,1478.1,1.711992364154394,1.6835016806675058,0.0,8.212204492083704e-05,6.0059123445496754e-05,5.4958283985855e-08,-0.00045000000000006146,0.0,0.0,-1,-0.9999900000999989,9.999999999998899e-05,9.999999999998899e-05,-0.0006999999999997009,1.6172829551339678e-08,32488.693548579737,0.0,False,0.7307300212708759,0.017543859649122806,-0.0007999999999996898,6.45e-06,1.0007,1.00112157,-0.00042157000000009326,121008721.7,-2.3882570349469673e-07,1.8225,6.45e-06,1,0,False,1.0807291617559773,0.6160902466786409,9,44,5,2,0,8,2,False,0,3952016936
1779860650000,1779860651061,9,172,False,1.0,1.0003,1.0,1.0003,1290.8,1284.2,6.6,5,4,1,1.0003,1.0004,9.999999999998899e-05,1.00035,1.0003038555733377,1.0003959058433334,97944.5,245398.8,554458.5,124404.1,257701.4,578942.4,554458.5,578942.4,-0.02160215330691903,0.9897737836992644,0.0076937954079970405,-3.3325500708505817e-09,3.2708852861411445e-09,-6.603435356991726e-09,0.48919892334654014,0.9228885312433475,0.9577092643413213,1284.2,6.6,1277.6000000000001,-44694.69999999999,1.293861327981671,258.159999948368,1237.0,1277.6,3.8644017623861067,18.348623516539018,0.0003999600093312243,0.00012141841176358563,0.00018014134146758493,5.4958283985855006e-08,9.999999999998899e-05,0.0003999600093312243,3.0985436111784513e-07,-1,0.9999966666777776,0.00010000000000021103,9.999999999998899e-05,0.00010000000000021103,4.74842574232367e-08,32488.693548593164,0.0,False,0.7240188724376247,0.01744186046511628,0.0,6.45e-06,1.0007,1.00112157,-0.00042157000000009326,121008721.7,-2.3882570349469673e-07,1.8225,6.45e-06,2,1,False,1.1173314240762668,0.5504034429048823,10,44,5,2,0,10,5,False,0,2914927270
1779860651000,1779860652003,9,173,False,1.0004,1.0004,1.0004,1.0004,5.3,5.3,0.0,2,2,0,1.0003,1.0004,9.999999999998899e-05,1.00035,1.0003786276204285,1.0004206507617366,83483.7,229759.9,538976.7,144504.5,285828.4,607117.4,538976.7,607117.4,-0.05945471667640555,0.9999999998113207,-0.10513387567542118,-3.346896783544914e-09,3.1761090296231445e-09,-6.523005813168059e-09,0.4702726416617968,-0.5725524106803294,0.8877635528153187,5.3,0.0,5.3,-44689.39999999999,1.3170134155888293,2.649999998675,5.2,5.3,1.5185874151382306,2.1231422460230527,9.996501232885576e-05,0.00012142005623433675,0.0,9.494029124970011e-08,0.00024999999999986144,-0.00029999499700236856,1.886132307735744e-05,-1,0.0,9.999999999976694e-05,9.999999999998899e-05,0.000300000000000189,4.88436918279688e-08,32488.69354859008,0.0,False,0.7240188724376247,0.023121387283236993,0.00020000000000042206,6.45e-06,1.0007,1.00112157,-0.00042157000000009326,121008721.7,-2.3882570349469673e-07,1.8225,6.45e-06,2,0,False,0.9467475091003623,0.5237248609458729,11,44,5,2,0,9,2,False,0,3452432036
1779860652000,1779860653053,9,174,False,1.0003,1.0003,1.0003,1.0003,5.2,0.0,5.2,1,0,1,1.0003,1.0004,9.999999999998899e-05,1.00035,1.00034280448726,1.0004450850438678,83145.0,231150.5,540415.3,160758.5,301860.89999999997,623197.8,540415.3,623197.8,-0.0711426332343628,-0.9999999998076923,-0.08448508314897572,-3.343310192822019e-09,3.103455221010554e-09,-6.446765413832573e-09,0.4644286833828182,0.14391025211433692,0.8671649675271624,0.0,5.2,-5.2,-44694.599999999984,1.306619533110507,5.1999999948,5.2,-5.2,0.7653337286747047,1.0,-9.996501232890719e-05,0.00012346043998158045,0.0,1.0493329493961354e-07,0.00029999999999996696,-0.00019993002465776294,1.9224040828785222e-05,1,0.0,0.00010000000000021103,9.999999999998899e-05,0.0002999999999997449,4.8808407637377354e-08,32488.69354953315,0.0,False,0.7240188724376247,0.028735632183908046,0.00019999999999953388,6.45e-06,1.0007,1.00112157,-0.00042157000000009326,121008721.7,-2.3882570349469673e-07,1.8225,6.45e-06,2,1,False,0.8033752534964735,0.5332167730959754,12,44,5,2,0,9,1,False,0,171325604
1779860653000,1779860654109,9,175,False,1.0003,1.0003,1.0003,1.0003,900.0,0.0,900.0,1,0,1,1.0003,1.0004,9.999999999998899e-05,1.00035,1.0003555399292023,1.0004383144232054,81659.9,237106.8,540335.9,151663.2,292965.6,613834.5,540335.9,613834.5,-0.06368089148708017,-0.9999999999988889,-0.08813104789119172,-3.341060294576841e-09,3.1342258641620598e-09,-6.475286158738901e-09,0.46815955425645955,-0.1107985872500742,0.8802631653971862,0.0,900.0,-900.0,-45594.599999999984,1.2965664336642608,899.9999991,900.0,-900.0,0.771267845028662,1.0,0.0,0.00012295394977548347,0.0,9.245077644412242e-08,0.00034999999999996145,9.996501232890719e-05,0.0,1,0.0,0.00010000000000021103,9.999999999998899e-05,0.0006999999999997009,4.430618635639404e-08,32488.69354953065,0.0,False,0.7240188724376247,0.03428571428571429,0.0005999999999994898,6.45e-06,1.0007,1.00112157,-0.00042157000000009326,121008721.7,-1.4949313323585112e-06,1.8225,6.45e-06,2,2,False,0.8415273351081937,0.5414248929980234,13,44,5,2,0,9,1,False,0,486204953
1779860654000,1779860655010,9,176,False,1.0003,1.0003,1.0003,1.0003,220.7,0.0,220.7,1,0,1,1.0002,1.0003,9.999999999998899e-05,1.0002499999999999,1.0002314871971425,1.000373917924734,65778.0,225932.2,532935.1,125458.7,288534.8,588288.4,532935.1,588288.4,-0.04936865843429075,-0.999999999995469,-0.04252457694598237,-3.4081628799784734e-09,3.1837683946461773e-09,-6.591931274624651e-09,0.4753156707828542,0.3702560552302026,0.9059078846361733,0.0,220.7,-220.7,-45815.29999999998,1.2868429440359244,220.69999977929996,220.7,-220.7,0.7770956073991478,1.0,0.0,0.00010952888351416179,0.0,7.996451497095577e-08,0.00034999999999996145,0.0,0.0,1,0.0,0.00010000000000021103,9.999999999998899e-05,0.0006999999999997009,4.707938289725082e-08,19996.50110478083,0.0,False,0.7240188724376247,0.03977272727272727,0.0005999999999994898,6.45e-06,1.0007,1.00112157,-0.00042157000000009326,121010243.9,1.108430843675729e-05,1.8225,6.45e-06,2,2,False,0.8415273351081937,0.5414248929980234,14,44,5,2,0,8,1,False,0,565866781
1779860655000,1779860656075,9,177,False,1.0002,1.0002,1.0002,1.0002,18.799999999999997,0.0,18.799999999999997,2,0,2,1.0002,1.0003,9.999999999998899e-05,1.0002499999999999,1.0002292848389245,1.0003596231693501,66646.8,243985.5,557166.9,116650.40000000001,275138.4,583466.2,557166.9,583466.2,-0.02305675681338715,-0.9999999999468085,-0.018845322966565464,-3.209637429985229e-09,3.2117028533809834e-09,-6.421340283366213e-09,0.488471621593306,0.41430321973393114,0.9549257523400654,0.0,18.799999999999997,-18.799999999999997,-45834.099999999984,1.3102251425921236,9.399999995299998,9.7,-18.799999999999997,1.5264552125116329,1.642036122098463,-9.997500633171563e-05,0.0001112269979986964,0.0,7.996451497095576e-08,0.00024999999999997247,-9.997500633171563e-05,5.3178194854466926e-06,1,0.0,9.999999999976694e-05,9.999999999998899e-05,0.0008999999999996788,4.4283586756333885e-08,19996.50110479953,0.0,False,0.7240188724376247,0.04519774011299435,0.0007999999999999119,6.45e-06,1.0007,1.00112157,-0.00042157000000009326,121010243.9,1.108430843675729e-05,1.8225,6.45e-06,2,1,False,0.8354588014784119,0.5543020107430534,15,44,5,2,0,9,2,False,0,511446939
1779860656000,1779860657006,9,178,False,1.0002499999999999,1.0002499999999999,1.0002499999999999,1.0002499999999999,0.0,0.0,0.0,0,0,0,1.0002,1.0003,9.999999999998899e-05,1.0002499999999999,1.000226315286164,1.0003535529145429,71751.1,249234.7,561965.4,116889.8,273324.3,581652.1,561965.4,581652.1,-0.01721440953815409,0.0,-0.003499703016559706,-3.2074180021223e-09,3.2215120296689633e-09,-6.428930031791263e-09,0.49139279523092255,0.47369427512844314,0.9661538228779696,0.0,0.0,0.0,-45834.099999999984,1.2672669411956605,0.0,0.0,0.0,0.0,0.0,4.998875254094607e-05,0.00011178724816736482,0.0,8.49621408227514e-08,0.00029999999999985594,0.0001499637588726617,49988.75254094607,1,0.0,0.0,9.999999999998899e-05,-0.001000000000000334,4.4283586756333885e-08,19996.501104932475,0.0,False,0.7240188724376247,0.05056179775280899,-0.001000000000000334,6.45e-06,1.0007,1.00112157,-0.00042157000000009326,121010243.9,1.108430843675729e-05,1.8225,6.45e-06,2,2,False,0.8415273351081937,0.5358319822754948,16,44,5,2,0,9,0,False,0,2894581110
1779860657000,1779860658014,9,179,False,1.0003,1.0005,1.0003,1.0005,22384.0,22384.0,0.0,3,3,0,1.0004,1.0005,9.999999999998899e-05,1.0004499999999998,1.000452686719299,1.0004615613318104,101988.5,265541.2,574907.9,108462.6,254221.40000000002,605776.2000000001,574907.9,605776.2000000001,-0.026144419154962805,0.9999999999999553,-0.03292689105712028,-3.2630892583664595e-09,3.152806389914868e-09,-6.415895648281327e-09,0.4869277904225182,-0.05373438727989208,0.9490433925928403,22384.0,0.0,22384.0,-23450.099999999984,1.3240778611564585,7461.333330846222,21353.5,22384.0,2.265727783647143,2.7434842174390006,0.00024990628644367546,0.00012447551018287815,0.00012006421559247029,9.74546443342111e-08,0.0005999999999999339,0.0001999175339027294,1.1164505291443186e-08,1,0.999995000025,0.00010000000000021103,9.999999999998899e-05,-0.000500000000000167,6.104391340910543e-09,29992.877475229245,0.0,False,0.7289097191321077,0.05027932960893855,-0.000600000000000378,6.45e-06,1.0007,1.00112157,-0.00042157000000009326,121010243.9,1.108430843675729e-05,1.8225,6.45e-06,2,2,False,0.20158380419830413,0.5837870010061696,17,44,5,2,0,9,3,False,0,3273681183
1779860658000,1779860659058,9,180,False,1.0005,1.0006,1.0005,1.0006,146.7,112.39999999999999,34.3,4,2,2,1.0006,1.0007,9.999999999998899e-05,1.0006499999999998,1.0006507287807012,1.0007513097645353,75610.0,214584.2,535229.2000000001,151320.1,290709.0,623863.3,535229.2000000001,623863.3,-0.07646853033731121,0.5323790047680138,-0.08896589001683235,-3.3405298720003253e-09,3.083302205916188e-09,-6.423832077916513e-09,0.46176573483134403,-0.01457561604122902,0.8579270490827063,112.39999999999999,34.3,78.1,-23371.999999999985,1.4118130132496893,36.674999990831246,101.3,78.1,2.8332363844413258,3.870967726951093,9.994503031647773e-05,0.00012646581787003114,6.002310777998124e-05,1.224315357091026e-07,0.0006999999999999229,-0.00014996125612719773,6.812885502099281e-07,1,0.9999900000999989,9.999999999976694e-05,9.999999999998899e-05,-0.000300000000000189,4.61155646865811e-09,29992.877475229463,0.0,False,0.7289097191321077,0.05,-0.00039999999999995595,6.45e-06,1.0007,1.00112157,-0.00042157000000009326,121010243.9,-6.048211702719443e-06,1.8225,6.45e-06,2,1,False,0.5124372236292044,0.5837855629592716,18,44,5,2,0,10,4,False,0,621255375
1779860659000,1779860660071,9,181,False,1.0006499999999998,1.0006499999999998,1.0006499999999998,1.0006499999999998,0.0,0.0,0.0,0,0,0,1.0006,1.0007,9.999999999998899e-05,1.0006499999999998,1.0006533428426747,1.0007437155491141,73265.1,211835.8,532086.5,145778.69999999998,293081.5,626440.7,532086.5,626440.7,-0.08144323240749106,0.0,-0.10313602071600783,-3.351974180035339e-09,3.0731756641917308e-09,-6.42514984422707e-09,0.4592783837962541,-0.06685685517703746,0.8493804760769841,0.0,0.0,0.0,-23371.999999999985,1.365524061995601,0.0,0.0,0.0,0.0,0.0,4.996876952925075e-05,0.00012646557113771967,0.0,1.199305384847208e-07,0.0007499999999998064,-4.9976260787226975e-05,49968.76952925075,1,0.0,0.0,9.999999999998899e-05,-0.00020000000000042206,4.61155646865811e-09,29992.87747524531,0.0,False,0.7289097191321077,0.049723756906077346,-0.00020000000000042206,7.04e-06,1.0006,1.00095015,-0.00035015000000004903,121009656.3,-1.0903969588517277e-05,1.8225,7.04e-06,2,1,False,0.5166014451241043,0.5837842849360603,19,44,5,2,0,9,0,False,0,633976537
1779860660000,1779860661090,9,182,False,1.0006499999999998,1.0006499999999998,1.0006499999999998,1.0006499999999998,0.0,0.0,0.0,0,0,0,1.0006,1.0007,9.999999999998899e-05,1.0006499999999998,1.0006145513394125,1.0006728418966597,96158.2,239102.3,552745.9,104791.4,257018.9,587566.2,552745.9,587566.2,-0.030535762972259874,0.0,-0.013932370990158705,-3.320160037795908e-09,3.1532652332803173e-09,-6.4734252710762255e-09,0.4847321185138696,0.7089732100129027,0.9407380819386804,0.0,0.0,0.0,-23371.999999999985,1.3207527812744337,0.0,0.0,0.0,0.0,0.0,0.0,0.00012193916177271542,0.0,1.1243391231167124e-07,0.00034999999999985043,-4.996876952925075e-05,0.0,1,0.0,0.0,9.999999999998899e-05,0.0,4.61155646865811e-09,22494.939394155368,0.0,False,0.7289097191321077,0.04945054945054945,0.0,7.04e-06,1.0006,1.00095015,-0.00035015000000004903,121009656.3,-1.0903969588517277e-05,1.8225,7.04e-06,2,1,False,0.5166014451241043,0.5806522821045784,20,44,5,2,0,9,0,False,0,859290489
1779860661000,1779860662098,9,183,False,1.0007,1.0007,1.0007,1.0007,56.7,56.7,0.0,1,1,0,1.0007,1.0008,9.999999999998899e-05,1.00075,1.000777378182289,1.0008214711587309,82290.7,226407.19999999998,534115.0,131656.3,284436.3,612967.4,534115.0,612967.4,-0.06874170504228813,0.9999999999823633,-0.09094300311525952,-3.3574719031231256e-09,3.023296147256333e-09,-6.380768050379458e-09,0.4656291474788556,-0.5475636474803794,0.8713595535423239,56.7,0.0,56.7,-23315.299999999985,1.3102362966424852,56.6999999433,56.7,56.7,0.7632211088941018,1.0,4.996627277641685e-05,0.00012193864987385175,0.0,1.0493578692582242e-07,0.00029999999999996696,4.996627277641685e-05,8.812393787572418e-07,1,0.0,0.00010000000000021103,9.999999999998899e-05,-0.00010000000000021103,4.236078723585703e-09,24993.253032974935,0.0,False,0.7289097191321077,0.04918032786885246,-0.00020000000000042206,7.04e-06,1.0006,1.00095015,-0.00035015000000004903,121009656.3,-1.0903969588517277e-05,1.8225,7.04e-06,2,2,False,0.5166014451241043,0.5880056670118063,21,44,5,2,0,9,1,False,0,3435318149
1779860662000,1779860663076,9,184,False,1.0007,1.0008,1.0007,1.0008,64.7,15.0,49.7,2,1,1,1.0007,1.0008,9.999999999998899e-05,1.00075,1.0007738650372577,1.0008249485230511,82578.1,225873.2,533617.0,136500.6,289280.6,617811.7,533617.0,617811.7,-0.0731219397258379,-0.5363214837629625,-0.0936814829155742,-3.365623547997671e-09,3.0125962092668748e-09,-6.378219757264546e-09,0.46343903013708065,-0.4773007469721809,0.8637210981922148,15.0,49.7,-34.7,-23349.999999999985,1.3328515000312562,32.349999983825,49.7,-34.7,1.5005422572976483,2.710027092926756,9.992505629095692e-05,0.00011934594213291522,6.001111215515789e-05,1.024290444972162e-07,0.0004999999999999449,4.995878351454008e-05,1.5444367278116303e-06,1,0.9999900000999989,9.999999999976694e-05,9.999999999998899e-05,-9.999999999976694e-05,4.238156022991998e-09,17493.815476811913,0.0,False,0.7289097191321077,0.04891304347826087,-0.00019999999999953388,7.04e-06,1.0006,1.00095015,-0.00035015000000004903,121009656.3,-1.0903969588517277e-05,1.8225,7.04e-06,2,2,False,0.5124372236292044,0.5930018513648625,22,44,5,2,0,9,2,False,0,456019612
1779860663000,1779860664006,9,185,False,1.0008,1.0008,1.0008,1.0008,25.5,25.5,0.0,2,2,0,1.0007,1.0008,9.999999999998899e-05,1.00075,1.0007616854452555,1.0008175844433245,86302.4,229597.5,537341.3,131009.0,283789.0,612320.1,537341.3,612320.1,-0.0652181590162111,0.9999999999607843,-0.06899178615820334,-3.3637096733715945e-09,3.0250503506486917e-09,-6.388760024020286e-09,0.46739092049189407,-0.2337089066334222,0.8775496672410381,25.5,0.0,25.5,-23324.499999999985,1.3547252213417067,12.749999993625,13.5,25.5,1.4763141388501686,2.624671909121596,0.0,0.00011882107411274612,0.0,1.0242904449721619e-07,0.0004999999999999449,-9.992505629095692e-05,0.0,1,0.0,9.999999999976694e-05,9.999999999998899e-05,-9.999999999976694e-05,4.2403955007984276e-09,17493.81547680967,0.0,False,0.7289097191321077,0.04864864864864865,-0.00019999999999953388,7.04e-06,1.0006,1.00095015,-0.00035015000000004903,121009656.3,-1.0903969588517277e-05,1.8225,7.04e-06,2,1,False,0.5083458280008124,0.5930018513648626,23,44,5,2,0,8,2,False,0,2857697247
1779860664000,1779860665102,9,186,False,1.00075,1.00075,1.00075,1.00075,0.0,0.0,0.0,0,0,0,1.0007,1.0008,9.999999999998899e-05,1.00075,1.000738980896141,1.0008084701976292,86725.5,229695.5,539637.2,116766.8,266875.5,600028.8,539637.2,600028.8,-0.05299061303925891,0.0,-0.03786712998971115,-3.36268902271131e-09,3.0360304239585304e-09,-6.398719446669841e-09,0.47350469348037016,0.22038207479919447,0.899352164429439,0.0,0.0,0.0,-23324.499999999985,1.3103080009698476,0.0,0.0,0.0,0.0,0.0,-4.9961280018293456e-05,0.00011934510517134761,0.0,1.024290444972162e-07,0.00045000000000006146,-4.9961280018293456e-05,49961.28001829345,1,0.0,0.0,9.999999999998899e-05,0.00019999999999953388,4.2403955007984276e-09,17493.81547690763,0.0,False,0.7289097191321077,0.04838709677419355,0.00019999999999953388,7.04e-06,1.0006,1.00095015,-0.00035015000000004903,121027479.4,0.00013638101743171748,1.8225,7.04e-06,2,1,False,0.5124372236292044,0.5930049015249471,24,44,5,2,0,9,0,False,0,327311028
1779860665000,1779860665998,9,187,False,1.00075,1.00075,1.00075,1.00075,0.0,0.0,0.0,0,0,0,1.0007,1.0008,9.999999999998899e-05,1.00075,1.0007555741346723,1.0008095965438115,85227.6,227880.5,537792.2,116799.3,267180.8,600334.1,537792.2,600334.1,-0.05495163410247174,0.0,-0.05653194619301647,-3.365630239409073e-09,3.0331953817843294e-09,-6.398825621193402e-09,0.47252418294876375,-0.11148269565024845,0.8958215100558157,0.0,0.0,0.0,-23324.499999999985,1.2673470829052624,0.0,0.0,0.0,0.0,0.0,0.0,0.00011934510517134763,0.0,1.0242904449721617e-07,0.0005500000000000504,4.9961280018293456e-05,0.0,1,0.0,0.0,9.999999999998899e-05,0.0,4.2403955007984276e-09,17493.81547690763,0.0,False,0.7289097191321077,0.0481283422459893,0.0,7.04e-06,1.0006,1.00095015,-0.00035015000000004903,121027479.4,0.00013638101743171748,1.8225,7.04e-06,2,2,False,0.5124372236292044,0.5930049015249471,25,44,5,2,0,8,0,False,0,531317956
1779860666000,1779860667030,9,188,False,1.00075,1.00075,1.00075,1.00075,0.0,0.0,0.0,0,0,0,1.0007,1.0008,9.999999999998899e-05,1.00075,1.000771515289448,1.0008233134256936,79216.7,222194.6,533317.5,127253.6,278026.6,611155.1,533317.5,611155.1,-0.0680117636717558,0.0,-0.09433329437694371,-3.3632096382464934e-09,3.0132629466450254e-09,-6.376472584891518e-09,0.4659941181641216,-0.43030579124190754,0.8726385495269516,0.0,0.0,0.0,-23324.499999999985,1.2257947195313195,0.0,0.0,0.0,0.0,0.0,0.0,0.00011934510517134761,0.0,1.024290444972162e-07,0.000500000000000167,0.0,0.0,1,0.0,0.0,9.999999999998899e-05,0.0,4.2403955007984276e-09,17493.815476907628,0.0,False,0.7289097191321077,0.047872340425531915,0.0,7.04e-06,1.0006,1.00095015,-0.00035015000000004903,121027479.4,0.00013638101743171748,1.8225,7.04e-06,2,2,False,0.5124372236292044,0.5899593720822932,26,44,5,2,0,9,0,False,0,3092456100
1779860667000,1779860668067,9,189,False,1.0008,1.0008,1.0008,1.0008,2480.0,2480.0,0.0,1,1,0,1.0007,1.0008,9.999999999998899e-05,1.00075,1.0007715301720546,1.0008187991686313,86380.09999999999,229358.0,544669.9,128594.3,277867.4,611034.9,544669.9,611034.9,-0.057423833491043685,0.9999999999995968,-0.06811938536256099,-3.323121166399639e-09,3.0151520155650837e-09,-6.338273181964723e-09,0.47128808325447774,-0.43060344337094975,0.8913891825164145,2480.0,0.0,2480.0,-20844.499999999985,1.2183916139729156,2479.99999752,2480.0,2480.0,0.8207541710817089,1.0,4.9961280018317166e-05,0.00011934421582654038,0.0,1.0242904449721619e-07,0.00029999999999996696,4.9961280018317166e-05,2.014567742673267e-08,1,0.0,9.999999999976694e-05,9.999999999998899e-05,-9.999999999976694e-05,3.860283174938328e-09,17491.691963239777,0.0,False,0.7289097191321077,0.047619047619047616,-0.00019999999999953388,7.04e-06,1.0006,1.00095015,-0.00035015000000004903,121027479.4,0.00013638101743171748,1.8225,7.04e-06,2,2,False,0.5417721439934274,0.5930032923264631,27,44,5,2,0,7,1,False,0,3052696686
1779860668000,1779860669005,9,190,False,1.0007,1.0009,1.0007,1.0009,3602.2999999999997,3597.2999999999997,5.0,4,3,1,1.0008,1.0009,9.999999999998899e-05,1.0008499999999998,1.000892453085263,1.0009557268344056,60182.200000000004,218728.6,536192.2,132563.9,306475.8,631082.7,536192.2,631082.7,-0.08129233310850763,0.9972239957801967,-0.13612142099825622,-3.380163017494684e-09,2.972432909737148e-09,-6.352595927231832e-09,0.45935383344574576,-0.8490617075231501,0.8496385655952843,3597.2999999999997,5.0,3592.2999999999997,-17252.199999999986,1.3095918889246234,900.5749997748561,2625.7,3592.2999999999997,3.054386661046159,3.8071065844907106,9.991507227179724e-05,0.00012141743258118159,0.00012001622829570269,1.0742092940103786e-07,0.00029999999999996696,4.995379225348007e-05,2.7736466222071873e-08,1,0.999995000025,0.00010000000000021103,9.999999999998899e-05,0.0002999999999997449,3.9495560029735924e-09,17491.691963241792,0.0,False,0.7289097191321077,0.04736842105263158,0.00019999999999953388,7.04e-06,1.0006,1.00095015,-0.00035015000000004903,121027479.4,0.00013610993074568856,1.8225,7.04e-06,2,2,False,0.5892652782933963,0.6019830332273579,28,44,5,2,0,9,4,False,0,4283450338
1779860669000,1779860670024,9,191,False,1.0008499999999998,1.0008499999999998,1.0008499999999998,1.0008499999999998,0.0,0.0,0.0,0,0,0,1.0008,1.0009,9.999999999998899e-05,1.0008499999999998,1.0008920415006342,1.000965554383558,61327.799999999996,219873.6,534742.4,144591.0,317064.8,637107.6,534742.4,637107.6,-0.08735350087468521,0.0,-0.14166060732564484,-3.3681851905374366e-09,2.9747225998822312e-09,-6.342907790419668e-09,0.456323249562657,-0.8408300151984172,0.8393282390604023,0.0,0.0,0.0,-17252.199999999986,1.2666544499434882,0.0,0.0,0.0,0.0,0.0,-4.995628825826817e-05,0.00012193020327807599,0.0,1.1241231555279344e-07,0.00019999999999997797,-0.0001498713605300654,49956.28825826816,1,0.0,0.0,9.999999999998899e-05,-0.00019999999999953388,3.9495560029735924e-09,17491.691963242483,0.0,False,0.7289097191321077,0.04712041884816754,-0.00019999999999953388,7.04e-06,1.0006,1.00095015,-0.00035015000000004903,121027479.4,0.00013610993074568856,1.8225,7.04e-06,2,1,False,0.6099875453015927,0.5979179902297975,29,44,5,2,0,9,0,False,0,1033397711
1779860670000,1779860671008,9,192,False,1.0008,1.0008,1.0008,1.0008,25.8,0.0,25.8,1,0,1,1.0008,1.0009,9.999999999998899e-05,1.0008499999999998,1.0008924131830748,1.000970732571289,58721.6,216425.5,535268.9,148768.1,318216.60000000003,645479.6,535268.9,645479.6,-0.09333969088252059,-0.9999999999612403,-0.15530947357924538,-3.3660572181581156e-09,2.9370174895849593e-09,-6.303074707743075e-09,0.4533301545587393,-0.8482636639927197,0.8292576558577516,0.0,25.8,-25.8,-17277.999999999985,1.257911681092882,25.7999999742,25.8,-25.8,0.794968370383702,1.0,-4.9958784013426885e-05,8.362635961959779e-05,0.0,7.492606370415566e-08,0.0001500000000000945,-2.495755158717387e-09,1.936386977189554e-06,1,0.0,9.999999999976694e-05,9.999999999998899e-05,-9.999999999976694e-05,4.192408872477384e-09,19989.631163900394,0.0,False,0.7289097191321077,0.046875,-0.00019999999999953388,7.04e-06,1.0006,1.00095015,-0.00035015000000004903,121027479.4,0.00013610993074568856,1.8225,7.04e-06,1,1,False,0.6054678351292577,0.5930860381446434,30,44,5,2,0,9,1,False,0,2691193388
1779860671000,1779860672088,9,193,False,1.0008499999999998,1.0008499999999998,1.0008499999999998,1.0008499999999998,0.0,0.0,0.0,0,0,0,1.0008,1.0009,9.999999999998899e-05,1.0008499999999998,1.0008911297701133,1.0009699667191254,60322.299999999996,218026.2,537944.8,148356.2,321199.60000000003,646237.2,537944.8,646237.2,-0.09144911846320905,0.0,-0.14814149310534094,-3.3596200631254526e-09,2.931392084398976e-09,-6.291012147524428e-09,0.4542754407683951,-0.8225954047435482,0.8324262360631657,0.0,0.0,0.0,-17277.999999999985,1.2166686751554106,0.0,0.0,0.0,0.0,0.0,4.995878401349547e-05,8.135423679032478e-05,0.0,6.74289401143459e-08,0.00014999999999987246,9.991756802692236e-05,49958.78401349547,1,0.0,0.0,9.999999999998899e-05,0.00039999999999995595,4.192408872477384e-09,19989.63116399334,0.0,False,0.7289097191321077,0.046632124352331605,0.00039999999999995595,7.04e-06,1.0006,1.00095015,-0.00035015000000004903,121027479.4,0.00013610993074568856,1.8225,7.04e-06,0,2,False,0.6240014262662315,0.6061822488097508,31,44,5,2,0,10,0,False,0,3153117655
1779860672000,1779860673048,9,194,False,1.0008499999999998,1.0008499999999998,1.0008499999999998,1.0008499999999998,0.0,0.0,0.0,0,0,0,1.0008,1.0009,9.999999999998899e-05,1.0008499999999998,1.000891129550727,1.0009696786852982,59163.8,216867.7,536756.3,147437.4,322481.2,647566.8,536756.3,647566.8,-0.09356441666974148,0.0,-0.15385598208458517,-3.357000525620987e-09,2.91926674250827e-09,-6.276267268129257e-09,0.4532177916651289,-0.8225910170161229,0.8288817462538215,0.0,0.0,0.0,-17277.999999999985,1.1767778989208069,0.0,0.0,0.0,0.0,0.0,0.0,7.82231529615133e-05,0.0,6.74289401143459e-08,4.999999999988347e-05,-4.995878401349547e-05,0.0,1,0.0,0.0,9.999999999998899e-05,0.0,4.192408872477384e-09,19989.631163050275,0.0,False,0.7289097191321077,0.04639175257731959,0.0,7.04e-06,1.0006,1.00095015,-0.00035015000000004903,121027479.4,0.00013610993074568856,1.8225,7.04e-06,0,1,True,0.6288308509384744,0.6013999699421051,32,44,5,2,0,8,0,False,0,4140448316
1779860673000,1779860674014,9,195,False,1.0008,1.0008,1.0007,1.0007,962.5,0.0,962.5,2,0,2,1.0007,1.0008,9.999999999998899e-05,1.00075,1.0007883512848943,1.0008439419224195,80799.4,222743.0,541224.7,149065.6,303979.0,630459.5,541224.7,630459.5,-0.07615942930697536,-0.999999999998961,-0.1046408427764447,-3.308412238952335e-09,2.9562712801018566e-09,-6.264683519054192e-09,0.4619202853465119,-0.7670256990577149,0.8584606941445074,0.0,962.5,-962.5,-18240.499999999985,1.2037687874807803,481.249999759375,715.4,-962.5,1.6614486262965045,7.936507873519779,-0.00014988384030442737,8.510064593444904e-05,6.001111215515789e-05,6.74289401143459e-08,-9.999999999998899e-05,-0.00014988384030442737,1.5572347044599652e-07,1,-0.9999900000999989,0.00010000000000021103,9.999999999998899e-05,0.00010000000000021103,4.890428404115457e-09,27483.823178271647,0.0,False,0.7272559680623308,0.05128205128205128,0.0,7.04e-06,1.0006,1.00095015,-0.00035015000000004903,121027479.4,0.00015176790720767636,1.8225,7.04e-06,1,1,False,0.6192524098260074,0.5810236131122054,33,44,5,2,0,8,2,False,0,3313607275
1779860674000,1779860675076,9,196,False,1.0008,1.0008,1.0008,1.0008,9.2,9.2,0.0,1,1,0,1.0007,1.0008,9.999999999998899e-05,1.00075,1.000786723628808,1.000841887176716,81083.4,225216.1,551953.1,145758.1,293180.5,622054.9,551953.1,622054.9,-0.059711518149791136,0.9999999998913044,-0.09158617017161712,-3.2134978945925126e-09,2.990501436379556e-09,-6.2039993309720685e-09,0.47014424092510404,-0.7344725774954356,0.8873060882568388,9.2,0.0,9.2,-18231.299999999985,1.1970878436289514,9.199999990799999,9.2,9.2,0.8353605831742108,1.0,9.992505629095692e-05,8.798505999428542e-05,0.0,8.24060912938706e-08,4.999999999988347e-05,0.0002498088965953843,1.0861419160879947e-05,1,0.0,9.999999999976694e-05,9.999999999998899e-05,0.000300000000000189,4.889119870065739e-09,27483.823178276838,0.0,False,0.7272559680623308,0.05612244897959184,0.00020000000000042206,7.04e-06,1.0006,1.00095015,-0.00035015000000004903,121030577.2,0.00017736763184855793,1.8225,7.04e-06,1,2,False,0.6192524098260074,0.5861626343889765,34,44,5,2,0,9,1,False,0,1531198741
1779860675000,1779860676072,9,197,False,1.0007,1.0007,1.0007,1.0007,10.7,0.0,10.7,1,0,1,1.0007,1.0008,9.999999999998899e-05,1.00075,1.0007867554313752,1.0008420807371774,80974.0,224520.5,551257.5,145724.5,293055.0,621968.4,551257.5,621968.4,-0.06027049010765955,-0.9999999999065421,-0.09216247175527922,-3.2204975983572254e-09,2.990689619417561e-09,-6.2111872177747865e-09,0.46986475494616986,-0.7351086288447172,0.8863111051944103,0.0,10.7,-10.7,-18241.999999999985,1.1906259471165268,10.699999989299998,10.7,-10.7,0.8398943443000872,1.0,-9.992505629102663e-05,8.79822228145261e-05,0.0,8.739348231683283e-08,-5.0000000000105516e-05,-0.00019985011258198356,9.338790306699799e-06,1,0.0,0.00010000000000021103,9.999999999998899e-05,-0.00010000000000021103,5.095268473031336e-09,27483.823178797255,0.0,False,0.7272559680623308,0.06091370558375635,-0.00020000000000042206,7.04e-06,1.0006,1.00095015,-0.00035015000000004903,121030577.2,0.00017736763184855793,1.8225,7.04e-06,1,1,False,0.6192524098260074,0.5760570428901272,35,44,5,2,0,8,1,False,0,1554169954
1779860676000,1779860677014,9,198,False,1.0007,1.0007,1.0007,1.0007,1982.5,0.0,1982.5,1,0,1,1.0006,1.0007,9.999999999998899e-05,1.0006499999999998,1.0006011284271628,1.0006610545666508,99080.5,252252.0,608745.0,83312.9,250351.1,577458.3,608745.0,577458.3,0.026375495667563836,-0.9999999999994956,0.07729718527129253,-3.1085944728011088e-09,3.080390731530158e-09,-6.188985204331267e-09,0.5131877478337815,0.9774314551992748,1.0541800161154473,0.0,1982.5,-1982.5,-20224.499999999985,1.1843759160635259,1982.4999980174998,1982.5,-1982.5,0.8443265230175762,1.0,0.0,8.726928304022511e-05,0.0,7.490097880537313e-08,-5.0000000000105516e-05,9.992505629102663e-05,0.0,1,0.0,0.00010000000000021103,9.999999999998899e-05,-0.00010000000000021103,5.257711996706541e-09,27483.82317866431,0.0,False,0.7272559680623308,0.06565656565656566,-0.00020000000000042206,7.04e-06,1.0006,1.00095015,-0.00035015000000004903,121030577.2,0.00017736763184855793,1.8225,7.04e-06,1,2,False,0.6612466831244009,0.5760570428901272,36,44,5,2,0,7,1,False,0,2725700906
1779860677000,1779860678023,9,199,False,1.0007,1.0007,1.0007,1.0007,164.6,164.6,0.0,1,1,0,1.0007,1.0008,9.999999999998899e-05,1.00075,1.000743418488321,1.000771582162831,91980.1,235082.4,562561.5,94060.8,240974.2,571218.2,562561.5,571218.2,-0.007635257537244622,0.9999999999939247,0.010017137723473193,-3.2145196636983385e-09,3.1303604021421203e-09,-6.344880065840459e-09,0.49618237123137726,0.13163023216403066,0.9848451957588169,164.6,0.0,164.6,-20059.899999999987,1.178330804061443,164.59999983539998,164.6,164.6,0.8486581151104301,1.0,0.0,6.703185930698554e-05,0.0,4.9924087430481634e-08,-9.999999999998899e-05,0.0,0.0,1,0.0,0.00010000000000021103,9.999999999998899e-05,0.00010000000000021103,5.2568936952677e-09,14988.50885648054,0.0,False,0.7272559680623308,0.07035175879396985,0.0,7.04e-06,1.0006,1.00095015,-0.00035015000000004903,121030577.2,0.00017736763184855793,1.8225,7.04e-06,0,2,False,0.6612466831244009,0.5760570428901272,37,44,5,2,0,9,1,False,0,2770705077
1779860678000,1779860679012,9,200,False,1.0007,1.0007,1.0007,1.0007,30.6,0.0,30.6,1,0,1,1.0007,1.0008,9.999999999998899e-05,1.00075,1.0007429999161803,1.0007886468939695,92114.0,235216.30000000002,562701.4,102086.6,249000.0,579244.0,562701.4,579244.0,-0.014486331833378342,-0.9999999999673203,0.005143372558863574,-3.2144270066213355e-09,3.0962401013067126e-09,-6.310667107928048e-09,0.49275683408331045,0.14000167499510482,0.9714410507489055,0.0,30.6,-30.6,-20090.499999999985,1.172483892452871,30.5999999694,30.6,-30.6,0.8528901809090785,1.0,0.0,6.319667481682419e-05,0.0,4.4929957245003574e-08,-0.00019999999999997797,0.0,0.0,1,0.0,0.00010000000000021103,9.999999999998899e-05,-0.00010000000000021103,5.069372855858944e-09,14988.508856480315,0.0,False,0.7244847692380698,0.05,-0.00020000000000042206,7.04e-06,1.0006,1.00095015,-0.00035015000000004903,121030577.2,0.00017888266474961665,1.8225,7.04e-06,0,2,False,0.6612466831244009,0.5760570428901272,38,44,5,2,0,8,1,False,0,2404493595
1779860679000,1779860680062,9,201,False,1.0008,1.0008,1.0006,1.0006,2061.9,414.0,1647.9,3,1,2,1.0006,1.0007,9.999999999998899e-05,1.0006499999999998,1.000604729333681,1.0006647029563644,96365.8,251832.1,608509.0,96430.79999999999,257531.9,554933.9,608509.0,554933.9,0.04604875752819493,-0.5984286337840834,0.06759543282610524,-3.0958561720730343e-09,3.2493369523452557e-09,-6.34519312441829e-09,0.5230243787640971,0.9054133245430076,1.0965432099210353,414.0,1647.9,-1233.9,-21324.399999999987,1.2324024533560556,687.2999997709001,1386.0,-1233.9,2.4342697382630045,7.092198531261004,-9.993504230569307e-05,6.609331619401531e-05,0.0001200282215233196,4.4929957245003574e-08,-0.00024999999999986144,-9.993504230569307e-05,4.846745346798807e-08,-1,-0.999995000025,9.999999999976694e-05,9.999999999998899e-05,9.999999999976694e-05,5.50562281622294e-09,14988.508856626577,0.0,False,0.7244847692380698,0.05,0.0,7.04e-06,1.0006,1.00095015,-0.00035015000000004903,121029908.4,0.0001733557999506673,1.8225,7.04e-06,0,0,False,0.6745552168392768,0.5677792252882103,39,44,5,2,0,9,3,False,0,656080291
1779860680000,1779860681004,9,202,False,1.0007,1.0007,1.0007,1.0007,6.2,6.2,0.0,1,1,0,1.0006,1.0007,9.999999999998899e-05,1.0006499999999998,1.0006299694535674,1.0006580546402366,98500.4,253736.0,610442.9,96729.3,255344.7,552746.7,610442.9,552746.7,0.049601715833772944,0.9999999998387097,0.05248304495010546,-3.0923136431617417e-09,3.2720898377877064e-09,-6.364403480949448e-09,0.524800857916886,0.4006109272344273,1.104380903585673,6.2,0.0,6.2,-21318.199999999986,1.2247827007870047,6.1999999938,6.2,6.2,0.8164713614431048,1.0,9.993504230577645e-05,6.976873998829959e-05,0.0,5.491696992565257e-08,-9.999999999998899e-05,0.00019987008461146952,1.6118555208009335e-05,1,0.0,0.00010000000000021103,9.999999999998899e-05,0.00010000000000021103,5.321643352628174e-09,14988.508856629001,0.0,False,0.7244847692380698,0.05,0.0,7.04e-06,1.0006,1.00095015,-0.00035015000000004903,121029908.4,0.0001733557999506673,1.8225,7.04e-06,0,2,False,0.6513721048881208,0.5712836569853442,40,44,5,2,0,8,1,False,0,2220029111
1779860681000,1779860682121,9,203,False,1.0006499999999998,1.0006499999999998,1.0006499999999998,1.0006499999999998,0.0,0.0,0.0,0,0,0,1.0006,1.0007,9.999999999998899e-05,1.0006499999999998,1.0006282201991556,1.0006578202966032,99500.4,254711.0,606422.1,96778.6,255394.0,547736.4,606422.1,547736.4,0.05084717566954617,0.0,0.05470766992452716,-3.1168477595849977e-09,3.310384483650602e-09,-6.4272322432356e-09,0.5254235878347727,0.43559601556828054,1.1071422311900374,0.0,0.0,0.0,-21318.199999999986,1.1846258909251357,0.0,0.0,0.0,0.0,0.0,-4.9966272776373005e-05,6.976873998829801e-05,0.0,5.491746888958861e-08,-0.00019999999999997797,-0.00014990131508214944,49966.272776373,-1,0.0,0.0,9.999999999998899e-05,-0.0,5.321643352628174e-09,12490.19521821111,0.0,False,0.7244847692380698,0.055,-0.0,7.04e-06,1.0006,1.00095015,-0.00035015000000004903,121029908.4,0.0001733557999506673,1.8225,7.04e-06,0,0,False,0.6562688153197349,0.5712849125302084,41,44,5,2,0,8,0,False,0,224291311
1779860682000,1779860683044,9,204,False,1.0006499999999998,1.0006499999999998,1.0006499999999998,1.0006499999999998,0.0,0.0,0.0,0,0,0,1.0006,1.0007,9.999999999998899e-05,1.0006499999999998,1.0006283780874514,1.0006578868562426,99500.4,257689.1,617375.1,96851.6,255467.0,552845.2,617375.1,552845.2,0.055143377704180985,0.0,0.059583270507420294,-3.051230152351109e-09,3.272374258858078e-09,-6.323604411209187e-09,0.5275716888520902,0.43243824966244027,1.116723270817941,0.0,0.0,0.0,-21318.199999999986,1.1457856977800494,0.0,0.0,0.0,0.0,0.0,0.0,6.60940711094209e-05,0.0,5.491746888958861e-08,-0.00019999999999997797,4.9966272776373005e-05,0.0,-1,0.0,0.0,9.999999999998899e-05,0.0,5.321643352628174e-09,12490.195218122994,0.0,False,0.7244847692380698,0.06,0.0,7.04e-06,1.0006,1.00095015,-0.00035015000000004903,121029908.4,0.0001733557999506673,1.8225,7.04e-06,0,1,True,0.6612466831244009,0.5679970547536505,42,44,5,2,0,4,0,False,0,2296715525
1779860683000,1779860684101,9,205,False,1.0007,1.0007,1.0007,1.0007,100.0,100.0,0.0,1,1,0,1.0006,1.0007,9.999999999998899e-05,1.0006499999999998,1.000630483457216,1.0006730596332711,95986.7,254311.8,613992.8,102707.7,253734.69999999998,551113.9,613992.8,551113.9,0.05396836186762977,0.99999999999,0.05304367465666075,-3.0530142754925527e-09,3.2928501811831163e-09,-6.3458644566756685e-09,0.5269841809338144,0.3903308542483521,1.1140942008539412,100.0,0.0,100.0,-21218.199999999986,1.1410058388364412,99.99999989999999,100.0,100.0,0.8764197036391558,1.0,4.996627277641685e-05,6.703176602608313e-05,0.0,5.4917468889588615e-08,0.0,4.996627277641685e-05,4.996627277591719e-07,-1,0.0,0.00010000000000021103,9.999999999998899e-05,0.00010000000000021103,5.38177622044011e-09,14988.508856943834,0.0,False,0.7244847692380698,0.065,0.0,7.04e-06,1.0006,1.00095015,-0.00035015000000004903,121029908.4,0.00017642553639061006,1.8225,7.04e-06,0,1,True,0.6562688153197349,0.5679965113672418,43,44,5,2,0,8,1,False,0,537387616
1779860684000,1779860685036,9,206,False,1.0006,1.0006,1.0006,1.0006,119.7,0.0,119.7,2,0,2,1.0006,1.0007,9.999999999998899e-05,1.0006499999999998,1.000630575202497,1.000661331497998,94743.5,253499.1,613180.1,96758.1,253786.0,551165.2,613180.1,551165.2,0.05326160547047339,-0.9999999999916458,0.05139961520953713,-3.052971299412548e-09,3.286648686007509e-09,-6.339619985420057e-09,0.5266308027352363,0.3884959486229331,1.1125159933900015,0.0,119.7,-119.7,-21337.899999999987,1.1691695818254104,59.849999970075,97.0,-119.7,1.7106158331341532,1.3698630118221056,-9.993504230569307e-05,6.97696339072685e-05,0.0,5.991085047335762e-08,-0.00019999999999997797,-0.00014990131508210993,8.348792172502772e-07,-1,0.0,9.999999999976694e-05,9.999999999998899e-05,9.999999999976694e-05,2.995484185587225e-08,14988.50885689584,0.0,False,0.7244847692380698,0.07,0.0,7.04e-06,1.0006,1.00095015,-0.00035015000000004903,121029636.5,0.00017417858789908077,1.8225,7.04e-06,0,0,False,0.6562688153197349,0.5778023312119143,44,44,5,2,0,7,2,False,0,231563331
1779860685000,1779860686092,9,207,False,1.0006499999999998,1.0006499999999998,1.0006499999999998,1.0006499999999998,0.0,0.0,0.0,0,0,0,1.0006,1.0007,9.999999999998899e-05,1.0006499999999998,1.000631063279742,1.0006779000944566,94300.0,253180.8,612861.8,105336.6,256271.7,553650.9,612861.8,553650.9,0.05075889872437734,0.0,0.04719588558478979,-3.052825429992489e-09,3.285413169753068e-09,-6.338238599745557e-09,0.5253794493621882,0.378734403738105,1.1069462724615797,0.0,0.0,0.0,-21337.899999999987,1.130836152913102,0.0,0.0,0.0,0.0,0.0,4.996876952925075e-05,7.065865631306358e-05,0.0,6.490448157022673e-08,-5.0000000000105516e-05,0.00014990381183494384,49968.76952925075,-1,0.0,0.0,9.999999999998899e-05,0.0,2.995484185587225e-08,14988.508856916713,0.0,False,0.7244847692380698,0.075,0.0,7.04e-06,1.0006,1.00095015,-0.00035015000000004903,121029636.5,0.00017417858789908077,1.8225,7.04e-06,0,1,True,0.6714542545409707,0.5778023312119143,45,44,5,2,0,7,0,False,0,2127597001
1779860686000,1779860687070,9,208,False,1.0006499999999998,1.0006499999999998,1.0006499999999998,1.0006499999999998,0.0,0.0,0.0,0,0,0,1.0006,1.0007,9.999999999998899e-05,1.0006499999999998,1.0006285396698464,1.0006626449776392,96016.8,254922.6,614603.6,99461.6,256422.40000000002,553801.6,614603.6,553801.6,0.05203845378298552,0.0,0.05030276028115088,-3.04729492129005e-09,3.277114013084783e-09,-6.324408934374833e-09,0.5260192268914924,0.4292066015929487,1.1097902209022128,0.0,0.0,0.0,-21337.899999999987,1.0937595577356232,0.0,0.0,0.0,0.0,0.0,0.0,7.065865631306358e-05,0.0,6.490448157022673e-08,-5.0000000000105516e-05,-4.996876952925075e-05,0.0,-1,0.0,0.0,9.999999999998899e-05,0.0,2.995484185587225e-08,14988.508856916713,0.0,False,0.7244847692380698,0.08,0.0,7.04e-06,1.0006,1.00095015,-0.00035015000000004903,121029636.5,0.00017417858789908077,1.8225,7.04e-06,0,0,False,0.6714542545409707,0.5778023312119143,46,44,5,2,0,8,0,False,0,3935945800
1779860687000,1779860688054,9,209,False,1.0007,1.0007,1.0006,1.0006,30.599999999999998,20.9,9.7,2,1,1,1.0006,1.0007,9.999999999998899e-05,1.0006499999999998,1.0006053336646368,1.0006483311981107,99509.4,257660.3,617341.3,89075.0,246035.8,543415.0,617341.3,543415.0,0.0636880454579484,0.3660130718834636,0.09055966754451825,-3.049944288331757e-09,3.2981937124211026e-09,-6.348138000752859e-09,0.5318440227289738,0.8933267056044992,1.1360402270824304,20.9,9.7,11.2,-21326.699999999986,1.1234723591213405,15.29999999235,20.9,11.2,1.7801951084795626,3.278688513840365,-4.9968769529363923e-05,7.065892111636108e-05,6.001710936824499e-05,5.991259666640507e-08,-9.999999999998899e-05,-4.9968769529363923e-05,1.6329663244356522e-06,-1,-0.9999900000999989,9.999999999976694e-05,9.999999999998899e-05,-0.0004999999999997229,3.01051453480027e-08,14988.88333246905,0.0,False,0.7244847692380698,0.085,-0.0005999999999994898,7.04e-06,1.0006,1.00095015,-0.00035015000000004903,121029636.5,0.00017417858789908077,1.8225,7.04e-06,0,0,False,0.6612466831244009,0.5862415168520739,47,44,5,2,0,8,2,False,0,303733712
1779860688000,1779860689081,9,210,False,1.0006499999999998,1.0006499999999998,1.0006499999999998,1.0006499999999998,0.0,0.0,0.0,0,0,0,1.0006,1.0007,9.999999999998899e-05,1.0006499999999998,1.0006052787332862,1.000632414349979,99798.9,258520.9,617180.5,78902.2,233441.3,530820.5,617180.5,530820.5,0.07522641530800055,0.0,0.10348174630012386,-3.0481808435579525e-09,3.3414083668339285e-09,-6.389589210391881e-09,0.5376132076539999,0.8944253326148387,1.1626915313180233,0.0,0.0,0.0,-21326.699999999986,1.0866371998058866,0.0,0.0,0.0,0.0,0.0,4.996876952925075e-05,6.795863408270934e-05,0.0,5.74180884429225e-08,-5.0000000000105516e-05,9.993753905861467e-05,49968.76952925075,-1,0.0,0.0,9.999999999998899e-05,-0.00039999999999995595,3.01051453480027e-08,14988.883332548683,0.0,False,0.7192544456862939,0.005,-0.00039999999999995595,7.04e-06,1.0006,1.00095015,-0.00035015000000004903,121029636.5,0.00017417858789908077,1.8225,7.04e-06,0,1,True,0.6663077815668731,0.5814626389743276,48,44,5,2,0,8,0,False,0,1737505321
1779860689000,1779860690101,9,211,False,1.0006,1.0006,1.0006,1.0006,1935.4,0.0,1935.4,1,0,1,1.0006,1.0007,9.999999999998899e-05,1.0006499999999998,1.0006465932909838,1.0006462766568027,93329.2,251997.1,610626.7,90437.09999999999,240952.59999999998,538316.8,610626.7,538316.8,0.06293599293611901,-0.9999999999994833,0.04714382546991504,-3.0596809536550615e-09,3.3516543702894974e-09,-6.411335323944559e-09,0.5314679964680591,0.06813417897269183,1.1343259210933019,0.0,1935.4,-1935.4,-23262.099999999988,1.0837966358778248,1935.3999980646,1935.4,-1935.4,0.9226823243157275,1.0,-4.9968769529363923e-05,6.795909288663555e-05,0.0,5.7419210955988225e-08,0.0,-9.993753905861467e-05,2.5818316383867988e-08,-1,0.0,9.999999999976694e-05,9.999999999998899e-05,0.0004999999999997229,2.5575019559139037e-08,17487.321809016183,0.0,False,0.7226135017724205,0.005,0.00039999999999995595,7.04e-06,1.00074588,1.00123942,-0.0004935400000001255,121029727.3,0.00017492894804258828,1.8225,7.04e-06,0,0,False,0.6240014262662315,0.5850730734186919,49,44,5,2,0,8,1,False,0,3978073790
1779860690000,1779860691049,9,212,False,1.0006,1.0006,1.0006,1.0006,34.3,0.0,34.3,1,0,1,1.0006,1.0007,9.999999999998899e-05,1.0006499999999998,1.000607595199145,1.0006174641068644,96898.4,255566.30000000002,614225.9,71615.8,226544.8,523918.0,614225.9,523918.0,0.0793466450068396,-0.9999999999708455,0.11070415150521846,-3.056745129798128e-09,3.367577030345934e-09,-6.424322160144062e-09,0.5396733225034195,0.8480960152931183,1.1723702945880823,0.0,34.3,-34.3,-23296.399999999987,1.081049205193306,34.299999965699996,34.3,-34.3,0.9250272737549993,1.0,0.0,6.703465000258707e-05,0.0,5.492333085588456e-08,-9.999999999998899e-05,4.9968769529363923e-05,0.0,-1,0.0,9.999999999976694e-05,9.999999999998899e-05,0.000700000000000145,2.5198666355653265e-08,14989.382608344842,0.0,False,0.7226135017724205,0.005,0.000600000000000378,7.04e-06,1.00074588,1.00123942,-0.0004935400000001255,121029727.3,0.00017492894804258828,1.8225,7.04e-06,0,1,True,0.6240014262662315,0.5850730734186919,50,44,5,2,0,7,1,False,0,1697890342
1779860691000,1779860692068,9,213,False,1.0007,1.0008,1.0007,1.0008,873.6999999999999,873.6999999999999,0.0,2,2,0,1.0008,1.0009,9.999999999998899e-05,1.0008499999999998,1.0008438871549756,1.0009365804174808,70381.0,230452.0,566079.0,106223.59999999999,275560.8,568088.9,566079.0,568088.9,-0.0017721362066410288,0.9999999999988555,-0.0038303530717214785,-3.190395660052855e-09,3.1986454121920108e-09,-6.389041072244866e-09,0.49911393189667913,0.12225689800365055,0.9964619974092064,873.6999999999999,0.0,873.6999999999999,-22422.699999999986,1.1111787394492632,436.8499997815749,842.3,873.6999999999999,1.7998904471402821,21.276595291987334,0.00019986009859659473,7.97875506988153e-05,6.001111215515789e-05,5.492333085588456e-08,0.0001500000000000945,0.00019986009859659473,2.2875140047655487e-07,1,0.9999900000999989,9.999999999976694e-05,9.999999999998899e-05,-0.000300000000000189,2.764434531205037e-08,14989.382608539363,0.0,False,0.7226135017724205,0.005,-0.00039999999999995595,7.04e-06,1.00074588,1.00123942,-0.0004935400000001255,121029727.3,0.00017492894804258828,1.8225,7.04e-06,0,2,False,0.6476567769939877,0.5698518756789045,51,44,5,2,0,8,2,False,0,993973068
1779860692000,1779860693009,9,214,False,1.0008,1.0009,1.0008,1.0008,199.6,89.7,109.9,5,2,3,1.0008,1.0009,9.999999999998899e-05,1.0008499999999998,1.000876358312094,1.0009461043895949,71367.9,231681.3,578130.2,131000.9,300965.8,610506.7,578130.2,610506.7,-0.02723834334942822,-0.10120240480911223,-0.06638423252339108,-3.149685462051548e-09,3.058300335479723e-09,-6.207985797531271e-09,0.4863808283252855,-0.527166243296604,0.9469678219747613,89.7,109.9,-20.200000000000003,-22442.899999999987,1.2386810758607627,39.919999992015995,79.8,-20.199999999999996,4.036551533241868,4.672897174425715,0.0,7.978755069881528e-05,6.000511614058666e-05,5.492333085588456e-08,0.0001500000000000945,-0.00019986009859659473,0.0,1,0.0,9.999999999976694e-05,9.999999999998899e-05,0.000300000000000189,3.778493828450752e-08,14989.382608539363,0.0,False,0.7226135017724205,0.005,0.00020000000000042206,7.04e-06,1.00074588,1.00123942,-0.0004935400000001255,121029727.3,0.00017492894804258828,1.8225,7.04e-06,0,1,True,0.6054678351292577,0.5698518756789045,52,44,5,2,0,7,5,False,0,662793195
1779860693000,1779860694014,9,215,False,1.0009,1.0009,1.0009,1.0009,20.0,20.0,0.0,1,1,0,1.0008,1.0009,9.999999999998899e-05,1.0008499999999998,1.0008702864750243,1.0009480354523894,72348.2,234343.1,575913.9,127988.0,288867.4,595605.9,575913.9,595605.9,-0.016808934855390395,0.99999999995,-0.04779786541724397,-3.165622525168441e-09,3.1376448713429045e-09,-6.303267396511345e-09,0.49159553257230443,-0.40572950221187937,0.9669378694871877,20.0,0.0,20.0,-22422.899999999987,1.2308554668161475,19.99999998,20.0,20.0,0.8124430740631601,1.0,9.991507227179724e-05,7.577562966184965e-05,0.0,3.994617967635986e-08,0.00019999999999997797,9.991507227179724e-05,4.995753613340074e-06,1,0.0,0.00010000000000021103,9.999999999998899e-05,-0.00010000000000021103,4.0265012511767646e-08,7495.190593343024,0.0,False,0.7226135017724205,0.005,-0.00020000000000042206,7.04e-06,1.00074588,1.00123942,-0.0004935400000001255,121029727.3,0.0001812337767994941,1.8225,7.04e-06,0,2,False,0.5808690664593595,0.5564147786398685,53,44,5,2,0,10,1,False,0,616040896
1779860694000,1779860695028,9,216,False,1.0009,1.0009,1.0009,1.0009,54.9,54.9,0.0,1,1,0,1.0008,1.0009,9.999999999998899e-05,1.0008499999999998,1.000870362595661,1.0009567252760805,70392.0,232386.9,580829.8,131748.4,288821.9,598361.8,580829.8,598361.8,-0.014867812830417028,0.9999999999817851,-0.05004973550826294,-3.1446187033433737e-09,3.1091123168690294e-09,-6.253731020212403e-09,0.4925660935847911,-0.40725191493733326,0.9707000012367083,54.9,0.0,54.9,-22367.999999999985,1.2232864351172574,54.89999994509999,54.9,54.9,0.8174700303013459,1.0,0.0,7.240645832322034e-05,0.0,2.996116280160198e-08,0.00029999999999996696,-9.991507227179724e-05,0.0,1,0.0,0.00010000000000021103,9.999999999998899e-05,0.00010000000000021103,3.424629693255413e-08,7495.190593337834,0.0,False,0.7226135017724205,0.005,0.0,7.04e-06,1.00074588,1.00123942,-0.0004935400000001255,121029900.4,0.00018266426313899117,1.8225,7.04e-06,0,1,True,0.5808690664593595,0.5501753437417299,54,44,5,2,0,8,1,False,0,3116888071
1779860695000,1779860696052,9,217,False,1.0009,1.0009,1.0009,1.0009,19.7,19.7,0.0,1,1,0,1.0009,1.001,9.999999999998899e-05,1.00095,1.0009580139416243,1.0010407949873528,69521.4,230747.6,573193.5,132416.4,288959.1,613205.3,573193.5,613205.3,-0.03372542183960403,0.9999999999492386,-0.0597497437788459,-3.2425451188113745e-09,3.136350525044842e-09,-6.378895643856216e-09,0.4831372890801976,-0.16027883418173686,0.9347497485752309,19.7,0.0,19.7,-22348.299999999985,1.2159655683921013,19.6999999803,19.7,19.7,0.822391706781575,1.0,0.0,6.887266775124949e-05,0.0,2.996116280160198e-08,0.0002500000000000835,0.0,0.0,1,0.0,0.00010000000000021103,9.999999999998899e-05,0.00010000000000021103,3.422215464792044e-08,7495.190592794764,0.0,False,0.7226135017724205,0.005,0.0,7.04e-06,1.00074588,1.00123942,-0.0004935400000001255,121029900.4,0.00018266426313899117,1.8225,7.04e-06,0,2,False,0.5897230683435655,0.5464974201925706,55,44,5,2,0,7,1,False,0,719492501
1779860696000,1779860697004,9,218,False,1.00095,1.00095,1.00095,1.00095,0.0,0.0,0.0,0,0,0,1.0009,1.001,9.999999999998899e-05,1.00095,1.0009336819148609,1.0010534478243618,72223.0,232467.4,576139.4,137429.5,297558.8,622004.4,576139.4,622004.4,-0.03828004618477345,0.0,-0.04127272217865234,-3.2402433244210362e-09,3.072739940708191e-09,-6.312983265129227e-09,0.4808599769076129,0.32636170022823685,0.9262625794930053,0.0,0.0,0.0,-22348.299999999985,1.176097844838262,0.0,0.0,0.0,0.0,0.0,4.9953792752308346e-05,6.977258368221024e-05,0.0,2.996116280160198e-08,0.000300000000000189,4.9953792752308346e-05,49953.79275230834,1,0.0,0.0,9.999999999998899e-05,0.000600000000000378,3.422215464792044e-08,7495.19059292155,0.0,False,0.7226135017724205,0.005,0.000600000000000378,7.04e-06,1.00074588,1.00123942,-0.0004935400000001255,121029900.4,0.00018266426313899117,1.8225,7.04e-06,0,2,False,0.5942619947811728,0.5415271460334665,56,44,5,2,0,8,0,False,0,2042312563
1779860697000,1779860698054,9,219,False,1.00095,1.00095,1.00095,1.00095,0.0,0.0,0.0,0,0,0,1.0009,1.001,9.999999999998899e-05,1.00095,1.0009340949871548,1.0010462723157258,72128.0,232047.3,575582.9,128806.4,286791.4,611237.0,575582.9,611237.0,-0.03004171062517569,0.0,-0.03596887355068535,-3.2431507185861107e-09,3.1106622657043047e-09,-6.353812984290416e-09,0.4849791446874118,0.3181002543149222,0.9416689434703708,0.0,0.0,0.0,-22348.299999999985,1.1375372597615976,0.0,0.0,0.0,0.0,0.0,0.0,6.977258368221024e-05,0.0,2.996116280160198e-08,0.0003500000000000725,-4.9953792752308346e-05,0.0,1,0.0,0.0,9.999999999998899e-05,0.0,3.422215464792044e-08,7495.190592921548,0.0,False,0.7090577573386567,0.005,0.0,7.04e-06,1.00074588,1.00123942,-0.0004935400000001255,121029900.4,0.00018266426313899117,1.8225,7.04e-06,0,1,True,0.5942619947811728,0.5377231161621877,57,44,5,2,0,9,0,False,0,341037318
1779860698000,1779860699134,9,220,False,1.0009,1.0009,1.0009,1.0009,5.0,0.0,5.0,1,0,1,1.0009,1.001,9.999999999998899e-05,1.00095,1.0009365343228729,1.0010508964073068,71435.8,232793.19999999998,576328.8,130012.8,286459.2,610904.8,576328.8,610904.8,-0.029123164977810576,-0.9999999998,-0.04047077528832903,-3.2376407266207945e-09,3.1143943959777935e-09,-6.352035122598588e-09,0.48543841751109434,0.26931354033990623,0.9434019834186914,0.0,5.0,-5.0,-22353.299999999985,1.1330278414087582,4.999999995,5.0,-5.0,0.8825908442585594,1.0,-4.995379275226218e-05,7.066103950698595e-05,0.0,2.996116280160198e-08,0.0002500000000000835,-4.995379275226218e-05,9.990758548454283e-06,1,0.0,0.00010000000000021103,9.999999999998899e-05,-0.000500000000000167,3.564905440694261e-08,9992.880230534658,0.0,False,0.7090577573386567,0.01,-0.000600000000000378,7.04e-06,1.00074588,1.00123942,-0.0004935400000001255,121029900.4,0.00016628904181004901,1.8225,7.04e-06,0,1,True,0.5897230683435655,0.5415255684875468,58,44,5,2,0,8,1,False,0,156177875
1779860699000,1779860699998,9,221,False,1.0009,1.0009,1.0009,1.0009,1331.6,12.0,1319.6,2,1,1,1.0008,1.0009,9.999999999998899e-05,1.0008499999999998,1.0008802181329834,1.0009520980967674,61008.3,217290.8,565923.2,127209.9,288360.1,595947.9,565923.2,595947.9,-0.025841678995200106,-0.9819765695396651,-0.08394695962351667,-3.1951354756220816e-09,3.1455054032315023e-09,-6.340640878853584e-09,0.4870791605023995,-0.6043626609864896,0.949618582429771,12.0,1319.6,-1307.6,-23660.899999999983,1.161453158083881,665.7999996670999,1319.6,-1307.6,1.721980765524405,2.994011967083796,0.0,6.703455728335792e-05,0.0,1.997415012095299e-08,0.00029999999999996696,4.995379275226218e-05,0.0,1,0.0,0.00010000000000021103,9.999999999998899e-05,-0.00010000000000021103,3.194243671284882e-08,9992.880230371364,0.0,False,0.7067483571409777,0.0,-0.00020000000000042206,7.04e-06,1.00074588,1.00123942,-0.0004935400000001255,121029717.0,0.000164773461802051,1.8225,7.04e-06,0,2,False,0.5738715701121329,0.5377213491546756,59,44,5,2,0,8,2,False,0,553555177
1779860700000,1779860701019,9,222,False,1.0008499999999998,1.0008499999999998,1.0008499999999998,1.0008499999999998,0.0,0.0,0.0,0,0,0,1.0008,1.0009,9.999999999998899e-05,1.0008499999999998,1.00089375719007,1.0009671601100558,57784.7,214203.6,562844.9,142123.4,303267.4,610855.2,562844.9,610855.2,-0.04090508299351758,0.0,-0.11785762384248306,-3.1946951115641316e-09,3.103026639965153e-09,-6.297721751529284e-09,0.47954745850324076,-0.8751438029722508,0.9214047780881608,0.0,0.0,0.0,-23660.899999999983,1.1233727266712947,0.0,0.0,0.0,0.0,0.0,-4.995628825826817e-05,6.417992499972314e-05,0.0,1.4980768537184185e-08,0.00024999999999986144,-4.995628825826817e-05,49956.28825826816,1,0.0,0.0,9.999999999998899e-05,-0.0,3.194243671284882e-08,9992.880230370818,0.0,False,0.7067483571409777,0.0,-0.0,7.04e-06,1.00074588,1.00123942,-0.0004935400000001255,121029717.0,0.000164773461802051,1.8225,7.04e-06,0,1,True,0.5532308850751181,0.5337512680306891,0,45,5,2,0,9,0,False,0,1146189773
1779860701000,1779860702062,9,223,False,1.0008,1.0008,1.0006,1.0006,12504.8,0.0,12504.8,5,0,5,1.0006,1.0007,9.999999999998899e-05,1.0006499999999998,1.0006752307547118,1.0007685884618929,56761.4,216164.1,594990.5,129042.3,282794.0,586914.5,594990.5,586914.5,0.006833036496165084,-0.99999999999992,-0.055244640884190545,-3.014905206198456e-09,3.1494689998677743e-09,-6.16437420606623e-09,0.5034165182480822,-0.5046150969102888,1.013760096232073,0.0,12504.8,-12504.8,-36165.69999999998,1.2504752602230556,2500.959999499808,8501.8,-12504.8,3.9984797421019245,44.94381820477222,-0.000249818882610164,8.43487110609373e-05,0.0001200282215233196,2.7460792649215996e-08,-0.00019999999999997797,-0.00019986259435189583,1.9977839118589983e-08,1,-0.999995000025,9.999999999976694e-05,9.999999999998899e-05,9.999999999976694e-05,1.8359435851601054e-08,22483.824360476065,0.0,False,0.7092171377187525,0.025,0.0,7.04e-06,1.00074588,1.00123942,-0.0004935400000001255,121029717.0,0.000164773461802051,1.8225,7.04e-06,1,1,False,0.5734415903339098,0.5369925913868958,1,45,5,2,0,10,5,False,0,2325234605
1779860702000,1779860703022,9,224,False,1.0006499999999998,1.0006499999999998,1.0006499999999998,1.0006499999999998,0.0,0.0,0.0,0,0,0,1.0006,1.0007,9.999999999998899e-05,1.0006499999999998,1.0006055402673897,1.0007225193621319,65924.1,224815.2,604893.1,96390.0,256138.6,561354.8,604893.1,561354.8,0.0373319428913869,0.0,0.04133424316956129,-3.0035894960384122e-09,3.1890574225602343e-09,-6.192646918598646e-09,0.5186659714456932,0.8891946490208075,1.07755932611603,0.0,0.0,0.0,-36165.69999999998,1.2094760713632833,0.0,0.0,0.0,0.0,0.0,4.996876952925075e-05,8.508553904192449e-05,0.0,3.994393481841823e-08,-0.0001500000000000945,0.00029978765213941477,49968.76952925075,-1,0.0,0.0,9.999999999998899e-05,0.0,1.8359435851601054e-08,22483.824360476265,0.0,False,0.7092171377187525,0.03,0.0,7.04e-06,1.00074588,1.00123942,-0.0004935400000001255,121029717.0,0.000164773461802051,1.8225,7.04e-06,1,1,False,0.653264934756004,0.5237879032234137,2,45,5,2,0,9,0,False,0,1053957370
1779860703000,1779860704024,9,225,False,1.0006,1.0007,1.0006,1.0007,38.0,15.3,22.7,2,1,1,1.0006,1.0007,9.999999999998899e-05,1.0006499999999998,1.0006031006165252,1.0006134823343193,108948.6,259415.4,638445.9,66844.4,217787.7,524044.10000000003,638445.9,524044.10000000003,0.09841099708384579,-0.19473684210013847,0.15754724890278932,-2.9684311737402468e-09,3.2878356760704866e-09,-6.256266849810733e-09,0.5492054985419226,0.9379876680822783,1.2183056731294155,15.3,22.7,-7.399999999999999,-36173.099999999984,1.2353948886956347,18.9999999905,22.7,-7.399999999999999,1.6189155521703198,8.620689580856125,4.996627277641685e-05,8.508553904192449e-05,6.001710936824499e-05,3.744730640324966e-08,-0.00019999999999997797,-2.4967528339061066e-09,1.3149019151342619e-06,-1,0.9999900000999989,0.00010000000000021103,9.999999999998899e-05,-0.000500000000000167,1.7087415805168793e-08,22483.82436047626,0.0,False,0.7092171377187525,0.035,-0.000600000000000378,7.04e-06,1.00074588,1.00123942,-0.0004935400000001255,121029717.0,0.000164773461802051,1.8225,7.04e-06,1,0,False,0.6731795545914464,0.514409127328223,3,45,5,2,0,9,2,False,0,3464425199
1779860704000,1779860705086,9,226,False,1.0007,1.0008,1.0007,1.0008,460.3,460.3,0.0,2,2,0,1.0008,1.0009,9.999999999998899e-05,1.0008499999999998,1.0008261349057994,1.0008674132803697,83722.1,239204.0,587649.3,75740.1,250769.5,555566.2000000001,587649.3,555566.2000000001,0.028063912709371024,0.9999999999978275,0.05337077297164937,-3.1759993811836714e-09,3.183603926884861e-09,-6.359603308068533e-09,0.5140319563546851,0.4773018820961078,1.0577484735392448,460.3,0.0,460.3,-35712.79999999998,1.2604639087384009,230.149999884925,439.5,460.3,1.586717385994085,333.3332222222593,9.992505629095692e-05,8.508495262830185e-05,6.001111215515789e-05,3.744655792621332e-08,-9.999999999998899e-05,4.995878351454008e-05,2.1708680488972375e-07,-1,0.9999900000999989,9.999999999976694e-05,9.999999999998899e-05,0.000700000000000145,1.7212758402066346e-08,22483.824360557777,0.0,False,0.7092171377187525,0.04,0.000600000000000378,7.04e-06,1.00074588,1.00123942,-0.0004935400000001255,121026025.2,0.00013426518332145852,1.8225,7.04e-06,1,1,False,0.6680773860400075,0.5142328869875503,4,45,5,2,0,10,2,False,0,1350667563
1779860705000,1779860706106,9,227,False,1.0009,1.0009,1.0009,1.0009,8.3,8.3,0.0,1,1,0,1.0008,1.0009,9.999999999998899e-05,1.0008499999999998,1.0008494296379962,1.0009230498445802,71842.0,228446.0,570874.2999999999,99937.9,273845.2,569395.6,570874.2999999999,569395.6,0.0012967982404867061,0.999999999879518,-0.011578992332907812,-3.209221142880673e-09,3.18053710414304e-09,-6.389758247023713e-09,0.500648399120243,0.011407236627034687,1.0025969642196022,8.3,0.0,8.3,-35704.49999999998,1.251924108451896,8.2999999917,8.3,8.3,0.7987704625624705,1.0,9.991507227179724e-05,8.725684128308178e-05,0.0,4.743057714728769e-08,0.0,-9.984019159686524e-09,1.2037960513224008e-05,1,0.0,0.00010000000000021103,9.999999999998899e-05,0.0009000000000001229,1.785512416059319e-08,22483.824360547755,0.0,False,0.7092171377187525,0.045,0.0007999999999999119,7.04e-06,1.00074588,1.00123942,-0.0004935400000001255,121026025.2,0.00013426518332145852,1.8225,7.04e-06,1,1,False,0.6680773860400075,0.5294856554729745,5,45,5,2,0,9,1,False,0,4180599945
1779860706000,1779860707007,9,228,False,1.0008,1.0008,1.0008,1.0008,1340.5,0.0,1340.5,2,0,2,1.0006,1.0007,9.999999999998899e-05,1.0006499999999998,1.0006788546565377,1.0007159681270448,69406.40000000001,217049.0,590370.6,116331.1,292943.5,594296.1,590370.6,594296.1,-0.0033135902275298165,-0.999999999999254,-0.05811716253843633,-3.1037448615502573e-09,3.0827036328891756e-09,-6.186448494439433e-09,0.4983432048862347,-0.5770931320406146,0.9933947067800024,0.0,1340.5,-1340.5,-37044.99999999998,1.2764511868633093,670.249999664875,1325.3,-1340.5,1.566844090096278,1.4771048722642468,-9.991507227173002e-05,9.007167942285841e-05,0.0,5.7413598814359443e-08,-0.0001500000000000945,-0.00019983014454352726,7.453567495088062e-08,1,0.0,0.000300000000000189,9.999999999998899e-05,-0.0008999999999996788,1.7755360151876605e-08,22483.824361149655,0.0,False,0.7092171377187525,0.05,-0.0011999999999998678,7.04e-06,1.00074588,1.00123942,-0.0004935400000001255,121026025.2,0.00013426518332145852,1.8225,7.04e-06,1,1,False,0.6907381486711432,0.5095876981464458,6,45,5,2,0,7,2,False,0,1780388016
1779860707000,1779860708003,9,229,False,1.0007,1.0007,1.0007,1.0007,844.2,0.0,844.2,1,0,1,1.0006,1.0007,9.999999999998899e-05,1.0006499999999998,1.0006937560150406,1.0007622196307289,48789.0,203250.6,582163.8,135490.30000000002,301422.7,603044.8,582163.8,603044.8,-0.017617995684472743,-0.9999999999988155,-0.1080849224775133,-3.037852032423884e-09,3.1058531014008164e-09,-6.1437051338247004e-09,0.49119100215776323,-0.8751203020506332,0.9653740484952344,0.0,844.2,-844.2,-37889.199999999975,1.2673872135235287,844.1999991558,844.2,-844.2,0.789024844609899,1.0,-9.992505629102663e-05,9.21266214586125e-05,0.0,6.490074010716103e-08,-0.0002500000000000835,-9.984019296607706e-09,1.1836656750877547e-07,-1,0.0,0.00010000000000021103,9.999999999998899e-05,-0.0009000000000001229,1.7494180134533666e-08,19985.385884685187,0.0,False,0.7092171377187525,0.055,-0.001000000000000334,7.04e-06,1.00074588,1.00123942,-0.0004935400000001255,121026025.2,0.00013426518332145852,1.8225,7.04e-06,1,0,False,0.6907381486711432,0.5008823563319674,7,45,5,2,0,9,1,False,0,4272418388
1779860708000,1779860709004,9,230,False,1.0006,1.0006,1.0005,1.0005,1138.7,0.0,1138.7,2,0,2,1.0004,1.0005,9.999999999998899e-05,1.0004499999999998,1.0004986273284942,1.0005582918304978,61551.700000000004,243087.7,597175.3,158855.0,294848.6,613639.9,597175.3,613639.9,-0.013597946243159123,-0.9999999999991218,-0.10174688716822726,-2.9451393277996687e-09,3.1400395103885593e-09,-6.085178838188228e-09,0.49320102687842,-0.9725465709230424,0.9731689546263191,0.0,1138.7,-1138.7,-39027.89999999997,1.291407304883413,569.349999715325,1012.1,-1138.7,1.5486980682921412,1.7094017064796554,-0.0001998800726222274,0.00010178444211439417,6.002310777998124e-05,8.237688968711856e-08,-0.00039999999999995595,-9.995501633120077e-05,1.7553356689387183e-07,-1,-0.9999900000999989,0.00010000000000021103,9.999999999998899e-05,-0.000500000000000167,1.861136451310886e-08,19985.38588461538,0.0,False,0.7057562718937826,0.005,-0.000600000000000378,7.04e-06,1.00074588,1.00123942,-0.0004935400000001255,121026025.2,0.00014299382521284828,1.8225,7.04e-06,2,0,False,0.7113330027809296,0.5111348429467892,8,45,5,2,0,9,2,False,0,593403871
1779860709000,1779860710097,9,231,False,1.0004499999999998,1.0004499999999998,1.0004499999999998,1.0004499999999998,0.0,0.0,0.0,0,0,0,1.0004,1.0005,9.999999999998899e-05,1.0004499999999998,1.000494145047505,1.0005495327402973,63524.9,245249.0,593144.7,154319.7,293305.2,611942.0,593144.7,611942.0,-0.015598296786447011,0.0,-0.0967031100774085,-2.983936207487035e-09,3.145196336395158e-09,-6.129132543882194e-09,0.4922008516067761,-0.8829009510253846,0.9692825463851132,0.0,0.0,0.0,-39027.89999999997,1.2490660817724815,0.0,0.0,0.0,0.0,0.0,-4.997626128636186e-05,0.0001017846260234455,0.0,9.236614842242396e-08,-0.00045000000000006146,0.00014990381133586552,49976.261286361856,-1,0.0,0.0,9.999999999998899e-05,-0.00039999999999995595,1.861136451310886e-08,17486.947408149375,0.0,False,0.7057562718937826,0.01,-0.00039999999999995595,7.04e-06,1.00074588,1.00123942,-0.0004935400000001255,121026042.8,0.00014313926927462153,1.8225,7.04e-06,2,1,False,0.6959147103399957,0.5151478538040257,9,45,5,2,0,10,0,False,0,1377986761
1779860710000,1779860711052,9,232,False,1.0004499999999998,1.0004499999999998,1.0004499999999998,1.0004499999999998,0.0,0.0,0.0,0,0,0,1.0004,1.0005,9.999999999998899e-05,1.0004499999999998,1.0004933949377537,1.00056510271336,63849.0,245212.6,597171.9,166948.6,302675.9,627434.4,597171.9,627434.4,-0.024712023774497955,0.0,-0.10208671579857267,-2.9656366602443046e-09,3.0830869190884117e-09,-6.048723579332717e-09,0.4876439881127506,-0.8678987559931031,0.9517678660908598,0.0,0.0,0.0,-39027.89999999997,1.2081130954848591,0.0,0.0,0.0,0.0,0.0,0.0,0.0001017846260234455,0.0,9.236614842242398e-08,-0.00039999999999995595,4.997626128636186e-05,0.0,-1,0.0,0.0,9.999999999998899e-05,0.0,1.861136451310886e-08,17486.947408149375,0.0,False,0.7057562718937826,0.015,0.0,7.04e-06,1.00074588,1.00123942,-0.0004935400000001255,121026042.8,0.00014313926927462153,1.8225,7.04e-06,2,1,False,0.7011766552988267,0.5002999513066414,10,45,5,2,0,9,0,False,0,2822108399
1779860711000,1779860712093,9,233,False,1.0005,1.0005,1.0005,1.0005,17.0,17.0,0.0,1,1,0,1.0003,1.0004,9.999999999998899e-05,1.00035,1.0003939847885839,1.0004976844998905,60824.2,257021.2,602372.9,168197.6,316458.7,635085.5,602372.9,635085.5,-0.026435312896174897,0.9999999999411765,-0.0996505528877846,-2.8944179356420857e-09,3.0116601609471307e-09,-5.906078096589217e-09,0.48678234355191224,-0.879695773039559,0.9484910299479347,17.0,0.0,17.0,-39010.89999999997,1.2012897153050277,16.999999983,17.0,17.0,0.8324386585742511,1.0,4.9976261286441245e-05,9.212919449766813e-05,0.0,9.236614842242396e-08,-9.999999999998899e-05,4.9976261286441245e-05,2.939780075500086e-06,-1,0.0,0.0002999999999997449,9.999999999998899e-05,0.0012999999999998568,1.8600922826713163e-08,19985.760472180096,0.0,False,0.7057562718937826,0.02,0.001000000000000112,7.04e-06,1.00074588,1.00123942,-0.0004935400000001255,121026042.8,0.00014313926927462153,1.8225,7.04e-06,1,1,False,0.7174968069165324,0.5074778595333763,11,45,5,2,0,10,1,False,0,4211522312
1779860712000,1779860713024,9,234,False,1.0004,1.0004,1.0003,1.0003,490.0,0.0,490.0,2,0,2,1.0002,1.0003,9.999999999998899e-05,1.0002499999999999,1.0002950337075505,1.0003984077132682,41104.0,240352.3,600502.3,136853.9,292952.0,597804.9,600502.3,597804.9,0.0022510087563523116,-0.9999999999979592,-0.0878203031308882,-2.86127612112984e-09,3.2615769766999716e-09,-6.122853097829811e-09,0.5011255043781757,-0.9006741521591812,1.0045121744569157,0.0,490.0,-490.0,-39500.89999999997,1.227476937754043,244.9999998775,457.9,-490.0,1.6293585132687791,4.545454524793389,-0.00019992003265300362,0.00010240209691011246,6.003510820140119e-05,1.0235740421068435e-07,-0.00034999999999985043,-0.0002498962939394449,4.0800006663795025e-07,-1,-0.9999900000999989,0.00010000000000021103,9.999999999998899e-05,-0.0008999999999999009,1.554278082656611e-08,19985.760472768095,0.0,False,0.7057562718937826,0.025,-0.001000000000000112,7.04e-06,1.00074588,1.00123942,-0.0004935400000001255,121026042.8,0.00014313926927462153,1.8225,7.04e-06,2,0,False,0.7174968069165324,0.5225268134804634,12,45,5,2,0,9,2,False,0,3873599365
1779860713000,1779860714016,9,235,False,1.0003,1.0003,1.0003,1.0003,9.7,9.7,0.0,1,1,0,1.0002,1.0003,9.999999999998899e-05,1.0002499999999999,1.0002938047170828,1.000403146112277,44168.7,245781.5,606164.0,153627.8,311711.1,612529.2,606164.0,612529.2,-0.0052229716223902364,0.9999999998969072,-0.08648411671916037,-2.842348595867956e-09,3.2166997486645994e-09,-6.059048344532556e-09,0.4973885141888045,-0.8760943428981872,0.9896083321415517,9.7,0.0,9.7,-39491.199999999975,1.220018677499812,9.699999990299998,9.7,9.7,0.8196595819579118,1.0,0.0,9.993517082706239e-05,0.0,1.0235740421068435e-07,-0.00039999999999995595,0.00019992003265300362,0.0,-1,0.0,0.00010000000000021103,9.999999999998899e-05,0.0008999999999999009,1.5542569752041545e-08,19985.760472743066,0.0,False,0.7057562718937826,0.03,0.0007999999999996898,7.04e-06,1.00074588,1.00123942,-0.0004935400000001255,121026042.8,0.00013055836837290316,1.8225,7.04e-06,1,1,False,0.7174968069165324,0.5225268134804634,13,45,5,2,0,9,1,False,0,1083791713
1779860714000,1779860714998,9,236,False,1.0002499999999999,1.0002499999999999,1.0002499999999999,1.0002499999999999,0.0,0.0,0.0,0,0,0,1.0002,1.0003,9.999999999998899e-05,1.0002499999999999,1.000293227972828,1.0004028592975356,44146.8,245830.8,604335.8,152898.1,312774.2,612843.7,604335.8,612843.7,-0.006989848251634127,0.0,-0.0869232686900678,-2.8513583406057402e-09,3.2122522568637373e-09,-6.063610597469478e-09,0.4965050758741826,-0.8645594577941549,0.9861173411752443,0.0,0.0,0.0,-39491.199999999975,1.180018065122769,0.0,0.0,0.0,0.0,0.0,-4.998625379067747e-05,0.00010055828979569731,0.0,1.0235740421068435e-07,-0.0005500000000000504,-4.998625379067747e-05,49986.25379067747,-1,0.0,0.0,9.999999999998899e-05,-0.0005999999999997119,1.5542569752041545e-08,19985.760473000726,0.0,False,0.7057562718937826,0.035,-0.0005999999999997119,7.04e-06,1.00074588,1.00123942,-0.0004935400000001255,121025237.5,0.00012390355987038911,1.8225,7.04e-06,2,0,False,0.6944696638709469,0.5330186061393796,14,45,5,2,0,8,0,False,0,1217947290
1779860715000,1779860716008,9,237,False,1.0000499999999999,1.0000499999999999,1.0000499999999999,1.0000499999999999,0.0,0.0,0.0,0,0,0,1.0,1.0001,9.999999999998899e-05,1.0000499999999999,1.0000989753978773,1.0001042007570182,74730.3,286171.3,606802.8,111417.1,287455.4,571858.7,606802.8,571858.7,0.02964727362351283,0.0,-0.021442070107105644,-2.951509260924489e-09,3.3391278240487435e-09,-6.290637084973233e-09,0.514823636811756,-0.9795079594789212,1.0611061788515221,0.0,0.0,0.0,-39491.199999999975,1.1413289482334978,0.0,0.0,0.0,0.0,0.0,-0.00019997000516565726,0.000110051668751242,0.0,1.1235315563941797e-07,-0.0008500000000000174,-0.00014998375137497978,199970.00516565726,-1,0.0,0.0,9.999999999998899e-05,-0.00019999999999975593,1.5542569752041545e-08,29984.260731283593,0.0,False,0.7057562718937826,0.04,-0.00019999999999975593,7.04e-06,1.00074588,1.00123942,-0.0004935400000001255,121025237.5,0.00012390355987038911,1.8225,7.04e-06,2,0,False,0.6944696638709469,0.5462907510070546,15,45,5,2,0,9,0,False,0,883322647
1779860716000,1779860717026,9,238,False,1.0002,1.0002,0.9999,0.9999,3560.9,1492.2,2068.7,5,1,4,0.9998,0.9999,9.999999999998899e-05,0.99985,0.9998524880076674,0.9998887808042936,88177.2,266963.5,716247.8,117577.3,295152.4,568375.6,716247.8,568375.6,0.11510937758100932,-0.16189727316123392,0.06037979456414331,-2.771050952888795e-09,3.3706830517847294e-09,-6.141734004673524e-09,0.5575546887905043,-0.04976015719816409,1.260166340708501,1492.2,2068.7,-576.4999999999998,-40067.699999999975,1.2678427532094487,712.179999857564,1492.2,-576.4999999999999,3.9437067281405116,5.66572234750299,-0.00015000375037488252,0.00011450614385587599,0.000180159354701344,1.423494063767512e-07,-0.0008999999999999009,4.9966254790774744e-05,4.212523529861563e-08,-1,-0.9999966666777776,9.999999999998899e-05,9.999999999998899e-05,9.999999999998899e-05,1.3407652246445912e-08,37484.44824990093,0.0,False,0.7057562718937826,0.045,0.0,7.04e-06,1.00074588,1.00123942,-0.0004935400000001255,121025237.5,0.00012390355987038911,1.8225,7.04e-06,2,1,False,0.7272761998548538,0.5647632935211316,16,45,5,2,0,9,5,False,0,3743675266
1779860717000,1779860718018,9,239,False,0.9998,0.9999,0.9998,0.9999,6.7,0.7,6.0,2,1,1,0.9998,0.9999,9.999999999998899e-05,0.99985,0.9998331359145197,0.9998814341378358,95261.7,278799.3,729270.2,115568.79999999999,288618.89999999997,564414.2,729270.2,564414.2,0.12743138898482498,-0.7910447760013365,0.09556093892937191,-2.737822829031093e-09,3.385942743143368e-09,-6.123765572174461e-09,0.5637156944924121,0.3372817074363094,1.2920833671441978,0.7,6.0,-5.3,-40072.99999999998,1.291847908841926,3.349999998325,6.0,-5.3,1.5481698617639328,12.499999843750002,0.0,0.00011450614385587599,6.006513025897657e-05,1.423494063767512e-07,-0.0007999999999999119,0.00015000375037488252,0.0,-1,0.9999900000999989,9.999999999998899e-05,9.999999999998899e-05,9.999999999998899e-05,1.3398701287584339e-08,37484.44824990093,0.0,False,0.7057562718937826,0.05,0.0,7.04e-06,1.00074588,1.00123942,-0.0004935400000001255,121025237.5,0.00012390355987038911,1.8225,7.04e-06,2,1,False,0.6680773860400075,0.5686815770929936,17,45,5,2,0,9,2,False,0,4098295492
1779860718000,1779860719030,9,240,False,0.99985,0.99985,0.99985,0.99985,0.0,0.0,0.0,0,0,0,0.9998,0.9999,9.999999999998899e-05,0.99985,0.9998092279952739,0.9998297085784944,122722.8,304361.4,754761.3,99652.7,276545.9,548498.5,754761.3,548498.5,0.15826683213891804,0.0,0.17595710068715936,-2.6884631810256826e-09,3.406766422380845e-09,-6.095229603406528e-09,0.5791334160694587,0.8154400917881199,1.376049888924033,0.0,0.0,0.0,-40072.99999999998,1.2494922396995676,0.0,0.0,0.0,0.0,0.0,-5.000625079172679e-05,0.00011450728870311279,0.0,1.423494063767512e-07,-0.0006499999999999284,-5.000625079172679e-05,50006.25079172679,-1,0.0,0.0,9.999999999998899e-05,0.00019999999999997797,1.3398701287584339e-08,34986.758612661,0.0,False,0.7057562718937826,0.055,0.00019999999999997797,7.04e-06,1.00074588,1.00123942,-0.0004935400000001255,121025237.5,0.00012875997235604891,1.8225,7.04e-06,2,0,False,1.1072409530565732,0.5710282344648464,18,45,5,2,0,9,0,False,0,2842243503
1779860719000,1779860720038,9,241,False,0.9999,0.9999,0.9999,0.9999,690.4000000000001,680.7,9.7,2,1,1,0.9999,1.0,9.999999999998899e-05,0.99995,0.999991196773187,0.999986075064693,80370.6,265024.89999999997,652855.4,124242.2,300475.5,579222.4,652855.4,579222.4,0.05976327144276112,0.9719003476231576,-0.033477159795382475,-2.8859707419542825e-09,3.3326674001059534e-09,-6.218638142060236e-09,0.5298816357213801,-0.823935465746195,1.1271238819493148,680.7,9.7,671.0,-39401.99999999998,1.2740990515126964,345.1999998274,680.7,671.0,1.5697366669064923,4.830917851058368,5.000625079175942e-05,0.000115051946624342,0.0,1.4485003149499794e-07,-0.0005499999999998284,0.00010001250158348622,7.243083834253618e-08,-1,0.0,9.999999999998899e-05,9.999999999998899e-05,-0.0002999999999997449,1.406270138281503e-08,37487.07115224897,0.0,False,0.7057562718937826,0.06,-0.0003999999999997339,7.23e-06,1.00019171,1.00080482,-0.0006131099999999723,121024962.8,0.00012648990558284894,1.8225,7.23e-06,2,1,False,1.1303686138665776,0.5710291479950492,19,45,5,2,0,9,2,False,0,3102793830
1779860720000,1779860721058,9,242,False,0.9999,0.9999,0.9999,0.9999,102.1,0.0,102.1,2,0,2,0.9999,1.0,9.999999999998899e-05,0.99995,0.9999920850907487,1.0000114032915461,83244.2,267723.0,647002.6,146944.6,319055.5,588875.9,647002.6,588875.9,0.0470326977935128,-0.9999999999902056,-0.03339752807106382,-2.9080123166349794e-09,3.32509778807439e-09,-6.23311010470937e-09,0.523516348896756,-0.8417018170018613,1.0987078941420405,0.0,102.1,-102.1,-39504.09999999998,1.297899082610641,51.04999997447499,96.8,-102.1,1.5409518546204501,2.314814809456447,0.0,0.00011450837910486411,0.0,1.323700073829661e-07,-0.0005499999999998284,-5.000625079175942e-05,0.0,-1,0.0,9.999999999998899e-05,9.999999999998899e-05,0.0002999999999997449,1.399408510453722e-08,37487.071152247096,0.0,False,0.7057562718937826,0.065,0.00019999999999975593,7.23e-06,1.00019171,1.00080482,-0.0006131099999999723,121024962.8,0.00012648990558284894,1.8225,7.23e-06,2,0,False,1.161179433527103,0.5710291479950492,20,45,5,2,0,10,2,False,0,2772203354
1779860721000,1779860722000,9,243,False,0.99995,0.99995,0.99995,0.99995,0.0,0.0,0.0,0,0,0,0.9999,1.0,9.999999999998899e-05,0.99995,0.9999920006873161,1.0000091397856383,83166.2,267695.0,655486.1,145629.1,318260.3,593075.3,655486.1,593075.3,0.049986168081121114,0.0,-0.03660740229340745,-2.891266768568591e-09,3.2909377880011976e-09,-6.182204556569788e-09,0.5249930840405602,-0.8400137483445538,1.1052325058892163,0.0,0.0,0.0,-39504.09999999998,1.255345014328325,0.0,0.0,0.0,0.0,0.0,5.000375029175968e-05,0.00010058187675697729,0.0,1.1988686521376386e-07,-0.0005499999999999394,5.000375029175968e-05,50003.75029175968,-1,0.0,0.0,9.999999999998899e-05,-0.0005999999999997119,1.399408510453722e-08,24996.127021763383,0.0,False,0.7057562718937826,0.07,-0.0005999999999997119,7.23e-06,1.00019171,1.00080482,-0.0006131099999999723,121024962.8,0.00012648990558284894,1.8225,7.23e-06,1,1,False,1.1690048693988038,0.5710300614938578,21,45,5,2,0,9,0,False,0,4093609768
1779860722000,1779860723024,9,244,False,0.9999,1.0,0.9999,1.0,218.7,100.7,118.0,3,1,2,0.9999,1.0,9.999999999998899e-05,0.99995,0.9999918871879453,1.0000191496413806,81667.9,266320.89999999997,654112.0,152753.2,323074.0,596049.5,654112.0,596049.5,0.04644399943527293,-0.07910379515281617,-0.04197086373652402,-2.8963692814925867e-09,3.291017583765463e-09,-6.18738686525805e-09,0.523221999717636,-0.8377437609411678,1.0974122115696747,100.7,118.0,-17.299999999999997,-39521.39999999998,1.3125468171372323,72.8999999757,100.7,-17.29999999999999,2.28563275499582,1.9980019940099865,5.000125004176341e-05,0.00010058268382693587,6.0059123445496754e-05,1.1989036206652757e-07,-0.00029999999999996696,-2.5002499962707616e-09,2.286294011958609e-07,-1,0.9999900000999989,9.999999999998899e-05,9.999999999998899e-05,nan,4.843592944115248e-08,27496.189523851353,0.0,False,0.6709572647355896,0.0,nan,7.23e-06,1.00019171,1.00080482,-0.0006131099999999723,121024962.8,0.00012648990558284894,1.8225,7.23e-06,1,0,False,1.1458376970594946,0.5705360872638529,22,45,5,2,0,9,3,False,0,1097809135
1779860723000,1779860724088,9,245,False,1.0,1.0,1.0,1.0,223.9,223.9,0.0,1,1,0,0.9999,1.0,9.999999999998899e-05,0.99995,0.9999916131796164,1.0000148828157558,81637.0,265510.2,653292.4,150211.6,320129.4,594542.1,653292.4,594542.1,0.04708180451814724,0.9999999999955338,-0.04327630624717264,-2.901390559646204e-09,3.298274830422507e-09,-6.199665390068711e-09,0.5235409022590732,-0.8322635943229915,1.098816046836715,223.9,0.0,223.9,-39297.49999999998,1.302299380509782,223.89999977609997,223.9,223.9,0.7678725907407555,1.0,0.0,9.996021641168542e-05,0.0,1.1489747944669485e-07,-0.00029999999999996696,-5.000125004176341e-05,0.0,-1,0.0,9.999999999998899e-05,9.999999999998899e-05,nan,4.975211530096506e-08,24997.87588503051,0.0,False,0.6709572647355896,0.0,nan,7.23e-06,1.00019171,1.00080482,-0.0006131099999999723,121024962.8,-2.0793624823759988e-05,1.8225,7.23e-06,1,0,False,1.153457575622303,0.5705360872638527,23,45,5,2,0,10,1,False,0,1264705434
1779860724000,1779860725072,9,246,False,1.0,1.0,1.0,1.0,69.8,69.8,0.0,1,1,0,1.0,1.0001,9.999999999998899e-05,1.0000499999999999,1.000049538521997,1.0002163507916215,58255.299999999996,273480.3,594436.5,165989.5,313292.1,648511.2,594436.5,648511.2,-0.043505209430774856,0.9999999999856733,-0.0510548504051199,-3.021454509097394e-09,3.157774756269594e-09,-6.179229265366988e-09,0.4782473952846122,0.009229557745531781,0.9166171686780414,69.8,0.0,69.8,-39227.699999999975,1.2923879254111006,69.79999993019999,69.8,69.8,0.7737614841210658,1.0,0.0,9.743097054496294e-05,0.0,1.0491346022562046e-07,-0.00024999999999986144,0.0,0.0,-1,0.0,9.999999999976694e-05,9.999999999998899e-05,nan,4.9839795427409496e-08,24997.875884899033,0.0,False,0.6709572647355896,0.0,nan,7.23e-06,1.00019171,1.00080482,-0.0006131099999999723,121025413.3,-1.707132967035039e-05,1.8225,7.23e-06,1,0,False,1.161179433527103,0.5738825177979855,24,45,5,2,0,9,1,False,0,4113431350
1779860725000,1779860726086,9,247,False,1.0001,1.0001,1.0001,1.0001,64.7,64.7,0.0,1,1,0,1.0,1.0001,9.999999999998899e-05,1.0000499999999999,1.000059567731718,1.0002181446209335,55760.1,270534.5,591509.9,167888.0,314871.7,651319.2,591509.9,651319.2,-0.048123511108647106,0.999999999984544,-0.06408589542588207,-3.026462519100087e-09,3.1522403467439722e-09,-6.17870286584406e-09,0.475938244445676,-0.19135463717334467,0.9081720606424609,64.7,0.0,64.7,-39162.99999999998,1.2828014360533595,64.6999999353,64.7,64.7,0.7795438725864196,1.0,9.999500033329732e-05,9.743507039337694e-05,0.0,9.493043855854871e-08,5.0000000000105516e-05,9.999500033329732e-05,1.5455177794706613e-06,-1,0.0,0.00010000000000021103,9.999999999998899e-05,nan,5.0480432030151234e-08,24997.875884959813,0.0,False,0.6709572647355896,0.0,nan,7.23e-06,1.00019171,1.00080482,-0.0006131099999999723,121025413.3,-1.707132967035039e-05,1.8225,7.23e-06,1,1,False,1.161179433527103,0.5762633083849285,25,45,5,2,0,9,1,False,0,1104096993
1779860726000,1779860727025,9,248,False,1.0001,1.0003,1.0001,1.0003,249.20000000000002,249.20000000000002,0.0,4,4,0,1.0002,1.0003,9.999999999998899e-05,1.0002499999999999,1.0002964975350654,1.0003525751683575,71164.8,254048.9,568072.9,157571.7,306881.3,658016.4,568072.9,658016.4,-0.07335803354616986,0.9999999999959872,-0.12231915810611389,-3.095761229478593e-09,2.9927101769804476e-09,-6.088471406459041e-09,0.4633209832269147,-0.9299507040334273,0.863311157594247,249.20000000000002,0.0,249.20000000000002,-38913.79999999998,1.3718899135598068,62.299999984425,191.3,249.20000000000002,2.915685841515545,6.976744137371552,0.00019996000866470036,0.00010485057039648578,0.00012008822363415212,1.0494142047054693e-07,0.00039999999999995595,9.996500833140304e-05,8.024077394217414e-07,-1,0.999995000025,0.00010000000000021103,9.999999999998899e-05,nan,5.266683029819708e-08,24997.87588451244,0.0,False,0.6709572647355896,0.0,nan,7.23e-06,1.00019171,1.00080482,-0.0006131099999999723,121025413.3,-1.707132967035039e-05,1.8225,7.23e-06,2,1,False,1.1383181990777271,0.5759593701651872,26,45,5,2,0,8,4,False,0,2799200169
