Timestamp,local_timestamp_ms,clock_skew_ms,sequence_id,is_warmup,open,high,low,close,volume,taker_buy_volume,taker_sell_volume,trade_count,buy_trade_count,sell_trade_count,best_bid,best_ask,spread,mid_price,microprice,weighted_mid_price,bid_depth_top5,bid_depth_top10,bid_depth_top20,ask_depth_top5,ask_depth_top10,ask_depth_top20,cumulative_bid_volume,cumulative_ask_volume,order_book_imbalance,volume_imbalance,depth_imbalance,slope_bid,slope_ask,slope_imbalance,liquidity_pressure,queue_imbalance,order_book_pressure_ratio,aggressive_buy_volume,aggressive_sell_volume,delta_volume,cumulative_delta,trade_intensity,avg_trade_size,max_trade_size,signed_trade_flow,trade_burst_metric,trade_arrival_rate,log_return,realized_volatility,parkinson_volatility,bipower_variance,momentum_10s,price_acceleration,price_impact,micro_trend,directional_pressure,effective_spread,quoted_spread,realized_spread,kyle_lambda,amihud_illiquidity,resiliency_metric,liquidity_vacuum,vpin,toxicity_score,adverse_selection_metric,funding_rate,mark_price,index_price,mark_index_spread,open_interest,oi_change_rate,long_short_ratio,predicted_funding_rate,volatility_regime,trend_regime,ranging_regime,entropy,hurst_exponent,second_of_minute,minute_of_hour,hour_of_day,day_of_week,session_marker,book_update_count,trade_msg_count,has_gap,recovery_source,row_checksum
1779858128000,1779858129097,10,1,True,571.745,571.745,571.745,571.745,0.0,0.0,0.0,0,0,0,571.74,571.75,0.009999999999990905,571.745,571.746390190993,571.7213505672781,57.737,108.086,211.375,10.633000000000001,52.89,215.209,211.375,215.209,-0.008987678862758603,0.0,0.41736830596313784,-0.0009995966768554258,0.0006921584008924167,-0.0016917550777478425,0.4955061605674486,-0.27804608801724534,0.9821847599264799,0.0,0.0,0.0,0.0,0.0,0.0,0.0,0.0,0.0,0.0,0.0,0.0,0.0,0.0,0.0,0.0,0.0,0,0.0,0.0,0.009999999999990905,0.0,0.0,0.0,0.0,False,0.0,0.0,0.0,0.0001,571.75,571.78221851,-0.03221851000000697,571835.156,0.0,0.7461,0.0001,1,1,False,0.0,0.5,8,2,5,2,0,3,0,False,0,2362203063
1779858129000,1779858130046,10,2,True,571.75,571.75,571.75,571.75,2.496,2.496,0.0,2,2,0,571.74,571.75,0.009999999999990905,571.745,571.7455539536729,571.7207934413848,50.426,100.103,202.136,10.824000000000002,53.09,215.767,202.136,215.767,-0.03261761700673932,0.9999999995993589,0.40672604132720813,-0.0010336311794642604,0.0006912937018159158,-0.001724924881280176,0.4836911914954339,-0.11079745941479673,0.9368253718087715,2.496,0.0,2.496,2.496,0.06557377049180328,1.247999999376,1.757,2.496,30.499999534875005,3.5842293778343026,8.745119130484166e-06,0.0,0.0,0.0,0.0,8.745119130484166e-06,3.503653496386423e-06,0,0.0,0.009999999999990905,0.009999999999990905,-0.029999999999972715,0.0,0.0,0.0,False,1.0,0.0,-0.03999999999996362,0.0001,571.75,571.78221851,-0.03221851000000697,571835.156,0.0,0.7461,0.0001,1,1,False,0.0,0.5,9,2,5,2,0,8,2,False,0,3980685074
1779858130000,1779858131095,10,3,True,571.74,571.75,571.74,571.75,6.035,6.0,0.035,2,1,1,571.74,571.75,0.009999999999990905,571.745,571.7432499268716,571.7207942568876,50.203,99.88,204.257,9.297,50.672000000000004,212.129,204.257,212.129,-0.018905534768174435,0.9884009940367189,0.3947781669433659,-0.0010283851816826539,0.0006976436393223121,-0.001726028821004966,0.490547232614712,0.35000444955504095,0.9628905053011947,6.0,0.035,5.965,8.461,0.12899758129535072,3.01749999849125,6.0,5.965,15.504166546477075,3.6630036495860665,0.0,0.0,1.0504004484637194e-05,0.0,0.0,-8.745119130484166e-06,0.0,0,0.99999990000001,0.009999999999990905,0.009999999999990905,-0.029999999999972715,0.0,0.0,0.0,False,1.0,0.0,-0.03999999999996362,0.0001,571.75,571.78221851,-0.03221851000000697,571835.156,0.0,0.7461,0.0001,1,1,False,0.0,0.5,10,2,5,2,0,9,2,False,0,2246603866
1779858131000,1779858132067,10,4,True,571.75,571.76,571.75,571.75,9.001,8.991,0.01,4,3,1,571.75,571.76,0.009999999999990905,571.755,571.7539078931452,571.7439974299664,34.835,81.785,160.234,14.859,47.830000000000005,231.14,160.234,231.14,-0.1811719736104565,0.9977780245530744,0.32750983505990205,-0.0012007127154244773,0.0006620198429264793,-0.0018627325583509566,0.4094140131934942,0.21841185282017545,0.6932335381124288,8.991,0.01,8.981,17.442,0.25591569338402775,2.2502499994374374,5.628,8.981,15.630147301546849,5.415162425549662,0.0,0.0,1.050382076952724e-05,0.0,0.0,0.0,0.0,0,0.0,0.009999999999990905,0.009999999999990905,-0.029999999999972715,0.0,0.0,0.0,False,1.0,0.0,-0.03999999999996362,0.0001,571.75,571.78221851,-0.03221851000000697,571835.156,0.0,0.7461,0.0001,1,1,False,1.3107838012299977,0.5,11,2,5,2,0,9,4,False,0,243862880
1779858132000,1779858133045,10,5,True,571.76,571.83,571.64,571.64,84.545,38.219,46.326,28,8,20,571.62,571.63,0.009999999999990905,571.625,571.6299797544215,571.6434495551233,0.59,11.089,56.839,26.642,48.99,67.631,56.839,67.631,-0.0867036233623628,-0.09588976284705315,-0.19681589348357303,-0.0028548738026847437,0.0031316280014194093,-0.005986501804104153,0.45664818831480153,-0.9959630297465246,0.8404282059877802,38.219,46.326,-8.107,9.335,1.1655578017976662,3.019464285606448,25.402,-8.107,24.022832615244074,89.70098863147278,-0.000192410289296479,0.0,0.0001995795777500325,0.0,0.0,-0.000192410289296479,2.2758328617210143e-06,0,-0.6315789440441639,0.029999999999972715,0.009999999999990905,0.25,0.0004300102398284146,0.0,0.0,False,1.0,0.0,0.22000000000002728,0.0001,571.75,571.78221851,-0.03221851000000697,571835.156,0.0,0.7461,0.0001,1,1,False,0.7612267612577359,0.5,12,2,5,2,0,9,28,False,0,2225754542
1779858133000,1779858134045,10,6,True,571.63,571.75,571.62,571.71,46.633,46.609,0.024,19,17,2,571.7,571.71,0.009999999999990905,571.705,571.7010730745667,571.6972161636714,17.903,74.097,141.585,10.623,14.379999999999999,182.698,141.585,182.698,-0.1267812373756047,0.9989706859734744,0.02935302374374838,-0.0013544754624278182,0.0008860185033496437,-0.002240493965777462,0.4366093813106558,0.7853658535264313,0.7749674325894375,46.609,0.024,46.585,55.92,1.7502936115747918,2.4543684209234544,5.368,46.585,10.855321566334123,20.97902053890167,0.00012244719480044737,0.0,0.00013656639042051666,0.0,0.0,0.0003148574840969264,2.6257627602303433e-06,0,0.615384610651224,0.009999999999990905,0.009999999999990905,-0.10999999999989996,0.003852343539565726,0.0,0.0,False,1.0,0.0,-0.11999999999989086,0.0001,571.75,571.78221851,-0.03221851000000697,571813.658,0.0,0.7461,0.0001,1,1,False,1.58420208830106,0.5,13,2,5,2,0,9,19,False,0,3872296304
1779858134000,1779858135033,10,7,True,571.71,571.76,571.71,571.76,8.022,8.009,0.013,6,5,1,571.76,571.77,0.009999999999990905,571.765,571.766514707312,571.7462023821402,21.315,58.536,131.068,7.938,24.284,154.168,131.068,154.168,-0.08098556984363478,0.9967589128650264,0.29531165023363987,-0.0012831796446305234,0.0007777557234626305,-0.002060935368093154,0.4595072150764297,-0.30295138886259104,0.8501634580402538,8.009,0.013,7.996,63.916000000000004,1.8896282472608643,1.3369999997771667,2.612,7.996,3.175227722977867,43.47825897920613,8.745310332903e-05,0.0,5.25209410632074e-05,0.0,0.0,-3.4994091471417365e-05,1.090165835429174e-05,0,0.9999999800000005,0.009999999999990905,0.009999999999990905,-0.009999999999990905,0.003435534285278989,0.0,0.0,False,1.0,0.0,-0.01999999999998181,0.0001,571.75,571.78221851,-0.03221851000000697,571813.658,0.0,0.7461,0.0001,1,1,False,1.2969133043719,0.5,14,2,5,2,0,10,6,False,0,2644615192
1779858135000,1779858136127,10,8,True,571.76,571.77,571.76,571.76,5.936,5.733,0.203,3,1,2,571.76,571.77,0.009999999999990905,571.765,571.7666666139304,571.7360115289741,19.079,35.772999999999996,111.831,7.661,24.18,181.793,111.831,181.793,-0.23827071356483712,0.9316037734279642,0.08432240895950974,-0.0015431497806188375,0.0006732142018264624,-0.0022163639824453,0.3808646432158786,-0.33333333330258874,0.6151556990609366,5.733,0.203,5.529999999999999,69.446,1.926033878498213,1.978666666007111,5.733,5.529999999999999,1.5576049995452759,5.797101415668977,0.0,0.0,1.0503637060817984e-05,0.0,0.0,-8.745310332903e-05,0.0,0,0.0,0.009999999999990905,0.009999999999990905,-0.009999999999990905,0.0031230997594455987,0.0,0.0,False,1.0,0.0,-0.01999999999998181,0.0001,571.75,571.78221851,-0.03221851000000697,571813.658,0.0,0.7461,0.0001,1,1,False,1.3519749158983734,0.5,15,2,5,2,0,10,3,False,0,1104411241
1779858136000,1779858137080,10,9,True,571.77,571.77,571.72,571.74,7.675,3.283,4.392,9,4,5,571.76,571.77,0.009999999999990905,571.765,571.7630231724346,571.743984459527,67.473,93.982,185.356,6.5089999999999995,18.762,173.3,185.356,173.3,0.033614382583774895,-0.144495113987688,0.4176843772420125,-0.0011292688764141193,0.0007033097536382129,-0.0018325786300523322,0.5168071912904934,0.3953591650718686,1.0695672244600718,3.283,4.392,-1.1090000000000004,68.337,2.1579671939572878,0.8527777776830247,3.391,-1.1090000000000002,4.1705916665605915,10.075566649112679,-3.4980323571520625e-05,0.0,5.252002245538298e-05,0.0,0.0,-3.4980323571520625e-05,4.557696881688981e-06,0,-0.5999999880000002,0.049999999999954525,0.009999999999990905,0.049999999999954525,0.0030333634310460806,0.0,0.0,False,1.0,0.0,0.0,0.0001,571.75,571.78221851,-0.03221851000000697,571813.658,0.0,0.7461,0.0001,1,1,False,1.5811480933220878,0.5,16,2,5,2,0,8,9,False,0,1940214378
1779858137000,1779858138033,10,10,True,571.76,571.77,571.76,571.76,0.336,0.316,0.02,3,2,1,571.76,571.77,0.009999999999990905,571.765,571.7662796842128,571.7482955063703,22.881999999999998,48.11,126.96,7.609,22.580000000000002,165.08700000000002,126.96,165.08700000000002,-0.13055090447725698,0.8809523783304987,0.30189504873158407,-0.001396073233469747,0.0007426729207108087,-0.002138746154180556,0.43472454775965946,-0.2559478127152775,0.7690490468615393,0.316,0.02,0.296,68.63300000000001,2.1855748269422945,0.11199999996266667,0.307,0.296,1.3726365996008847,1.8975332032304872,3.498032357146405e-05,0.0,1.0503637060817984e-05,0.0,0.0,6.996064714298467e-05,0.00010410810555760697,0,0.0,0.009999999999990905,0.009999999999990905,-0.009999999999990905,0.00279459415735597,0.0,0.0,False,1.0,1.0,-0.01999999999998181,0.0001,571.75,571.78221851,-0.03221851000000697,571813.658,0.0,0.7461,0.0001,1,1,False,1.661627978839208,0.5,17,2,5,2,0,8,3,False,0,1124463022
1779858138000,1779858138993,10,11,True,571.77,571.77,571.77,571.77,0.029,0.029,0.0,2,2,0,571.76,571.77,0.009999999999990905,571.765,571.7664655358956,571.747204960148,32.501,57.365,139.389,7.152,18.598,160.885,139.389,160.885,-0.07158794967239386,0.9999999655172426,0.40207889820779474,-0.0013317339551050568,0.0007521391123444783,-0.002083873067449535,0.46420602516213794,-0.2931176309027404,0.8663890356411948,0.029,0.0,0.029,68.662,2.1794904063868095,0.01449999999275,0.017,0.029,0.9176456997569368,1.23456789971041,1.74897029378218e-05,0.0,0.0,0.0,0.024999999999977263,-1.749062063364225e-05,0.0006030931839561591,0,0.0,0.009999999999990905,0.009999999999990905,0.049999999999954525,0.0026566015446921783,0.0,0.0,False,1.0,1.0,0.03999999999996362,0.0001,571.75,571.78221851,-0.03221851000000697,571814.972,0.0,0.7461,0.0001,1,1,False,1.660810110268493,0.5,18,2,5,2,0,9,2,False,0,3474693165
1779858139000,1779858140021,10,12,True,571.77,571.77,571.77,571.77,4.017,4.017,0.0,2,2,0,571.76,571.77,0.009999999999990905,571.765,571.7647809246662,571.7470555750172,32.486,64.59,163.559,4.982,12.801,144.686,163.559,144.686,0.06122727051513816,0.999999999751058,0.5925492893137336,-0.0011347849292901316,0.0008057732130780374,-0.0019405581423681691,0.530613635255947,0.04380319700604074,1.1304410931179905,4.017,0.0,4.017,72.679,2.173605475029865,2.00849999899575,3.318,4.017,0.9201301809622973,4.5248868573534535,0.0,0.0,0.0,0.0,0.01999999999998181,-1.74897029378218e-05,0.0,0,0.0,0.009999999999990905,0.009999999999990905,0.009999999999990905,0.0026453395460431105,0.0,0.0,False,1.0,1.0,0.0,0.0001,571.75,571.78221851,-0.03221851000000697,571814.972,0.0,0.7461,0.0001,1,1,False,1.7135576306287141,0.5,19,2,5,2,0,9,2,False,0,1504898964
1779858140000,1779858141084,10,13,True,571.76,571.77,571.76,571.77,1.251,0.261,0.99,7,3,4,571.76,571.77,0.009999999999990905,571.765,571.7635431576437,571.7481439008673,32.547,56.315,156.613,5.0920000000000005,15.611,146.826,156.613,146.826,0.03225359957015332,-0.5827338124838259,0.5126213985605799,-0.0011858751655590759,0.000803104441397607,-0.001988979606956683,0.5161267997834289,0.2913598797677415,1.066657131563438,0.261,0.99,-0.729,71.95,2.331847918471509,0.17871428568875508,0.76,-0.729,3.0019110343981965,6.451612861602498,0.0,0.0,1.0503637060817984e-05,0.0,0.01999999999998181,0.0,0.0,0,0.99999990000001,0.009999999999990905,0.009999999999990905,-0.009999999999990905,0.001930641188877679,0.0,0.0,False,1.0,1.0,-0.01999999999998181,0.0001,571.75,571.78221851,-0.03221851000000697,571814.972,0.0,0.7461,0.0001,1,1,False,1.738099466928335,0.5,20,2,5,2,0,9,7,False,0,3591499155
1779858141000,1779858142043,10,14,True,571.76,571.76,571.76,571.76,0.175,0.0,0.175,1,0,1,571.76,571.77,0.009999999999990905,571.765,571.7646482511032,571.750390825995,29.198999999999998,52.967,153.215,7.744000000000001,19.2,150.415,153.215,150.415,0.009221750156410071,-0.9999999942857143,0.5330297925726236,-0.0011950757012223739,0.0007996139189530645,-0.0019946896201754384,0.5046108750765583,0.07034256513340846,1.0186151647041946,0.0,0.175,-0.175,71.775,2.2881807736035906,0.17499999982499997,0.175,-0.175,0.43702840750125704,1.0,-1.7489702937772692e-05,0.0,0.0,0.0,0.009999999999990905,-1.7489702937772692e-05,9.994115907332305e-05,0,0.0,0.009999999999990905,0.009999999999990905,0.06999999999993634,0.001831167219589179,0.0,0.0,False,1.0,1.0,0.05999999999994543,0.0001,571.75,571.78221851,-0.03221851000000697,571814.972,0.0,0.7461,0.0001,1,1,False,1.7366141270277498,0.5,21,2,5,2,0,10,1,False,0,3498421780
1779858142000,1779858142999,10,15,True,571.76,571.76,571.76,571.76,0.375,0.0,0.375,1,0,1,571.76,571.77,0.009999999999990905,571.765,571.7653584795847,571.7496378096631,25.829,49.213,142.179,8.190999999999999,21.971999999999998,153.995,142.179,153.995,-0.03989546685380928,-0.9999999973333332,0.45091357955515915,-0.0012869133087023408,0.0007896031316670196,-0.0020765164403693604,0.4800522665714072,-0.07170393214609208,0.9232702360406295,0.0,0.375,-0.375,71.4,2.245945338403473,0.37499999962499997,0.375,-0.375,0.44524681097786717,1.0,0.0,0.0,0.0,0.0,0.12000000000000455,1.7489702937772692e-05,0.0,0,0.0,0.009999999999990905,0.009999999999990905,0.11000000000012733,0.0018425512816204984,0.0,0.0,False,1.0,1.0,0.10000000000013642,0.0001,571.75,571.78221851,-0.03221851000000697,571814.972,0.0,0.7461,0.0001,1,1,False,1.7783654356816903,0.5,22,2,5,2,0,9,1,False,0,1597515425
1779858143000,1779858144042,10,16,True,571.77,571.77,571.74,571.75,19.661,3.27,16.391000000000002,6,2,4,571.74,571.75,0.009999999999990905,571.745,571.7403728478415,571.7410459761437,10.481,30.774,120.399,5.751,13.215,53.248,120.399,53.248,0.3867098193439179,-0.6673617821744896,0.3862252509644501,-0.001573748297371207,0.002787865504222802,-0.0043616138015940085,0.6933549096690795,0.9254139667494004,2.2610990083709983,3.27,16.391000000000002,-13.121000000000002,58.279,2.3690290978000808,3.2768333327871946,9.63,-13.121,2.532683116065993,6.877579044858466,-1.7490008832880676e-05,0.0,3.1511462314944164e-05,0.0,0.03999999999996362,-1.7490008832880676e-05,8.895788022985146e-07,0,-0.6666666444444452,0.009999999999990905,0.009999999999990905,0.32999999999992724,0.0011931001182678522,0.0,0.0,False,1.0,1.0,0.31999999999993634,0.0001,571.75,571.78221851,-0.03221851000000697,571813.257,0.0,0.7461,0.0001,1,1,False,1.3833226824858247,0.5,23,2,5,2,0,10,6,False,0,1962147979
1779858144000,1779858145049,10,17,True,571.75,571.75,571.75,571.75,8.443,8.443,0.0,4,4,0,571.76,571.77,0.009999999999990905,571.765,571.7643617371165,571.7536905211556,17.87,33.577,98.374,4.877,17.73,54.159,98.374,54.159,0.2898716998925487,0.9999999998815586,0.4192899722666906,-0.0019255392761087155,0.00274392356261906,-0.004669462838727776,0.6449358499429965,0.12764220265557089,1.8163924739781683,8.443,0.0,8.443,66.72200000000001,2.422503553609914,2.1107499994723122,7.5,8.443,1.6511843676712803,3.0120481836986497,0.0,0.0,0.0,0.0,-0.009999999999990905,1.7490008832880676e-05,0.0,0,0.0,0.029999999999972715,0.009999999999990905,-0.17000000000007276,0.0007393316954147874,0.0,0.0,False,1.0,1.0,-0.20000000000004547,0.0001,571.75,571.78221851,-0.03221851000000697,571813.257,0.0,0.7461,0.0001,1,1,False,1.511554703304117,0.5,24,2,5,2,0,9,4,False,0,2761810844
1779858145000,1779858145997,10,18,True,571.76,571.77,571.76,571.77,4.880000000000001,4.776000000000001,0.104,3,2,1,571.76,571.77,0.009999999999990905,571.765,571.7652609012376,571.7527468248719,18.095,35.849,101.607,6.46,12.859,31.002,101.607,31.002,0.5324299255666476,0.957377048984144,0.5440762327608937,-0.0018896189605744913,0.006684118878609342,-0.008573737839183833,0.7662149627795534,-0.05218966084522643,3.2774337138482217,4.776000000000001,0.104,4.672000000000001,71.394,2.441437863327622,1.6266666661244447,4.767,4.672000000000001,1.2287840881939494,3.3057851130387266,3.4979711770716725e-05,0.0,1.0503637060817984e-05,0.0,0.009999999999990905,3.4979711770716725e-05,7.167973722038677e-06,0,0.99999990000001,0.009999999999990905,0.009999999999990905,-0.13000000000010914,0.0008469214861357549,0.0,0.0,False,1.0,1.0,-0.14000000000010004,0.0001,571.75,571.78221851,-0.03221851000000697,571813.257,0.0,0.7461,0.0001,1,1,False,1.6942383302313209,0.5,25,2,5,2,0,9,3,False,0,3054215610
1779858146000,1779858147077,10,19,True,571.77,571.8,571.77,571.8,8.025,8.025,0.0,5,5,0,571.79,571.8,0.009999999999990905,571.795,571.7930173370087,571.7807943122439,39.985,50.788000000000004,116.599,7.5760000000000005,9.189,58.359,116.599,58.359,0.33287989117197914,0.9999999998753893,0.4840530046041738,-0.0018422468857800009,0.0037937751445771073,-0.005636022030357108,0.6664399455831318,0.39652529379173956,1.9979608971709941,8.025,0.0,8.025,79.41900000000001,2.525325146497208,1.604999999679,5.277,8.025,1.979943059987893,5.284015824126732,5.246727355018247e-05,0.0,3.150980899452638e-05,0.0,0.05999999999994543,1.7487561779465744e-05,6.537978011669095e-06,0,0.9999999666666678,0.009999999999990905,0.009999999999990905,-0.4700000000000273,0.0007747021106760515,0.0,0.0,False,1.0,1.0,-0.4800000000000182,0.0001,571.75,571.78221851,-0.03221851000000697,571813.257,0.0,0.7461,0.0001,1,1,False,1.8481201881885307,0.5,26,2,5,2,0,10,5,False,0,9979720
1779858147000,1779858148031,10,20,True,571.79,571.81,571.79,571.81,6.206,6.097,0.109,5,3,2,571.81,571.82,0.010000000000104592,571.815,571.8100211910037,571.7989983979978,23.541,41.454,105.023,3.7470000000000003,8.119,165.536,105.023,165.536,-0.22365916491329563,0.9648727036795242,0.37592581399483516,-0.001818502681146398,0.0008585355263895662,-0.002677038207535964,0.3881704175415042,0.9957374251927245,0.634442054896612,6.097,0.109,5.988,85.40700000000001,2.606462026939923,1.24119999975176,6.075,5.988,1.9183091663728802,4.1025640857330705,1.7488479464580488e-05,5.804598400254947e-05,2.1005988263452145e-05,3.885676880165551e-08,0.049999999999954525,-3.497879408560198e-05,2.8179954015086193e-06,1,0.9999999500000025,0.010000000000218279,0.010000000000104592,-0.3300000000001546,0.0009042040116757768,0.0,0.0,False,1.0,1.0,-0.3400000000003729,0.0001,571.75,571.78221851,-0.03221851000000697,571813.257,0.0,0.7461,0.0001,1,1,False,1.5869022705543154,0.5,27,2,5,2,0,8,5,False,0,2229931175
1779858148000,1779858149009,10,21,True,571.82,571.91,571.82,571.91,11.806000000000001,10.8,1.006,13,12,1,571.91,571.92,0.009999999999990905,571.915,571.9152023887698,571.9062047164772,15.73,53.996,86.064,7.992,119.986,147.523,86.064,147.523,-0.26310967647915723,0.8295781805158751,0.43875799070125987,-0.002271450240174441,0.0008543047996308124,-0.0031257550398052533,0.3684451617582809,-0.04048529605430005,0.5833937758818395,10.8,1.006,9.794,95.20100000000001,2.947233763761565,0.9081538460839882,4.458,9.794,4.4109158070302295,13.808975643604478,0.00017486797512486778,6.998768959636972e-05,9.451620313695862e-05,4.191494379363953e-08,0.13999999999998636,0.00015737949566028728,1.4811788506696254e-05,1,0.999999988888889,0.009999999999990905,0.009999999999990905,-0.17000000000007276,0.00042582757524693433,437.25596617796447,0.05263157874098114,False,1.0,1.0,-0.18000000000006366,0.0001,571.75,571.78221851,-0.03221851000000697,571835.463,0.0,0.7461,0.0001,1,2,False,1.9913401527876757,0.5,28,2,5,2,0,10,13,False,0,2430308024
1779858149000,1779858150014,10,22,True,571.92,571.92,571.83,571.84,8.4,0.28700000000000003,8.113,11,2,9,571.83,571.84,0.009999999999990905,571.835,571.8396671225252,571.8608361274922,1.705,11.683,46.972,58.224000000000004,98.623,238.297,46.972,238.297,-0.6706827590776752,-0.9316666665557539,-0.2278166288586671,-0.0038212661924659636,0.0007416729524848844,-0.004562939144950848,0.16465862045940968,-0.9334330590176938,0.19711536443934624,0.28700000000000003,8.113,-7.826,87.37500000000001,3.2112588862611857,0.7636363635669422,3.41,-7.826,3.4254478963487323,9.756097465794172,-0.00012240437173744297,7.512386006209602e-05,9.451455039463896e-05,6.331954842579777e-08,0.07000000000005002,-0.00029727234686231075,1.4571949014627501e-05,1,-0.8888888790123458,0.009999999999990905,0.009999999999990905,0.36999999999989086,0.0023176582289067727,1.0172155291115813e-05,0.04999999969440979,False,1.0,1.0,0.35999999999989996,0.0001,571.75,571.78221851,-0.03221851000000697,571835.463,0.0,0.7461,0.0001,1,1,False,2.0782851698233786,0.5,29,2,5,2,0,9,11,False,0,1866330028
1779858150000,1779858151007,10,23,True,571.83,571.84,571.83,571.83,0.435,0.052,0.383,4,1,3,571.83,571.84,0.009999999999990905,571.835,571.8378910707919,571.8460824013007,6.835999999999999,18.608999999999998,73.024,27.997,68.307,207.263,73.024,207.263,-0.47893409255342223,-0.7609195384806448,-0.08086285936415853,-0.002608335162567726,0.000776433833234599,-0.003384768995802325,0.260532953721505,-0.5782267858476066,0.352325306492947,0.052,0.383,-0.331,87.04400000000001,3.237119250646065,0.1087499999728125,0.303,-0.331,1.2356665569135312,5.870841452813064,-1.7487561972006945e-05,7.522556142572568e-05,1.050235127973948e-05,6.546010246220088e-08,0.06000000000005912,0.00010491680976543603,4.020129179725437e-05,1,0.0,0.009999999999990905,0.009999999999990905,0.38999999999987267,0.002835583808187375,1.0276247921889176e-05,0.04761904757258708,False,1.0,1.0,0.37999999999988177,0.0001,571.75,571.78221851,-0.03221851000000697,571835.463,0.0,0.7461,0.0001,1,2,False,1.854611148533644,0.5,30,2,5,2,0,9,4,False,0,1704628179
1779858151000,1779858152090,10,24,True,571.83,572.04,571.83,572.03,126.747,122.718,4.029,22,18,4,572.03,572.04,0.009999999999990905,572.035,572.0377209420493,572.0180483242455,27.411,102.66,184.27,13.237,27.308,143.334,184.27,143.334,0.12495573924578164,0.9364245307507364,0.19839036816914807,-0.001032410013435419,0.001271373396393495,-0.002303783409828914,0.5624778696213646,-0.5442054957371258,1.2855986716251162,122.718,4.029,118.68900000000001,205.733,3.8522956686576695,5.761227272465399,108.318,118.689,5.710880442869799,59.99999640000021,0.0003496931478293667,0.00010850414726523678,0.00022051081738208545,7.157538305605312e-08,0.2699999999999818,0.00036718070980137365,2.758985599869091e-06,1,0.9523809478458308,0.009999999999990905,0.009999999999990905,0.009999999999990905,5.3768006072553916e-05,5.047086252251841e-05,0.0454545445583399,False,1.0,1.0,0.0,0.0001,571.75,571.78221851,-0.03221851000000697,571835.463,0.0,0.7461,0.0001,1,2,False,0.037366291542159494,0.5,31,2,5,2,0,10,22,False,0,322971707
1779858152000,1779858153056,10,25,True,572.04,572.04,571.97,571.97,2.4259999999999997,0.1,2.326,9,3,6,571.97,571.98,0.009999999999990905,571.975,571.977103540354,571.9894912707794,5.479,25.811,98.09400000000001,13.906,29.447,80.987,98.09400000000001,80.987,0.09552660527864199,-0.9175597687891346,0.04160232204207372,-0.0016257605769368995,0.002258583524309271,-0.003884344101246171,0.547763302636529,-0.42074927938733814,1.211231432190213,0.1,2.326,-2.226,203.507,4.021072859849221,0.2695555555256049,1.509,-2.226,2.238208635219623,20.05012491127569,-0.00010489510499120847,0.00010233383191767171,7.349460994209791e-05,8.469638233722432e-08,0.21000000000003638,-0.00045458825282057515,4.323788332562679e-05,1,-0.9999999857142859,0.009999999999990905,0.009999999999990905,0.10999999999989996,6.975431602299775e-05,4.944341494862098e-05,0.0434782601935201,False,1.0,1.0,0.09999999999990905,0.0001,571.75,571.78221851,-0.03221851000000697,571835.463,0.0,0.7461,0.0001,1,1,False,1.8993923457110862,0.5,32,2,5,2,0,9,9,False,0,2209019337
1779858153000,1779858154003,10,26,True,571.98,572.1,571.98,572.0,33.301,30.641,2.66,24,17,7,571.99,572.0,0.009999999999990905,571.995,571.9904832082353,571.9861059247816,18.928,31.856,130.483,2.184,15.139000000000001,122.322,130.483,122.322,0.03228179822379985,0.8402450376613241,0.2499416073823971,-0.0014023976662857908,0.0016475967259534973,-0.0030499943922392882,0.5161408991099221,0.9033412886480696,1.0667173525525522,30.641,2.66,27.980999999999998,231.488,4.676119651329575,1.3875416666088525,14.568,27.980999999999998,5.132460626417792,37.03703566529498,5.2448927868383476e-05,9.929799535215448e-05,0.00012598305151996928,7.948963095342134e-08,0.25,0.00015734403285959194,1.5749955817185214e-06,1,0.1666666652776199,0.009999999999990905,0.009999999999990905,-0.049999999999954525,0.0008384516055765655,5.045197498126706e-05,0.04166666544390157,False,1.0,1.0,-0.05999999999994543,0.0001,571.75,571.78221851,-0.03221851000000697,571826.794,0.0,0.7461,0.0001,1,2,False,1.2774369672902137,0.5,33,2,5,2,0,9,24,False,0,3321828531
1779858154000,1779858155083,10,27,True,572.0,572.11,571.99,572.03,24.245,17.695999999999998,6.549,20,16,4,572.02,572.03,0.009999999999990905,572.025,572.024910238305,572.0268515915106,24.345,36.461,141.76500000000001,14.256,35.121,150.833,141.76500000000001,150.833,-0.03099132598298345,0.4597648999604138,-0.03893471899061811,-0.0013873915918882309,0.0011714002530994866,-0.0025587918449877173,0.48450433700679946,0.017940474954066116,0.9398805301164874,17.695999999999998,6.549,11.146999999999998,242.635,5.178541957843359,1.2122499999393876,5.804,11.146999999999998,3.8620909435417707,20.99447469735357,5.244617712269687e-05,9.805722661589945e-05,0.0001259808492115761,8.224037671430213e-08,0.2799999999999727,-2.7507456866029457e-09,2.1631749688815713e-06,1,0.24999999791642985,0.009999999999990905,0.009999999999990905,0.009999999999990905,0.003288266407100314,5.043695323018198e-05,0.03999999903142453,False,1.0,1.0,0.0,0.0001,571.75,571.78221851,-0.03221851000000697,571826.794,0.0,0.7461,0.0001,1,1,False,1.8999904076771845,0.5,34,2,5,2,0,10,20,False,0,215899886
1779858155000,1779858156020,10,28,True,572.02,572.03,572.02,572.03,0.223,0.12,0.103,3,2,1,572.02,572.03,0.009999999999990905,572.025,572.020692652018,572.023135244948,29.058,43.281,166.101,8.475999999999999,28.155,141.918,166.101,141.918,0.07851139053084868,0.0762331835146494,0.14718997443535003,-0.001174128088879496,0.0011912914624899644,-0.00236541955136946,0.5392556952638011,0.8614528411157802,1.1704012175962852,0.12,0.103,0.017,242.652,5.107114352668167,0.07433333330855556,0.103,0.017000000000000008,0.5874158658392407,4.750593801659887,0.0,9.805722661589945e-05,1.0498862889023248e-05,8.224037671430213e-08,0.2599999999999909,-5.244617712269687e-05,0.0,1,0.99999990000001,0.009999999999990905,0.009999999999990905,-0.13000000000010914,0.0031466278411383655,5.043695323018198e-05,0.03846153800586547,False,1.0,1.0,-0.14000000000010004,0.0001,571.75,571.78221851,-0.03221851000000697,571826.794,0.0,0.7461,0.0001,1,1,False,1.8298397207110872,0.5,35,2,5,2,0,8,3,False,0,3063533879
1779858156000,1779858156997,10,29,True,572.03,572.07,572.02,572.03,6.743,1.131,5.612,10,4,6,572.02,572.03,0.009999999999990905,572.025,572.0277134025039,572.0488428043342,2.8560000000000003,11.517000000000001,74.786,39.109,54.392,124.263,74.786,124.263,-0.2485669357783834,-0.6645410053886192,-0.20203943819212747,-0.0022634190756773667,0.00186547425708566,-0.004128893332763027,0.37571653210829636,-0.5426900584341946,0.6018364275721507,1.131,5.612,-4.481,238.171,5.267536832908555,0.6742999999325701,2.075,-4.481,1.8984205170863357,10.739856686564785,0.0,9.774476221129932e-05,5.2492479156045656e-05,8.101675367713581e-08,0.2300000000000182,0.0,0.0,1,0.0,0.009999999999990905,0.009999999999990905,0.21000000000003638,0.010654299869116797,5.01423076475874e-05,0.03703703574928237,False,1.0,1.0,0.20000000000004547,0.0001,571.75,571.78221851,-0.03221851000000697,571826.794,0.0,0.7461,0.0001,1,2,False,1.8400494583941607,0.5,36,2,5,2,0,9,10,False,0,1849728605
1779858157000,1779858157999,10,30,True,572.03,572.03,572.03,572.03,0.32,0.32,0.0,2,2,0,572.02,572.03,0.009999999999990905,572.025,572.0265611635041,572.048771316323,3.653,13.902,81.413,31.744,45.811,116.506,81.413,116.506,-0.1773099096085909,0.999999996875,-0.15781814599574087,-0.0021112002634187063,0.0019166470543988399,-0.004027847317817546,0.4113450451931783,-0.3122446841612816,0.6987880452448905,0.32,0.0,0.32,238.49099999999999,5.160404477731226,0.15999999992,0.304,0.32,0.38756651891204746,1.4880952358808106,0.0,9.743129573132664e-05,0.0,8.040495820920204e-08,0.22000000000002728,0.0,0.0,1,0.0,0.009999999999990905,0.009999999999990905,-0.21000000000003638,0.01053415487046727,4.991442280350332e-05,0.03571428557648799,False,1.0,1.0,-0.22000000000002728,0.0001,571.75,571.78221851,-0.03221851000000697,571826.794,0.0,0.7461,0.0001,1,2,False,1.8287821655820569,0.5,37,2,5,2,0,9,2,False,0,2674292620
1779858158000,1779858158995,10,31,True,572.03,572.03,571.96,572.01,8.736,3.29,5.446,11,5,6,572.02,572.03,0.009999999999990905,572.025,572.0240867165057,572.0030724248569,48.011,66.357,152.669,7.264,16.154,99.771,152.669,99.771,0.20954682300661728,-0.2467948717666214,0.18285697610842241,-0.001427168524254035,0.0019382477493709342,-0.0033654162736249695,0.604773411501328,0.18264872026064233,1.5301941445757767,3.29,5.446,-2.1559999999999997,236.33499999999998,5.351866626002333,0.7941818181096199,3.127,-2.1559999999999997,2.0553576474608968,20.366598363205735,-3.4963812457609385e-05,9.766619840825744e-05,7.349589482417602e-05,8.040495820920203e-08,0.10000000000002274,-3.4963812457609385e-05,4.002267909066749e-06,1,-0.2857142816326531,0.029999999999972715,0.009999999999990905,0.25,0.00560591566379853,5.277488412493126e-05,0.0344827569928131,False,1.0,1.0,0.22000000000002728,0.0001,572.05212593,572.15683995,-0.10471401999996033,571770.809,0.0,0.7461,0.0001,1,1,False,1.8245216688952641,0.5,38,2,5,2,0,9,11,False,0,1370516557
1779858159000,1779858160044,10,32,True,572.03,572.03,572.02,572.02,3.012,2.999,0.013,2,1,1,572.02,572.03,0.009999999999990905,572.025,572.0227535246064,572.0017151107388,48.016000000000005,66.38,148.005,4.621,12.493,120.35,148.005,120.35,0.10305379068732443,0.9913678615566508,0.20216100998770417,-0.0014924083107449818,0.0014410208434542755,-0.002933429154199257,0.551526895341799,0.4492852862749905,1.2297881179789798,2.999,0.013,2.986,239.32099999999997,5.241969359576027,1.505999999247,2.999,2.986,0.3815359958113576,2.6315789404432133,1.7482059037410915e-05,9.774439846318811e-05,1.0498862889023248e-05,8.101619764275892e-08,0.17999999999994998,5.2445871495020304e-05,5.804136464676885e-06,1,-0.99999990000001,0.009999999999990905,0.009999999999990905,-0.11000000000012733,0.005634326282297087,5.287494169724931e-05,0.03333333330125445,False,1.0,1.0,-0.12000000000011823,0.0001,572.05212593,572.15683995,-0.10471401999996033,571770.809,0.0,0.7461,0.0001,1,2,False,1.8187578446925574,0.5,39,2,5,2,0,9,2,False,0,1680496009
1779858160000,1779858161011,10,33,True,572.02,572.14,572.02,572.1,15.592,14.533,1.059,15,12,3,572.09,572.1,0.009999999999990905,572.095,572.0999940267691,572.1131216821367,2.487,24.221,56.181,38.153999999999996,46.837,171.622,56.181,171.622,-0.5067580321571413,0.8641611082052231,-0.3299425600282617,-0.0032306183542121104,0.0012237107486852874,-0.004454329102897398,0.2466209839192345,-0.9988128997560632,0.3273531365423585,14.533,1.059,13.474,252.79499999999996,5.561904790409599,1.0394666665973689,4.194,13.474,2.696917793912547,18.20546130705272,0.0001398454709826981,0.00010262458389026052,0.0001259742427483137,8.346098442259299e-08,0.2699999999999818,0.00012236341194528716,8.969052781793806e-06,1,0.6666666611114269,0.009999999999990905,0.009999999999990905,0.049999999999954525,0.004074677767392692,5.5196413658342746e-05,0.03225806451612903,False,1.0,1.0,0.03999999999996362,0.0001,572.05212593,572.15683995,-0.10471401999996033,571770.809,0.0,0.7461,0.0001,1,2,False,1.8488275740043973,0.5,40,2,5,2,0,10,15,False,0,2824565872
1779858161000,1779858162069,10,34,True,572.1,572.14,572.1,572.13,12.077,11.077,1.0,5,4,1,572.13,572.14,0.009999999999990905,572.135,572.1323774052809,572.1221601535293,44.434,54.061,122.90899999999999,12.126,55.487,197.146,122.90899999999999,197.146,-0.2319507584626644,0.8343959591923163,0.0997256482188108,-0.0016209489248524014,0.0008086371665816577,-0.002429586091434059,0.38402462076710564,0.5245127313901672,0.6234415103495712,11.077,1.0,10.077,262.87199999999996,5.543481682527317,2.4153999995169197,7.359,10.077,0.901960227424888,4.5248868573534535,5.243701005361481e-05,0.00010321818025122653,4.1988478265878166e-05,9.079406279046524e-08,0.10000000000002274,-8.740846092908329e-05,4.3418903742049285e-06,1,0.7499999812500004,0.009999999999990905,0.009999999999990905,0.10999999999989996,0.0021368641646393417,5.4665538337012066e-05,0.031249999969986675,False,1.0,1.0,0.09999999999990905,0.0001,572.05212593,572.15683995,-0.10471401999996033,571770.809,0.0,0.7461,0.0001,1,1,False,1.5665334211736355,0.5,41,2,5,2,0,9,5,False,0,1822522811
1779858162000,1779858163016,10,35,True,572.14,572.14,572.14,572.14,2.207,2.207,0.0,1,1,0,572.13,572.14,0.009999999999990905,572.135,572.1317607574636,572.1301363732853,16.66,30.046,97.476,12.732000000000001,56.093,218.874,97.476,218.874,-0.3837458511130591,0.9999999995468962,0.015049763594408867,-0.0016910862682334414,0.0007178800405157491,-0.0024089663087491905,0.3081270744418899,0.6478318001682242,0.4453521203960025,2.207,0.0,2.207,265.07899999999995,5.394515069985438,2.2069999977929995,2.207,2.207,0.1853734741383021,1.0,1.747839233794676e-05,0.00010329214609209476,0.0,9.171057742521117e-08,0.16999999999995907,-3.4958617715668045e-05,7.919525296795303e-06,1,0.0,0.009999999999990905,0.009999999999990905,-0.029999999999972715,0.0015883528148380585,5.4737900646925543e-05,0.030303028442095578,False,1.0,1.0,-0.03999999999996362,0.0001,572.05212593,572.15683995,-0.10471401999996033,571770.809,0.0,0.7461,0.0001,1,1,False,1.80809889092855,0.5,42,2,5,2,0,9,1,False,0,2714191232
1779858163000,1779858164017,10,36,True,572.13,572.14,572.13,572.13,4.757,0.317,4.44,3,1,2,572.13,572.14,0.009999999999990905,572.135,572.1306243633607,572.1297778703954,24.265,34.979,105.754,12.388,55.511,217.824,105.754,217.824,-0.34634616692004294,-0.8667227242239389,0.10685172401578073,-0.001894513156119987,0.0007204322708874419,-0.002614945427007429,0.3268269165384333,0.8751189516964264,0.48550205670410285,0.317,4.44,-4.123,260.95599999999996,5.316006379166243,1.585666666138111,4.04,-4.123,0.5643334084761169,4.228329791846386,-1.7478392337848957e-05,0.00010329204777618519,1.049684435333462e-05,9.201607162392865e-08,0.12999999999999545,-3.4956784675795716e-05,3.67424686444707e-06,1,0.0,0.009999999999990905,0.009999999999990905,0.049999999999954525,0.0017445665891060696,5.280187574026434e-05,0.029411762901243456,False,1.0,1.0,0.03999999999996362,0.0001,572.05212593,572.15683995,-0.10471401999996033,571771.382,0.0,0.7461,0.0001,1,1,False,1.8277980454371467,0.5,43,2,5,2,0,9,3,False,0,3802116499
1779858164000,1779858165067,10,37,True,572.14,572.14,572.05,572.07,31.708,1.28,30.428,13,3,10,572.07,572.08,0.009999999999990905,572.075,572.0770720676627,572.10029631803,3.068,23.747,86.9,13.395,37.12,83.72,86.9,83.72,0.018637908803079178,-0.9192632773773413,-0.04812583018817416,-0.0020373590213647458,0.0020672456442709544,-0.004104604665635701,0.5093189543986091,-0.41442953014339634,1.0379837553626614,1.28,30.428,-29.148,231.80799999999996,5.56794059624276,2.4390769228893014,8.428,-29.148,2.334795023933551,17.93721940919786,-0.00010487676989157174,0.0001059207438462467,9.447820468080026e-05,9.384914895521985e-08,0.04000000000007731,-8.739837755372278e-05,3.307580733198693e-06,1,-0.7777777691348201,0.009999999999990905,0.009999999999990905,0.32999999999992724,0.002043455304490496,5.390421723563459e-05,0.02857142681978187,False,1.0,1.0,0.31999999999993634,0.0001,572.05212593,572.15683995,-0.10471401999996033,571771.382,0.0,0.7461,0.0001,1,1,False,1.5394044171756394,0.5,44,2,5,2,0,10,13,False,0,692840654
1779858165000,1779858166015,10,38,True,572.08,572.08,572.08,572.08,0.394,0.394,0.0,3,3,0,572.07,572.08,0.009999999999990905,572.075,572.0765128653875,572.091082433388,4.736,25.156,104.14,10.783,29.488,76.473,104.14,76.473,0.15318387934338515,0.9999999974619289,0.1350103200354741,-0.0016871222086908154,0.002273191041630345,-0.0039603132503211605,0.5765919396689242,-0.30259020806968245,1.3617878205201601,0.394,0.0,0.394,232.20199999999997,5.4837458225954565,0.13133333328955557,0.306,0.394,0.5470713079172275,3.300330022111122,1.7480225495282232e-05,0.00010570384514922995,0.0,9.384712843596063e-08,0.05000000000006821,0.00012235699538685397,4.436605444394968e-05,1,0.0,0.009999999999990905,0.009999999999990905,-0.209999999999809,0.0019297077905811603,5.3724629464585317e-05,0.027777777239356916,False,1.0,1.0,-0.2199999999997999,0.0001,572.05212593,572.15683995,-0.10471401999996033,571771.382,0.0,0.7461,0.0001,1,2,False,1.8246254310248031,0.5,45,2,5,2,0,8,3,False,0,3156218672
1779858166000,1779858166999,10,39,True,572.08,572.08,572.07,572.07,0.585,0.572,0.013,2,1,1,572.07,572.08,0.009999999999990905,572.075,572.076748463428,572.0821026329559,4.007,28.121000000000002,90.807,9.052,33.416,79.006,90.807,79.006,0.06949409055802859,0.9555555539221272,0.1353747860409579,-0.001999391047753124,0.002256400123453624,-0.0042557911712067485,0.53474704527607,-0.34970893080367615,1.14936840238527,0.572,0.013,0.5589999999999999,232.76099999999997,5.36952464808413,0.29249999985374997,0.572,0.5589999999999999,0.37247244974303945,1.6611295653469609,-1.7480225495320233e-05,0.00010512345149304822,1.0497945276511854e-05,9.32351138832823e-08,0.04000000000007731,-3.4960450990602465e-05,2.9880727291349587e-05,1,-0.99999990000001,0.009999999999990905,0.009999999999990905,-0.25,0.001798972056643149,5.540535766281805e-05,0.02702702576031948,False,1.0,1.0,-0.2599999999999909,0.0001,572.05212593,572.15683995,-0.10471401999996033,571771.382,0.0,0.7461,0.0001,1,1,False,1.826143372376758,0.5,46,2,5,2,0,9,2,False,0,3579267733
1779858167000,1779858168062,10,40,True,572.07,572.15,572.07,572.15,7.845,7.742999999999999,0.10200000000000001,7,5,2,572.15,572.16,0.009999999999990905,572.155,572.155321362655,572.1433035838357,14.3,55.627,109.722,12.873,51.982,175.097,109.722,175.097,-0.22953173769927737,0.9739961757840667,0.13398461127536251,-0.0016773854222960406,0.0008366209061413753,-0.0025140063284374158,0.38523413114860583,-0.06428571427830808,0.626635522021356,7.742999999999999,0.10200000000000001,7.640999999999999,240.40199999999996,5.422982856343666,1.1207142855541836,3.734,7.641,1.290802531400367,7.653061165920449,0.00013983324907846612,0.00010960526714307176,8.397842448078142e-05,9.262125561693313e-08,0.12000000000000455,0.00015731347457378635,1.7824505935072226e-05,1,0.9999999875000002,0.009999999999990905,0.009999999999990905,-0.09000000000014552,0.0026039143206942517,6.724795490382195e-05,0.026315787863863477,False,1.0,1.0,-0.10000000000013642,0.0001,572.05212593,572.15683995,-0.10471401999996033,571771.382,0.0,0.7461,0.0001,1,2,False,1.8459157161625137,0.5,47,2,5,2,0,9,7,False,0,262297879
1779858168000,1779858169021,10,41,True,572.15,572.15,572.15,572.15,0.013,0.0,0.013,1,0,1,572.15,572.16,0.009999999999990905,572.155,572.1530615451228,572.1598062511362,9.692,40.364000000000004,113.795,14.317,53.408,200.943,113.795,200.943,-0.2768906201339626,-0.9999999230769291,-0.018531074683381433,-0.0015709631459113786,0.0007191750044503722,-0.0022901381503617506,0.36155468993143014,0.387673343545813,0.5663048725232215,0.0,0.013,-0.013,240.38899999999995,5.277967024988136,0.012999999986999999,0.013,-0.013,0.18946689039096087,1.0,0.0,0.00010239323292723282,0.0,7.121665098477489e-08,0.13999999999998636,-0.00013983324907846612,0.0,1,0.0,0.009999999999990905,0.009999999999990905,0.19000000000005457,0.002565232027019369,6.583909271322664e-05,0.02564102407351362,False,1.0,1.0,0.18000000000006366,0.0001,572.05212593,572.15683995,-0.10471401999996033,571727.393,0.0,0.7461,0.0001,1,1,False,1.8163359985375944,0.5,48,2,5,2,0,8,1,False,0,1711699958
1779858169000,1779858170000,10,42,True,572.16,572.24,572.16,572.24,26.276,26.276,0.0,9,9,0,572.23,572.24,0.009999999999990905,572.235,572.2399936924985,572.2177978238655,14.91,26.521,98.915,33.67,143.718,243.52,98.915,243.52,-0.42228452114876613,0.9999999999619424,0.044105844076891394,-0.00189589983412895,0.0007888600891551002,-0.0026847599232840504,0.2888577394241568,-0.9987420987767307,0.4061884034148892,26.276,0.0,26.276,266.66499999999996,5.400000893021312,2.9195555552311605,5.467,26.276,1.6666663907342085,142.8571224489825,0.00015728903640472355,0.00010474838751467716,8.39652157108348e-05,6.907609694837179e-08,0.22000000000002728,0.00015728903640472355,5.986034266963675e-06,1,0.9999999875000002,0.009999999999990905,0.009999999999990905,-0.4900000000000091,0.0020781490627550165,0.0006702784795045199,0.024999998066923587,False,1.0,1.0,-0.5,0.0001,572.05212593,572.15683995,-0.10471401999996033,571727.393,0.0,0.7461,0.0001,1,2,False,1.8559789500397554,0.5,49,2,5,2,0,9,9,False,0,3483037780
1779858170000,1779858171010,10,43,True,572.23,572.23,572.19,572.19,3.896,3.876,0.02,3,2,1,572.18,572.19,0.010000000000104592,572.185,572.1899560538129,572.2278776088875,0.41700000000000004,14.388,83.694,52.444,78.069,197.21,83.694,197.21,-0.4041095890396573,0.9897330592942163,-0.22987385601296234,-0.0021760249385004964,0.0007896848411379471,-0.0029657097796384436,0.29794520547839143,-0.9912280700255252,0.42439024390028707,3.876,0.02,3.856,270.52099999999996,5.321312339151761,1.2986666662337778,3.701,3.856,0.5637707032086077,2.2271714872446067,-8.737974368329674e-05,0.00010648330820389958,4.1981874111739286e-05,7.670469203975703e-08,0.09000000000003183,-0.0002446687800880203,2.2428065621372864e-05,1,-0.9999999750000006,0.010000000000218279,0.010000000000104592,-0.4099999999998545,0.0018760431457057482,0.0006703406597913899,0.04878048864256974,False,1.0,1.0,-0.42000000000007276,0.0001,572.05212593,572.15683995,-0.10471401999996033,571727.393,0.0,0.7461,0.0001,1,1,False,1.8391395037737235,0.5,50,2,5,2,0,9,3,False,0,3064873998
1779858171000,1779858172025,10,44,True,572.19,572.24,572.19,572.2,27.105,26.134,0.9710000000000001,13,9,4,572.19,572.2,0.009999999999990905,572.195,572.1999860443452,572.2253087837879,0.104,13.205,77.043,67.883,88.776,201.914,77.043,201.914,-0.44763529862865015,0.9283527024191717,-0.13538888710978786,-0.002337649441097035,0.000823735729634446,-0.003161385170731481,0.2761823506838826,-0.9972265021575921,0.381563437897414,26.134,0.9710000000000001,25.163,295.68399999999997,5.573072590327113,2.0849999998396154,8.642,25.163,2.332645015288472,13.590033790395918,1.747655956496042e-05,7.238578279481049e-05,5.247688410605263e-05,4.155068987874154e-08,0.07000000000005002,0.00010485630324825717,6.447725351158697e-07,1,0.19999999600000007,0.009999999999990905,0.009999999999990905,-0.25,0.001820209047537383,0.0006303703336861466,0.04878048761429211,False,1.0,1.0,-0.2599999999999909,0.0001,572.05212593,572.15683995,-0.10471401999996033,571727.393,0.0,0.7461,0.0001,1,2,False,1.5192109256221422,0.5,51,2,5,2,0,9,13,False,0,660856078
1779858172000,1779858173051,10,45,True,572.2,572.2,572.19,572.19,3.513,2.24,1.2730000000000001,5,3,2,572.19,572.2,0.009999999999990905,572.195,572.1970143499151,572.2301388778078,2.943,22.215,153.543,39.168,137.764,200.103,153.543,200.103,-0.1316570808092509,0.2752633076358488,0.019382257319489143,-0.0013753249890466623,0.0008627503883148933,-0.0022380753773615556,0.4341714595939607,-0.4028877502867741,0.7673198302835674,2.24,1.2730000000000001,0.9670000000000001,296.65099999999995,5.554283325070487,0.70259999985948,1.223,0.9669999999999999,0.9002061483848307,5.502063243454948,-1.7476559564857998e-05,6.859171892417373e-05,1.0495743660982565e-05,3.635448421753695e-08,0.05000000000006821,-3.495311912981842e-05,4.974824810669847e-06,1,-0.99999990000001,0.009999999999990905,0.009999999999990905,-0.2699999999999818,0.002192892736751237,0.0006303611925938593,0.04761904757258708,False,1.0,1.0,-0.2799999999999727,0.0001,572.05212593,572.15683995,-0.10471401999996033,571727.393,0.0,0.7461,0.0001,1,1,False,1.8533520203036666,0.5,52,2,5,2,0,10,5,False,0,1642436242
1779858173000,1779858174021,10,46,True,572.2,572.25,572.2,572.25,44.484,44.484,0.0,5,5,0,572.24,572.25,0.009999999999990905,572.245,572.2468618189846,572.2574842967997,10.62,19.256999999999998,89.432,22.922,110.562,193.139,89.432,193.139,-0.3670121845470094,0.9999999999775201,-0.05639033622598059,-0.00212857047476057,0.0008812007305409879,-0.003009771205301558,0.31649390772472585,-0.3723792776447479,0.4630447501516367,44.484,0.0,44.484,341.13499999999993,5.536110101297684,8.89679999822064,26.537,44.484,0.9031612283008643,12.539184795746898,0.00010485477623108872,7.153324827078168e-05,5.2475967038767987e-05,3.5436239199118646e-08,0.12000000000000455,0.0001223313357959467,2.357134615338809e-06,1,0.9999999800000005,0.009999999999990905,0.009999999999990905,0.08999999999991815,0.0008309554103364006,0.0006307725994044746,0.04651162742815656,False,1.0,1.0,0.07999999999992724,0.0001,572.05212593,572.15683995,-0.10471401999996033,571723.708,0.0,0.7461,0.0001,1,2,False,0.6743120823219042,0.5,53,2,5,2,0,9,5,False,0,3386930797
1779858174000,1779858175095,10,47,True,572.25,572.6,572.25,572.59,402.005,386.478,15.527000000000001,87,77,10,572.48,572.49,0.009999999999990905,572.485,572.4899913564727,572.4985366239309,3.289,10.461,67.658,40.72,50.528,203.635,67.658,203.635,-0.5012182400559497,0.9227522045722747,-0.1846347638014401,-0.002311906295584755,0.000671592372194659,-0.002983498667779414,0.24939087997018208,-0.9982764876180028,0.33225133203853835,386.478,15.527000000000001,370.951,712.086,8.207057311091203,4.6207471263836695,79.488,370.951,10.600632686191382,120.44816476394654,0.000593969480444563,0.00015039768189174072,0.0003672034381554613,9.771677615922931e-08,0.5199999999999818,0.0004891147042134743,1.477517643917577e-06,1,0.971428568653089,0.21000000000003638,0.009999999999990905,0.8100000000001728,0.0015316863309356985,0.0006313614752378792,0.0454545445583399,False,1.0,1.0,0.6000000000001364,0.0001,572.05212593,572.15683995,-0.10471401999996033,571723.708,0.0,0.7461,0.0001,1,2,False,0.1946493470453703,0.5,54,2,5,2,0,10,87,False,0,4275467303
1779858175000,1779858176026,10,48,True,572.49,572.49,572.34,572.46,28.97,26.111,2.859,31,16,15,572.39,572.4,0.009999999999990905,572.395,572.396737466369,572.4081110297861,6.407,10.305,89.106,6.511,25.473,195.68699999999998,89.106,195.68699999999998,-0.3742402376449763,0.8026234034931785,-0.1601964947166689,-0.001983907765334843,0.0007949804894512182,-0.002778888254786061,0.31287988117575616,-0.34755755174196656,0.4553496144329703,26.111,2.859,23.252000000000002,735.338,8.954366907448868,0.9345161290021123,3.797,23.252,3.4619979633345195,39.840635862922866,-0.0002270643213108983,0.00015873680423590547,0.00015737564734414627,2.325860531157609e-07,0.37999999999999545,-0.0008210338017554613,7.837912368072502e-06,1,-0.1999999986665151,0.13000000000010914,0.009999999999990905,0.75,0.00682620818868879,0.0006313897167176258,0.04444444411750423,False,1.0,1.0,0.6199999999998909,0.0001,572.05212593,572.15683995,-0.10471401999996033,571723.708,0.0,0.7461,0.0001,1,1,False,1.7430279047123176,0.5,55,2,5,2,0,9,31,False,0,165845036
1779858176000,1779858177020,10,49,True,572.4,572.45,572.32,572.33,10.548,5.132,5.4159999999999995,15,6,9,572.32,572.33,0.009999999999990905,572.325,572.3238207226502,572.366987283397,3.0140000000000002,16.546,93.013,16.859,19.63,45.871,93.013,45.871,0.3394343480866087,-0.026924535454406075,0.2809434651838869,-0.0018922066900762162,0.004545505324207388,-0.006437712014283605,0.6697171740397042,0.23581899291401562,2.02770813799508,5.132,5.4159999999999995,-0.2839999999999998,735.054,9.152584385893167,0.70319999995312,2.178,-0.284,1.6388813657354029,16.184970836312612,-0.00022711589122684627,0.00016666269655029708,0.00013639937613092783,2.8415596881610455e-07,0.2599999999999909,-5.156991594797459e-08,2.1531654456324858e-05,1,-0.5384615343190557,0.009999999999990905,0.009999999999990905,-0.4500000000000455,0.008243138070965899,0.0006317817013417525,0.0434782601935201,False,1.0,1.0,-0.4600000000000364,0.0001,572.05212593,572.15683995,-0.10471401999996033,571723.708,0.0,0.7461,0.0001,1,1,False,1.7018988823527772,0.5,56,2,5,2,0,9,15,False,0,112607445
1779858177000,1779858178095,10,50,True,572.33,572.33,572.33,572.33,0.187,0.187,0.0,1,1,0,572.32,572.33,0.009999999999990905,572.325,572.3294878758312,572.3329478150085,20.519,24.112,95.778,18.299,21.099,73.492,95.778,73.492,0.13165947893819543,0.9999999946524064,0.06455634991317279,-0.0020618134847472146,0.00269692242610086,-0.004758735910848074,0.5658297394661439,-0.8976040350825716,1.303243890473749,0.187,0.0,0.187,735.241,8.885286537175359,0.18699999981299997,0.187,0.187,0.11254561073562803,1.0,0.0,0.00016666269655029708,0.0,2.8415596881610455e-07,0.18000000000006366,0.00022711589122684627,0.0,1,0.0,0.009999999999990905,0.009999999999990905,1.290000000000191,0.008143599481939087,0.0006317817013417525,0.0425531914661208,False,1.0,1.0,1.2800000000002,0.0001,572.05212593,572.15683995,-0.10471401999996033,571723.708,0.0,0.7461,0.0001,1,2,False,1.7012875761071014,0.5,57,2,5,2,0,10,1,False,0,1284373173
1779858178000,1779858179066,10,51,True,572.32,572.32,572.21,572.21,29.087,0.346,28.741,15,1,14,572.2,572.21,0.009999999999990905,572.205,572.2099670973395,572.2218273087275,0.067,5.535,111.75,19.168,47.939,88.352,111.75,88.352,0.1169303655130037,-0.9762093030915457,-0.14899948909180255,-0.0016901160382801477,0.0022015024775070913,-0.0038916185157872388,0.5584651827540031,-0.9934392263478178,1.2648270554003889,0.346,28.741,-28.395,706.846,9.08576894579256,1.9391333332040577,18.544,-28.395,1.650933463952467,25.225224588913253,-0.00020969123043268348,0.00017295621300883208,0.0001154390582801692,2.8354472938254767e-07,0.06000000000005912,-0.00020969123043268348,7.20910476932906e-06,1,-0.999999990909091,0.009999999999990905,0.009999999999990905,-1.0700000000001637,0.00016760400356563484,0.000682385779274981,0.04166666544390157,False,1.0,1.0,-1.0800000000001546,0.0001,572.05212593,572.15683995,-0.10471401999996033,571732.916,0.0,0.7461,0.0001,1,1,False,1.1876856723588078,0.5,58,2,5,2,0,8,15,False,0,3662757954
1779858179000,1779858180003,10,52,True,572.2,572.2,572.14,572.15,0.26,0.019,0.241,9,1,8,572.18,572.19,0.010000000000104592,572.185,572.180163914497,572.180683423506,40.312,55.571,320.584,21.053,24.636,63.669000000000004,320.584,63.669000000000004,0.6686089633635428,-0.8538461505621301,0.5103273959107799,-0.000562021781894611,0.003387307221000555,-0.003949329002895166,0.8343044816804702,0.9672077656442444,5.035166250372471,0.019,0.241,-0.222,706.624,9.082956849209198,0.028888888885679014,0.081,-0.222,0.9908667572050298,42.328040536379234,-0.00010486210642634206,0.00017449462331875905,6.297721358446692e-05,3.030886067250163e-07,-0.09000000000003183,0.00010482912400634142,0.00040331579239625485,1,-0.8333333194447605,0.06999999999993634,0.010000000000104592,-0.9500000000000455,-0.0002541118157331598,0.0006824659776699727,0.06122448978108159,False,1.0,1.0,-1.0199999999999818,0.0001,572.05212593,572.15683995,-0.10471401999996033,571732.916,0.0,0.7461,0.0001,1,2,False,1.703633716948862,0.5,59,2,5,2,0,9,9,False,0,2638401226
1779858180000,1779858181053,10,53,True,572.18,572.19,572.08,572.08,1.8940000000000001,0.827,1.067,13,3,10,572.08,572.09,0.009999999999990905,572.085,572.0875490257132,572.0975282227985,8.096,202.10899999999998,255.307,19.569,33.418,76.38,255.307,76.38,0.5394453204360151,-0.12671594502285324,0.1862088143696997,-0.0004988647907391842,0.002517828091890141,-0.003016692882629325,0.7697226602165,-0.509811260198374,3.342589683119369,0.827,1.067,-0.24,706.384,9.211384493497421,0.1456923076811006,0.459,-0.24000000000000002,1.4112970756747558,15.384615147928994,-0.00012235302358315237,0.00017383627037656423,0.00011546528823927273,3.085857241377053e-07,-0.11000000000001364,-1.7490917156810307e-05,6.460032920726084e-05,1,-0.9090909008255068,0.009999999999990905,0.009999999999990905,-0.9100000000000819,0.00043344118882092955,0.0007036739332305261,0.0612244897690247,False,1.0,1.0,-0.9200000000000728,0.0001,572.05212593,572.15683995,-0.10471401999996033,571732.916,0.0,0.7461,0.0001,1,1,False,1.6968864137171549,0.5,0,3,5,2,0,10,13,False,0,2710398790
1779858181000,1779858182094,10,54,True,572.09,572.09,572.08,572.09,3.35,3.27,0.08,4,3,1,572.1,572.11,0.009999999999990905,572.105,572.1026124363717,572.0916442328316,30.485,137.406,329.338,4.509,12.968,32.834,329.338,32.834,0.8186828357774243,0.9522388056858988,0.4126401203731033,-0.000410926642340971,0.005395677230201537,-0.005806603872542508,0.9093414178873316,0.47750483021822354,10.03039532161691,3.27,0.08,3.19,709.5740000000001,9.04051942813685,0.8374999997906251,3.0,3.19,0.4424524532416057,6.1601642330996045,1.747991994237799e-05,0.00017348442084903589,1.0497761773291676e-05,3.098079305599007e-07,-0.11000000000001364,0.00013983294352553036,5.217886548406001e-06,-1,0.0,0.029999999999972715,0.009999999999990905,0.9500000000000455,0.0009944442895485715,0.0007039672347776914,0.05999999920365711,False,1.0,1.0,0.9200000000000728,0.0001,572.05212593,572.15683995,-0.10471401999996033,571732.916,0.0,0.7461,0.0001,1,1,False,1.6964822624145253,0.5,1,3,5,2,0,10,4,False,0,3548801982
1779858182000,1779858182995,10,55,True,572.09,572.1,571.69,571.69,181.927,14.850999999999999,167.076,44,4,40,571.68,571.69,0.010000000000104592,571.685,571.6858480263186,571.70353699451,7.034000000000001,17.752,108.239,20.667,50.817,60.958999999999996,108.239,60.958999999999996,0.2794359271369672,-0.836736713072624,0.1949181989221762,-0.0019538128764123863,0.002821669820599879,-0.004775482697012265,0.6397179635655285,-0.16961799753094797,1.7756032743028005,14.850999999999999,167.076,-152.225,557.349,10.186731905902855,4.134704545360575,152.691,-152.225,4.3193440646243175,56.282719345344326,-0.0006994352345852874,0.00023354239858397927,0.0004305512451540902,3.217285082666124e-07,-0.5,-0.0007169151545276653,3.844592801406294e-06,-1,-0.9756097537180453,0.010000000000218279,0.010000000000104592,-0.15000000000009095,0.0025509837645955225,0.0007143342043241436,0.0784313723073269,False,1.0,1.0,-0.16000000000030923,0.0001,572.05212593,572.15683995,-0.10471401999996033,571732.916,0.0,0.7461,0.0001,1,0,False,0.013331133104509622,0.5,2,3,5,2,0,8,44,False,0,2117470982
1779858183000,1779858184043,10,56,True,571.69,571.74,571.64,571.67,26.081,12.574,13.507,24,12,12,571.67,571.68,0.009999999999990905,571.675,571.6782506329355,571.6848497021374,5.936,12.985,60.991,33.73,46.834,73.443,60.991,73.443,-0.09262537750797696,-0.03577316820536892,0.034865507677702676,-0.002998539549380416,0.004015868122982903,-0.007014407672363319,0.4536873112422923,-0.6501324098263327,0.83045354899949,12.574,13.507,-0.9329999999999998,556.416,10.639625941774893,1.0867083332880538,5.473,-0.933,2.2557183992260375,29.715761390875304,-3.498460677670991e-05,0.0002336406928640396,0.00010505015059288608,3.443648975830633e-07,-0.5800000000000409,0.0006644506278085775,1.3413828754790278e-06,-1,-0.1999999980009095,0.009999999999990905,0.009999999999990905,-0.10999999999989996,0.003031523389557744,0.0007139478430715849,0.07843137230777447,False,1.0,1.0,-0.11999999999989086,0.0001,572.05212593,572.15683995,-0.10471401999996033,571747.113,0.0,0.7461,0.0001,1,1,False,1.8288647232962862,0.5,3,3,5,2,0,10,24,False,0,317922836
1779858184000,1779858185007,10,57,True,571.68,571.72,571.68,571.69,11.594999999999999,6.104,5.491,9,5,4,571.67,571.68,0.009999999999990905,571.675,571.6799942545242,571.6772041397759,3.92,10.847,85.796,28.711,33.877,80.418,85.796,80.418,0.0323558785659911,0.05286761534688511,0.2139815656540296,-0.0019741768261413483,0.0025867690828453474,-0.004560945908986695,0.5161779392799875,-0.9988581577645992,1.0668755751067314,6.104,5.491,0.6130000000000004,557.0290000000001,10.585867714175716,1.288333333190185,4.648,0.6130000000000001,0.8501901064848709,12.08459199897774,3.498460677685041e-05,0.00023259237445456065,4.201932514531801e-05,3.437555507074678e-07,-0.8999999999999773,6.996921355356033e-05,3.017214900718689e-06,-1,0.24999999375213178,0.03000000000020009,0.009999999999990905,0.21000000000003638,0.0021151780947145983,0.0007129125707199889,0.07692307684592593,False,1.0,1.0,0.1799999999998363,0.0001,572.05212593,572.15683995,-0.10471401999996033,571747.113,0.0,0.7461,0.0001,1,1,False,1.8128811016768995,0.5,4,3,5,2,0,10,9,False,0,4244119916
1779858185000,1779858186069,10,58,True,571.68,571.68,571.62,571.62,3.615,1.829,1.786,5,1,4,571.62,571.63,0.009999999999990905,571.625,571.6290919306937,571.6667959886761,1.2429999999999999,11.366999999999999,95.247,46.351,51.997,101.423,95.247,101.423,-0.03140285757852544,0.011894882431011077,0.053954442829508995,-0.0019361058752364736,0.00233292824377686,-0.004269034119013334,0.4842985712081949,-0.8183985262955469,0.9391065142922305,1.829,1.786,0.04299999999999993,557.0720000000001,10.40272451043225,0.7229999998554,1.829,0.04299999999999989,0.48064331555691636,36.36363504132236,-0.00012245147875464878,0.00023416586636976422,6.303450065018166e-05,3.477339092575764e-07,-0.8400000000000318,-0.0001574360855314992,3.387316147186047e-05,-1,-0.9999999833333336,0.009999999999990905,0.009999999999990905,0.650000000000091,0.001534912841276341,0.0007134130420423401,0.0754716981120264,False,1.0,1.0,0.6400000000001,0.0001,572.05212593,572.15683995,-0.10471401999996033,571747.113,0.0,0.7461,0.0001,1,0,False,1.804634952598332,0.5,5,3,5,2,0,10,5,False,0,2511308361
1779858186000,1779858187035,10,59,True,571.62,571.62,571.61,571.62,1.312,0.457,0.855,4,2,2,571.61,571.62,0.009999999999990905,571.615,571.6198360253165,571.6607666333584,0.42800000000000005,5.913,75.611,52.059,59.260999999999996,114.618,75.611,114.618,-0.20505285734454234,-0.30335365830537064,-0.10201751631161711,-0.0021429154443592417,0.0020892910927305143,-0.004232206537089756,0.39747357132510047,-0.9672163522299578,0.6596782355244406,0.457,0.855,-0.39799999999999996,556.6740000000001,10.192799116647587,0.327999999918,0.838,-0.39799999999999996,0.39243390886361024,5.244755217247787,0.0,0.00023413324210486196,1.0506393366330424e-05,3.452895925319416e-07,-0.7100000000000364,0.00012245147875464878,0.0,-1,0.0,0.009999999999990905,0.009999999999990905,-0.9900000000000091,0.0010968235275067885,0.0007111947393201378,0.07407407377768609,False,1.0,1.0,-1.0,0.0001,572.05212593,572.15683995,-0.10471401999996033,571747.113,0.0,0.7461,0.0001,1,1,False,1.80204668284441,0.5,6,3,5,2,0,8,4,False,0,443647133
1779858187000,1779858188014,10,60,True,571.62,571.62,571.62,571.62,10.0,10.0,0.0,1,1,0,571.61,571.62,0.009999999999990905,571.615,571.6197655903027,571.6441943876792,0.446,9.717,90.351,20.956,48.518,98.279,90.351,98.279,-0.042029369665259865,0.9999999999,0.036009523978453764,-0.0018241382675798698,0.0023922812681826566,-0.004216419535762526,0.4789853151647194,-0.9531333689136137,0.9193316985223767,10.0,0.0,10.0,566.6740000000001,9.891395866921437,9.99999999,10.0,10.0,0.10109796568177778,1.0,0.0,0.0002320360062170134,0.0,3.452895925319416e-07,-0.7100000000000364,0.0,0.0,-1,0.0,0.009999999999990905,0.009999999999990905,-0.5299999999999727,0.0006304393615045736,0.0006992431795902716,0.07272727267164351,False,1.0,1.0,-0.5399999999999636,0.0001,572.05212593,572.15683995,-0.10471401999996033,571747.113,-0.00015396569986324304,0.7461,0.0001,2,0,False,1.6382608707610473,0.603684449050688,7,3,5,2,0,10,1,False,0,951332358
1779858188000,1779858189087,10,61,True,571.62,571.62,571.62,571.62,2.718,2.718,0.0,3,3,0,571.61,571.62,0.009999999999990905,571.615,571.6169291202502,571.6399299910343,3.725,23.405,105.134,18.011,44.066,93.597,105.134,93.597,0.05805334849591636,0.9999999996320824,0.07971871055774778,-0.0016623328326248598,0.002440772955819002,-0.0041031057884438615,0.5290266742454423,-0.38583973650029635,1.123262497717627,2.718,0.0,2.718,569.392,9.665448461448603,0.9059999996979999,2.401,2.718,0.3103839425201376,3.5149384762216576,0.0,0.0002320360062170134,0.0,3.452895925319416e-07,-0.5900000000000318,0.0,0.0,-1,0.0,0.009999999999990905,0.009999999999990905,0.5099999999999909,0.0007749851192595013,0.0006992431795902716,0.07272727267164351,False,1.0,1.0,0.5,0.0001,571.68465886,571.86714586,-0.18248700000003737,571782.877,-9.142320029022551e-05,0.7461,0.0001,2,0,False,1.637563360243748,0.603684449050688,8,3,5,2,0,10,3,False,0,1577934424
1779858189000,1779858189998,10,62,True,571.62,571.62,571.58,571.59,18.659000000000002,16.192,2.467,7,4,3,571.58,571.59,0.009999999999990905,571.585,571.5865404319412,571.6058029505023,2.099,19.123,83.386,22.807,57.251999999999995,72.514,83.386,72.514,0.06973701090397862,0.7355699661967109,0.12485906241241145,-0.0021483732243148153,0.002668848861128529,-0.004817222085443345,0.5348685054487822,-0.3081062315035399,1.1499296687377618,16.192,2.467,13.725,583.1170000000001,9.578056708614223,2.665571428190633,14.332,13.725000000000001,0.7308371846424304,6.4724918674919625,-5.2483795640150984e-05,0.00022965505344478145,4.202667632171139e-05,3.3154571684670414e-07,-0.5599999999999454,-5.2483795640150984e-05,2.812787161012819e-06,-1,-0.7499999812500004,0.009999999999990905,0.009999999999990905,0.2899999999999636,0.0008515535729801783,9.525087937028161e-05,0.07272727267164351,False,1.0,1.0,0.2799999999999727,0.0001,571.68465886,571.86714586,-0.18248700000003737,571782.877,-9.142320029022551e-05,0.7461,0.0001,2,0,False,1.3774530052335823,0.6091981383523868,9,3,5,2,0,8,7,False,0,751411660
1779858190000,1779858191008,10,63,True,571.58,571.58,571.3,571.3,49.978,0.006,49.972,31,1,30,571.29,571.3,0.009999999999990905,571.295,571.2998448576334,571.3065785450261,0.354,6.154,36.612,26.144,60.617,127.23100000000001,36.612,127.23100000000001,-0.5530843551414886,-0.9997598943335116,-0.478919968142031,-0.004905260415574441,0.0014603106399332121,-0.006365571055507653,0.223457822426204,-0.968978672776973,0.287760058474053,0.006,49.972,-49.966,533.1510000000001,10.280415505053101,1.6121935483350907,16.739,-49.966,3.0154423215430564,34.44316758519515,-0.000507485420686179,0.0002554148687975485,0.0002942691106583143,3.566533806611015e-07,-0.7800000000000864,-0.0004550016250460281,1.0154176251070968e-05,-1,-0.9999999964285713,0.009999999999990905,0.009999999999990905,0.290000000000191,8.093655455956609e-05,9.644450092892039e-05,0.07272727267164351,False,1.0,1.0,0.2800000000002001,0.0001,571.68465886,571.86714586,-0.18248700000003737,571782.877,-9.142320029022551e-05,0.7461,0.0001,2,0,False,1.1792583548681217,0.6318201583352188,10,3,5,2,0,10,31,False,0,1870217896
1779858191000,1779858192047,10,64,True,571.3,571.3,571.14,571.14,2.388,0.41000000000000003,1.978,15,2,13,571.12,571.13,0.009999999999990905,571.125,571.1297792708843,571.1382835856174,0.51,25.114,123.511,21.502,40.237,106.336,123.511,106.336,0.07472362049504791,-0.6566164151354202,-0.15020901641414988,-0.0012775314698887127,0.0019923484902704173,-0.00326987996015913,0.5373618102453487,-0.9558602956419617,1.161516325598466,0.41000000000000003,1.978,-1.568,531.5830000000001,10.435155980297262,0.15919999998938666,0.888,-1.568,1.4374485658752225,14.373716425839804,-0.00028010223914792413,0.000262953126840016,0.0001682185380959275,4.984957531960007e-07,-0.9500000000000455,0.00022738318153825492,0.00011729574498770034,-1,-0.99999999375,0.029999999999972715,0.009999999999990905,0.8099999999999454,1.4883641516492236e-05,9.650043797191362e-05,0.07272727267164351,False,1.0,1.0,0.7799999999999727,0.0001,571.68465886,571.86714586,-0.18248700000003737,571782.877,-9.142320029022551e-05,0.7461,0.0001,2,1,False,1.6145900242946398,0.6474591747939341,11,3,5,2,0,10,15,False,0,405272444
1779858192000,1779858192993,10,65,True,571.13,571.98,571.08,571.98,147.494,135.005,12.488999999999999,91,79,12,571.88,571.89,0.009999999999990905,571.885,571.8800218449055,571.8713296914896,57.832,105.583,158.348,2.865,13.594000000000001,63.226000000000006,158.348,63.226000000000006,0.42930127180793193,0.830650738329487,0.4758550467090378,-0.0012975478664078658,0.0023183737587661873,-0.0036159216251740534,0.7146506359017094,0.9956226744732165,2.5044760066664904,135.005,12.488999999999999,122.51599999999999,654.099,13.07662627602522,1.6208131867953757,27.135,122.516,6.95898147367575,87.29388180751758,0.0014696622422729153,0.00042086153391152656,0.0009457162277515357,9.083189373053408e-07,0.2899999999999636,0.0017497644814208394,9.964217136039102e-06,-1,0.9444444433951109,0.19000000000005457,0.009999999999990905,0.8099999999999454,-0.0001253422189615104,0.0001272400218254235,0.07272727267164351,False,1.0,1.0,0.6199999999998909,0.0001,571.68465886,571.86714586,-0.18248700000003737,571782.877,-5.3830473563251924e-05,0.7461,0.0001,2,1,False,0.7788381530905417,0.5765904780316992,12,3,5,2,0,9,91,False,0,2815259139
1779858193000,1779858193997,10,66,True,571.97,571.97,571.33,571.36,59.816,0.085,59.731,60,4,56,571.36,571.37,0.009999999999990905,571.365,571.3630868485137,571.3881761397386,7.2,25.051000000000002,73.57300000000001,8.471,72.616,90.163,73.57300000000001,90.163,-0.10132163971208939,-0.9971579510332159,0.14079611720880814,-0.0026327411789156168,0.0015633938981593164,-0.004196135077074933,0.4493391801409017,0.3826086955798471,0.8159999112627575,0.085,59.731,-59.646,594.4530000000001,14.615097545663737,0.9969333333167179,7.976,-59.646,4.105343793185733,82.63304639306759,-0.0010845418874035006,0.0004851662187313506,0.0006723680765483636,2.4399486624255585e-06,-0.30999999999994543,-0.002554204129676416,1.8131300778811176e-05,-1,-0.9531249985107839,0.009999999999990905,0.009999999999990905,0.4700000000000273,0.0005333052694504832,0.00012611529585842613,0.07272727267164351,False,1.0,1.0,0.4600000000000364,0.0001,571.68465886,571.86714586,-0.18248700000003737,571846.77,5.79069764016804e-05,0.7461,0.0001,2,0,False,1.483922816294102,0.5113102371788333,13,3,5,2,0,10,60,False,0,3176176247
1779858194000,1779858195068,10,67,True,571.37,571.47,571.37,571.44,27.015,24.304000000000002,2.7110000000000003,13,11,2,571.44,571.45,0.009999999999990905,571.445,571.4431730015162,571.4283366641829,12.24,30.436,97.193,4.258,10.592,32.801,97.193,32.801,0.49534593903952995,0.7992966869961394,0.5680373148748622,-0.0020059030013743684,0.006009003903081203,-0.008014906904455572,0.7476729695159187,0.36538156427647445,2.963110880675494,24.304000000000002,2.7110000000000003,21.593000000000004,616.046,14.562143527773122,2.078076922917071,8.875,21.593,0.8927257154356084,11.450381548278074,0.0001400070005787283,0.0004676819117986607,0.0001050997875338159,2.456922842126384e-06,-0.25,0.0012245488879822288,5.182565262763121e-06,-1,0.6999999930003411,0.009999999999990905,0.009999999999990905,-0.30999999999994543,0.0022125280157772645,0.00012556470577282407,0.07272727267164351,False,1.0,1.0,-0.31999999999993634,0.0001,571.68465886,571.86714586,-0.18248700000003737,571846.77,5.79069764016804e-05,0.7461,0.0001,2,1,False,1.4194493730363267,0.5125285125216104,14,3,5,2,0,9,13,False,0,3049412918
1779858195000,1779858196091,10,68,True,571.45,571.45,571.45,571.45,1.551,1.551,0.0,4,4,0,571.44,571.45,0.009999999999990905,571.445,571.4443596695675,571.4300482475526,12.571,30.537,97.42099999999999,5.84,9.175,36.555,97.42099999999999,36.555,0.454305248697869,0.9999999993552546,0.5454769918948653,-0.002004965047174466,0.005480486547180916,-0.0074854515943553815,0.7271526243452024,0.12805116823808232,2.6650526603018725,1.551,0.0,1.551,617.5970000000001,14.215843739977283,0.38774999990306247,0.697,1.551,0.2813761935543768,4.444444424691358,1.7499496889991236e-05,0.0004649341587177709,0.0,2.4078029784972444e-06,-0.16999999999995907,-0.00012250750368873707,1.1282718812835924e-05,-1,0.0,0.009999999999990905,0.009999999999990905,-0.2899999999999636,0.002252103093489021,0.00012556885277519733,0.07272727267164351,False,1.0,1.0,-0.2999999999999545,0.0001,571.68465886,571.86714586,-0.18248700000003737,571846.77,5.79069764016804e-05,0.7461,0.0001,2,0,False,1.4377664975527578,0.5130221661719695,15,3,5,2,0,10,4,False,0,2975665130
1779858196000,1779858196995,10,69,True,571.45,571.56,571.45,571.55,8.983,8.983,0.0,13,13,0,571.54,571.55,0.009999999999990905,571.545,571.5406041607955,571.5317073056075,38.191,97.70400000000001,145.41,4.993,5.546,80.498,145.41,80.498,0.2873382084729742,0.9999999998886786,0.44650280547162274,-0.0013395148804134977,0.0019209905398300763,-0.003260505420243574,0.6436691042342738,0.8791619126190665,1.8063802827175035,8.983,0.0,8.983,626.58,14.1759800107977,0.6909999999468462,3.487,8.983,0.9170441824255529,20.689654744351973,0.00017497812818035867,0.00046380551722385567,0.00011559257169598888,2.4108650077071534e-06,-0.07000000000005002,0.00015747863129036743,1.9478807543234982e-05,-1,0.9090909008264464,0.009999999999990905,0.009999999999990905,-0.11000000000012733,0.0006843705562762502,0.00013081768465872834,0.07272727267164351,False,1.0,1.0,-0.12000000000011823,0.0001,571.68465886,571.86714586,-0.18248700000003737,571846.77,5.79069764016804e-05,0.7461,0.0001,2,1,False,1.4392415187305774,0.5182593237931659,16,3,5,2,0,8,13,False,0,3042643541
1779858197000,1779858198053,10,70,True,571.56,571.56,571.56,571.56,0.01,0.01,0.0,1,1,0,571.57,571.58,0.009999999999990905,571.575,571.5721696275205,571.5657284593949,42.995,81.043,133.36,9.799,18.209,96.82,133.36,96.82,0.15874532974125152,0.99999990000001,0.2952773550310156,-0.001560474676911736,0.0016413710401956432,-0.003201845717107379,0.5793726648684536,0.5660701339120819,1.3774013633404525,0.01,0.0,0.01,626.59,13.74398066618138,0.00999999999,0.01,0.01,0.07275912446441765,1.0,1.749612898190639e-05,0.0004638220170860325,0.0,2.4139264476068095e-06,-0.06000000000005912,-0.00015748199919845228,0.0017496127232293668,-1,0.0,0.03000000000020009,0.009999999999990905,0.10999999999989996,0.0006563202345908425,0.00013091506932409603,0.07272727267164351,False,1.0,1.0,0.07999999999969987,0.0001,571.68465886,571.86714586,-0.18248700000003737,571846.77,5.560889720821778e-05,0.7461,0.0001,2,0,False,1.4366668017982314,0.5177902450587073,17,3,5,2,0,10,1,False,0,1725198852
1779858198000,1779858199067,10,71,True,571.58,571.59,571.58,571.59,9.995000000000001,7.995,2.0,5,4,1,571.59,571.6,0.009999999999990905,571.595,571.5902207829954,571.5760747703102,37.645,63.567,121.734,1.385,13.280000000000001,91.942,121.734,91.942,0.13942604691149488,0.599799899889965,0.27644469504100694,-0.0016115202439075471,0.001541629275178433,-0.00315314951908598,0.5697130234534075,0.9558322793116224,1.3240303669560807,7.995,2.0,5.995,632.585,13.45729277548691,1.9989999996002001,5.69,5.995,0.3715457546361917,5.48696841982459,5.248655033370785e-05,0.00046159515251574496,1.0506944801025177e-05,2.3928560949389608e-06,-0.029999999999972715,3.499042135180146e-05,5.251280673182247e-06,-1,0.99999990000001,0.009999999999990905,0.009999999999990905,0.029999999999972715,0.0004159646084748967,0.00033728062113670503,0.07272727267164351,False,1.0,1.0,0.01999999999998181,0.0001,571.68465886,571.86714586,-0.18248700000003737,571844.167,5.105672539134764e-05,0.7461,0.0001,2,1,False,1.4407457877019503,0.5187135965979872,18,3,5,2,0,9,5,False,0,3799953467
1779858199000,1779858199992,10,72,True,571.59,571.59,571.59,571.59,0.194,0.0,0.194,2,0,2,571.59,571.6,0.009999999999990905,571.595,571.5992862867449,571.5773745379189,8.143,36.088,78.505,6.118,18.641000000000002,99.815,78.505,99.815,-0.11950426200022712,-0.9999999948453608,-0.03862737544549795,-0.00194155964189714,0.0014583171696279263,-0.0033998768115250664,0.4402478689970825,-0.8572749690417271,0.7865050343056003,0.0,0.194,-0.194,632.3910000000001,13.081643832028321,0.0969999999515,0.152,-0.194,0.15288598478353557,2.415458931363626,0.0,0.00046099922099481405,0.0,2.380025899158399e-06,0.0,-5.248655033370785e-05,0.0,-1,0.0,0.009999999999990905,0.009999999999990905,-0.029999999999972715,-7.322041326244489e-07,0.0003371003651693953,0.07272727267164351,False,1.0,1.0,-0.03999999999996362,0.0001,571.68465886,571.86714586,-0.18248700000003737,571844.167,5.105672539134764e-05,0.7461,0.0001,2,0,False,1.4357718879263104,0.5187135965979872,19,3,5,2,0,8,2,False,0,2505902112
1779858200000,1779858201005,10,73,True,571.59,571.59,571.59,571.59,0.795,0.0,0.795,2,0,2,571.59,571.6,0.009999999999990905,571.595,571.599950774637,571.5794274392146,4.3309999999999995,32.016,81.598,4.754,21.785,91.529,81.598,91.529,-0.05736251422333105,-0.9999999987421384,0.23296615466732679,-0.0019572253616999703,0.0015269906542618643,-0.0034842160159618343,0.4713187428854464,-0.9901793336912513,0.8914988692011111,0.0,0.795,-0.795,631.5960000000001,12.718311247371656,0.39749999980125,0.76,-0.795,0.15725358193730815,1.5267175549210419,0.0,0.00046018666716760536,0.0,2.377887178101458e-06,0.2900000000000773,0.0,0.0,-1,0.0,0.009999999999990905,0.009999999999990905,-0.029999999999972715,-8.533140345463983e-05,0.0003135709376477484,0.07272727267164351,False,1.0,1.0,-0.03999999999996362,0.0001,571.68465886,571.86714586,-0.18248700000003737,571844.167,5.105672539134764e-05,0.7461,0.0001,2,0,False,1.4321091925198566,0.5187135965979872,20,3,5,2,0,10,2,False,0,3797679060
1779858201000,1779858201999,10,74,True,571.59,571.68,571.59,571.68,7.022,7.011,0.011,9,8,1,571.6,571.61,0.009999999999990905,571.605,571.6099365690206,571.6316086571961,2.337,11.65,67.414,19.643,34.628,74.722,67.414,74.722,-0.05141554567420342,0.9968669893197284,-0.12512427614386534,-0.0022907454255170724,0.002407598609396483,-0.004698344034913555,0.4742922271593806,-0.9873452541988045,0.9021974786421376,7.011,0.011,7.0,638.5960000000001,12.596399403195536,0.7802222221355308,5.0,7.0,0.7144898880391434,25.723472007113255,0.00015744312399660978,0.0004615147972963157,9.455423217083581e-05,2.3656611061960286e-06,0.5399999999999636,0.00015744312399660978,2.2421407572513297e-05,-1,0.999999988888889,0.14999999999986358,0.009999999999990905,0.12999999999988177,-6.271529055747944e-05,0.00032301156578584873,0.07272727267164351,False,1.0,1.0,-0.01999999999998181,0.0001,571.68465886,571.86714586,-0.18248700000003737,571844.167,5.105672539134764e-05,0.7461,0.0001,2,1,False,1.4320255683214738,0.5229898804653784,21,3,5,2,0,9,9,False,0,2995257686
1779858202000,1779858203020,10,75,True,571.6,571.6,571.43,571.52,42.902,36.685,6.217,22,9,13,571.5,571.51,0.009999999999990905,571.505,571.5024672531102,571.4841361409922,23.692,35.641,106.135,7.895,12.972,72.217,106.135,72.217,0.19017448640783302,0.7101766817232257,0.31121190494999423,-0.0019822985666353194,0.003143157678579269,-0.005125456245214589,0.5950872432011131,0.5065373259693655,1.4696678067287527,36.685,6.217,30.468000000000004,669.0640000000001,12.904714176861257,1.9500909090022687,10.82,30.468,1.70480335300585,23.972602165040357,-0.00027991602702004024,0.0004386947399543614,0.00017863994033338922,2.3852624932990416e-06,-0.4600000000000364,-0.00043735915101665004,6.524544939944891e-06,-1,-0.4705882325259909,0.029999999999972715,0.009999999999990905,-0.19000000000005457,0.0017502382624316956,0.00031456536998032453,0.07272727267164351,False,1.0,1.0,-0.22000000000002728,0.0001,571.68465886,571.86714586,-0.18248700000003737,571844.167,5.40561094406955e-05,0.7461,0.0001,2,0,False,1.4619801085382769,0.5132937877067207,22,3,5,2,0,9,22,False,0,455048665
1779858203000,1779858203994,10,76,True,571.51,571.56,571.5,571.56,6.136,0.725,5.411,9,7,2,571.57,571.58,0.009999999999990905,571.575,571.5705073159404,571.5550672255812,72.732,119.157,170.68,4.594,13.765,52.726,170.68,52.726,0.5279804481503273,-0.7636897000059175,0.48497375193168707,-0.0012283606097945518,0.0029709780274231445,-0.0041993386372176965,0.7639902240729256,0.8985284427191941,3.2371126198983977,0.725,5.411,-4.686,664.378,12.776690761226462,0.6817777777020247,3.643,-4.686,0.7044077506053424,9.840098304156475,6.998635268973826e-05,0.00043890407061930896,6.304773554606566e-05,2.40362887237825e-06,0.1999999999999318,0.0003499023797097785,1.1405859302205411e-05,-1,0.8333333194444447,0.03000000000020009,0.009999999999990905,-0.10999999999989996,0.0014473053425318374,0.00031463732034109153,0.07272727267164351,False,1.0,1.0,-0.14000000000010004,0.0001,571.68465886,571.86714586,-0.18248700000003737,571790.145,-4.0418790080560456e-05,0.7461,0.0001,2,1,False,1.4215348271264598,0.5156511571323167,23,3,5,2,0,10,9,False,0,374135005
1779858204000,1779858205037,10,77,True,571.57,571.57,571.57,571.57,0.9079999999999999,0.0,0.9079999999999999,3,0,3,571.57,571.58,0.009999999999990905,571.575,571.5722289759353,571.5570040404162,31.143,71.081,121.21,5.3100000000000005,13.249,51.144,121.21,51.144,0.4065237824453943,-0.9999999988986784,0.4152509183017742,-0.001573889411969337,0.003071811556225087,-0.004645700968194424,0.7032618912197962,0.5541840623426786,2.369974972579971,0.0,0.9079999999999999,-0.9079999999999999,663.47,12.456143523153463,0.30266666656577773,0.842,-0.9079999999999999,0.24084500906582837,2.3781212785300325,1.7495822873017045e-05,0.00043885178849075346,0.0,2.4005694243749633e-06,0.12999999999999545,-5.249052981672121e-05,1.9268527371969736e-05,-1,0.0,0.009999999999990905,0.009999999999990905,-0.11000000000012733,0.001271525805939783,0.0003147128182024523,0.07272727267164351,False,1.0,1.0,-0.12000000000011823,0.0001,571.68465886,571.86714586,-0.18248700000003737,571790.145,-4.0418790080560456e-05,0.7461,0.0001,2,0,False,1.3813555382017537,0.5161348527283804,24,3,5,2,0,9,3,False,0,3433936671
1779858205000,1779858206087,10,78,True,571.575,571.575,571.575,571.575,0.0,0.0,0.0,0,0,0,571.57,571.58,0.009999999999990905,571.575,571.5759174289759,571.560311752149,28.919,64.995,115.49,9.728,18.317,56.579,115.49,56.579,0.3423684684612431,0.0,0.36638461423060115,-0.001658041367404423,0.0030064204452237304,-0.004664461812628153,0.6711842342277158,-0.1834977954877705,2.0412167058088477,0.0,0.0,0.0,663.47,12.04774537485335,0.0,0.0,0.0,0.0,0.0,8.74779664880914e-06,0.0004380011418094517,0.0,2.4007224742756594e-06,0.125,-8.748026224207904e-06,8747.796648809139,-1,0.0,0.0,0.009999999999990905,0.12000000000011823,0.001271525805939783,0.0003146664893662134,0.07272727267164351,False,1.0,1.0,0.12000000000011823,0.0001,571.68465886,571.86714586,-0.18248700000003737,571790.145,-4.0418790080560456e-05,0.7461,0.0001,2,0,False,1.3755229675517047,0.5154256498656434,25,3,5,2,0,9,0,False,0,3252942786
1779858206000,1779858207055,10,79,True,571.57,571.61,571.57,571.61,9.891,8.821,1.07,6,5,1,571.61,571.62,0.009999999999990905,571.615,571.615551489594,571.599712922209,20.233,53.476,108.758,8.894,12.173,59.79,108.758,59.79,0.2905285141307489,0.7836416943904921,0.39900162978162984,-0.0015370022910628025,0.002726625970049022,-0.004263628261111824,0.645264257062408,-0.11031119367042365,1.818999832717528,8.821,1.07,7.7509999999999994,671.221,11.8494586412516,1.64849999972525,5.55,7.7509999999999994,0.5063522462204144,12.787723621640362,6.123243396455281e-05,0.00043821509647072246,4.202741158080835e-05,2.4012581231562933e-06,0.06000000000005912,5.248463731574367e-05,6.190722268563551e-06,-1,0.9999999750000006,0.009999999999990905,0.009999999999990905,0.6300000000001091,0.0005821074684489003,3061.62201289413,0.054545454394460985,False,1.0,1.0,0.6200000000001182,0.0001,571.68465886,571.86714586,-0.18248700000003737,571790.145,-4.0418790080560456e-05,0.7461,0.0001,2,1,False,1.3854631799308121,0.5156482871072838,26,3,5,2,0,9,6,False,0,592102186
1779858207000,1779858208195,10,80,True,571.62,571.62,571.61,571.61,0.7020000000000001,0.039,0.663,2,1,1,571.61,571.62,0.009999999999990905,571.615,571.6164578139137,571.5913669890072,19.673000000000002,52.292,105.279,9.236,14.834,62.433,105.279,62.433,0.25547366914558606,-0.8888888876226654,0.36170371863702416,-0.0017612027882034707,0.0026515559900617694,-0.00441275877826524,0.6277368345698118,-0.291577219309057,1.6862716832174287,0.039,0.663,-0.624,670.597,11.52652557104663,0.35099999982450003,0.663,-0.624,0.17351282374718954,1.3755158165398682,0.0,0.00043821509647072246,1.0506393366330424e-05,2.401258123156293e-06,0.05000000000006821,-6.123243396455281e-05,0.0,-1,-0.99999990000001,0.009999999999990905,0.009999999999990905,-0.5499999999999545,0.0005219330772443537,3061.62201289413,0.053571427987372106,False,1.0,1.0,-0.5599999999999454,0.0001,571.68465886,571.86714586,-0.18248700000003737,571790.145,-7.925006917587781e-05,0.7461,0.0001,2,0,False,1.3751244281068542,0.5151640287538036,27,3,5,2,0,8,2,False,0,2368693792
1779858208000,1779858209059,10,81,True,571.62,571.65,571.5,571.5,12.668,10.605,2.063,15,5,10,571.5,571.51,0.009999999999990905,571.505,571.5037351751484,571.5175362476422,8.778,16.891000000000002,59.074,11.176,87.179,126.456,59.074,126.456,-0.36318654664817995,0.6742974423212585,-0.2532714622743449,-0.0032277012783837305,0.0012833994023201838,-0.004511100680703914,0.31840672667321507,0.2529567772738186,0.467150629464263,10.605,2.063,8.542,679.139,11.640409978553297,0.8445333332770311,3.79,8.542,1.2886144067389307,23.45058571472663,-0.00019245741939011385,0.00044032313553657356,0.00015760693028205093,2.4012581231562933e-06,-0.09000000000003183,-0.00019245741939011385,1.5192407591957804e-05,-1,-0.7999999946668183,0.009999999999990905,0.009999999999990905,0.32999999999992724,0.0026718585447820568,3061.6220266019236,0.053571427987372106,False,1.0,1.0,0.31999999999993634,0.0001,571.68465886,571.86714586,-0.18248700000003737,571826.553,-1.5581405100845557e-05,0.7461,0.0001,2,0,False,1.3874587477447684,0.5045033757746863,28,3,5,2,0,8,15,False,0,3354819134
1779858209000,1779858210050,10,82,True,571.51,571.54,571.51,571.51,7.013,6.202,0.811,6,5,1,571.51,571.52,0.009999999999990905,571.515,571.5128563113614,571.5238309801879,21.564,32.807,112.962,17.128,77.93900000000001,117.644,112.962,117.644,-0.020303027674820687,0.7687152430103072,0.0047156536694239765,-0.0019783784449006097,0.0015631540270849217,-0.0035415324719855314,0.48984848616042154,0.42873065012825196,0.9602019652429346,6.202,0.811,5.391,684.53,11.455478503846631,1.1688333331385277,5.211,5.391,0.5237668594517021,7.320644163099238,1.749765968844142e-05,0.00044018410313555,3.152414353869581e-05,2.377990916475648e-06,-0.08000000000004093,0.0002099550790785553,2.4950320384922843e-06,-1,0.0,0.009999999999990905,0.009999999999990905,0.4500000000000455,0.0032637572788676646,3061.6220257055,0.053571427987372106,False,1.0,1.0,0.44000000000005457,0.0001,571.68465886,571.86714586,-0.18248700000003737,571826.553,-1.5581405100845557e-05,0.7461,0.0001,2,1,False,1.3768914892752386,0.5088958366907077,29,3,5,2,0,9,6,False,0,2759891474
1779858210000,1779858211069,10,83,True,571.51,571.52,571.51,571.51,0.049,0.001,0.048,3,1,2,571.51,571.52,0.009999999999990905,571.515,571.5140640272433,571.5256406863037,18.837,29.983,97.177,19.463,81.45700000000001,120.919,97.177,120.919,-0.10886031839140163,-0.9591836538942111,-0.08312404106694585,-0.0023939901735274267,0.0015462676365417232,-0.00394025781006915,0.4455698408020066,0.18718766932463193,0.8036536855183747,0.001,0.048,-0.047,684.483,11.178249700441825,0.016333333327888888,0.035,-0.047,0.2683783311454427,3.1496062892925782,0.0,0.00042530573948960183,1.0508231707159714e-05,2.235843113806523e-06,-0.08000000000004093,-1.749765968844142e-05,0.0,-1,0.0,0.009999999999990905,0.009999999999990905,-0.4500000000000455,0.004503289154392315,3061.622024345606,0.053571427987372106,False,1.0,1.0,-0.4600000000000364,0.0001,571.68465886,571.86714586,-0.18248700000003737,571826.553,-1.5581405100845557e-05,0.7461,0.0001,2,0,False,1.377290035024818,0.5094048803162669,30,3,5,2,0,9,3,False,0,1493767679
1779858211000,1779858212018,10,84,True,571.52,571.52,571.3,571.3,34.016,0.977,33.039,23,3,20,571.29,571.3,0.009999999999990905,571.295,571.2998593093714,571.3155434375847,0.331,5.019,61.337,60.510000000000005,134.22,170.397,61.337,170.397,-0.4706258037212035,-0.9425564439986316,-0.38106120487789774,-0.0027665570780220907,0.001166781939517542,-0.003933339017539633,0.2646870981372407,-0.9718684880196883,0.3599652576021881,0.977,33.039,-32.062000000000005,652.4209999999999,11.565848070919142,1.478956521674828,9.874,-32.062,1.9886133603848706,30.513175213190216,-0.0003675151641370249,0.0004286204365374408,0.00023122358131395836,1.82418742895472e-06,-0.37999999999999545,-0.0003675151641370249,1.0804185210672059e-05,-1,-0.9999999954545454,0.009999999999990905,0.009999999999990905,-0.029999999999972715,0.0003669391979011155,3061.622399080846,0.053571427987372106,False,1.0,1.0,-0.03999999999996362,0.0001,571.68465886,571.86714586,-0.18248700000003737,571826.553,-1.5581405100845557e-05,0.7461,0.0001,2,0,False,1.3926617899278264,0.4877956889603689,31,3,5,2,0,9,23,False,0,25120358
1779858212000,1779858213097,10,85,True,571.29,571.34,571.21,571.34,7.224,6.784,0.44,18,10,8,571.33,571.34,0.009999999999990905,571.335,571.3303568090455,571.3140497806196,20.286,74.015,138.179,0.29,8.26,53.564,138.179,53.564,0.441293815156531,0.8781838315506388,0.48369987696963623,-0.0011853318273994447,0.0032439550951879038,-0.004429286922587349,0.7206469075756579,0.9286220080826197,2.579699051553661,6.784,0.44,6.343999999999999,658.765,11.776803871872612,0.40133333331103704,3.087,6.344,1.5284282725861018,29.616723861525596,7.001330255623778e-05,0.00027561788118000464,0.00013666440314739182,2.560081172551227e-07,-0.17999999999994998,0.00043752846669326266,9.691763918403379e-06,-1,0.38461538165734294,0.009999999999990905,0.009999999999990905,0.15000000000009095,0.008301409149862654,3061.6223684119363,0.053571427987372106,False,1.0,1.0,0.14000000000010004,0.0001,571.68465886,571.86714586,-0.18248700000003737,571826.553,-4.214562916024949e-07,0.7461,0.0001,2,1,False,1.2790851292654362,0.49328150859963826,32,3,5,2,0,10,18,False,0,620382795
1779858213000,1779858213991,10,86,True,571.33,571.34,571.33,571.34,0.02,0.004,0.016,2,1,1,571.33,571.34,0.009999999999990905,571.335,571.3345837770993,571.3307739799343,16.293,67.115,127.568,6.832,17.059,57.544,127.568,57.544,0.3782790958966557,-0.5999999700000015,0.4275213060640456,-0.0012636168839335856,0.0032334008185614096,-0.004497017702494995,0.6891395479456268,0.08322622106631966,2.2168775197724027,0.004,0.016,-0.012,658.753,11.456252925253839,0.009999999995,0.016,-0.012,0.17457715126179518,2.057613164490508,0.0,0.00013097198612496412,1.051154234221594e-05,1.0416466059776573e-07,-0.2199999999999136,-7.001330255623778e-05,0.0,-1,0.99999990000001,0.009999999999990905,0.009999999999990905,-0.15000000000009095,0.011858261397950905,3061.6223680442795,0.053571427987372106,False,1.0,1.0,-0.16000000000008185,0.0001,571.68465886,571.86714586,-0.18248700000003737,571830.231,6.0105613029991255e-06,0.7461,0.0001,1,0,False,1.273000946419944,0.4917559138150013,33,3,5,2,0,8,2,False,0,2916875785
1779858214000,1779858215065,10,87,True,571.34,571.42,571.25,571.29,21.996,8.048,13.948,20,7,13,571.28,571.29,0.009999999999990905,571.285,571.2899452376088,571.2924607228371,1.853,12.241,102.301,17.413,25.275,73.899,102.301,73.899,0.16119182746787067,-0.2682305873673291,0.05943339125722687,-0.001688032923462863,0.0024319506435621936,-0.004119983567025056,0.5805959137310978,-0.9890595412382643,1.3843353766440096,8.048,13.948,-5.9,652.8530000000001,11.736375780163549,1.0997999999450099,4.579,-5.8999999999999995,1.7041035812860785,77.55101439400296,-8.751739413810201e-05,0.00012867217202177552,0.0001786962211313397,1.0171460852656128e-07,-0.2800000000000864,-8.751739413810201e-05,3.978786785512058e-06,-1,-0.29411764532919177,0.009999999999990905,0.009999999999990905,0.07000000000016371,0.003906294203333604,3061.622586720723,0.053571427987372106,False,1.0,1.0,0.060000000000172804,0.0001,571.68465886,571.86714586,-0.18248700000003737,571830.231,6.0105613029991255e-06,0.7461,0.0001,1,0,False,1.2953939281640463,0.4873494877017354,34,3,5,2,0,10,20,False,0,255170958
1779858215000,1779858216092,10,88,True,571.29,571.29,571.29,571.29,0.004,0.004,0.0,1,1,0,571.28,571.29,0.009999999999990905,571.285,571.2899590571162,571.2930289532746,1.397,11.646,98.898,22.997,30.189,75.441,98.898,75.441,0.13454820780126905,0.9999997500000624,0.08212439289297188,-0.0017340357232271959,0.0026102800147861298,-0.0043443157380133254,0.5672741038977666,-0.9918189614704878,1.310931721460334,0.004,0.0,0.004,652.8570000000001,11.384363459502449,0.003999999996,0.004,0.004,0.08783978159775523,1.0,0.0,0.00012861265969270385,0.0,9.86525793166526e-08,-0.28500000000008185,8.751739413810201e-05,0.0,-1,0.0,0.009999999999990905,0.009999999999990905,-0.009999999999990905,0.003885851697387683,3061.622586688334,0.053571427987372106,False,1.0,1.0,-0.01999999999998181,0.0001,571.68465886,571.86714586,-0.18248700000003737,571830.231,6.0105613029991255e-06,0.7461,0.0001,1,1,False,1.2822761324371499,0.4873494877017354,35,3,5,2,0,10,1,False,0,1843326500
1779858216000,1779858217070,10,89,True,571.29,571.29,571.28,571.28,0.441,0.407,0.034,3,2,1,571.28,571.29,0.009999999999990905,571.285,571.2872200279901,571.2756415925553,14.847999999999999,27.95,127.657,13.337,22.354,64.451,127.657,64.451,0.32901284693855015,0.8458049867442063,0.18708507685799405,-0.001621312395567209,0.0027299617411241745,-0.0043512741366913835,0.6645064234666723,-0.44401427158247825,1.9806829994572515,0.407,0.034,0.373,653.2300000000001,11.10946629689581,0.146999999951,0.358,0.373,0.2700399748787406,2.7932960815829717,-1.7504397980389882e-05,0.00012257923626613499,1.0512462333253406e-05,9.55911394169965e-08,-0.3300000000000409,-1.7504397980389882e-05,3.969251233718224e-05,-1,-0.99999990000001,0.009999999999990905,0.009999999999990905,0.029999999999972715,0.0039296805716769155,3061.622799852438,0.053571427987372106,False,1.0,1.0,0.01999999999998181,0.0001,571.68465886,571.86714586,-0.18248700000003737,571830.231,6.0105613029991255e-06,0.7461,0.0001,1,0,False,1.2822761324371499,0.4868011321663539,36,3,5,2,0,9,3,False,0,229472465
1779858217000,1779858218089,10,90,True,571.29,571.29,571.25,571.25,6.22,0.021,6.199,4,1,3,571.26,571.27,0.009999999999990905,571.265,571.2651981691819,571.2662427661821,21.041,31.182,134.472,17.903,19.971999999999998,62.760999999999996,134.472,62.760999999999996,0.36358520125758076,-0.9932475882647512,0.2849737422012264,-0.001403796395810119,0.002865664578775651,-0.00426946097458577,0.6817926006262554,-0.03963852947054267,2.1426044836420295,0.021,6.199,-6.178,647.0520000000001,10.876369041259883,1.55499999961125,3.662,-6.178,0.36776979380325286,15.22842616403412,-5.251503244003565e-05,0.00012307824693555828,4.2050953464189945e-05,9.559207199032609e-08,-0.36000000000001364,-3.501063445964577e-05,8.442931259098508e-06,-1,-0.9999999750000006,0.029999999999972715,0.009999999999990905,0.029999999999972715,0.0036824116855983255,3061.6228057091384,0.053571427987372106,False,1.0,1.0,0.0,0.0001,571.68465886,571.86714586,-0.18248700000003737,571830.231,0.00010392625692792298,0.7461,0.0001,1,0,False,1.2952434821205645,0.48510597573980896,37,3,5,2,0,9,4,False,0,3594745733
1779858218000,1779858219028,10,91,True,571.26,571.26,571.26,571.26,0.011,0.0,0.011,1,0,1,571.26,571.27,0.009999999999990905,571.265,571.2655893632948,571.2664634978086,21.442,31.583000000000002,124.164,19.534,23.849,68.371,124.164,68.371,0.2897810787633949,-0.9999999090909174,0.16557321470728187,-0.0015768180826541568,0.0029162564617023,-0.004493074544356457,0.6448905393791006,-0.117876829842738,1.8160331134279735,0.0,0.011,-0.011,647.0410000000002,10.55255366285792,0.010999999988999998,0.011,-0.011,0.09476379195539755,1.0,1.750531724046252e-05,0.0001225799118004989,0.0,9.65113642930821e-08,-0.2400000000000091,7.002034968049816e-05,0.0015913923317336536,-1,0.0,0.009999999999990905,0.009999999999990905,0.06999999999993634,0.003680536917169457,3061.622543417131,0.053571427987372106,False,1.0,1.0,0.05999999999994543,0.0001,571.29,571.56816412,-0.2781641200000422,571813.361,7.442142783477614e-05,0.7461,0.0001,1,1,False,1.2846659167399028,0.48675587296747347,38,3,5,2,0,7,1,False,0,1399220282
1779858219000,1779858220039,10,92,True,571.26,571.33,571.26,571.33,20.490000000000002,18.556,1.9340000000000002,8,6,2,571.32,571.33,0.009999999999990905,571.325,571.3290617903583,571.2969941863928,15.222,33.157000000000004,87.6,5.026,16.783,75.757,87.6,75.757,0.07249765850209965,0.8112249877593349,0.09773079039914671,-0.0019759056253833935,0.00235691040967168,-0.004332816035055073,0.5362488292479891,-0.8123844730100774,1.1563287880835258,18.556,1.9340000000000002,16.622,663.6630000000001,10.468863378829791,2.561249999679844,16.198,16.622,0.7641708282690445,47.29729506026306,0.000122528641223259,0.00012560453086182436,7.358594834570578e-05,9.865626702873805e-08,-0.17999999999994998,0.0001050233239827965,5.979923924708593e-06,-1,0.9999999857142859,0.009999999999990905,0.009999999999990905,0.290000000000191,0.001361647412478674,3061.62310036545,0.053571427987372106,False,1.0,1.0,0.2800000000002001,0.0001,571.29,571.56816412,-0.2781641200000422,571813.361,7.442142783477614e-05,0.7461,0.0001,1,1,False,1.0362071333461846,0.4896383454012021,39,3,5,2,0,10,8,False,0,3759271805
1779858220000,1779858221023,10,93,True,571.32,571.32,571.3,571.3,0.9410000000000001,0.053,0.888,4,1,3,571.29,571.3,0.009999999999990905,571.295,571.291204198039,571.2813345499907,17.407,30.162,111.126,6.39,11.004,48.83,111.126,48.83,0.38945710070025846,-0.8873538779092944,0.39295167486528465,-0.0018905795334509966,0.003642061121294876,-0.005532640654745872,0.6947285503470034,0.7591412276485842,2.275773090266726,0.053,0.888,-0.835,662.8280000000001,10.256769497556684,0.2352499999411875,0.447,-0.8350000000000001,0.38998634029582835,6.036217267387019,-5.251043646145937e-05,0.00012615215206205417,2.102400463691909e-05,1.0509029945840094e-07,-0.21000000000003638,-0.00017503907768471837,5.580280170633004e-05,-1,-0.9999999500000025,0.009999999999990905,0.009999999999990905,-0.2899999999999636,0.0012851099789262074,3061.623100493586,0.053571427987372106,False,1.0,1.0,-0.2999999999999545,0.0001,571.29,571.56816412,-0.2781641200000422,571813.361,7.442142783477614e-05,0.7461,0.0001,1,0,False,1.3001794164888925,0.4840913127150156,40,3,5,2,0,9,4,False,0,1450793696
1779858221000,1779858221996,10,94,True,571.3,571.3,571.25,571.26,11.235,0.273,10.962,7,1,6,571.26,571.27,0.009999999999990905,571.265,571.2613065663589,571.2656426574326,19.652,34.185,159.814,5.382,6.835,48.596,159.814,48.596,0.5336500167912592,-0.9514018690741965,0.5731657464156179,-0.0011969826349173668,0.003703877209975747,-0.004900859844893113,0.7668250083932305,0.7386778528129668,3.288624578086908,0.273,10.962,-10.689,652.1390000000001,10.14999016976794,1.6049999997707143,4.068,-10.689,0.6896558402746104,10.771992702635627,-7.001820476177217e-05,0.00012214776320137885,5.2563231786473124e-05,6.469613219993488e-08,-0.03999999999996362,-1.7507768300312802e-05,6.232149955989322e-06,-1,-0.7999999840000003,0.009999999999990905,0.009999999999990905,-0.21000000000003638,0.0013462893069637577,3061.623094311918,0.053571427987372106,False,1.0,1.0,-0.22000000000002728,0.0001,571.29,571.56816412,-0.2781641200000422,571813.361,7.442142783477614e-05,0.7461,0.0001,1,0,False,1.3082958856812894,0.4801880941159958,41,3,5,2,0,9,7,False,0,4170783381
1779858222000,1779858223053,10,95,True,571.26,571.27,571.26,571.27,13.98,0.196,13.784,3,2,1,571.26,571.27,0.009999999999990905,571.265,571.2628119687137,571.2534232452554,13.01,26.307,150.645,2.171,12.132,52.037,150.645,52.037,0.48651582281363653,-0.9719599427058684,0.4509208620639903,-0.001199762064897301,0.0034618059857632524,-0.0046615680506605535,0.7432579114043514,0.43758831834862805,2.8949593557873254,0.196,13.784,-13.588000000000001,638.5510000000002,9.915564262562434,4.659999998446667,13.784,-13.588000000000001,0.302554642404402,9.216589776805625,1.750501080983899e-05,0.00010496546201555327,1.0512830374873324e-05,4.633149984064037e-08,-0.07000000000005002,8.752321557161116e-05,1.2521466958931932e-06,-1,0.99999990000001,0.009999999999990905,0.009999999999990905,-0.5299999999999727,0.000757125467920459,3061.623092396686,0.053571427987372106,False,1.0,1.0,-0.5399999999999636,0.0001,571.29,571.56816412,-0.2781641200000422,571813.361,7.341920446107639e-05,0.7461,0.0001,1,1,False,1.2173547478331144,0.480188915042415,42,3,5,2,0,9,3,False,0,2443724780
1779858223000,1779858224011,10,96,True,571.27,571.27,571.27,571.27,3.52,3.52,0.0,2,2,0,571.29,571.3,0.009999999999990905,571.295,571.2903118835833,571.273486440904,28.189,42.333,134.853,0.516,8.158999999999999,48.317,134.853,48.317,0.4724354424825439,0.999999999715909,0.5501482520427089,-0.0016411310410083008,0.0033821344666496046,-0.005023265507657905,0.7362177212385422,0.9376134104434792,2.791005236194487,3.52,0.0,3.52,642.0710000000001,9.656037565429239,1.75999999912,3.496,3.52,0.20712429775059288,2.0449897708691416,0.0,0.00010379231059186384,0.0,4.510703101045221e-08,-0.07000000000005002,-1.750501080983899e-05,0.0,-1,0.0,0.049999999999954525,0.009999999999990905,0.5299999999999727,0.0007463151588350118,3061.6230923151206,0.053571427987372106,False,1.0,1.0,0.4800000000000182,0.0001,571.29,571.56816412,-0.2781641200000422,571813.361,7.341920446107639e-05,0.7461,0.0001,1,0,False,1.304345028717453,0.48074926663055456,43,3,5,2,0,9,2,False,0,3774888152
1779858224000,1779858225001,10,97,True,571.29,571.29,571.19,571.19,7.016,0.0,7.016,11,0,11,571.18,571.19,0.010000000000104592,571.185,571.1843866801918,571.1888472654105,5.289,44.733,154.887,8.74,21.816000000000003,62.201,154.887,62.201,0.42695128242727864,-0.9999999998574687,0.14327585343491545,-0.001196010552264728,0.0031199540312122666,-0.004315964583476994,0.7134756412113361,0.12264150940985813,2.49010466065674,0.0,7.016,-7.016,635.0550000000002,9.700101907546314,0.6378181817601983,6.369,-7.016,1.1340087046207634,15.576323744917074,-0.00014004866714052057,0.00010834306625478878,0.00010513290489569804,4.495398110975547e-08,-0.09999999999990905,-0.00014004866714052057,1.9961326556522126e-05,-1,-0.9999999900000001,0.010000000000218279,0.010000000000104592,-0.37000000000011823,0.00021351963820603166,3061.6230941618805,0.07142857119494884,False,1.0,1.0,-0.3800000000003365,0.0001,571.29,571.56816412,-0.2781641200000422,571813.361,7.341920446107639e-05,0.7461,0.0001,1,0,False,1.3013769066659817,0.47942992101165693,44,3,5,2,0,9,11,False,0,3261931138
1779858225000,1779858226027,10,98,True,571.18,571.18,571.15,571.15,0.358,0.0,0.358,5,0,5,571.15,571.16,0.009999999999990905,571.155,571.1599180781794,571.1762832409838,0.135,29.913,133.536,13.727,29.779,70.366,133.536,70.366,0.30980569096767174,-0.9999999972067039,-0.06599898301088344,-0.001229135729272738,0.0025759064419230183,-0.003805042171195756,0.6549028454813838,-0.9836467699690252,1.897734701391329,0.0,0.358,-0.358,634.6970000000002,9.54600020565955,0.07159999998568,0.184,-0.358,0.5237795822078303,29.85074537758969,-7.003168936818475e-05,0.00010945143070772168,3.1544012913779815e-05,5.422617698273518e-08,-0.13999999999998636,7.001697777233582e-05,0.00019561924349878633,-1,-0.9999999666666678,0.009999999999990905,0.009999999999990905,-0.2899999999999636,0.00011154496513950852,3061.6230941792596,0.07272727267164351,False,1.0,1.0,-0.2999999999999545,0.0001,571.29,571.56816412,-0.2781641200000422,571813.361,7.341920446107639e-05,0.7461,0.0001,1,1,False,1.2679990572159054,0.4765285960978538,45,3,5,2,0,9,5,False,0,1481952959
1779858226000,1779858227029,10,99,True,571.16,571.16,571.16,571.16,0.008,0.008,0.0,1,1,0,571.15,571.16,0.009999999999990905,571.155,571.1594877786503,571.1755139298818,0.363,7.193,106.071,15.774000000000001,44.679,84.282,106.071,84.282,0.11446628106667893,0.9999998750000156,-0.2535067077186473,-0.0013903010223692922,0.0021150961696816627,-0.003505397192050955,0.5572331405307127,-0.8975784039504608,1.2585249519321027,0.008,0.0,0.008,634.7050000000003,9.265803477605138,0.007999999992,0.008,0.008,0.10792372213688896,1.0,1.750838213843117e-05,0.00010866219355305368,0.0,5.545231856199326e-08,-0.12000000000000455,8.754007150661591e-05,0.00218854749373546,-1,0.0,0.009999999999990905,0.009999999999990905,0.4700000000000273,0.00015028862481157308,0.001398396923762015,0.07272727267164351,False,1.0,1.0,0.4600000000000364,0.0001,571.29,571.56816412,-0.2781641200000422,571813.361,7.341920446107639e-05,0.7461,0.0001,1,1,False,1.26877205281685,0.47764820712799144,46,3,5,2,0,9,1,False,0,2410706137
1779858227000,1779858227997,10,100,True,571.16,571.16,571.0,571.01,26.647000000000002,3.134,23.513,16,3,13,571.0,571.01,0.009999999999990905,571.005,571.0006430102686,571.0046255377,20.588,31.34,144.417,6.215,34.762,77.463,144.417,77.463,0.30175770686721765,-0.7647765226567802,0.03837073772824058,-0.0013301561654110044,0.0020616347792714656,-0.00339179094468247,0.6508788534313554,0.8713922535830023,1.8643352309894488,3.134,23.513,-20.379,614.3260000000002,9.486596806208247,1.6654374998959103,22.117,-20.379,1.6865900728322976,18.58736024930557,-0.0002626579245863109,0.00012351895229138204,0.00016825977679394013,6.005103387733763e-08,-0.2400000000000091,-0.00028016630672474205,9.856941666095769e-06,-1,-0.9374999941406694,0.009999999999990905,0.009999999999990905,0.06999999999993634,0.00019662283214322954,0.00304000874722498,0.07272727267164351,False,1.0,1.0,0.05999999999994543,0.0001,571.29,571.56816412,-0.2781641200000422,571813.361,0.0001503653682726259,0.7461,0.0001,1,0,False,0.7118732228925904,0.46330443319928355,47,3,5,2,0,9,16,False,0,909478312
1779858228000,1779858229071,10,101,True,571.01,571.01,571.01,571.01,0.02,0.02,0.0,1,1,0,571.0,571.01,0.009999999999990905,571.005,571.0015255905466,571.0149935642723,26.128,36.62,142.452,11.43,45.591,83.64,142.452,83.64,0.26012419722829594,0.9999999500000025,0.07406820089325583,-0.0013957124386579354,0.0019858977857416587,-0.003381610224399594,0.6300620986119365,0.6948779649125172,1.7031563844846584,0.02,0.0,0.02,614.3460000000002,9.208347730594863,0.01999999998,0.02,0.02,0.10859711526410858,1.0,0.0,0.00011577969883034592,0.0,5.668347944833377e-08,-0.25,0.0002626579245863109,0.0,-1,0.0,0.009999999999990905,0.009999999999990905,-0.06999999999993634,0.0002059906056329388,0.0030263009538406527,0.07272727267164351,False,1.0,1.0,-0.07999999999992724,0.0001,571.29,571.56816412,-0.2781641200000422,571781.474,9.459228412378254e-05,0.7461,0.0001,1,1,False,1.2657194512549526,0.4633044331992835,48,3,5,2,0,10,1,False,0,1343902921
1779858229000,1779858230019,10,102,True,571.01,571.01,571.01,571.01,0.016,0.016,0.0,1,1,0,571.0,571.01,0.009999999999990905,571.005,571.001791304445,571.0033564419753,26.093,36.585,132.484,6.721,26.31,80.601,132.484,80.601,0.24348499424997783,0.9999999375000039,-0.009267912767230763,-0.0015552034023633002,0.0019583942634343824,-0.003513597665797683,0.6217424971226425,0.641735302923014,1.6437016910256237,0.016,0.0,0.016,614.3620000000002,8.939221575493391,0.015999999984,0.016,0.016,0.11186656370948489,1.0,0.0,0.00011571356988926136,0.0,5.6683479448333774e-08,-0.32000000000005,0.0,0.0,-1,0.0,0.009999999999990905,0.009999999999990905,-0.06999999999993634,0.00022122558468102484,0.0030262318914010917,0.054545454394460985,False,1.0,1.0,-0.07999999999992724,0.0001,571.29,571.56816412,-0.2781641200000422,571781.474,9.459228412378254e-05,0.7461,0.0001,1,0,False,1.2657194512549526,0.45856342008751594,49,3,5,2,0,9,1,False,0,2293353616
1779858230000,1779858231097,10,103,True,571.0,571.0,571.0,571.0,1.803,0.0,1.803,2,0,2,571.0,571.01,0.009999999999990905,571.005,571.0020862414414,571.0042885661934,24.337999999999997,34.83,151.355,7.621,36.778,79.867,151.355,79.867,0.3091747325068152,-0.9999999994453688,0.027004672764790832,-0.001278872052389713,0.00196840504354294,-0.003247277095932653,0.6545873662512453,0.5827477586422947,1.895088083915821,0.0,1.803,-1.803,612.5590000000002,8.711706114001805,0.90149999954925,1.768,-1.803,0.22957615576080365,1.633986925434662,-1.75129814979139e-05,0.00011577981465939686,0.0,5.668347944833377e-08,-0.2999999999999545,-1.75129814979139e-05,9.71324541774856e-06,-1,0.0,0.009999999999990905,0.009999999999990905,0.06999999999993634,0.00020692484157522307,0.0030809599551615686,0.053571427987372106,False,1.0,1.0,0.05999999999994543,0.0001,571.29,571.56816412,-0.2781641200000422,571781.474,9.459228412378254e-05,0.7461,0.0001,1,0,False,1.2463794829806465,0.4611182659067588,50,3,5,2,0,10,2,False,0,674044644
1779858231000,1779858232039,10,104,True,571.0,571.01,570.92,570.92,29.441,0.005,29.436,12,1,11,570.92,570.93,0.009999999999990905,570.925,570.9221793921339,570.9085729695055,33.931,84.096,166.405,4.822,12.889,65.15,166.405,65.15,0.43728271900655447,-0.9996603375904467,0.4080283935594534,-0.001223067881826296,0.0029374265308763324,-0.004160494412702628,0.718641359501118,0.5641141821111971,2.554182655371386,0.005,29.436,-29.431,583.1280000000002,8.819519028296828,2.453416666462215,20.0,-29.431,1.360618414693386,17.133956092720375,-0.00014011489444250552,8.73682143073944e-05,9.466518702074496e-05,3.340635862155661e-08,-0.34000000000003183,-0.00012260191294459163,4.759175790147969e-06,-1,-0.8888888790124861,0.009999999999990905,0.009999999999990905,0.15000000000009095,-4.655064962612211e-05,0.0027098300935974396,0.053571427987372106,False,1.0,1.0,0.14000000000010004,0.0001,571.29,571.56816412,-0.2781641200000422,571781.474,9.459228412378254e-05,0.7461,0.0001,0,0,False,0.7296952763858245,0.45525784078528114,51,3,5,2,0,9,12,False,0,444925062
1779858232000,1779858233092,10,105,True,570.93,571.11,570.93,571.05,28.125,27.994,0.131,19,18,1,571.04,571.05,0.009999999999990905,571.045,571.0427377376533,571.0346045993998,26.32,38.751,129.732,8.573,15.448,65.963,129.732,65.963,0.32585911750261454,0.9906844444092201,0.3882110436923748,-0.0013933642342316324,0.002740899830847213,-0.004134264065078845,0.6629295587487523,0.4524320456987783,1.9667389293699993,27.994,0.131,27.863,610.9910000000002,9.153305289664145,1.4802631578168282,8.977,27.863,2.0757528998163024,31.304346846124798,0.00022767673504824976,9.989968232498429e-05,0.00018931213912993486,6.530726031985643e-08,-0.22000000000002728,0.0003677916294907553,8.09517280142772e-06,-1,0.6666666629627525,0.009999999999990905,0.009999999999990905,0.709999999999809,0.001792548024743975,0.0027101138473911734,0.053571427987372106,False,1.0,1.0,0.6999999999998181,0.0001,571.29,571.56816412,-0.2781641200000422,571781.474,0.00010103831482192332,0.7461,0.0001,0,1,True,1.2628588337766005,0.462393877132959,52,3,5,2,0,9,19,False,0,1280394986
1779858233000,1779858234032,10,106,True,571.04,571.05,571.04,571.04,0.113,0.009,0.10400000000000001,3,1,2,571.04,571.05,0.009999999999990905,571.045,571.0427879220974,571.0222307120034,25.249,37.44,124.339,3.342,15.206,59.311,124.339,59.311,0.35408657772744845,-0.8407079571618766,0.37624178103428324,-0.0014755499910564136,0.0028540858038706503,-0.0043296357949270635,0.6770432888610017,0.44239775203833936,2.0963902142587987,0.009,0.10400000000000001,-0.09500000000000001,610.8960000000002,8.951557575248927,0.037666666654111114,0.081,-0.095,0.33513720650804596,3.5087719175130805,-1.7511754765809133e-05,9.997639524598628e-05,1.051688053314449e-05,6.929427946990148e-08,-0.2300000000000182,-0.0002451884898140589,0.0001549712797419279,-1,0.0,0.009999999999990905,0.009999999999990905,-0.6299999999998818,0.0016367969156574004,0.002710144979399645,0.053571427987372106,False,1.0,1.0,-0.6399999999998727,0.0001,571.29,571.56816412,-0.2781641200000422,571803.25,0.00013912664261950754,0.7461,0.0001,1,0,False,1.2384776229074648,0.4585074396218525,53,3,5,2,0,9,3,False,0,2831420625
1779858234000,1779858235003,10,107,True,571.04,571.04,571.04,571.04,1.232,0.0,1.232,2,0,2,571.04,571.05,0.009999999999990905,571.045,571.0446360006533,571.0289884007639,19.111,30.983,117.706,5.09,16.262999999999998,60.184,117.706,60.184,0.3233571308093578,-0.9999999991883116,0.3413674757140867,-0.0015195345767053487,0.0029026134252985608,-0.00442214800200391,0.6616785654018682,0.07278481011698508,1.9557689751103988,0.0,1.232,-1.232,609.6640000000002,8.723637654748963,0.6159999996919999,1.21,-1.232,0.22926215862278282,3.86100384609651,0.0,9.804241374295859e-05,0.0,6.929427946990148e-08,-0.15000000000009095,1.7511754765809133e-05,0.0,-1,0.0,0.009999999999990905,0.009999999999990905,-0.6099999999999,0.001491011849081369,0.0024913515049940636,0.053571427987372106,False,1.0,1.0,-0.6199999999998909,0.0001,571.29,571.56816412,-0.2781641200000422,571803.25,0.00013912664261950754,0.7461,0.0001,0,1,True,1.206049545868255,0.44613132105397546,54,3,5,2,0,8,2,False,0,452239774
1779858235000,1779858236011,10,108,True,571.04,571.04,571.04,571.04,0.793,0.0,0.793,1,0,1,571.03,571.04,0.009999999999990905,571.035,571.0399947743457,571.0503385181046,0.047,19.573999999999998,88.05199999999999,26.239,49.268,94.265,88.05199999999999,94.265,-0.03407800698764202,-0.999999998738966,-0.1036110237401581,-0.002004692899275859,0.002389582155324967,-0.004394275054600826,0.4829609965034365,-0.9989614585160995,0.9340900652316968,0.0,0.793,-0.793,608.8710000000002,8.470403633281784,0.7929999992069999,0.793,-0.793,0.11805812841701625,1.0,0.0,9.804241374295859e-05,0.0,6.929427946990148e-08,-0.11000000000001364,0.0,0.0,-1,0.0,0.009999999999990905,0.009999999999990905,-0.6099999999999,0.0014284141197641975,0.0024913515049940636,0.053571427987372106,False,1.0,1.0,-0.6199999999998909,0.0001,571.29,571.56816412,-0.2781641200000422,571803.25,0.00013912664261950754,0.7461,0.0001,0,0,False,1.0890368676471955,0.42958036056609766,55,3,5,2,0,9,1,False,0,2069076494
1779858236000,1779858237047,10,109,True,571.03,571.03,570.99,570.99,1.581,0.699,0.882,7,1,6,570.99,571.0,0.009999999999990905,570.995,570.9960409697392,571.0026023894782,8.888,42.268,138.663,17.514,27.981,73.532,138.663,73.532,0.30693937180279024,-0.11574952554348547,0.24659848555353975,-0.001224762046215152,0.00274226441087891,-0.003967026457094062,0.6534696858990389,-0.2082014767795226,1.885750421559515,0.699,0.882,-0.18300000000000005,608.6880000000002,8.422193678092217,0.22585714282487754,0.768,-0.18300000000000005,0.8311373813899863,6.88073389760963,-8.756337404779075e-05,9.990176134005019e-05,4.2070100673367485e-05,6.8375035442118e-08,-0.16999999999995907,-8.756337404779075e-05,5.5384803284254235e-05,-1,-0.9999999750000006,0.009999999999990905,0.009999999999990905,-0.4900000000000091,0.0015625015496779878,0.002278067604734706,0.053571427987372106,False,1.0,1.0,-0.5,0.0001,571.29,571.56816412,-0.2781641200000422,571803.25,0.00013912664261950754,0.7461,0.0001,1,0,False,1.0962511919227167,0.41474882778000166,56,3,5,2,0,9,7,False,0,1395310300
1779858237000,1779858238087,10,110,True,570.98,570.98,570.69,570.7,60.449,43.344,17.105,39,6,33,570.69,570.7,0.009999999999990905,570.695,570.6925706532198,570.7117919525152,4.958,14.388,83.216,12.229000000000001,19.546,55.726,83.216,55.726,0.19785234126327636,0.4340683882209124,0.07050175492043867,-0.0020999078682319514,0.003336192791009654,-0.005436100659241605,0.5989261706280395,0.4858472275134069,1.4933065355221387,43.344,17.105,26.239,634.9270000000002,9.424744705040013,1.5499743589346162,17.569,26.239,4.138043121211142,42.55318967858767,-0.0005080188251398741,0.0001508198488994746,0.00030510174221942395,1.11939585548404e-07,-0.30999999999994543,-0.00042045545109208336,8.404089813420736e-06,-1,-0.9655172380499675,0.009999999999990905,0.009999999999990905,-0.08999999999991815,0.0014771350406029872,0.0022881798959340205,0.053571427987372106,False,1.0,1.0,-0.09999999999990905,0.0001,571.29,571.56816412,-0.2781641200000422,571803.25,0.00012301897972239812,0.7461,0.0001,1,0,False,0.6778656371539428,0.46211753923825266,57,3,5,2,0,11,39,False,0,4282617153
1779858238000,1779858239029,10,111,True,570.69,570.7,570.69,570.7,2.896,2.2289999999999996,0.667,4,3,1,570.72,570.73,0.009999999999990905,570.725,570.7201435946196,570.7102233552298,37.318,41.811,117.551,2.163,4.162,56.751999999999995,117.551,56.751999999999995,0.34881212600845196,0.539364640697733,0.33426372161858964,-0.0018092373782366215,0.0031135435123741955,-0.004922780890610817,0.6744060630013574,0.9712725367718057,2.0713102621569055,2.2289999999999996,0.667,1.5619999999999996,636.4890000000003,9.246884222907553,0.723999999819,2.098,1.5619999999999998,0.43257814233881237,4.777070040873869,0.0,0.00015076904528276314,1.0523330402556374e-05,1.0979468281274804e-07,-0.30999999999994543,0.0005080188251398741,0.0,-1,0.99999990000001,0.049999999999954525,0.009999999999990905,-0.08999999999991815,0.0014362150485299446,0.002288039177949795,0.035714286415153465,False,1.0,1.0,-0.13999999999987267,0.0001,571.29,571.56816412,-0.2781641200000422,571808.188,0.0001316558796835078,0.7461,0.0001,1,1,False,1.0794974762499643,0.44230438774216513,58,3,5,2,0,9,4,False,0,2170172865
1779858239000,1779858240002,10,112,True,570.73,570.74,570.73,570.74,2.375,2.375,0.0,3,3,0,570.73,570.74,0.009999999999990905,570.735,570.7328057013808,570.7274651655329,22.534,26.184,95.481,8.806000000000001,12.367,68.44,95.481,68.44,0.1649636105186952,0.9999999995789474,0.26252051496043183,-0.002006118009649664,0.0027623396104892385,-0.004768457620138902,0.5824818052562973,0.4388510959607823,1.3951052016160854,2.375,0.0,2.375,638.8640000000003,9.04206834674665,0.7916666664027777,2.105,2.375,0.33178249540080307,5.025125602888815,7.008690779422702e-05,0.00014908470864472586,1.052259287422565e-05,1.0336065038308515e-07,-0.2699999999999818,7.008690779422702e-05,2.951027695356494e-05,-1,0.99999990000001,0.009999999999990905,0.009999999999990905,-0.009999999999990905,0.001285691580091926,0.001732300923400195,0.03508771786915707,False,1.0,1.0,-0.01999999999998181,0.0001,571.29,571.56816412,-0.2781641200000422,571808.188,0.0001316558796835078,0.7461,0.0001,1,1,False,1.0878619630347444,0.42362745691409825,59,3,5,2,0,9,3,False,0,281617635
1779858240000,1779858241027,10,113,True,570.73,570.74,570.73,570.73,1.0310000000000001,0.9390000000000001,0.092,7,4,3,570.73,570.74,0.009999999999990905,570.735,570.7333141040039,570.7276872677521,21.843999999999998,25.494,94.81099999999999,9.479000000000001,12.208,68.574,94.81099999999999,68.574,0.16058389692957992,0.8215324919286784,0.25021154147850955,-0.001989002328257755,0.0027714399767963848,-0.00476044230505414,0.5802919484617297,0.3371705543519258,1.3826085688251726,0.9390000000000001,0.092,0.8470000000000001,639.7110000000002,8.975115286197578,0.1472857142646735,0.55,0.8470000000000001,0.7799342711491458,6.872852186440879,-1.752126643755803e-05,0.0001486732416869053,1.052259287422565e-05,1.0091197527604387e-07,-0.2699999999999818,-8.760817423178505e-05,1.6994438817229475e-05,-1,0.0,0.009999999999990905,0.009999999999990905,-0.049999999999954525,0.0011128743909514076,0.0017325416554261537,0.03508771786915707,False,1.0,1.0,-0.05999999999994543,0.0001,571.29,571.56816412,-0.2781641200000422,571808.188,0.0001316558796835078,0.7461,0.0001,1,0,False,1.0854295238593124,0.4120148358693538,0,4,5,2,0,8,7,False,0,3227427637
1779858241000,1779858241995,10,114,True,570.73,570.74,570.73,570.74,10.615,4.039,6.5760000000000005,7,4,3,570.74,570.75,0.009999999999990905,570.745,570.7402170763554,570.7413925363869,35.649,42.737,112.113,13.002,20.966,71.026,112.113,71.026,0.22434871873154083,-0.23900141307216197,0.34844939247531126,-0.001918662132539701,0.0026502646905673982,-0.004568926823107099,0.6121743593630402,0.956578517740963,1.5784783036975407,4.039,6.5760000000000005,-2.537000000000001,637.1740000000002,8.910357407961593,1.5164285712119387,3.705,-2.5370000000000004,0.7856026059021773,8.130081234714787,1.7521266437543395e-05,0.00014789846206999128,1.052259287422565e-05,9.999330062237917e-08,-0.17999999999994998,3.5042532875101427e-05,1.6506138893916892e-06,-1,0.99999990000001,0.009999999999990905,0.009999999999990905,0.029999999999972715,0.0010026860245543878,0.0017296709626652414,0.017543858934578535,False,1.0,1.0,0.01999999999998181,0.0001,571.29,571.56816412,-0.2781641200000422,571808.188,0.0001316558796835078,0.7461,0.0001,1,1,False,1.1006099707517263,0.4120099638252653,1,4,5,2,0,10,7,False,0,2628087950
1779858242000,1779858243055,10,115,True,570.74,570.75,570.74,570.75,11.697,5.219,6.478,6,4,2,570.74,570.75,0.009999999999990905,570.745,570.7428108556846,570.7434601771326,18.989,23.505,93.649,13.347,16.602,56.981,93.649,56.981,0.24343092345320702,-0.10763443617101523,0.22835718063912896,-0.0019867489046354663,0.0034755873455022926,-0.005462336250137759,0.6217154617232842,0.4378141512517317,1.6435127498351467,5.219,6.478,-1.2589999999999995,635.9150000000002,8.814935853602197,1.9494999996750833,6.321,-1.2589999999999997,0.6806629224496801,5.668934208225997,1.7520959448270312e-05,0.00014789855649564472,1.0522408508378072e-05,1.0030029002111371e-07,-0.2999999999999545,-3.0698927308306866e-10,1.4979019788640173e-06,-1,0.99999990000001,0.009999999999990905,0.009999999999990905,0.009999999999990905,0.0025242980142612943,0.0017296755879937648,0.017241378620227604,False,1.0,1.0,0.0,0.0001,571.29,571.56816412,-0.2781641200000422,571808.188,0.00010682170248221843,0.7461,0.0001,1,0,False,1.1017679967576652,0.4138682618508377,2,4,5,2,0,10,6,False,0,68903030
1779858243000,1779858244051,10,116,True,570.75,570.75,570.74,570.74,0.08,0.058,0.022,3,1,2,570.74,570.75,0.009999999999990905,570.745,570.7427789277044,570.7450886401383,19.442999999999998,23.666,96.615,15.849,17.961,65.903,96.615,65.903,0.18897599035067508,0.4499999943750001,0.23720217653805742,-0.0019411983646449213,0.003051985015616122,-0.004993183380261043,0.594487995172261,0.44420131285912684,1.4660182389046623,0.058,0.022,0.036000000000000004,635.9510000000001,8.624282219057863,0.02666666665777778,0.058,0.036000000000000004,0.34785503575274607,2.6109660506241092,-1.7520959448185504e-05,0.00014795043837209358,1.0522408508378072e-05,1.0060727404110017e-07,-0.2999999999999545,-3.504191889645581e-05,0.0002190119903646689,-1,-0.99999990000001,0.009999999999990905,0.009999999999990905,-0.029999999999972715,0.001165095051503535,0.0017297504830927075,0.017241378620227604,False,1.0,1.0,-0.03999999999996362,0.0001,571.29,571.56816412,-0.2781641200000422,571848.332,0.0001770345624815438,0.7461,0.0001,1,0,False,0.9111483233942362,0.4138197896644914,3,4,5,2,0,9,3,False,0,343780574
1779858244000,1779858245054,10,117,True,570.74,570.75,570.74,570.75,8.762,2.864,5.898,3,1,2,570.74,570.75,0.009999999999990905,570.745,570.741165981524,570.7440548751399,20.226,27.293,75.156,12.909,17.688,70.202,75.156,70.202,0.034081371510105575,-0.3462679753085747,0.24914761514722236,-0.0028692433932906657,0.00267743727399084,-0.005546680667281506,0.517040685751613,0.7667882717515487,1.0705677900762007,2.864,5.898,-3.034,632.9170000000001,8.439879523351047,2.920666665693111,5.88,-3.034,0.3554553108660249,2.070393370454672,1.7520959448270312e-05,0.00014465130471966796,1.0522408508378072e-05,9.110641330747335e-08,-0.2899999999999636,3.504191889645581e-05,1.9996529840528026e-06,-1,0.99999990000001,0.009999999999990905,0.009999999999990905,0.32999999999992724,0.0011143166523434258,0.0017387117549533132,0.017241378620227604,False,1.0,1.0,0.31999999999993634,0.0001,571.29,571.56816412,-0.2781641200000422,571848.332,0.0001770345624815438,0.7461,0.0001,1,1,False,0.9372188913810463,0.41391846589525005,4,4,5,2,0,8,3,False,0,3406253736
1779858245000,1779858246049,10,118,True,570.75,570.75,570.75,570.75,2.28,2.28,0.0,1,1,0,570.75,570.76,0.009999999999990905,570.755,570.7502004824106,570.7505187257569,26.735,34.972,96.317,12.184,17.104,66.813,96.317,66.813,0.18086188928964098,0.9999999995614035,0.2981687672212006,-0.0021709325150612723,0.002672521141194027,-0.004843453656255299,0.5904309446417555,0.9598937354563464,1.441590708373496,2.28,0.0,2.28,635.1970000000001,8.195949047175603,2.2799999977199996,2.28,2.28,0.12201149545001105,1.0,0.0,0.0001438011755213223,0.0,8.988027172821528e-08,-0.2899999999999636,-1.7520959448270312e-05,0.0,-1,0.0,0.009999999999990905,0.009999999999990905,-0.36999999999989086,0.0010015191614557225,0.001738212669367807,0.017241378620227604,False,1.0,1.0,-0.37999999999988177,0.0001,571.29,571.56816412,-0.2781641200000422,571848.332,0.0001770345624815438,0.7461,0.0001,1,0,False,0.9394135567462739,0.41381900398917326,5,4,5,2,0,10,1,False,0,2939471807
1779858246000,1779858247183,10,119,True,570.75,570.75,570.75,570.75,2.194,0.0,2.194,1,0,1,570.75,570.76,0.009999999999990905,570.755,570.7515048655364,570.7518394171013,22.828,33.345,93.873,15.107000000000001,20.027,69.78,93.873,69.78,0.14722003262911637,-0.9999999995442115,0.2976246041369283,-0.0021050795161015935,0.0026587173292951906,-0.0047637968453967845,0.5736100163115029,0.6990151825298506,1.345270851227497,0.0,2.194,-2.194,633.0030000000002,7.960016291530501,2.193999997806,2.194,-2.194,0.12562788356832602,1.0,0.0,0.00014374787271142093,0.0,8.528155641287091e-08,-0.2400000000000091,0.0,0.0,-1,0.0,0.009999999999990905,0.009999999999990905,0.36999999999989086,0.001028568279404463,0.0017357673646067003,0.017241378620227604,False,1.0,1.0,0.35999999999989996,0.0001,571.29,571.56816412,-0.2781641200000422,571848.332,0.0001770345624815438,0.7461,0.0001,1,0,False,0.9422819017379578,0.41381900398917326,6,4,5,2,0,9,1,False,0,4002591306
1779858247000,1779858247998,10,120,True,570.76,570.76,570.76,570.76,1.165,1.165,0.0,3,3,0,570.75,570.76,0.009999999999990905,570.755,570.7528426472987,570.7513409226804,22.828,33.256,95.609,15.07,16.205000000000002,65.838,95.609,65.838,0.18440107279674198,0.9999999991416308,0.30559715135593557,-0.001964633560057692,0.0027647173030069267,-0.004729350863064618,0.592200536395274,0.4314606741200121,1.452185667829336,1.165,0.0,1.165,634.1680000000001,7.7973928065622875,0.3883333332038889,0.709,1.165,0.3847439873864576,3.2154340732622697,1.752065246943305e-05,0.00013126058168699088,0.0,8.528155641287092e-08,0.05999999999994543,1.752065246943305e-05,1.503918665613207e-05,-1,0.0,0.009999999999990905,0.009999999999990905,-0.029999999999972715,0.0010101051676097545,9.455482675133382e-05,0.017241378620227604,False,1.0,1.0,-0.03999999999996362,0.0001,571.29,571.56816412,-0.2781641200000422,571848.332,0.0001144752713538751,0.7461,0.0001,1,1,False,0.9422821832288897,0.41373861408164525,7,4,5,2,0,6,3,False,0,3576017764
1779858248000,1779858249046,10,121,False,570.75,570.75,570.75,570.75,0.017,0.0,0.017,1,0,1,570.75,570.76,0.009999999999990905,570.755,570.7527535730563,570.7521933845504,22.797,35.61,90.03099999999999,16.794,21.843,71.968,90.03099999999999,71.968,0.11150068827516521,-0.9999999411764741,0.2123109672815366,-0.002364714441467379,0.002649371101537461,-0.0050140855430048405,0.5557503441344962,0.4492753622793786,1.2509865495602073,0.0,0.017,-0.017,634.1510000000001,7.574527468642213,0.016999999983,0.017,-0.017,0.13202143684974127,1.0,-1.752065246958242e-05,0.0001313190350556811,0.0,8.558852967582818e-08,0.049999999999954525,-3.504130493901547e-05,0.001030626555232698,-1,0.0,0.009999999999990905,0.009999999999990905,0.13000000000010914,0.001001317409191955,9.530678608414683e-05,0.017241378620227604,False,1.0,1.0,0.12000000000011823,0.0001,570.76,571.04318583,-0.28318582999997943,571849.292,0.00011615423034089413,0.7461,0.0001,1,0,False,1.6065138551201161,0.41380216215256804,8,4,5,2,0,10,1,False,0,2628549484
1779858249000,1779858250013,10,122,False,570.76,570.92,570.76,570.92,22.242,22.242,0.0,17,17,0,570.91,570.92,0.009999999999990905,570.915,570.9140705632273,570.8983081183146,29.952,91.143,194.852,7.197,32.598,87.389,194.852,87.389,0.38074907614279735,0.99999999995504,0.40572183561970154,-0.0008480325704283926,0.0021389129442559323,-0.002986945514684325,0.6903745380696272,0.18587553068386914,2.2297085445281475,22.242,0.0,22.242,656.393,7.883559354916239,1.3083529410995087,7.064,22.242,2.1563863773337744,20.698576544402037,0.0002978093516626766,0.00014723861404143408,0.00016833051876527307,9.080634382850159e-08,0.17999999999994998,0.000315330004132259,1.3389504165510613e-05,-1,0.99999999375,0.009999999999990905,0.009999999999990905,0.16999999999984539,0.0009447896250628813,0.0009712165923914422,0.017241378620227604,False,1.0,1.0,0.15999999999985448,0.0001,570.76,571.04318583,-0.28318582999997943,571849.292,0.00011615423034089413,0.7461,0.0001,1,1,False,1.2544883401818516,0.41008891648358514,9,4,5,2,0,8,17,False,0,3638387884
1779858250000,1779858251033,10,123,False,570.91,570.96,570.87,570.93,12.113,8.136000000000001,3.977,14,8,6,570.93,570.94,0.010000000000104592,570.935,570.9368317394242,570.9484976236962,6.402,18.176,95.563,13.887,48.163,103.015,95.563,103.015,-0.03752681565914891,0.34335011967775536,-0.07006130083881332,-0.001986450374547944,0.001969221959549328,-0.003955672334097273,0.48123659216790765,-0.3663679493294029,0.9276610202307658,8.136000000000001,3.977,4.159000000000001,660.552,8.084098392459968,0.8652142856524847,4.538,4.159,1.7317948543681747,14.976958301036337,1.75154354778375e-05,0.00014723862863662507,9.467347767588992e-05,9.356877475829205e-08,0.1999999999999318,-0.0002802939161848391,1.4460030938984147e-06,-1,0.22222221975280573,0.009999999999990905,0.010000000000104592,0.1899999999998272,0.0014187998972956279,0.000916527903317318,0.03448275724045521,False,1.0,1.0,0.1799999999998363,0.0001,570.76,571.04318583,-0.28318582999997943,571849.292,0.00011615423034089413,0.7461,0.0001,1,0,False,1.6084488553082863,0.4567720090774629,10,4,5,2,0,10,14,False,0,1824098915
1779858251000,1779858252051,10,124,False,570.93,570.93,570.93,570.93,1.564,0.0,1.564,3,0,3,570.93,570.94,0.010000000000104592,570.935,570.9371089822722,570.9602318556606,10.644,20.615000000000002,103.84100000000001,27.217,47.248,104.871,103.84100000000001,104.871,-0.004935030089285963,-0.9999999993606138,0.020948858487898642,-0.0016976827528793028,0.0019071909610124257,-0.0036048737138917285,0.49753248495296143,-0.42181422118845274,0.990178409655766,0.0,1.564,-1.564,658.988,7.91740664188751,0.5213333331595555,1.399,-1.564,0.37891195126310806,3.5335688921075303,0.0,0.00014386662080052574,0.0,6.166787305999226e-08,0.18999999999994088,-1.75154354778375e-05,0.0,1,0.0,0.009999999999990905,0.010000000000104592,-0.14999999999986358,0.0020994668317116496,0.0009126422989256153,-0.4649122789978411,False,1.0,1.0,-0.15999999999985448,0.0001,570.76,571.04318583,-0.28318582999997943,571849.292,0.00011615423034089413,0.7461,0.0001,1,1,False,1.6375303691037308,0.4864999485346648,11,4,5,2,0,10,3,False,0,2564698655
1779858252000,1779858253047,10,125,False,570.94,570.94,570.77,570.77,3.442,0.231,3.211,17,3,14,570.77,570.78,0.009999999999990905,570.775,570.7799849055032,570.781386483627,13.236,15.767000000000001,57.833,93.14699999999999,115.49799999999999,166.79,57.833,166.79,-0.485066088510593,-0.865775711543935,-0.1425145889010398,-0.003476617063443076,0.0025002511423813274,-0.005976868205824403,0.2574669557424776,-0.9969825602081909,0.346741411353518,0.231,3.211,-2.98,656.008,8.215196588055132,0.2024705882233841,2.0,-2.98,2.0693357506074297,20.698576544402037,-0.00028028378916954757,0.00014843759604632746,0.0001788464767785535,5.768085390994721e-08,0.01999999999998181,-0.00028028378916954757,8.143050234983064e-05,-1,-0.9999999941176471,0.009999999999990905,0.009999999999990905,0.2899999999999636,0.00410332879662463,0.000921216112009824,-0.2976190480084186,False,1.0,1.0,0.2799999999999727,0.0001,570.76,571.04318583,-0.28318582999997943,571849.292,4.410272353199094e-06,0.7461,0.0001,1,0,False,1.6412982638566225,0.4712218343444843,12,4,5,2,0,9,17,False,0,1745689583
1779858253000,1779858254013,10,126,False,570.77,570.82,570.75,570.82,78.32,76.75999999999999,1.56,13,7,6,570.81,570.82,0.010000000000104592,570.815,570.8100631171214,570.8015852736498,71.82900000000001,112.985,159.898,4.939,5.063000000000001,51.774,159.898,51.774,0.5108091764592823,0.9601634320612848,0.47624462176906823,-0.0015414348814685973,0.002925751581214885,-0.004467186462683482,0.755404588227279,0.9873731270847216,3.0883841309713684,76.75999999999999,1.56,75.19999999999999,731.2080000000001,8.372075388446767,6.024615384151952,75.737,75.19999999999999,1.552781048339204,13.745704278409564,8.759712336669797e-05,0.00014967314269223394,7.365169785514412e-05,8.223290756751762e-08,0.08000000000004093,0.0003678809125362455,1.1184515240753259e-06,-1,0.7142857040820968,0.009999999999990905,0.010000000000104592,-0.16999999999984539,0.00019940217341425534,0.0009224574541928292,-0.27976190480084184,False,1.0,1.0,-0.1799999999998363,0.0001,570.76,571.04318583,-0.28318582999997943,571847.936,2.039007757214984e-06,0.7461,0.0001,2,1,False,0.014552800010144041,0.5346905001058927,13,4,5,2,0,9,13,False,0,2070390020
1779858254000,1779858255056,10,127,False,570.81,570.84,570.81,570.84,4.89,0.573,4.317,5,3,2,570.83,570.84,0.009999999999990905,570.835,570.8342665861263,570.8129462906543,32.875,87.691,131.942,5.436999999999999,8.007,74.141,131.942,74.141,0.28047437197497865,-0.7656441716225677,0.32354453165971697,-0.0013018633327095404,0.0022853972388791953,-0.0035872605715887356,0.6402371859850631,0.14667330345556054,1.7796091231332243,0.573,4.317,-3.744,727.464,8.261515539645234,0.9779999998043999,4.157,-3.744,0.605215831816918,4.184100400903346,3.503670094781884e-05,0.00014987804430281027,3.156280144703758e-05,8.530202178280582e-08,0.09000000000003183,-5.256042241887913e-05,7.164969517516129e-06,-1,0.9999999666666678,0.009999999999990905,0.009999999999990905,-0.049999999999954525,0.00015545517336276122,0.0009224798218517587,-0.19545454549626734,False,1.0,1.0,-0.05999999999994543,0.0001,570.76,571.04318583,-0.28318582999997943,571847.936,2.039007757214984e-06,0.7461,0.0001,2,0,False,1.5978244642302577,0.5236807975023433,14,4,5,2,0,9,5,False,0,2491879695
1779858255000,1779858256018,10,128,False,570.84,570.84,570.84,570.84,0.034,0.034,0.0,1,1,0,570.83,570.84,0.009999999999990905,570.835,570.8382903785468,570.810350797096,15.593,75.25500000000001,118.407,7.976999999999999,12.982999999999999,79.303,118.407,79.303,0.1977846340589865,0.9999999705882362,0.22987202272447838,-0.0015122955125629405,0.002114290124092672,-0.0036265856366556127,0.5988923170269643,-0.6580886520056582,1.4930960997504117,0.034,0.0,0.034,727.498,8.023433062935554,0.033999999966,0.034,0.034,0.12463492772126306,1.0,0.0,0.00014987804430281027,0.0,8.530202178280582e-08,0.09000000000003183,-3.503670094781884e-05,0.0,-1,0.0,0.009999999999990905,0.009999999999990905,0.17000000000007276,0.0001595855686504755,0.0009224798218517587,-0.19545454549626734,False,1.0,1.0,0.16000000000008185,0.0001,570.76,571.04318583,-0.28318582999997943,571847.936,2.039007757214984e-06,0.7461,0.0001,2,0,False,1.560367869203362,0.5214249463624198,15,4,5,2,0,10,1,False,0,1819474354
1779858256000,1779858257085,10,129,False,570.83,570.85,570.83,570.85,8.915000000000001,8.767000000000001,0.148,4,3,1,570.85,570.86,0.009999999999990905,570.855,570.8500195998365,570.8456699495863,62.775,87.125,151.203,4.123,4.719,76.17,151.203,76.17,0.3299996041731868,0.9667975321405724,0.249274118806237,-0.0015370350573255822,0.002372253994079757,-0.003909289051405339,0.6649998020843945,0.9960764775177158,1.9850728633059593,8.767000000000001,0.148,8.619000000000002,736.1170000000001,7.8915172248065195,2.2287499994428126,8.268,8.619000000000002,0.5068733787869539,4.322766551918877,1.751789014571854e-05,0.00014864523121870196,2.1041314710095532e-05,4.081817937376381e-08,0.10000000000002274,1.751789014571854e-05,1.9649904816324786e-06,-1,0.9999999500000025,0.009999999999990905,0.009999999999990905,0.19000000000005457,0.00014209952129885908,0.0009427204044552473,-0.19545454549626734,False,1.0,1.0,0.18000000000006366,0.0001,570.76,571.04318583,-0.28318582999997943,571847.936,2.039007757214984e-06,0.7461,0.0001,1,1,False,1.265876462057067,0.5037239038763341,16,4,5,2,0,10,4,False,0,3209288621
1779858257000,1779858258051,10,130,False,570.86,570.92,570.86,570.91,3.9610000000000003,2.193,1.768,7,6,1,570.91,570.92,0.009999999999990905,570.915,570.9102883823726,570.8798148950181,44.791000000000004,90.138,145.89600000000002,0.814,24.051,81.264,145.89600000000002,81.264,0.28452192287249295,0.10729613731196765,0.3008682394534627,-0.0012680433653585717,0.0018401205872732543,-0.003108163952631826,0.6422609614340453,0.942304485418992,1.7953337270895438,2.193,1.768,0.42500000000000004,736.542,7.862287151862043,0.5658571427763062,1.768,0.42500000000000004,0.8903261689509583,17.69911473098912,0.00010510089695764154,9.870946437045189e-05,6.31184156260264e-05,4.265932534088425e-08,0.14999999999997726,8.758300681192299e-05,2.6533930050771926e-05,1,0.8333333194444447,0.009999999999990905,0.009999999999990905,0.30999999999994543,7.955964287894202e-05,0.0009272434889623941,-0.19545454549626734,False,1.0,1.0,0.2999999999999545,0.0001,570.76,571.04318583,-0.28318582999997943,571847.936,6.590956448404451e-06,0.7461,0.0001,0,2,False,1.571978754944448,0.5145800989485475,17,4,5,2,0,9,7,False,0,710330595
1779858258000,1779858259035,10,131,False,570.91,570.99,570.91,570.92,5.156,2.417,2.739,14,10,4,570.9,570.91,0.009999999999990905,570.905,570.9099600217442,570.8990323995752,12.68,18.256,72.619,16.249,52.339,82.004,72.619,82.004,-0.06069601546949232,-0.06245151278850825,-0.13839253373486238,-0.002588395036469632,0.0022550060401447017,-0.004843401076614334,0.46965199226202026,-0.9920271076356336,0.885554363190996,2.417,2.739,-0.32200000000000006,736.22,8.063523638686238,0.36828571425940815,1.51,-0.32200000000000006,1.7362136735230997,15.384615147928997,1.751574227371481e-05,9.878713690390804e-05,8.414904357665271e-05,4.450024556473057e-08,0.16999999999995907,-8.758515468392673e-05,3.397157150953773e-06,1,0.12499999843732239,0.029999999999972715,0.009999999999990905,-0.32999999999992724,0.0007683629824807878,0.0009274645914904086,-0.19545454549626734,False,1.0,1.0,-0.35999999999989996,0.0001,570.76,571.04318583,-0.28318582999997943,571830.533,-2.3842159781900496e-05,0.7461,0.0001,0,1,True,1.5673403431116506,0.5100666029234742,18,4,5,2,0,9,14,False,0,4250513496
1779858259000,1779858260018,10,132,False,570.91,570.91,570.81,570.81,5.0280000000000005,0.0,5.0280000000000005,10,0,10,570.81,570.82,0.010000000000104592,570.815,570.8185658291543,570.8188557915142,4.401,31.4,77.088,8.072000000000001,19.376,93.947,77.088,93.947,-0.09857046803228252,-0.9999999998011138,-0.03977921157630523,-0.0025233595267055526,0.0017887033338787632,-0.004312062860584316,0.4507147659809354,-0.7131931164643419,0.8205477556407277,0.0,5.0280000000000005,-5.0280000000000005,731.192,8.127014666926033,0.50279999994972,2.144,-5.0280000000000005,1.2304641259558526,9.146341379759072,-0.00019269004114877105,0.00010662908741689295,0.00010520288791108769,4.664734327895672e-08,-0.11000000000001364,-0.00021020578342248586,3.832339719778195e-05,-1,-0.9999999900000001,0.010000000000218279,0.010000000000104592,0.07000000000016371,0.007171859249493038,0.0009281231275633994,-0.17727272721908482,False,1.0,1.0,0.05999999999994543,0.0001,570.76,571.04318583,-0.28318582999997943,571830.533,-2.3842159781900496e-05,0.7461,0.0001,1,0,False,1.554276093732746,0.4804921972875735,19,4,5,2,0,8,10,False,0,1673154017
1779858260000,1779858261003,10,133,False,570.82,570.82,570.75,570.75,1.984,0.13,1.854,8,1,7,570.75,570.76,0.009999999999990905,570.755,570.7553254556444,570.7629537494523,10.672,18.418,74.428,14.035,24.979,74.989,74.428,74.989,-0.0037545928508553412,-0.8689516124652462,-0.04391171208827024,-0.002622669389217544,0.002433726372902385,-0.005056395762119929,0.498122703571226,-0.06510802011466298,0.992518902759171,0.13,1.854,-1.7240000000000002,729.468,8.122850251616983,0.247999999969,1.498,-1.724,0.9848759673271825,10.17441850113237,-0.00010511931051403624,0.0001091188160521728,7.365169785514412e-05,6.659579276986116e-08,-0.17999999999994998,8.75707306347348e-05,5.298352341786931e-05,-1,-0.9999999857142859,0.009999999999990905,0.009999999999990905,0.15000000000009095,0.0054541413496877605,0.0009287995980018294,-0.12592592595306076,False,1.0,1.0,0.14000000000010004,0.0001,570.76,571.04318583,-0.28318582999997943,571830.533,-2.3842159781900496e-05,0.7461,0.0001,1,1,False,1.546045545676194,0.476928671704121,20,4,5,2,0,10,8,False,0,722784656
1779858261000,1779858262054,10,134,False,570.76,570.76,570.75,570.75,1.795,1.218,0.577,2,1,1,570.75,570.76,0.009999999999990905,570.755,570.7527549129148,570.75427427152,11.272,19.018,83.105,7.1049999999999995,20.737,67.965,83.105,67.965,0.10021844178129201,0.3571030638679092,0.0679705791607351,-0.0023254280822258247,0.0024700616563915934,-0.004795489738617418,0.5501092208873364,0.448995363128092,1.222761715570915,1.218,0.577,0.641,730.1089999999999,7.922101063039377,0.8974999995512499,1.218,0.641,0.2524582789127189,3.355704686725823,0.0,0.00010904845839235488,1.0522224148797842e-05,6.628880337112663e-08,-0.17999999999994998,0.00010511931051403624,0.0,-1,-0.99999990000001,0.009999999999990905,0.009999999999990905,-0.15000000000009095,0.0054055001881261455,0.0009279498760609687,-0.12592592595306076,False,1.0,1.0,-0.16000000000008185,0.0001,570.76,571.04318583,-0.28318582999997943,571830.533,-2.3842159781900496e-05,0.7461,0.0001,1,1,False,1.546045545676194,0.4956907188346228,21,4,5,2,0,9,2,False,0,119446088
1779858262000,1779858263055,10,135,False,570.75,570.76,570.75,570.76,0.043,0.011,0.032,2,1,1,570.75,570.76,0.009999999999990905,570.755,570.7533823808246,570.7536917928073,11.427,19.173,81.631,7.436,21.976,70.08,81.631,70.08,0.07613818378313941,-0.4883720816657656,0.038054158449746946,-0.0023845742368277254,0.0023922340423592264,-0.004776808279186952,0.538069091888274,0.32350449070945525,1.1648259132253878,0.011,0.032,-0.021,730.088,7.727933815070872,0.021499999989249997,0.032,-0.021,0.258801388262518,2.949852498673001,1.752065246943305e-05,0.00010904845592624175,1.0522224148797842e-05,6.598181935114018e-08,-0.009999999999990905,1.752065246943305e-05,0.0004074570246971169,-1,0.99999990000001,0.009999999999990905,0.009999999999990905,0.13000000000010914,0.004803578488515206,0.0009283553872710022,-0.12592592595306076,False,1.0,1.0,0.12000000000011823,0.0001,570.76,571.04318583,-0.28318582999997943,571830.533,7.063430587813876e-05,0.7461,0.0001,1,1,False,1.5467265745338836,0.4972255041770564,22,4,5,2,0,10,2,False,0,1631852189
1779858263000,1779858263992,10,136,False,570.76,570.76,570.76,570.76,0.005,0.005,0.0,1,1,0,570.75,570.76,0.009999999999990905,570.755,570.7551041194641,570.7543056340955,11.281,19.027,81.526,9.359,23.577,71.543,81.526,71.543,0.0652189535434005,0.99999980000004,0.03281152355440474,-0.002383537222076726,0.0024008049901785775,-0.004784342212255304,0.5326094767684337,-0.02083876009106035,1.139538459372132,0.005,0.0,0.005,730.093,7.507345821134122,0.004999999995,0.005,0.005,0.1332028687224813,1.0,0.0,0.00010897805530884758,0.0,6.567483533115373e-08,-0.06000000000005912,-1.752065246943305e-05,0.0,-1,0.0,0.009999999999990905,0.009999999999990905,-0.13000000000010914,0.004528512466640933,0.0009282804921720593,-0.12592592595306076,False,1.0,1.0,-0.14000000000010004,0.0001,570.76,571.04318583,-0.28318582999997943,571750.08,-7.006941331606976e-05,0.7461,0.0001,1,0,False,1.4711477503066304,0.48898192276723723,23,4,5,2,0,8,1,False,0,2677498100
1779858264000,1779858265071,10,137,False,570.75,570.86,570.72,570.86,22.164,13.793,8.371,19,14,5,570.84,570.85,0.009999999999990905,570.845,570.8459609303044,570.8308251864876,26.073999999999998,41.844,96.463,6.971,15.063,94.31,96.463,94.31,0.011285664113835324,0.24463093303353942,0.14697525670453618,-0.001812565916927281,0.001560691854272204,-0.003373257771199485,0.5056428320542967,-0.1922119084916885,1.0228289682851994,13.793,8.371,5.421999999999999,735.515,7.88415415486743,1.1665263157280776,3.807,5.422000000000001,2.4098970700439817,22.194820715774636,0.00017518964323652713,0.00011573866204845262,0.00014730210591735302,6.567483533115375e-08,0.01999999999998181,0.00017518964323652713,7.90424306211076e-06,-1,0.7857142801022149,0.029999999999972715,0.009999999999990905,0.06999999999993634,0.003419930461661939,0.002669225974639827,-0.12592592595306076,False,1.0,1.0,0.03999999999996362,0.0001,570.76,571.04318583,-0.28318582999997943,571750.08,-7.006941331606976e-05,0.7461,0.0001,1,1,False,1.5083413181848722,0.5044479942457766,24,4,5,2,0,10,19,False,0,3067676401
1779858265000,1779858266067,10,138,False,570.84,570.84,570.82,570.82,0.976,0.0,0.976,3,0,3,570.82,570.83,0.009999999999990905,570.825,570.8299897439894,570.8321010694381,2.362,14.766,46.232,19.506999999999998,25.006999999999998,108.068,46.232,108.068,-0.40075178223978775,-0.9999999989754099,-0.14812755597001967,-0.0039565313274072395,0.0016797128470318779,-0.005636244174439117,0.2996241088768657,-0.9979617256258677,0.4278047155455102,0.0,0.976,-0.976,734.539,7.724017953068498,0.3253333332248889,0.603,-0.976,0.38839889003880423,999999999.9999999,-7.007217436820326e-05,0.00011679444924224919,2.1041683319187326e-05,7.795075455952698e-08,-0.01999999999998181,-0.0002452618176047304,7.179526054959836e-05,-1,-0.9999999500000025,0.009999999999990905,0.009999999999990905,0.029999999999972715,0.0035912717830872774,0.002669384051192717,-0.12592592595306076,False,1.0,1.0,0.01999999999998181,0.0001,570.76,571.04318583,-0.28318582999997943,571750.08,-7.006941331606976e-05,0.7461,0.0001,1,0,False,1.4712703324705863,0.49413701459002046,25,4,5,2,0,9,3,False,0,3109455398
1779858266000,1779858267084,10,139,False,570.83,570.83,570.83,570.83,0.027000000000000003,0.027000000000000003,0.0,2,2,0,570.82,570.83,0.009999999999990905,570.825,570.8275407568805,570.8380595550833,4.308,18.602999999999998,60.641999999999996,15.544,21.868,102.254,60.641999999999996,102.254,-0.25545133090895145,0.9999999629629643,-0.10971825133698347,-0.0030652260742387158,0.0016475760382108262,-0.004712802112449542,0.37227433454245484,-0.5081680279305473,0.5930525945137299,0.027000000000000003,0.0,0.027000000000000003,734.566,7.53634523329576,0.013499999993250002,0.017,0.027000000000000003,0.26538062387303724,2.6455026385039613,1.7518503920211075e-05,0.00011686012267998201,0.0,7.917831422089408e-08,-0.01999999999998181,8.759067828841433e-05,0.0006488334544954673,-1,0.0,0.009999999999990905,0.009999999999990905,-0.009999999999990905,0.0033718874801206803,0.0026702815155319726,-0.12592592595306076,False,1.0,1.0,-0.01999999999998181,0.0001,570.76,571.04318583,-0.28318582999997943,571750.08,-7.006941331606976e-05,0.7461,0.0001,1,1,False,1.4700058198870225,0.4890808424704879,26,4,5,2,0,8,2,False,0,3663859418
1779858267000,1779858268041,10,140,False,570.825,570.825,570.825,570.825,0.0,0.0,0.0,0,0,0,570.82,570.83,0.009999999999990905,570.825,570.8226386616091,570.8300015440777,9.72,25.793,91.133,8.6,13.496,88.582,91.133,88.582,0.014194697159312288,0.0,0.1418304829531253,-0.00239990594868927,0.00177499629087364,-0.00417490223956291,0.507097348576874,0.4722471707432643,1.0287981756899958,0.0,0.0,0.0,734.566,7.289251946958195,0.0,0.0,0.0,0.0,0.0,-8.759213597816633e-06,0.00011681085480714248,0.0,7.902478927568812e-08,-0.08499999999992269,-2.6277717518027706e-05,8759.213597816632,-1,0.0,0.0,0.009999999999990905,-0.040000000000190994,0.0033718874801206803,0.0026861029952454873,-0.12592592595306076,False,1.0,1.0,-0.040000000000190994,0.0001,570.76,571.04318583,-0.28318582999997943,571750.08,-0.00013373460815835532,0.7461,0.0001,1,0,False,1.474764339862345,0.4879474956654863,27,4,5,2,0,9,0,False,0,47515885
1779858268000,1779858269085,10,141,False,570.82,570.83,570.82,570.83,0.134,0.109,0.025,2,1,1,570.82,570.83,0.009999999999990905,570.825,570.8250552596107,570.8296740126021,8.525,24.635,95.679,9.211,14.515,93.303,95.679,93.303,0.012572625964311057,0.626865666963689,0.17530624607961492,-0.0021971272250189025,0.0016861622184155048,-0.003883289443434407,0.5062863129795098,-0.011071367737851912,1.0254654191073656,0.109,0.025,0.08399999999999999,734.65,7.115833850336615,0.0669999999665,0.109,0.08399999999999999,0.28106333590466376,3.9525691543376706,8.759213597954298e-06,0.00011676156614558601,1.0520933813489395e-05,7.38836989458681e-08,-0.08999999999991815,1.751842719577093e-05,6.536726516855995e-05,-1,0.99999990000001,0.009999999999990905,0.009999999999990905,0.0500000000001819,0.003206718583670004,437.9633652487508,-0.12592592595306076,False,1.0,1.0,0.040000000000190994,0.0001,570.76,571.04318583,-0.28318582999997943,571763.847,-0.00010965912595528855,0.7461,0.0001,1,1,False,1.4739912906225092,0.4876369103701271,28,4,5,2,0,9,2,False,0,1285211965
1779858269000,1779858270022,10,142,False,570.82,570.83,570.82,570.83,0.019,0.009,0.01,2,1,1,570.82,570.83,0.009999999999990905,570.825,570.8243811100555,570.8191196908423,14.127,28.386,99.611,7.197,11.123,85.363,99.611,85.363,0.07702704163786792,-0.05263157617728551,0.19338148004128927,-0.0021663739844187606,0.001803324772087349,-0.003969698756506109,0.5385135208162309,0.12375909991334226,1.1669107224304802,0.009,0.01,-0.0010000000000000009,734.649,6.948101592948529,0.009499999995249999,0.01,-0.0010000000000000009,0.2878484105272592,4.926108350117692,0.0,9.591007680052637e-05,1.0520933813489395e-05,6.866743846212385e-08,0.020000000000095497,-8.759213597954298e-06,0.0,-1,0.99999990000001,0.009999999999990905,0.009999999999990905,-0.3300000000001546,0.0032345646841028795,437.96248933894447,-0.12592592595306076,False,1.0,1.0,-0.3400000000001455,0.0001,570.76,571.04318583,-0.28318582999997943,571763.847,-0.00010965912595528855,0.7461,0.0001,0,0,False,1.4725787282126626,0.48560853122259445,29,4,5,2,0,7,2,False,0,3063225922
1779858270000,1779858271071,10,143,False,570.82,571.08,570.81,570.84,116.374,114.938,1.436,40,30,10,570.83,570.84,0.009999999999990905,570.835,570.8394224540407,570.8432163040159,8.69,13.232,54.583,25.675,40.654,57.597,54.583,57.597,-0.02686753431960363,0.9753209479696898,-0.0770682869221099,-0.003438954920573854,0.004128626585881686,-0.007567581506455539,0.486566232835741,-0.8845093267016205,0.9476708856199512,114.938,1.436,113.50200000000001,848.1510000000001,8.031770393179725,2.9093499999272665,27.693,113.502,4.980222047804835,52.20883261560311,1.7518197027524857e-05,9.591010201870663e-05,0.0002840055140303921,6.866743846212387e-08,0.09000000000003183,1.7518197027524857e-05,1.505335988053545e-07,1,0.07407407379963207,0.009999999999990905,0.009999999999990905,0.3500000000001364,0.0004673094738144151,437.9625354000859,-0.12592592595306076,False,1.0,1.0,0.3400000000001455,0.0001,570.76,571.04318583,-0.28318582999997943,571763.847,-0.00010965912595528855,0.7461,0.0001,0,2,False,0.35558042347426816,0.4876392298474948,30,4,5,2,0,10,40,False,0,1213562658
1779858271000,1779858272067,10,144,False,570.84,570.84,570.83,570.83,3.5669999999999997,0.13,3.437,2,1,1,570.83,570.84,0.009999999999990905,570.835,570.8345724705395,570.8376580316831,14.589,19.302,74.2,15.758000000000001,22.998,47.223,74.2,47.223,0.22217372326312007,-0.9271096156638325,0.15669533425754695,-0.0025575464823484164,0.005223140485217345,-0.007780686967565761,0.6110868616274422,0.08549432738193934,1.5712682379016314,0.13,3.437,-3.307,844.844,7.834007429468914,1.7834999991082499,3.437,-3.307,0.25529717934927815,2.070393370454672,-1.7518197027569628e-05,9.59900621449614e-05,1.052074950564814e-05,6.897432568921982e-08,0.08000000000004093,-3.5036394055094485e-05,4.911185035788742e-06,1,-0.99999990000001,0.009999999999990905,0.009999999999990905,-0.5500000000001819,0.000516698693082946,437.9625354076126,-0.12592592595306076,False,1.0,1.0,-0.5600000000001728,0.0001,570.76,571.04318583,-0.28318582999997943,571763.847,-0.00010965912595528855,0.7461,0.0001,0,1,True,1.562574738823942,0.496919143610123,31,4,5,2,0,9,2,False,0,1893805712
1779858272000,1779858272992,10,145,False,570.84,570.84,570.8,570.8,9.977,0.93,9.047,7,1,6,570.8,570.81,0.009999999999990905,570.805,570.8084451358101,570.8145642325477,6.347,21.474999999999998,90.337,12.83,26.911,42.178,90.337,42.178,0.363423008713252,-0.8135712137101764,0.25223950883858925,-0.00206698123331324,0.005399754460280925,-0.007466735693594165,0.681711504352853,-0.6890429957435446,2.1418037839124238,0.93,9.047,-8.117,836.7270000000001,7.806662923584688,1.425285714082102,5.0,-8.117,0.8966699430502691,14.851484927948242,-5.255643248165025e-05,7.364951348645484e-05,4.2084103895484574e-05,4.534296597092911e-08,0.03999999999996362,-3.5038235454080616e-05,5.267759093553421e-06,-1,-0.9999999750000006,0.009999999999990905,0.009999999999990905,-0.4099999999998545,-2.78068340103087e-05,437.9625271838369,-0.12592592595306076,False,1.0,1.0,-0.4199999999998454,0.0001,570.76,571.04318583,-0.28318582999997943,571763.847,-0.00011609039956489832,0.7461,0.0001,0,0,False,1.587578864196111,0.4871539888129655,32,4,5,2,0,7,7,False,0,2152164707
1779858273000,1779858273997,10,146,False,570.8,570.81,570.8,570.8,2.07,0.94,1.13,3,1,2,570.8,570.81,0.009999999999990905,570.805,570.8086296820916,570.8119603085204,6.347,22.264,74.011,12.088,26.819,65.733,74.011,65.733,0.05923689031329256,-0.0917874395691848,0.13301454028149692,-0.0024651777864782712,0.0027238531848354434,-0.005189030971313714,0.5296184451530683,-0.7259503727263232,1.1259337014722293,0.94,1.13,-0.18999999999999995,836.537,7.649067417893387,0.6899999997699999,1.121,-0.19000000000000006,0.39220467485878413,3.076923067455621,0.0,7.099709878358037e-05,1.0521302448373996e-05,4.227385175564091e-08,0.03999999999996362,5.255643248165025e-05,0.0,-1,0.0,0.009999999999990905,0.009999999999990905,-0.849999999999909,-0.0024950674033306333,437.96252591136283,-0.12592592595306076,False,1.0,1.0,-0.8599999999999,0.0001,570.76,571.04318583,-0.28318582999997943,571839.126,1.5555316102234214e-05,0.7461,0.0001,0,1,True,1.57604993051692,0.48715398881296557,33,4,5,2,0,9,3,False,0,2956830247
1779858274000,1779858275081,10,147,False,570.79,570.79,570.67,570.67,28.59,8.719999999999999,19.87,14,2,12,570.66,570.67,0.009999999999990905,570.665,570.6652115215952,570.6682089248283,6.803,15.411000000000001,95.29,10.238,23.653,104.66199999999999,95.29,104.66199999999999,-0.04687124909954947,-0.38999650225988125,-0.03535789753936794,-0.0019006163252901474,0.0015695482656781156,-0.003470164590968263,0.4765643754477247,-0.04231369648818388,0.910454606247631,8.719999999999999,19.87,-11.150000000000002,825.3870000000001,7.857294715667375,2.04214285699699,8.712,-11.15,1.7817837442577205,28.138527346751395,-0.0002277764646675604,8.702479766045277e-05,0.0001262722211776324,4.227385175564092e-08,-0.19000000000005457,-0.0002277764646675604,7.966997714571298e-06,-1,-0.9999999916666668,0.009999999999990905,0.009999999999990905,-0.5499999999999545,7.167272622251387e-05,437.962531390842,-0.12592592595306076,False,1.0,1.0,-0.5599999999999454,0.0001,570.76,571.04318583,-0.28318582999997943,571839.126,1.5555316102234214e-05,0.7461,0.0001,0,0,False,1.3579284537660241,0.4876485381566835,34,4,5,2,0,11,14,False,0,2480615798
1779858275000,1779858276113,10,148,False,570.66,570.66,570.66,570.66,0.6880000000000001,0.0,0.6880000000000001,2,0,2,570.66,570.67,0.009999999999990905,570.665,570.6670538095401,570.6689380358885,6.124,14.841000000000001,90.281,16.223,29.648,111.377,90.281,111.377,-0.10461276021727567,-0.9999999985465117,-0.07162426724934137,-0.0020155996030762234,0.0015567387462600744,-0.0035723383493362977,0.44769361988888273,-0.4107684384956932,0.810589259893779,0.0,0.6880000000000001,-0.6880000000000001,824.6990000000001,7.665252265973362,0.343999999828,0.645,-0.6880000000000001,0.2609177011195358,4.34782606805293,-1.7523415664599208e-05,8.711296638658599e-05,0.0,4.626527342462347e-08,-0.16000000000008185,0.0002102530490029612,2.5470080870827218e-05,-1,0.0,0.009999999999990905,0.009999999999990905,-0.2300000000000182,0.0001223828662905869,437.96253142148805,-0.12592592595306076,False,1.0,1.0,-0.2400000000000091,0.0001,570.76,571.04318583,-0.28318582999997943,571839.126,1.5555316102234214e-05,0.7461,0.0001,0,1,True,1.6249096013551594,0.4905609047177866,35,4,5,2,0,9,2,False,0,976565913
1779858276000,1779858277097,10,149,False,570.66,570.66,570.55,570.55,6.631,0.0,6.631,11,0,11,570.55,570.56,0.009999999999990905,570.555,570.5524109520325,570.5897423740802,16.262,40.989,146.018,20.581,44.375,79.021,146.018,79.021,0.2977128408840347,-0.9999999998491932,0.31501340021862606,-0.0014380686159463575,0.0024346655345682277,-0.0038727341505145852,0.6488564204397956,0.5178021113030096,1.8478379164798238,0.0,6.631,-6.631,818.0680000000001,7.774588257252924,0.6028181817633802,2.758,-6.631,1.4148659240343975,29.9401188640683,-0.000192777841660453,9.711585813179905e-05,0.000115774892767982,4.7802253707843436e-08,-0.2800000000000864,-0.00017525442599585379,2.9072212582020928e-05,-1,-0.999999990909091,0.009999999999990905,0.009999999999990905,-0.009999999999990905,0.00018284617952093066,437.9625196699032,-0.12592592595306076,False,1.0,1.0,-0.01999999999998181,0.0001,570.76,571.04318583,-0.28318582999997943,571839.126,1.5555316102234214e-05,0.7461,0.0001,0,0,False,1.6186331627825474,0.5128275396283435,36,4,5,2,0,9,11,False,0,3008291533
1779858277000,1779858277991,10,150,False,570.56,570.56,570.56,570.56,0.679,0.679,0.0,2,2,0,570.59,570.6,0.009999999999990905,570.595,570.5900920684513,570.5930481428945,53.687,73.02499999999999,169.21,19.767,26.701999999999998,77.988,169.21,77.988,0.36902402122845246,0.999999998527246,0.3993800830863244,-0.001325548151230582,0.0031620588894961214,-0.0044876070407267035,0.6845120106122036,0.9815811069124836,2.1696927732193454,0.679,0.0,0.679,818.7470000000001,7.585257494720041,0.33949999983025003,0.374,0.679,0.26366936140645114,2.0533880861326734,1.7526794086936575e-05,9.431086575341664e-05,0.0,4.934011101930395e-08,-0.26500000000010004,0.00021030463574738957,2.581265693832683e-05,-1,0.0,0.07000000000016371,0.009999999999990905,0.06999999999993634,0.00016477097771749232,437.9625192126003,-0.12592592595306076,False,1.0,1.0,-2.2737367544323206e-13,0.0001,570.76,571.04318583,-0.28318582999997943,571839.126,4.5058408490063106e-05,0.7461,0.0001,0,1,True,1.6286016100867329,0.5023613066494707,37,4,5,2,0,7,2,False,0,38230462
1779858278000,1779858279036,10,151,False,570.56,570.59,570.29,570.37,203.427,5.891,197.536,39,6,33,570.37,570.38,0.009999999999990905,570.375,570.3705323193868,570.3552382228692,35.421,63.72,383.85900000000004,7.137,29.029,72.728,383.85900000000004,72.728,0.6814276359145542,-0.9420824177668546,0.3138104635295139,-0.00034333233813499604,0.002355188117341209,-0.002698520455476205,0.840713817956182,0.8935169632358889,5.27800846984273,5.891,197.536,-191.645,627.1020000000001,8.615249052270205,5.216076922943178,26.28,-191.645,4.526856943873985,38.229374796060114,-0.00033306162824423,0.00012010704287519487,0.000315841044580654,5.1802504496327014e-08,-0.4600000000000364,-0.0003505884223311666,1.6372537973946074e-06,-1,-0.6333333312218811,0.009999999999990905,0.009999999999990905,-0.029999999999972715,0.0007564218719984073,437.9625435173908,-0.12592592595306076,False,1.0,1.0,-0.03999999999996362,0.0001,570.64669754,570.89328473,-0.24658719000001383,571846.473,5.790700647857815e-05,0.7461,0.0001,1,0,False,0.6497989424289403,0.5368868268123699,38,4,5,2,0,9,39,False,0,1957571743
1779858279000,1779858279998,10,152,False,570.38,570.42,570.38,570.39,1.8900000000000001,0.83,1.06,7,4,3,570.39,570.4,0.009999999999990905,570.395,570.3970406931229,570.3943576356071,11.014,45.752,354.17400000000004,18.419,32.769999999999996,89.30199999999999,354.17400000000004,89.30199999999999,0.5972634370279403,-0.12169312162873383,0.09371420701923713,-0.0003930994733152041,0.00238032836921758,-0.0027734278425327837,0.7986317185128426,-0.4081474596957754,3.9660253969231825,0.83,1.06,-0.2300000000000001,626.8720000000001,8.56229006694987,0.2699999999614286,0.65,-0.23000000000000007,0.817538292261577,9.999999899999999,3.506434307318901e-05,0.00011238640735465237,4.211509148945121e-05,4.322564742511755e-08,-0.44000000000005457,0.00036812597131741904,1.8552562462770605e-05,-1,0.24999999375000015,0.009999999999990905,0.009999999999990905,0.19000000000005457,0.0009211228919625578,437.96254165740913,-0.12592592595306076,False,1.0,1.0,0.18000000000006366,0.0001,570.64669754,570.89328473,-0.24658719000001383,571846.473,5.790700647857815e-05,0.7461,0.0001,1,1,False,1.7806954132949075,0.5505705730985357,39,4,5,2,0,9,7,False,0,364253055
1779858280000,1779858280997,10,153,False,570.39,570.53,570.39,570.53,5.036,4.991,0.045000000000000005,13,11,2,570.54,570.55,0.009999999999990905,570.545,570.5400453675551,570.5190894610408,66.412,96.009,211.174,1.945,14.797,72.497,211.174,72.497,0.48886562249758053,0.9821286733554153,0.5124369486562584,-0.001008180375715235,0.002183920508476087,-0.003192100884191322,0.7444328112470276,0.990918264307992,2.9128653599057497,4.991,0.045000000000000005,4.946,631.8180000000001,8.707788753279383,0.38738461535481655,3.093,4.946,1.4929163266175054,12.684989268266522,0.00024541598131807603,0.0001228399417138182,0.0001473873173177289,5.183099758969791e-08,-0.3100000000000591,0.00021035163824488701,4.87323235244924e-05,-1,0.9999999928571429,0.029999999999972715,0.009999999999990905,0.08999999999991815,0.0011850448074593773,437.9625471045562,-0.12592592595306076,False,1.0,1.0,0.05999999999994543,0.0001,570.64669754,570.89328473,-0.24658719000001383,571846.473,5.790700647857815e-05,0.7461,0.0001,1,1,False,1.7739799621435384,0.5020413306769723,40,4,5,2,0,10,13,False,0,740080008
1779858281000,1779858282102,10,154,False,570.54,570.55,570.54,570.54,0.737,0.713,0.024,3,2,1,570.54,570.55,0.009999999999990905,570.545,570.5430683381239,570.5176861832355,48.925999999999995,80.38799999999999,193.917,5.487,32.261,78.18,193.917,78.18,0.4253519884437339,0.9348710977817217,0.42721032610446275,-0.0010486143941010216,0.002132706819591631,-0.0031813212136926525,0.7126759942200295,0.3863127046394909,2.480391404419539,0.713,0.024,0.689,632.5070000000001,8.520648138417764,0.24566666658477776,0.703,0.689,0.3520858919313381,2.3809523752834467,1.7527408485358047e-05,0.0001229024482370668,1.0526097054663648e-05,5.613250374309483e-08,-0.2900000000000773,-0.00022788857283271798,2.3782101033345925e-05,-1,0.0,0.009999999999990905,0.009999999999990905,0.009999999999990905,0.004027728640913801,437.9625472785774,-0.12592592595306076,False,1.0,1.0,0.0,0.0001,570.64669754,570.89328473,-0.24658719000001383,571846.473,5.790700647857815e-05,0.7461,0.0001,1,0,False,1.763498918195629,0.4896126273564098,41,4,5,2,0,10,3,False,0,2509056812
1779858282000,1779858283043,10,155,False,570.55,570.55,570.53,570.53,1.391,0.7110000000000001,0.6799999999999999,5,2,3,570.52,570.53,0.009999999999990905,570.525,570.5295122307836,570.5358858368661,0.639,21.623,105.79899999999999,18.962,38.428,96.928,105.79899999999999,96.928,0.04375835483165162,0.02228612507384185,-0.06941203209355183,-0.0015128429757985688,0.002092686908848922,-0.0036055298846474912,0.5218791774133595,-0.9024562020510206,1.0915215417516968,0.7110000000000001,0.6799999999999999,0.03100000000000014,632.538,8.405217051912263,0.27819999994436,0.582,0.031000000000000055,0.5948686355776601,6.535947669699689,-1.7527408485482103e-05,0.00012290249640234326,2.1052378604647827e-05,5.6439713791309607e-08,-0.2699999999999818,-3.505481697084015e-05,1.2600581217024817e-05,-1,-0.9999999500000025,0.009999999999990905,0.009999999999990905,-0.009999999999990905,0.00643650230013173,437.96254797964195,-0.12592592595306076,False,1.0,1.0,-0.01999999999998181,0.0001,570.64669754,570.89328473,-0.24658719000001383,571846.473,5.790700647857815e-05,0.7461,0.0001,1,0,False,1.7619473339919944,0.4948957760383528,42,4,5,2,0,8,5,False,0,2020624816
1779858283000,1779858284009,10,156,False,570.52,570.52,570.35,570.35,2.714,0.0,2.714,16,0,16,570.35,570.36,0.009999999999990905,570.355,570.3561716269893,570.3618210353168,6.354,23.782,344.884,13.436,41.352,80.089,344.884,80.089,0.6230866431499811,-0.9999999996315402,0.008667933546393189,-0.0003334000240814982,0.0022608861666202833,-0.0025942861907017815,0.811543321573814,-0.23433259701897555,4.306259286489952,0.0,2.714,-2.714,629.824,8.654226328898746,0.16962499998939842,0.711,-2.714,1.8488076680780776,20.161289916103026,-0.00031554589701545196,0.00014171621035750394,0.00017897815790140172,6.19704156242173e-08,-0.4499999999999318,-0.0002980184885299699,0.00011626599001443846,-1,-0.9999999941176471,0.009999999999990905,0.009999999999990905,0.36999999999989086,0.014318702774626607,437.96255932205383,-0.1444444444037422,False,1.0,1.0,0.35999999999989996,0.0001,570.64669754,570.89328473,-0.24658719000001383,571842.684,5.1280718499991115e-05,0.7461,0.0001,1,0,False,1.7173823629021676,0.5263865726536784,43,4,5,2,0,9,16,False,0,1104791214
1779858284000,1779858285047,10,157,False,570.35,570.48,570.35,570.48,16.291,14.523,1.768,10,9,1,570.48,570.49,0.009999999999990905,570.485,570.4800068470653,570.4668556916821,58.182,122.41,191.044,3.441,8.618,64.874,191.044,64.874,0.4930094795970077,0.7829476397530569,0.27492126351083146,-0.0009536241371438344,0.002727627456735871,-0.003681251593879706,0.7465047397965501,0.9986218512366111,2.944846934011394,14.523,1.768,12.754999999999999,642.579,8.698350055820098,1.62909999983709,10.0,12.755,1.1496433156491925,9.74025964538708,0.00022790424614132116,0.00014541640551769743,0.00013687044854896182,1.2160874617813759e-07,-0.18999999999994088,0.0005434501431567731,1.3989579898553286e-05,-1,0.9999999923076923,0.009999999999990905,0.009999999999990905,-0.2899999999999636,0.0015107155886412741,437.96081162464986,-0.19545454549626734,False,1.0,1.0,-0.2999999999999545,0.0001,570.64669754,570.89328473,-0.24658719000001383,571842.684,5.1280718499991115e-05,0.7461,0.0001,2,1,False,1.331554486271027,0.47110329347142454,44,4,5,2,0,9,10,False,0,227480126
1779858285000,1779858286055,10,158,False,570.48,570.48,570.48,570.48,0.48000000000000004,0.0,0.48000000000000004,2,0,2,570.48,570.49,0.009999999999990905,570.485,570.4807393912002,570.4633710655273,56.934,125.499,189.749,1.768,6.752,48.809,189.749,48.809,0.5907997216585033,-0.9999999979166666,0.4346469828488975,-0.0009245969266813201,0.003179710010430826,-0.004104306937112146,0.7953998608271557,0.8521154166424575,3.887582208119659,0.0,0.48000000000000004,-0.48000000000000004,642.0989999999999,8.478732021203045,0.23999999988,0.465,-0.48000000000000004,0.23588432736907472,1.2820512804076265,0.0,0.00014456979460680239,0.0,1.203811865167705e-07,-0.17999999999994998,-0.00022790424614132116,0.0,-1,0.0,0.009999999999990905,0.009999999999990905,0.17000000000007276,0.0014087583592089837,437.9608114665733,-0.19545454549626734,False,1.0,1.0,0.16000000000008185,0.0001,570.64669754,570.89328473,-0.24658719000001383,571842.684,5.1280718499991115e-05,0.7461,0.0001,1,0,False,1.703139394501299,0.46071737503739285,45,4,5,2,0,10,2,False,0,3929725287
1779858286000,1779858287028,10,159,False,570.49,570.54,570.49,570.54,1.666,1.666,0.0,7,7,0,570.53,570.54,0.009999999999990905,570.535,570.5309552747375,570.5187896088055,41.107,93.507,176.79500000000002,3.0949999999999998,14.254,76.923,176.79500000000002,76.923,0.39363387697997926,0.9999999993997598,0.3674363485941664,-0.001129965960602363,0.002141673258174183,-0.003271639218776546,0.696816938488019,0.8089341841309711,2.29833729830742,1.666,0.0,1.666,643.765,8.43024900411442,0.237999999966,1.418,1.666,0.8303432076268774,10.256410151216308,0.0001051690593596688,0.00014641757806357398,5.26332528308951e-05,1.202277381990192e-07,-0.009999999999990905,0.0001051690593596688,6.312668625242624e-05,-1,0.9999999800000005,0.009999999999990905,0.009999999999990905,-0.21000000000003638,0.001057009789448578,437.96082152421934,-0.19545454549626734,False,1.0,1.0,-0.22000000000002728,0.0001,570.64669754,570.89328473,-0.24658719000001383,571842.684,5.1280718499991115e-05,0.7461,0.0001,2,1,False,1.7012252264365555,0.44516004943885684,46,4,5,2,0,8,7,False,0,3812875732
1779858287000,1779858287999,10,160,False,570.53,570.53,570.53,570.53,1.051,0.0,1.051,2,0,2,570.53,570.54,0.009999999999990905,570.535,570.5315395048148,570.5188340080205,36.544,86.723,183.405,3.655,17.785999999999998,79.191,183.405,79.191,0.39686057670186575,-0.9999999990485251,0.3761472690763113,-0.0010380234112514306,0.002094970542556341,-0.003132993953807771,0.6984302883490289,0.6920852908454299,2.3159828768128197,0.0,1.051,-1.051,642.7139999999999,8.219421167913948,0.5254999997372499,1.038,-1.051,0.24332613682871598,1.2165450106854685,-1.7527408485482103e-05,0.0001464569270375117,0.0,1.2199435543959662e-07,-0.029999999999972715,-0.0001226964678451509,1.667688722055682e-05,-1,0.0,0.009999999999990905,0.009999999999990905,0.21000000000003638,0.0009936638031890095,437.96080582948673,-0.19545454549626734,False,1.0,1.0,0.20000000000004547,0.0001,570.64669754,570.89328473,-0.24658719000001383,571842.684,0.00010705138725771768,0.7461,0.0001,2,0,False,1.7011727265349728,0.41066901228300434,47,4,5,2,0,8,2,False,0,3951179456
1779858288000,1779858289011,10,161,False,570.54,570.54,570.53,570.53,0.403,0.017,0.386,2,1,1,570.53,570.54,0.009999999999990905,570.535,570.5333375284679,570.5181978450187,27.807,77.937,171.329,4.078,18.773,79.977,171.329,79.977,0.363509028831928,-0.9156327520703901,0.3591982703012898,-0.0010583289413183612,0.002086051373876799,-0.0031443803151951603,0.6817545144139744,0.3324732767540595,2.14222839063553,0.017,0.386,-0.369,642.3449999999999,8.015505719785622,0.20149999989925,0.386,-0.369,0.24951638357809997,7.092198531261004,0.0,0.00014644382979876036,1.0526281549858659e-05,1.2199435543959662e-07,0.15999999999996817,1.7527408485482103e-05,0.0,-1,-0.99999990000001,0.009999999999990905,0.009999999999990905,0.13000000000010914,0.0009684665794876647,0.00012593177170359802,-0.19545454549626734,False,1.0,1.0,0.12000000000011823,0.0001,570.64669754,570.89328473,-0.24658719000001383,571694.13,-0.00015275766000078696,0.7461,0.0001,2,1,False,1.7051194300279087,0.4106690122830044,48,4,5,2,0,9,2,False,0,1410751525
1779858289000,1779858290086,10,162,False,570.53,570.62,570.53,570.62,7.1979999999999995,4.747,2.451,12,9,3,570.62,570.63,0.009999999999990905,570.625,570.6243196532413,570.6203977934164,25.198,95.145,173.804,21.078,23.634,82.106,173.804,82.106,0.35832128482529674,0.3189774937039487,0.3995543460809914,-0.0010788485986344802,0.0028228081258558726,-0.003901656724490353,0.6791606424106946,0.13605442175090857,2.1168245925740283,4.747,2.451,2.296,644.641,8.146144876513963,0.5998333332833472,1.666,2.296,1.4730894405185382,14.211886102931851,0.00015773561790593185,0.0001506314095530431,9.472989266529596e-05,1.2199435543959662e-07,0.2300000000000182,0.00015773561790593185,2.1913811876079195e-05,-1,0.999999988888889,0.009999999999990905,0.009999999999990905,0.08999999999991815,0.004029863408837262,0.00014550194757388687,-0.19545454549626734,False,1.0,1.0,0.07999999999992724,0.0001,570.64669754,570.89328473,-0.24658719000001383,571694.13,-0.00015275766000078696,0.7461,0.0001,2,1,False,1.6965349490191963,0.4155806326178238,49,4,5,2,0,9,12,False,0,614579702
1779858290000,1779858291045,10,163,False,570.62,570.62,570.57,570.57,5.4879999999999995,0.0,5.4879999999999995,5,0,5,570.56,570.57,0.010000000000104592,570.565,570.5690219388807,570.594962051265,4.859999999999999,13.415000000000001,105.867,52.104,68.084,93.84,105.867,93.84,0.06022322702729388,-0.9999999998177842,-0.0060698123092711945,-0.001641172762606915,0.002941886726116677,-0.004583059488723592,0.5301116135111433,-0.804392798943422,1.1281649616248064,0.0,5.4879999999999995,-5.4879999999999995,639.153,8.042992585480718,1.09759999978048,4.313,-5.4879999999999995,0.6216591581104259,13.37792624243577,-8.762782714872394e-05,0.00015184995550582877,5.262587341084439e-05,1.3550949767355883e-07,0.04000000000007731,-0.0002453634450546558,1.5967169667047516e-05,-1,-0.9999999800000005,0.009999999999990905,0.010000000000104592,-0.0500000000001819,0.0027288016521715562,0.00010001012716620813,-0.17727272721908482,False,1.0,1.0,-0.060000000000172804,0.0001,570.64669754,570.89328473,-0.24658719000001383,571694.13,-0.00015275766000078696,0.7461,0.0001,2,0,False,1.69666835076231,0.4106318216956794,50,4,5,2,0,9,5,False,0,3275131504
1779858291000,1779858292005,10,164,False,570.57,570.65,570.57,570.65,30.298000000000002,30.298000000000002,0.0,7,7,0,570.64,570.65,0.009999999999990905,570.645,570.6450990949525,570.6412774523507,20.997,71.652,149.119,18.236,22.589000000000002,130.788,149.119,130.788,0.06548960904848573,0.9999999999669945,0.22615205096738725,-0.0013207443925555788,0.001611241551945308,-0.002931985944500887,0.5327448045224565,-0.019834710741069617,1.1401581184731002,30.298000000000002,0.0,30.298000000000002,669.451,8.008796107268235,4.328285713667388,20.744,30.298000000000002,0.8740389823101177,428.57124489803795,0.00014020083792945406,0.000155002833437242,8.419918408385226e-05,1.4687429852646758e-07,0.11000000000001364,0.00022782866507817798,4.62739579922195e-06,1,0.9999999875000002,0.009999999999990905,0.009999999999990905,0.38999999999987267,0.00025322785788980837,0.00010127994048174808,-0.12592592595306076,False,1.0,1.0,0.37999999999988177,0.0001,570.64669754,570.89328473,-0.24658719000001383,571694.13,-0.00015275766000078696,0.7461,0.0001,2,2,False,0.7303032978248298,0.4450652372939844,51,4,5,2,0,8,7,False,0,1439828884
1779858292000,1779858293067,10,165,False,570.64,570.64,570.63,570.64,2.018,0.006,2.012,3,1,2,570.63,570.64,0.009999999999990905,570.635,570.639716200311,570.6087280636148,32.588,39.989,119.106,27.778,31.502,98.673,119.106,98.673,0.09382447343364682,-0.9940535178423919,0.05691740625640709,-0.001579751844287197,0.0025078542530733027,-0.0040876060973605,0.5469122367145275,-0.9432495035619416,1.2070779240399392,0.006,2.012,-2.0060000000000002,667.445,7.844573284079113,0.6726666664424443,1.847,-2.006,0.38242997942363477,4.784688972322063,-1.752402982631383e-05,0.00015460635182579387,1.0524436888873592e-05,1.4933118219201753e-07,0.11000000000001364,-0.00015772486775576789,8.683860167309203e-06,1,0.0,0.009999999999990905,0.009999999999990905,-0.5499999999999545,0.00030010133045418956,0.00010057215636462935,-0.12592592595306076,False,1.0,1.0,-0.5599999999999454,0.0001,570.64669754,570.89328473,-0.24658719000001383,571694.13,-0.0001908348719598833,0.7461,0.0001,2,1,False,1.729776636404158,0.4181333137923703,52,4,5,2,0,9,3,False,0,511228476
1779858293000,1779858294064,10,166,False,570.63,570.63,570.59,570.59,0.525,0.0,0.525,3,0,3,570.59,570.6,0.009999999999990905,570.595,570.5997417713606,570.6014412485885,11.854,25.894,103.419,29.255,43.563,72.234,103.419,72.234,0.17753753138188627,-0.9999999980952382,-0.026347898614732634,-0.0017471375258575443,0.0038761993861697215,-0.005623336912027266,0.5887687656880967,-0.948360893475581,1.4317219037927884,0.0,0.525,-0.525,666.9200000000001,7.68573481574865,0.17499999994166668,0.343,-0.525,0.39033352978331237,999999999.9999999,-8.762475580199057e-05,0.00015584296235746122,4.209959199022926e-05,1.5086672102621508e-07,0.2400000000000091,-7.010072597567675e-05,0.0001669042964477834,1,-0.9999999750000006,0.009999999999990905,0.009999999999990905,-0.4500000000000455,0.00038950980927357015,0.00010274323554596158,-0.12592592595306076,False,1.0,1.0,-0.4600000000000364,0.0001,570.64669754,570.89328473,-0.24658719000001383,571691.485,-0.0001954605889351167,0.7461,0.0001,2,1,False,1.7311169890935374,0.4143055069303243,53,4,5,2,0,8,3,False,0,3332713090
1779858294000,1779858295035,10,167,False,570.59,570.59,570.57,570.58,2.976,0.199,2.777,4,1,3,570.57,570.58,0.009999999999990905,570.575,570.5799888371303,570.5862338553153,0.097,19.919999999999998,99.812,27.34,57.385000000000005,73.56400000000001,99.812,73.56400000000001,0.15139350313681593,-0.866263440569132,0.023086268432722042,-0.0017937895830998944,0.0032221630251635107,-0.0050159526082634055,0.5756967515655241,-0.9977744806504837,1.356804958928867,0.199,2.777,-2.5780000000000003,664.3420000000001,7.564891051297875,0.743999999814,2.313,-2.5780000000000003,0.5287584411126423,5.253940427737616,-1.7525872569813383e-05,0.0001473373029276467,2.105090274642968e-05,1.4841099966137922e-07,0.10000000000002274,7.00988832321772e-05,5.8890700819638145e-06,1,-0.49999997500000126,0.009999999999990905,0.009999999999990905,-0.43000000000006366,0.00046787115831372017,9.891051929372839e-05,-0.12592592595306076,False,1.0,1.0,-0.44000000000005457,0.0001,570.64669754,570.89328473,-0.24658719000001383,571691.485,-0.0001954605889351167,0.7461,0.0001,2,2,False,1.7335582021614326,0.41352885420615787,54,4,5,2,0,9,4,False,0,2529379302
1779858295000,1779858296038,10,168,False,570.57,570.57,570.55,570.55,1.028,1.0,0.027999999999999997,3,1,2,570.54,570.55,0.009999999999990905,570.545,570.549990738212,570.5503218965537,11.337,26.176,106.821,47.278999999999996,60.799,85.298,106.821,85.298,0.11202952336774587,0.9455252909090219,0.037795038980126414,-0.0016491074450181928,0.0029991791591616156,-0.004648286604179808,0.5560147616812704,-0.9981531881318939,1.2523271354398422,1.0,0.027999999999999997,0.972,665.3140000000001,7.415222492238928,0.34266666655244443,1.0,0.972,0.40457316051343684,4.42477874148328,-5.2579460722226265e-05,0.00014775370490670417,2.105164064973662e-05,1.4595437433944606e-07,0.06999999999993634,-3.5053588152412886e-05,5.114733528315071e-05,-1,-0.9999999500000025,0.009999999999990905,0.009999999999990905,0.25,0.0005249741393065774,9.976326471314488e-05,-0.12592592595306076,False,1.0,1.0,0.2400000000000091,0.0001,570.64669754,570.89328473,-0.24658719000001383,571691.485,-0.0001954605889351167,0.7461,0.0001,2,0,False,1.7333959781737671,0.4137799117540826,55,4,5,2,0,9,3,False,0,1712082192
1779858296000,1779858296999,10,169,False,570.54,570.54,570.41,570.45,47.468,2.056,45.412,18,2,16,570.45,570.46,0.009999999999990905,570.455,570.4563630584693,570.4449497995748,46.268,77.969,165.807,21.395,25.926,59.977999999999994,165.807,59.977999999999994,0.46871581371451293,-0.9133732198341331,0.4394529958637875,-0.001252398039363715,0.004047160033695637,-0.005299558073059351,0.734357906855042,-0.2726201001862201,2.764463636620687,2.056,45.412,-43.356,621.9580000000001,7.762264377739291,2.637111110964605,12.769,-43.356,2.318910967436473,23.97743242931403,-0.0001752848383101621,0.00014666025783751117,0.0001368560531293073,1.517919790752702e-07,-0.08999999999991815,-0.00012270537758793582,3.692694832444371e-06,-1,-0.6923076869816431,0.009999999999990905,0.009999999999990905,-0.03000000000020009,0.0010451154085017644,9.427877431784557e-05,-0.12592592595306076,False,1.0,1.0,-0.040000000000190994,0.0001,570.64669754,570.89328473,-0.24658719000001383,571691.485,-0.0001954605889351167,0.7461,0.0001,1,0,False,1.2349656633938229,0.42726820654781283,56,4,5,2,0,9,18,False,0,911894525
1779858297000,1779858298073,10,170,False,570.45,570.45,570.37,570.37,35.0,0.0,35.0,8,0,8,570.36,570.37,0.009999999999990905,570.365,570.3697278093136,570.3803779297184,0.596,19.103,332.10699999999997,25.145000000000003,39.425000000000004,76.123,332.10699999999997,76.123,0.6270582759703426,-0.9999999999714286,-0.0005911723528787667,-0.00034807959017737263,0.0034658984474902747,-0.003813978037667647,0.8135291379839465,-0.9455677315971823,4.362768151486899,0.0,35.0,-35.0,586.9580000000001,7.770058988305215,4.374999999453125,10.306,-35.0,1.02959321300022,999999999.9999999,-0.0001402499958471243,0.0001499245639319084,8.422870642208784e-05,1.7053817434383784e-07,-0.15999999999996817,3.5034842463037784e-05,4.0071427383747765e-06,-1,-0.9999999875000002,0.009999999999990905,0.009999999999990905,0.12999999999988177,0.0011412000678448961,9.429434741558975e-05,-0.12592592595306076,False,1.0,1.0,0.11999999999989086,0.0001,570.64669754,570.89328473,-0.24658719000001383,571691.485,-0.00020409466399592602,0.7461,0.0001,2,1,False,1.336252950946948,0.4591575449762947,57,4,5,2,0,10,8,False,0,3907921573
1779858298000,1779858299039,10,171,False,570.37,570.37,570.37,570.37,0.351,0.351,0.0,3,3,0,570.36,570.37,0.009999999999990905,570.365,570.3697248646467,570.3723878987252,0.6160000000000001,13.443,331.63,22.994,41.166000000000004,66.998,331.63,66.998,0.6638570296099023,0.9999999971509971,0.008264293414365763,-0.0003457522948628321,0.003818470707910146,-0.004164223002772978,0.8319285148036969,-0.9449785534218321,4.949849249157439,0.351,0.0,0.351,587.3090000000001,7.6136636116394705,0.116999999961,0.3,0.351,0.39402844052890507,3.389830496983625,0.0,0.00013011868605138156,0.0,1.5885958714656724e-07,-0.15999999999996817,0.0001402499958471243,0.0,-1,0.0,0.009999999999990905,0.009999999999990905,-0.049999999999954525,0.0013749601770887416,6.976845435566984e-05,-0.12592592595306076,False,1.0,1.0,-0.05999999999994543,0.0001,570.64669754,570.89328473,-0.24658719000001383,571684.072,-0.00021705880154329225,0.7461,0.0001,1,1,False,1.7696797733523644,0.4591575449762947,58,4,5,2,0,9,3,False,0,3796500340
1779858299000,1779858300065,10,172,False,570.37,570.37,570.36,570.36,0.09799999999999999,0.087,0.011,2,1,1,570.36,570.37,0.009999999999990905,570.365,570.3693736106171,570.371961440351,1.4080000000000001,11.461,331.403,23.480999999999998,40.704,68.406,331.403,68.406,0.6578066026511215,0.7755101961682633,0.01639410161935342,-0.00034568449616114886,0.0037093131997631376,-0.004054997695924286,0.8289033013243101,-0.8747274160963796,4.844648130210147,0.087,0.011,0.076,587.3850000000001,7.429609066995553,0.048999999975499996,0.087,0.076,0.2691931677287542,8.928571348852042,-1.753263261293092e-05,0.00012994139722312243,1.0529418958148444e-05,1.5025423698198687e-07,-0.2599999999999909,-1.753263261293092e-05,0.00017890441259210723,-1,-0.99999990000001,0.009999999999990905,0.009999999999990905,-0.009999999999990905,0.0014333622328227,7.225736195246794e-05,-0.12592592595306076,False,1.0,1.0,-0.01999999999998181,0.0001,570.64669754,570.89328473,-0.24658719000001383,571684.072,-0.00021705880154329225,0.7461,0.0001,1,0,False,1.7654544379799446,0.45068992064880464,59,4,5,2,0,9,2,False,0,75197539
1779858300000,1779858300995,10,173,False,570.36,570.43,570.36,570.43,19.098,18.259999999999998,0.838,12,8,4,570.42,570.43,0.009999999999990905,570.425,570.4200279291988,570.4017708596497,93.14699999999999,140.42,243.501,0.157,6.901000000000001,34.154,243.501,34.154,0.7539824602447138,0.9122421195459083,0.5383137487005277,-0.001015793039139334,0.005912293153828652,-0.006928086192967986,0.876991230120556,0.9944096688715243,7.129501668702655,18.259999999999998,0.838,17.421999999999997,604.8070000000001,7.57945795004488,1.591499999867375,17.334,17.422,1.5832266736628202,14.138817280813635,0.0001227219735231324,0.00012093945037601335,7.370205622456585e-05,1.4810437010390488e-07,-0.14000000000010004,0.0001402546061360633,6.425907085386244e-06,-1,0.9999999857142859,0.009999999999990905,0.009999999999990905,0.2699999999999818,0.001285696841475712,0.00012837812683625294,-0.12592592595306076,False,1.0,1.0,0.2599999999999909,0.0001,570.64669754,570.89328473,-0.24658719000001383,571684.072,-0.00021705880154329225,0.7461,0.0001,1,1,False,0.9811007323300659,0.4630008137324509,0,5,5,2,0,9,12,False,0,1664848775
1779858301000,1779858302076,10,174,False,570.42,570.43,570.42,570.43,3.984,0.162,3.822,3,1,2,570.43,570.44,0.010000000000104592,570.435,570.4309921414159,570.4099488969382,75.996,135.166,192.441,2.115,9.145,58.851,192.441,58.851,0.5316126259469796,-0.9186746985645897,0.41609329938585804,-0.0010352525720651036,0.0027987078214270224,-0.003833960393492126,0.7658063129715001,0.8015654282437676,3.2699699239899074,0.162,3.822,-3.66,601.1470000000002,7.429311787748326,1.3279999995573333,3.575,-3.66,0.4038059089865487,6.153846115976331,0.0,0.00012087592876516635,1.0528311424117017e-05,1.4779716005569007e-07,-0.22000000000002728,-0.0001227219735231324,0.0,-1,0.99999990000001,0.009999999999990905,0.010000000000104592,-0.2699999999999818,0.0012171306454991607,0.00012820410570358934,-0.10740740750237932,False,1.0,1.0,-0.2799999999999727,0.0001,570.64669754,570.89328473,-0.24658719000001383,571684.072,-0.00021705880154329225,0.7461,0.0001,1,0,False,1.7975806676061128,0.4612765143168975,1,5,5,2,0,10,3,False,0,1708565224
1779858302000,1779858303019,10,175,False,570.43,570.44,570.43,570.44,2.247,0.23,2.017,5,2,3,570.43,570.44,0.010000000000104592,570.435,570.4376310560395,570.400985427245,15.634,24.872999999999998,365.533,5.756,19.551,76.975,365.533,76.975,0.6520966852561939,-0.7952825986669859,0.24648470468502665,-0.0005322549769085304,0.00232201461447126,-0.0028542695913797906,0.826048342626967,-0.5262272089023524,4.7487236115005045,0.23,2.017,-1.787,599.3600000000001,7.349662220936906,0.44939999991012,1.074,-1.7870000000000001,0.6803033730007685,5.54785017726574,1.7530481124708433e-05,0.00012087595104425821,1.0528126857847592e-05,1.422664582227824e-07,-0.1999999999999318,1.7530481124708433e-05,7.80172724383921e-06,-1,0.99999990000001,0.010000000000218279,0.010000000000104592,-0.010000000000218279,0.0009626934666036548,0.00012723501171015044,-0.23899371025305036,False,1.0,1.0,-0.020000000000436557,0.0001,570.64669754,570.89328473,-0.24658719000001383,571684.072,-0.0002872439960181767,0.7461,0.0001,1,1,False,1.7811556524388172,0.4612774299671042,2,5,5,2,0,8,5,False,0,288503785
1779858303000,1779858304031,10,176,False,570.44,570.44,570.4,570.4,2.862,1.4829999999999999,1.379,4,2,2,570.39,570.4,0.009999999999990905,570.395,570.3999893006024,570.3938809135434,9.113,15.424,334.95099999999996,14.716,24.793,76.187,334.95099999999996,76.187,0.6293847807776722,0.03633822500477346,-0.07075653966783452,-0.000377049204325293,0.0025346377147633862,-0.0029116869190886794,0.81469239038762,-0.9978735970469138,4.396432462173383,1.4829999999999999,1.379,0.10399999999999987,599.4640000000002,7.239837230086515,0.715499999821125,1.448,0.10399999999999986,0.5524986090605385,4.769475334962757,-7.012376848015033e-05,9.939015056826548e-05,4.211361485507241e-05,7.158151184022354e-08,-0.19000000000005457,-8.765424960485877e-05,2.4501666127061027e-05,-1,-0.9999999750000006,0.009999999999990905,0.009999999999990905,-0.009999999999990905,0.0006902127433190058,0.00011745298637256456,-0.18956043993834829,False,1.0,1.0,-0.01999999999998181,0.0001,570.64669754,570.89328473,-0.24658719000001383,571699.742,-0.00025984162527920696,0.7461,0.0001,0,0,False,1.7587278537171602,0.4552118627731473,3,5,5,2,0,10,4,False,0,828851625
1779858304000,1779858305081,10,177,False,570.4,570.4,570.37,570.37,7.495,0.035,7.46,5,1,4,570.36,570.37,0.009999999999990905,570.365,570.3694582291057,570.3706971729546,3.672,26.73,349.07,19.218,26.834,77.187,349.07,77.187,0.6378382055880892,-0.9906604401613528,0.14152253725015546,-0.00034917273219818595,0.0024962782150729137,-0.0028454509472710995,0.8189191027928716,-0.8916578668541016,4.522393667268809,0.035,7.46,-7.425,592.0390000000002,7.16639994385417,1.4989999997002,5.712,-7.425,0.6977003849178481,13.651876946732056,-5.25960535548113e-05,8.613769210976874e-05,3.158714926925651e-05,7.526974532267073e-08,-0.21000000000003638,1.7527714925339032e-05,7.017485463348073e-06,-1,-0.9999999666666678,0.009999999999990905,0.009999999999990905,0.34999999999990905,0.0006941070835365434,0.00011417317715469428,-0.18956043993834829,False,1.0,1.0,0.33999999999991815,0.0001,570.64669754,570.89328473,-0.24658719000001383,571699.742,-0.00025984162527920696,0.7461,0.0001,0,1,True,1.7664642397879728,0.44749074396324734,4,5,5,2,0,10,5,False,0,1470954112
1779858305000,1779858306059,10,178,False,570.36,570.36,570.29,570.29,9.255,2.114,7.141,12,3,9,570.29,570.3,0.009999999999990905,570.295,570.2915778489119,570.2849180043038,17.262,298.621,357.34,2.516,11.681,64.913,357.34,64.913,0.6925397806511913,-0.5431658562352063,0.47394379000037645,-0.00037371129077474867,0.00327075441016061,-0.0036444657009353587,0.8462698903244115,0.6844189268774085,5.504906567166747,2.114,7.141,-5.027,587.0120000000002,7.3248786342196075,0.7712499999357292,3.119,-5.027,1.6382523994734046,24.229074302819786,-0.0001402696686675948,9.16705023407375e-05,7.371110219673236e-05,8.264737632802717e-08,-0.2599999999999909,-8.767361511278352e-05,1.5156096018631951e-05,-1,-0.9999999857142859,0.009999999999990905,0.009999999999990905,0.5099999999999909,0.0004665317714802085,0.00011510893211566079,-0.18956043993834829,False,1.0,1.0,0.5,0.0001,570.64669754,570.89328473,-0.24658719000001383,571699.742,-0.00025984162527920696,0.7461,0.0001,0,0,False,1.774481322175213,0.43654111032110204,5,5,5,2,0,9,12,False,0,1717759834
1779858306000,1779858307068,10,179,False,570.3,570.3,570.3,570.3,1.643,1.643,0.0,2,2,0,570.29,570.3,0.009999999999990905,570.295,570.2952282112922,570.2871440307042,9.594,290.953,348.324,4.773000000000001,15.083,73.715,348.324,73.715,0.6506720942835837,0.9999999993913572,0.3210722523470898,-0.00037463289512440284,0.0028872857359037015,-0.0032619186310281043,0.8253360471406072,-0.04565879112253103,4.7252797937363455,1.643,0.0,1.643,588.6550000000002,7.150292449491095,0.82149999958925,1.623,1.643,0.27970883902275023,4.901960760284506,1.7534784629414906e-05,8.868950265207986e-05,0.0,8.3263633694722e-08,-0.15000000000009095,0.00015780445329700973,1.0672419122789096e-05,-1,0.0,0.009999999999990905,0.009999999999990905,-0.4900000000000091,0.0008348618783583051,0.00010424855320195722,-0.18956043993834829,False,1.0,1.0,-0.5,0.0001,570.64669754,570.89328473,-0.24658719000001383,571699.742,-0.00025984162527920696,0.7461,0.0001,0,1,True,1.7652389583804355,0.43722578044246185,6,5,5,2,0,9,2,False,0,2830782731
1779858307000,1779858308045,10,180,False,570.3,570.4,570.29,570.4,8.175,8.166,0.009,12,11,1,570.43,570.44,0.010000000000104592,570.435,570.4300604234655,570.4088148775071,59.575,130.682,224.625,1.745,8.34,35.046,224.625,35.046,0.7300738241824075,0.9977981650155597,0.6401997763650857,-0.000902812138082995,0.004808771631968372,-0.0057115837700513665,0.8650369120892782,0.9878992541173632,6.409433316030092,8.166,0.009,8.157,596.8120000000002,7.309299254425813,0.6812499999432292,3.961,8.157,1.6417442466994634,16.717324948494568,0.0001753309375930272,9.688918547559852e-05,0.0001158276704240834,8.633802392428912e-08,0.029999999999972715,0.0001577961529636123,2.1447209488878284e-05,-1,0.9090909008265403,0.06999999999993634,0.010000000000104592,-0.2899999999999636,0.0022892588441588146,0.00010905821552813851,-0.1703296704920311,False,1.0,1.0,-0.35999999999989996,0.0001,570.64669754,570.89328473,-0.24658719000001383,571699.742,-0.0002615199530579226,0.7461,0.0001,0,1,True,1.7579991821241776,0.4440192617601822,7,5,5,2,0,9,12,False,0,2885063878
1779858308000,1779858309029,10,181,False,570.42,570.43,570.4,570.4,0.609,0.093,0.516,5,1,4,570.4,570.41,0.009999999999990905,570.405,570.4037880010665,570.3927768651598,21.076,54.79,376.034,12.454,17.576999999999998,70.253,376.034,70.253,0.6851667200687335,-0.6945812796476499,0.17924679010526515,-0.0004345920002014816,0.0027437548624575188,-0.0031783468626590005,0.8425833600332464,0.24237804873430296,5.352568573507856,0.093,0.516,-0.42300000000000004,596.3890000000002,7.233584524772508,0.12179999997563999,0.271,-0.423,0.6912202355810624,4.449388189324191,0.0,9.688918547559852e-05,3.158548799718939e-05,8.633802392428913e-08,0.029999999999972715,-0.0001753309375930272,0.0,-1,-0.6666666444444452,0.009999999999990905,0.009999999999990905,0.21000000000003638,0.0038221785391794097,0.00010905821552813851,-0.13235294127351693,False,1.0,1.0,0.20000000000004547,0.0001,570.37450936,570.6347338,-0.2602244400000018,571678.581,-0.000298524458083984,0.7461,0.0001,0,0,False,1.7558708257853293,0.44589718793622735,8,5,5,2,0,9,5,False,0,3634525781
1779858309000,1779858310048,10,182,False,570.41,570.6,570.41,570.54,73.94200000000001,73.89,0.052,26,25,1,570.54,570.55,0.009999999999990905,570.545,570.5491074102271,570.5747979636018,4.252,21.241,126.61,20.356,56.719,95.981,126.61,95.981,0.1376021492327291,0.9985934921830812,0.11831948558231638,-0.0012489485713842246,0.001880545806755846,-0.0031294943781400705,0.5688010746141182,-0.8215114777349725,1.3191152415444816,73.89,0.052,73.838,670.2270000000002,7.848876835435704,2.8439230768136956,12.903,73.838,3.312575868091593,43.32755444854617,0.0002454116793216161,0.00010561644105767535,0.00020000986825603886,7.251599446323097e-08,0.17999999999994998,0.0002454116793216161,3.31897540394224e-06,-1,0.684210522714461,0.009999999999990905,0.009999999999990905,0.009999999999990905,-0.000353806867864135,0.00010963678176939655,-0.1519607845124394,False,1.0,1.0,0.0,0.0001,570.37450936,570.6347338,-0.2602244400000018,571678.581,-0.000298524458083984,0.7461,0.0001,1,1,False,1.2878969231424964,0.4443746323770332,9,5,5,2,0,9,26,False,0,1358250457
1779858310000,1779858311032,10,183,False,570.54,570.54,570.54,570.54,0.355,0.0,0.355,2,0,2,570.54,570.55,0.009999999999990905,570.545,570.5495252141588,570.5626746498266,3.459,22.535,126.123,13.780000000000001,51.937999999999995,90.725,126.123,90.725,0.16323876632404621,-0.9999999971830985,-0.03486236387492787,-0.0011986121944071637,0.0019060377458499438,-0.0031046499402571075,0.5816193831597173,-0.9050691242154217,1.3901680903677027,0.0,0.355,-0.355,669.8720000000002,7.657110381814862,0.17749999991124998,0.206,-0.355,0.2611951375924624,4.999999975,0.0,0.0001037829505128327,0.0,6.02304996710425e-08,0.11000000000001364,-0.0002454116793216161,0.0,1,0.0,0.009999999999990905,0.009999999999990905,-0.009999999999990905,-0.000599035730298275,0.00010902808610993177,-0.04670329635338122,False,1.0,1.0,-0.01999999999998181,0.0001,570.37450936,570.6347338,-0.2602244400000018,571678.581,-0.000298524458083984,0.7461,0.0001,1,1,False,1.742460095884543,0.44254520529676095,10,5,5,2,0,9,2,False,0,2650016750
1779858311000,1779858312005,10,184,False,570.53,570.56,570.49,570.56,7.0329999999999995,5.471,1.5619999999999998,10,6,4,570.54,570.55,0.009999999999990905,570.545,570.5436586625497,570.5299172011083,37.311,55.171,165.262,17.179000000000002,24.743000000000002,72.044,165.262,72.044,0.392817712150587,0.5558083320694145,0.18078945249904338,-0.0011258139190870344,0.003041775514926192,-0.004167589434013227,0.6964088560731866,0.2682453415628405,2.2939037254692423,5.471,1.5619999999999998,3.9090000000000003,673.7810000000002,7.733926434870113,0.70329999992967,3.679,3.909,1.293004282225881,14.376996598413788,3.5053895367741664e-05,9.924477743622411e-05,7.368526245166463e-05,5.7773616005492554e-08,0.12999999999999545,3.5053895367741664e-05,4.984202383443404e-06,1,0.42857142244897967,0.029999999999972715,0.009999999999990905,0.049999999999954525,-8.57892392322871e-05,0.00011268791446219782,-0.07232704427035422,False,1.0,1.0,0.01999999999998181,0.0001,570.37450936,570.6347338,-0.2602244400000018,571678.581,-0.000298524458083984,0.7461,0.0001,0,2,False,1.745204077790897,0.44610499049795804,11,5,5,2,0,10,10,False,0,547150614
1779858312000,1779858313025,10,185,False,570.54,570.55,570.54,570.54,0.5519999999999999,0.003,0.5489999999999999,3,1,2,570.54,570.55,0.009999999999990905,570.545,570.5458349867573,570.5334260079022,29.637,47.819,157.878,19.512999999999998,27.076999999999998,72.326,157.878,72.326,0.3716355927769646,-0.9891304329907058,0.18039936025796005,-0.001145135936501056,0.0031342201691133974,-0.004279356105614454,0.6858177963863104,-0.16701316699001897,2.1828664656944547,0.003,0.5489999999999999,-0.5459999999999999,673.2350000000001,7.578715732087486,0.18399999993866664,0.313,-0.546,0.39584543155543755,8.403361273921334,-3.505389536768545e-05,9.947668091729043e-05,1.0526097054663648e-05,5.746685275174562e-08,0.09999999999990905,-7.010779073542711e-05,6.350343352206888e-05,1,0.0,0.009999999999990905,0.009999999999990905,-0.009999999999990905,0.00010740328222701848,0.00011290820513152843,-0.0911949686128226,False,1.0,1.0,-0.01999999999998181,0.0001,570.37450936,570.6347338,-0.2602244400000018,571678.581,-0.00029615390620205205,0.7461,0.0001,0,1,True,1.7435758679969227,0.4827863567420889,12,5,5,2,0,9,3,False,0,1367933775
1779858313000,1779858314022,10,186,False,570.54,570.54,570.5,570.5,7.867,0.0,7.867,5,0,5,570.5,570.51,0.009999999999990905,570.505,570.502849091259,570.528933167255,12.83,65.168,128.303,25.575,35.501,97.898,128.303,97.898,0.13441585138821485,-0.9999999998728867,0.07275333820009414,-0.0013338821852953405,0.0019135952099071127,-0.003247477395202453,0.567207925691897,0.43017493579138005,1.3105783570521299,0.0,7.867,-7.867,665.3680000000002,7.4941676752977315,1.57339999968532,5.045,-7.867,0.6671854989065443,999999999.9999999,-7.011147727749448e-05,9.877998844479644e-05,4.210623323549179e-05,5.838883283615806e-08,0.10000000000002274,-3.5057581909809035e-05,8.912098292688749e-06,1,-0.9999999750000006,0.009999999999990905,0.009999999999990905,0.06999999999993634,-0.0004481002107608434,0.00011708780322831948,-0.12592592595306076,False,1.0,1.0,0.05999999999994543,0.0001,570.37450936,570.6347338,-0.2602244400000018,571677.338,-0.00029832756098292155,0.7461,0.0001,0,1,True,1.7707346781413535,0.4671893080059245,13,5,5,2,0,9,5,False,0,3825392188
1779858314000,1779858315017,10,187,False,570.5,570.53,570.5,570.53,3.616,2.096,1.52,5,2,3,570.53,570.54,0.009999999999990905,570.535,570.5306373795374,570.5223439892551,36.927,45.578,173.02100000000002,11.43,21.941,62.197,173.02100000000002,62.197,0.471154418452367,0.1592920353541781,0.3734827497669966,-0.0011263853490612074,0.003134831978507229,-0.004261217327568436,0.7355772092240578,0.872502378520932,2.781822274341499,2.096,1.52,0.5760000000000001,665.9440000000002,7.412391685943708,0.72319999985536,1.936,0.576,0.6745461129377541,5.354752314030777,5.258406879206559e-05,9.940011328576989e-05,3.15799516856591e-05,6.115407865202392e-08,0.15999999999996817,0.00012269554606956007,1.4542054418562923e-05,1,0.9999999666666678,0.009999999999990905,0.009999999999990905,-0.009999999999990905,0.0037453752594740317,0.00011575287912544521,-0.12592592595306076,False,1.0,1.0,-0.01999999999998181,0.0001,570.37450936,570.6347338,-0.2602244400000018,571677.338,-0.00029832756098292155,0.7461,0.0001,0,2,False,1.8051936612384374,0.46872899589953365,14,5,5,2,0,9,5,False,0,68899814
1779858315000,1779858316031,10,188,False,570.53,570.53,570.53,570.53,0.639,0.0,0.639,2,0,2,570.53,570.54,0.009999999999990905,570.535,570.5349426792443,570.5293080420387,26.966,31.759,143.993,20.048,29.651,75.887,143.993,75.887,0.3097416772771069,-0.9999999984350548,0.1274740575709991,-0.001309817167491656,0.0029077910364148627,-0.004217608203906519,0.6548708386362795,0.011447616285835759,1.89746596911332,0.0,0.639,-0.639,665.3050000000002,7.234936220830799,0.31949999984025,0.408,-0.639,0.276436438232195,4.739336470429685,0.0,9.870234311672586e-05,0.0,5.193769638089297e-08,0.2400000000000091,-5.258406879206559e-05,0.0,1,0.0,0.009999999999990905,0.009999999999990905,0.009999999999990905,0.0032399601563423927,0.00011486948764855408,-0.12592592595306076,False,1.0,1.0,0.0,0.0001,570.37450936,570.6347338,-0.2602244400000018,571677.338,-0.00029832756098292155,0.7461,0.0001,0,1,True,1.8049175938722537,0.46872899589953365,15,5,5,2,0,9,2,False,0,3057852644
1779858316000,1779858317051,10,189,False,570.54,570.54,570.54,570.54,1.128,1.128,0.0,2,2,0,570.53,570.54,0.009999999999990905,570.535,570.534278393369,570.5284335035924,26.806,31.554000000000002,143.797,17.567999999999998,25.788,61.184999999999995,143.797,61.184999999999995,0.40302075303976437,0.9999999991134751,0.13820326463251464,-0.0013110585824892755,0.0037453888522458634,-0.005056447434735139,0.701510376517443,0.1443020903330577,2.3502002124319654,1.128,0.0,1.128,666.4330000000002,7.063298967688806,0.563999999718,1.051,1.128,0.28315380799621875,2.040816322365681,1.7527408485358047e-05,9.06712430270564e-05,0.0,2.7353998535828897e-08,0.2400000000000091,1.7527408485358047e-05,1.5538482686010254e-05,1,0.0,0.009999999999990905,0.009999999999990905,0.009999999999990905,0.003106774903842488,0.00010771543221200692,-0.12592592595306076,False,1.0,1.0,0.0,0.0001,570.37450936,570.6347338,-0.2602244400000018,571677.338,-0.00029832756098292155,0.7461,0.0001,0,2,False,1.8063051725470636,0.46872990650851026,16,5,5,2,0,9,2,False,0,3890987354
1779858317000,1779858318075,10,190,False,570.53,570.54,570.53,570.54,2.471,1.001,1.47,5,2,3,570.53,570.54,0.009999999999990905,570.535,570.5348567306244,570.5283797062202,28.97,33.145,151.409,19.405,26.738,62.301,151.409,62.301,0.4169575593073934,-0.1898016996399022,0.21167334608474192,-0.001247574165798117,0.003797207829412496,-0.0050447819952106135,0.7084787796513572,0.028641207812095785,2.4302820179061286,1.001,1.47,-0.4690000000000001,665.9640000000002,6.995649821207206,0.49419999990116004,1.095,-0.469,0.7147298860111388,5.673758833056687,0.0,8.50750918031571e-05,1.0526281549858659e-05,2.7353998535828894e-08,0.13999999999998636,-1.7527408485358047e-05,0.0,1,0.99999990000001,0.009999999999990905,0.009999999999990905,-0.009999999999990905,0.00340569096067294,0.00010756770111332553,-0.12592592595306076,False,1.0,1.0,-0.01999999999998181,0.0001,570.37450936,570.6347338,-0.2602244400000018,571677.338,-0.0002679027983979038,0.7461,0.0001,0,1,True,1.7673118314935292,0.45962457836630477,17,5,5,2,0,9,5,False,0,672549961
1779858318000,1779858319145,10,191,False,570.53,570.53,570.53,570.53,0.42700000000000005,0.0,0.42700000000000005,2,0,2,570.53,570.54,0.009999999999990905,570.535,570.5326445448619,570.5358381113375,24.211,28.547,147.037,19.730999999999998,27.081999999999997,59.885,147.037,59.885,0.4211828611727068,-0.9999999976580796,0.240854814876491,-0.0012740223620490573,0.004023383372701926,-0.005297405734750983,0.710591430583937,0.47108460843434485,2.455322701804203,0.0,0.42700000000000005,-0.42700000000000005,665.5370000000001,6.831858023790576,0.21349999989325003,0.258,-0.42700000000000005,0.2927461303707798,2.252252247179612,-1.7527408485482103e-05,8.51653200999471e-05,0.0,2.7353998535828894e-08,0.12999999999999545,-1.7527408485482103e-05,4.104779495183678e-05,1,0.0,0.009999999999990905,0.009999999999990905,-0.049999999999954525,0.003264139445560156,0.00010792236336501287,-0.1444444444037422,False,1.0,1.0,-0.05999999999994543,0.0001,570.37450936,570.6347338,-0.2602244400000018,571710.167,-0.0002104924327292575,0.7461,0.0001,0,1,True,1.7631425972051304,0.4579314757576996,18,5,5,2,0,9,2,False,0,180140488
1779858319000,1779858320069,10,192,False,570.54,570.54,570.53,570.53,0.137,0.027,0.11,3,2,1,570.53,570.54,0.009999999999990905,570.535,570.535030231878,570.5406580989647,15.310999999999998,21.451999999999998,139.738,25.273,32.633,65.667,139.738,65.667,0.3606095275170487,-0.6058394116362087,0.09867111134551385,-0.001269393574194821,0.004030977742695035,-0.005300371316889855,0.6803047637560902,-0.006051646879195667,2.12797904575924,0.027,0.11,-0.083,665.4540000000002,6.706223334485967,0.04566666665144445,0.11,-0.083,0.44734567429711236,6.578947325138505,0.0,8.507503798065244e-05,1.0526281549858659e-05,2.520235926051398e-08,-0.009999999999990905,1.7527408485482103e-05,0.0,1,-0.99999990000001,0.009999999999990905,0.009999999999990905,-0.049999999999954525,0.0028783069827447035,0.00010542483735889031,-0.19545454549626734,False,1.0,1.0,-0.05999999999994543,0.0001,570.37450936,570.6347338,-0.2602244400000018,571710.167,-0.0002104924327292575,0.7461,0.0001,0,2,False,1.77780698769539,0.4686181361365916,19,5,5,2,0,8,3,False,0,3765873293
1779858320000,1779858321078,10,193,False,570.53,570.54,570.53,570.54,0.5950000000000001,0.56,0.035,3,2,1,570.53,570.54,0.009999999999990905,570.535,570.5353984028824,570.5409751243737,14.11,21.104,141.406,25.596,32.876,66.603,141.406,66.603,0.3596142474587176,0.8823529396935245,0.1064507102415303,-0.0010978749306711688,0.003970363338790193,-0.005068238269461362,0.6798071237269551,-0.07968607058213267,2.1231175772544315,0.56,0.035,0.525,665.9790000000002,6.584707815322493,0.19833333326722224,0.28,0.525,0.45560108112366876,7.042253471533427,1.7527408485358047e-05,8.062312602814074e-05,1.0526281549858659e-05,2.5202359260513978e-08,0.0,1.7527408485358047e-05,2.945782933764742e-05,1,0.99999990000001,0.009999999999990905,0.009999999999990905,0.06999999999993634,0.0028791097475111853,4.920845056430668e-05,-0.19545454549626734,False,1.0,1.0,0.05999999999994543,0.0001,570.37450936,570.6347338,-0.2602244400000018,571710.167,-0.0002104924327292575,0.7461,0.0001,0,2,False,1.7867291261675113,0.476723046530181,20,5,5,2,0,8,3,False,0,2557750750
1779858321000,1779858322055,10,194,False,570.53,570.53,570.53,570.53,0.234,0.0,0.234,1,0,1,570.53,570.54,0.009999999999990905,570.535,570.5357098588258,570.5441795783984,11.244,20.416999999999998,132.25,29.865000000000002,37.275,65.20400000000001,132.25,65.20400000000001,0.33955250336615334,-0.9999999957264958,0.018097702608153257,-0.0011273234258656884,0.004246629315737064,-0.005373952741602753,0.6697762516805444,-0.14197701148772524,2.028249800594622,0.0,0.234,-0.234,665.7450000000001,6.4016026410496245,0.233999999766,0.234,-0.234,0.15621088279228565,1.0,-1.7527408485482103e-05,8.07183309599518e-05,0.0,2.5509569308728755e-08,-0.029999999999972715,-3.505481697084015e-05,7.49034547460626e-05,1,0.0,0.009999999999990905,0.009999999999990905,0.3500000000001364,0.0028024773333197757,5.0681342031199476e-05,-0.19545454549626734,False,1.0,1.0,0.3400000000001455,0.0001,570.37450936,570.6347338,-0.2602244400000018,571710.167,-0.0002104924327292575,0.7461,0.0001,0,1,True,1.7952565861939564,0.47551477528615005,21,5,5,2,0,8,1,False,0,1883060077
1779858322000,1779858323093,10,195,False,570.54,570.54,570.53,570.53,0.09,0.055,0.035,2,1,1,570.53,570.54,0.009999999999990905,570.535,570.5367478169641,570.541968928796,16.412,24.788,136.621,47.947,55.527,82.82900000000001,136.621,82.82900000000001,0.24512189564709447,0.22222221975308643,0.009393954607888663,-0.0011326171072148575,0.004279920054527849,-0.005412537161742706,0.6225609478212688,-0.3495659071801691,1.6494343768287745,0.055,0.035,0.019999999999999997,665.7650000000001,6.257287800359473,0.044999999977499996,0.055,0.019999999999999997,0.319627299157548,3.7878787735307617,0.0,8.062309262573052e-05,1.0526281549858659e-05,2.4280265908994054e-08,-0.009999999999990905,1.7527408485482103e-05,0.0,1,-0.99999990000001,0.009999999999990905,0.009999999999990905,-0.39000000000010004,0.0028595192959282784,5.0461330972962684e-05,-0.19545454549626734,False,1.0,1.0,-0.40000000000009095,0.0001,570.37450936,570.6347338,-0.2602244400000018,571710.167,-6.980847296067223e-05,0.7461,0.0001,0,2,False,1.793696284244504,0.4744067189315954,22,5,5,2,0,9,2,False,0,3741236097
1779858323000,1779858324089,10,196,False,570.53,570.53,570.5,570.5,28.666,11.746,16.92,6,1,5,570.5,570.51,0.009999999999990905,570.505,570.5077746978026,570.5166582682822,8.341,60.924,127.616,39.491,61.233000000000004,95.429,127.616,95.429,0.14430720258179153,-0.1804925695883454,0.13259654686779737,-0.0013344308467501543,0.002902662480653121,-0.004237093327403275,0.572153601288654,-0.5549433936723572,1.3372874073778696,11.746,16.92,-5.174000000000001,660.5910000000001,6.248852134773916,4.777666665870389,15.143,-5.174,0.9601763443322225,10.799135952493133,-5.2584068792084296e-05,7.995292448547939e-05,3.15799516856591e-05,2.059203242654688e-08,0.0,-5.2584068792084296e-05,1.834370640837575e-06,1,-0.9999999666666678,0.009999999999990905,0.009999999999990905,0.4500000000000455,0.00045620076216781083,7.811431571868777e-05,-0.19545454549626734,False,1.0,1.0,0.44000000000005457,0.0001,570.37450936,570.6347338,-0.2602244400000018,571711.458,-6.75504933903531e-05,0.7461,0.0001,0,1,True,1.0507253007402035,0.47136400810308715,23,5,5,2,0,9,6,False,0,1264756819
1779858324000,1779858325092,10,197,False,570.5,570.5,570.5,570.5,1.13,0.0,1.13,1,0,1,570.5,570.51,0.009999999999990905,570.505,570.5085232817994,570.5172537298946,6.121,58.55,130.653,42.014,60.186,96.07000000000001,130.653,96.07000000000001,0.1525341496003822,-0.9999999991150442,0.06889158413297876,-0.0012904486885967595,0.0030223386913781607,-0.00431278737997492,0.5762670747979858,-0.7046602270562732,1.3599771000170708,0.0,1.13,-1.13,659.4610000000001,6.076758622158378,1.1299999988699998,1.13,-1.13,0.16456141538830002,1.0,0.0,7.908320233338899e-05,0.0,1.3214401421190426e-08,-0.029999999999972715,5.2584068792084296e-05,0.0,1,0.0,0.009999999999990905,0.009999999999990905,0.36999999999989086,0.0004466891416453876,7.719544685886189e-05,-0.19545454549626734,False,1.0,1.0,0.35999999999989996,0.0001,570.37450936,570.6347338,-0.2602244400000018,571711.458,-6.75504933903531e-05,0.7461,0.0001,0,2,False,1.8058068899411663,0.47077841856903635,24,5,5,2,0,8,1,False,0,876049120
1779858325000,1779858326009,10,198,False,570.51,570.51,570.5,570.5,0.56,0.331,0.229,3,2,1,570.5,570.51,0.009999999999990905,570.505,570.5085178456615,570.5186955785802,4.952,57.381,136.815,41.936,60.108000000000004,98.721,136.815,98.721,0.16173323823041175,0.18214285681760203,0.053312611181650385,-0.0012440910127345483,0.0029040782980521112,-0.00414816931078666,0.5808666191130831,-0.7035730039461309,1.3858753456570954,0.331,0.229,0.10200000000000001,659.5630000000001,5.975881290284333,0.18666666660444445,0.33,0.10200000000000001,0.5020180043361004,2.8901734020515217,0.0,7.259734081836537e-05,1.0526835074381275e-05,1.0754802991064765e-08,-0.029999999999972715,0.0,0.0,1,-0.99999990000001,0.009999999999990905,0.009999999999990905,-0.36999999999989086,0.0004555699435045306,7.625969189789537e-05,-0.19545454549626734,False,1.0,1.0,-0.37999999999988177,0.0001,570.37450936,570.6347338,-0.2602244400000018,571711.458,-6.75504933903531e-05,0.7461,0.0001,0,2,False,1.7636359986965093,0.4733128625301466,25,5,5,2,0,8,3,False,0,2888746236
1779858326000,1779858327048,10,199,False,570.51,570.7,570.51,570.7,55.579,55.579,0.0,20,20,0,570.7,570.71,0.009999999999990905,570.705,570.7002709846817,570.684312534374,81.911,152.19,258.192,1.012,9.466,66.142,258.192,66.142,0.59213650125922,0.9999999999820076,0.6936243758785181,-0.0008352369826921878,0.001997825045388627,-0.0028330620280808145,0.7960682506280684,0.9457972490603261,3.903601342506976,55.579,0.0,55.579,715.142,6.435688461094682,2.7789499998610525,18.534,55.579,3.1076706272836607,27.22062963153014,0.0003505082405321337,0.00010676048798288861,0.00019997481600945917,7.680412761497647e-09,0.16000000000008185,0.0003505082405321337,6.306486991954285e-06,1,0.9999999947368421,0.009999999999990905,0.009999999999990905,-0.30999999999994543,0.0002659478702190951,0.00010746033904751248,-0.19545454549626734,False,1.0,1.0,-0.31999999999993634,0.0001,570.37450936,570.6347338,-0.2602244400000018,571711.458,-6.75504933903531e-05,0.7461,0.0001,1,2,False,0.9711225445852666,0.47801646072725984,26,5,5,2,0,9,20,False,0,2427260084
1779858327000,1779858328085,10,200,False,570.71,570.72,570.71,570.72,12.699,0.9259999999999999,11.773,4,3,1,570.72,570.73,0.009999999999990905,570.725,570.7202278228015,570.7020742769525,67.499,132.153,207.891,0.736,6.779,64.241,207.891,64.241,0.5278688283607665,-0.8541617449520307,0.6638864712031147,-0.0009921998046110343,0.0019344305156867917,-0.002926630320297826,0.7639344141785459,0.9544289375702406,3.2361108948609747,0.9259999999999999,11.773,-10.847,704.2950000000001,6.355829823026004,3.174749999206312,11.773,-10.847,0.6293434706007061,4.451038555855912,3.50440679189439e-05,9.961003586635928e-05,1.0522961625522943e-05,1.9963647348855263e-08,0.18000000000006366,-0.0003154641726131898,2.759592717236342e-06,1,0.99999990000001,0.009999999999990905,0.009999999999990905,0.4099999999998545,0.0001345483363232155,0.00010215617041101926,-0.19545454549626734,False,1.0,1.0,0.3999999999998636,0.0001,570.37450936,570.6347338,-0.2602244400000018,571711.458,-9.162698949023684e-05,0.7461,0.0001,1,1,False,1.3398234039601173,0.48519460071186427,27,5,5,2,0,10,4,False,0,3484754545
1779858328000,1779858328995,10,201,False,570.72,570.73,570.72,570.73,6.776999999999999,5.095,1.682,2,1,1,570.72,570.73,0.009999999999990905,570.725,570.729962735485,570.7137509537652,7.468999999999999,31.128,101.428,6.463,25.756,86.485,101.428,86.485,0.0795208420913959,0.503615168879502,0.26443246887038774,-0.0016684552315514084,0.0016429582218482131,-0.0033114134533996217,0.5397604210430371,-0.9925694170917931,1.1727814071668754,5.095,1.682,3.413,707.7080000000001,6.213015730467774,3.3884999983057495,5.095,3.413,0.32190486656429507,2.016129028193288,1.7521573437696376e-05,9.968705794677669e-05,1.0522777246607274e-05,2.057767455845266e-08,0.20000000000004547,-1.7522494481247523e-05,2.5854468695751704e-06,1,0.99999990000001,0.009999999999990905,0.009999999999990905,-0.5299999999999727,0.00010449353415924505,0.00010222515841572953,-0.19545454549626734,False,1.0,1.0,-0.5399999999999636,0.0001,570.37450936,570.6347338,-0.2602244400000018,571731.028,-5.739957181990421e-05,0.7461,0.0001,1,1,False,1.7944079183450652,0.4866052034357754,28,5,5,2,0,7,2,False,0,1138696312
1779858329000,1779858330006,10,202,False,570.74,570.8,570.7,570.7,19.468,6.114,13.354000000000001,18,9,9,570.68,570.69,0.010000000000104592,570.685,570.6890223367354,570.7012990562672,0.7709999999999999,10.045,84.126,12.699,48.421,110.884,84.126,110.884,-0.13721347623128446,-0.37189233612225747,-0.12312649145247834,-0.0019315239840999089,0.0015411727838968835,-0.0034726967679967924,0.43139326188179383,-0.8044835413160494,0.7586847516254943,6.114,13.354000000000001,-7.240000000000001,700.4680000000001,6.599474231108175,1.0815555554954692,12.069,-7.240000000000001,2.727490004040818,19.318181444989676,-5.256564135671522e-05,8.404952252852698e-05,0.00010522316354424231,2.1498707303783955e-08,0.17000000000007276,-7.00872147944116e-05,2.70010485689414e-06,1,-0.399999996,0.03000000000020009,0.010000000000104592,0.5899999999999181,0.0008795721833391538,8.246424012998284e-05,-0.17727272721908482,False,1.0,1.0,0.5599999999997181,0.0001,570.37450936,570.6347338,-0.2602244400000018,571731.028,-5.739957181990421e-05,0.7461,0.0001,0,1,True,1.345265958140774,0.4853336558839575,29,5,5,2,0,10,18,False,0,2001457192
1779858330000,1779858331091,10,203,False,570.68,570.68,570.68,570.68,0.034,0.0,0.034,1,0,1,570.68,570.69,0.010000000000104592,570.685,570.6894007516726,570.7007113015965,0.738,5.486,81.964,18.506,61.732,120.084,81.964,120.084,-0.18866803927686163,-0.9999999705882362,-0.2068164470046172,-0.0019706096145172274,0.0014537476282151895,-0.003424357242732417,0.40566598035909457,-0.8801607598757616,0.6825555444465328,0.0,0.034,-0.034,700.4340000000001,6.415884912055448,0.033999999966,0.034,-0.034,0.15586314492099707,1.0,-3.5045296048901045e-05,8.441404430561967e-05,0.0,2.3340885767130397e-08,0.13999999999998636,1.7520345307814177e-05,0.0010307439711222668,1,0.0,0.009999999999990905,0.010000000000104592,0.6300000000001091,0.000825542984623828,8.255424756795052e-05,-0.32592592601411413,False,1.0,1.0,0.6200000000001182,0.0001,570.37450936,570.6347338,-0.2602244400000018,571731.028,-5.739957181990421e-05,0.7461,0.0001,0,2,False,1.843377247886581,0.49092836537124585,30,5,5,2,0,10,1,False,0,1799016022
1779858331000,1779858331991,10,204,False,570.68,570.83,570.57,570.83,28.669,7.093,21.576,30,17,13,570.85,570.86,0.009999999999990905,570.855,570.850103138739,570.8107219183363,74.406,136.049,254.762,0.517,14.34,76.699,254.762,76.699,0.5372064888462377,-0.5051798109279996,0.585201411937758,-0.0009086526605116646,0.002048426602459061,-0.0029570792629707255,0.7686032444216103,0.9793668738939434,3.3215817676459722,7.093,21.576,-14.483,685.9510000000001,7.189134587070024,0.9556333333014789,5.227,-14.483,4.172964024040301,44.61538262485216,0.00026280978854925695,0.00010255604002141341,0.0002736041980777046,3.132235703093758e-08,0.3000000000000682,0.000297855084598158,9.167037166977917e-06,1,0.576923074704512,0.049999999999954525,0.009999999999990905,0.32999999999992724,0.005273213564453746,0.00046410205101367124,-0.2578616354162834,False,1.0,1.0,0.2799999999999727,0.0001,570.37450936,570.6347338,-0.2602244400000018,571731.028,-5.739957181990421e-05,0.7461,0.0001,1,2,False,1.8627279100158343,0.49902701981914044,31,5,5,2,0,8,30,False,0,3967405242
1779858332000,1779858333029,10,205,False,570.84,570.93,570.84,570.93,38.214,37.985,0.229,11,10,1,570.92,570.93,0.009999999999990905,570.925,570.9298411779097,570.8963764137527,30.514000000000003,72.12,145.622,21.148,537.209,570.4879999999999,145.622,570.4879999999999,-0.5932971191568428,0.9880148636366775,0.10566940867436447,-0.0013251312842221244,0.00019716049001351288,-0.0015222917742356372,0.20335144042088044,-0.9682499683799608,0.25525865574691275,37.985,0.229,37.756,723.7070000000001,7.314080994051334,3.4739999996841817,36.853,37.756,1.5039483439467702,48.30917641018472,0.00017516816188269587,0.00010950112699291928,9.467845276594638e-05,7.490058422733175e-08,0.39999999999997726,-8.764162666656107e-05,4.583874022036741e-06,1,0.999999988888889,0.009999999999990905,0.009999999999990905,-0.03000000000020009,1.4365085785164902e-05,0.00046415834189187744,-0.2578616354162834,False,1.0,1.0,-0.040000000000190994,0.0001,570.37450936,570.6347338,-0.2602244400000018,571731.028,-0.00018903568343799884,0.7461,0.0001,1,1,False,0.4140773933820061,0.5134345449543442,32,5,5,2,0,10,11,False,0,2460165975
1779858333000,1779858334018,10,206,False,570.93,571.0,570.93,570.99,473.57399999999996,473.34099999999995,0.233,12,10,2,570.99,571.0,0.009999999999990905,570.995,570.9942403640479,570.9950786963651,21.241,78.474,164.376,17.875,18.887,47.289,164.376,47.289,0.5531712848106528,0.9990159932745484,0.43967325576446215,-0.0010673569759303845,0.005856816291526306,-0.00692417326745669,0.7765856424029641,0.15192376842407038,3.475988073262789,473.34099999999995,0.233,473.10799999999995,1196.815,7.467717682770963,39.46449999671129,235.938,473.10799999999995,1.606916665593654,13.59703318965715,0.00010508617075677511,0.0001108912576113821,7.362847873375858e-05,8.962158885381405e-08,0.4900000000000091,-7.008199112592076e-05,2.2190021149081922e-07,1,0.8571428448981914,0.009999999999990905,0.009999999999990905,0.5299999999999727,-7.228376951686035e-06,0.0004579451615661198,-0.2578616354162834,False,1.0,1.0,0.5199999999999818,0.0001,570.37450936,570.6347338,-0.2602244400000018,571710.079,-0.0002256701126813422,0.7461,0.0001,1,1,False,0.031891506492872215,0.5243105747185046,33,5,5,2,0,9,12,False,0,2723850290
1779858334000,1779858335005,10,207,False,570.99,571.0,570.99,570.99,1.115,0.879,0.23600000000000002,4,2,2,570.99,571.0,0.009999999999990905,570.995,570.9940639458235,570.9952492438348,22.807,77.933,163.692,18.471,19.236,45.06,163.692,45.06,0.5682915612757325,0.5766816138325725,0.5310459070558751,-0.0010850308522069134,0.006485606090639764,-0.007570636942846677,0.7841457806354711,0.18720757730836451,3.632756324819513,0.879,0.23600000000000002,0.643,1197.458,7.354022021040767,0.2787499999303125,0.877,0.643,0.5439200464741042,6.651884656417618,0.0,0.00011026611809661875,1.0517801458950547e-05,8.962158885381405e-08,0.4900000000000091,-0.00010508617075677511,0.0,1,0.0,0.009999999999990905,0.009999999999990905,0.37000000000011823,-1.0797919381029679e-06,0.0004576109549512388,-0.2578616354162834,False,1.0,1.0,0.36000000000012733,0.0001,570.37450936,570.6347338,-0.2602244400000018,571710.079,-0.0002256701126813422,0.7461,0.0001,1,1,False,0.5147782487599086,0.5063152663048605,34,5,5,2,0,9,4,False,0,1019417277
1779858335000,1779858335993,10,208,False,570.99,570.99,570.99,570.99,0.519,0.0,0.519,1,0,1,570.99,571.0,0.009999999999990905,570.995,570.9942217376038,570.9943848934217,23.484,72.396,153.647,19.048000000000002,19.831,47.642,153.647,47.642,0.5266308640783817,-0.9999999980732178,0.4519966733736579,-0.0011599618690131708,0.0060490648856401765,-0.007209026754653347,0.7633154320367069,0.15564922673362622,3.225032534250765,0.0,0.519,-0.519,1196.939,7.145693430186971,0.518999999481,0.519,-0.519,0.13994443081416802,1.0,0.0,0.00011026611809661875,0.0,8.962158885381405e-08,0.4900000000000091,0.0,0.0,1,0.0,0.009999999999990905,0.009999999999990905,-0.37000000000011823,9.026751742159992e-07,0.0004576109549512387,-0.2578616354162834,False,1.0,1.0,-0.38000000000010914,0.0001,570.37450936,570.6347338,-0.2602244400000018,571710.079,-0.0002256701126813422,0.7461,0.0001,1,2,False,0.5248614452514623,0.5043267483499219,35,5,5,2,0,9,1,False,0,920059861
1779858336000,1779858337050,10,209,False,570.99,571.0,570.99,571.0,0.771,0.035,0.736,2,1,1,570.99,571.0,0.009999999999990905,570.995,570.9944825537083,570.994073062164,21.706,75.407,158.818,18.784,20.452,47.705,158.818,47.705,0.5380175573638868,-0.909208818535397,0.4812580144482082,-0.001092369065828249,0.005942299117042488,-0.007034668182870738,0.7690087786795223,0.10348580584383453,3.329168850155557,0.035,0.736,-0.701,1196.238,6.9769821701808405,0.38549999980724997,0.736,-0.701,0.28665688845547155,13.888888695987658,1.751328820778088e-05,0.00011026600591696102,1.0517801458950547e-05,8.962158885381405e-08,0.2999999999999545,1.751328820778088e-05,2.2715030071421334e-05,1,0.99999990000001,0.009999999999990905,0.009999999999990905,-0.17000000000007276,1.0621957763908412e-06,0.0004579266979012275,-0.2578616354162834,False,1.0,1.0,-0.18000000000006366,0.0001,570.37450936,570.6347338,-0.2602244400000018,571710.079,-0.0002256701126813422,0.7461,0.0001,1,2,False,0.5248614452514623,0.4838960379770722,36,5,5,2,0,9,2,False,0,1292126994
1779858337000,1779858337991,10,210,False,570.99,570.99,570.94,570.95,19.886,0.46599999999999997,19.419999999999998,9,3,6,570.94,570.95,0.009999999999990905,570.945,570.943702775322,570.9783210702152,5.989000000000001,39.102,135.264,22.012,27.221,64.321,135.264,64.321,0.35545256406866527,-0.9531328572386033,0.22694260863612942,-0.0012977973071041458,0.0033224855861564762,-0.004620282893260622,0.6777262820318275,0.2594294984102435,2.1029523794390177,0.46599999999999997,19.419999999999998,-18.953999999999997,1177.284,7.0433106236175345,2.2095555553100494,7.899,-18.954,1.2778081898792752,10.582010470031635,-8.756950835308657e-05,0.0001119911291153873,5.259177049181446e-05,9.115521889181532e-08,0.2300000000000182,-0.00010508279656086745,4.40357579949125e-06,1,-0.7999999840000003,0.009999999999990905,0.009999999999990905,-0.07000000000016371,2.9270165819721136e-05,0.0004636056543369933,-0.2578616354162834,False,1.0,1.0,-0.08000000000015461,0.0001,570.37450936,570.6347338,-0.2602244400000018,571710.079,-0.00023851506731243033,0.7461,0.0001,1,1,False,0.5346630319355263,0.49600274149967805,37,5,5,2,0,8,9,False,0,3109265087
1779858338000,1779858339017,10,211,False,570.95,570.95,570.74,570.74,28.298,2.1439999999999997,26.154,28,3,25,570.72,570.73,0.009999999999990905,570.725,570.7299705727718,570.7530475169291,0.122,15.749,113.11,21.308,54.526,93.674,113.11,93.674,0.09399179820443555,-0.8484698564969797,-0.16563997311483147,-0.001410614422118221,0.0019636687586090298,-0.0033742831807272505,0.5469958990997998,-0.9941321802047356,1.2074855349274345,2.1439999999999997,26.154,-24.01,1153.2740000000001,7.730415193334992,1.0106428571067627,5.394,-24.01,3.622056422081828,36.68478126292243,-0.0003678756972004423,0.0001389002481195195,0.00022093187177760085,1.23369912830707e-07,0.009999999999990905,-0.0002803061888473557,1.3000059975526265e-05,1,-0.9999999952380952,0.029999999999972715,0.009999999999990905,0.2699999999999818,0.0021874442361915127,0.00046417595360894544,-0.2578616354162834,False,1.0,1.0,0.2400000000000091,0.0001,570.99102338,571.16887256,-0.17784917999995287,571736.512,-0.00019229112216629873,0.7461,0.0001,1,1,False,0.5185849876684466,0.49671765739186136,38,5,5,2,0,10,28,False,0,3211242081
1779858339000,1779858340043,10,212,False,570.73,570.78,570.73,570.78,4.295,4.295,0.0,5,5,0,570.8,570.81,0.009999999999990905,570.805,570.8039776093681,570.7984782849953,26.398,66.984,144.976,10.752,26.253,74.294,144.976,74.294,0.3223514388638558,0.9999999997671711,0.3038953798612637,-0.001223665576699138,0.002637404353683544,-0.0038610699303826823,0.6611757194296477,0.20446684452965047,1.9513823457890087,4.295,0.0,4.295,1157.5690000000002,7.640893383717452,0.8589999998282,2.584,4.295,0.6543737424736875,8.849557443809227,7.008199596381498e-05,0.0001397814481094601,5.261112077663368e-05,1.4915137595709402e-07,0.07999999999992724,0.00043795769316425727,1.6317111978462835e-05,1,0.9999999800000005,0.049999999999954525,0.009999999999990905,-0.19000000000005457,0.002210801941325606,0.0004642997821409289,-0.2578616354162834,False,1.0,1.0,-0.2400000000000091,0.0001,570.99102338,571.16887256,-0.17784917999995287,571736.512,-0.00019229112216629873,0.7461,0.0001,1,2,False,0.32502935756002477,0.4919492211691667,39,5,5,2,0,10,5,False,0,2502057647
1779858340000,1779858341093,10,213,False,570.8,570.81,570.8,570.81,0.317,0.043000000000000003,0.274,5,2,3,570.8,570.81,0.009999999999990905,570.805,570.8024410712826,570.779644534473,27.532,68.128,149.081,2.321,18.205000000000002,60.501,149.081,60.501,0.42265080016211953,-0.7287066223069192,0.447789055732549,-0.0012103387474760648,0.0032460905622874975,-0.0044564293097635625,0.7113254000786741,0.5117713709540763,2.4641080312314823,0.043000000000000003,0.274,-0.231,1157.3380000000002,7.554306715398846,0.06339999998732,0.219,-0.231,0.6618741054220142,10.840108283576063,5.2558273998280906e-05,0.00014021986785563227,1.0521302448373996e-05,1.5252755465509186e-07,0.12999999999999545,-1.7523721965534077e-05,0.00016579897108038463,1,0.99999990000001,0.009999999999990905,0.009999999999990905,-0.14999999999986358,0.0017128202004769357,0.0004585147719560225,-0.2578616354162834,False,1.0,1.0,-0.15999999999985448,0.0001,570.99102338,571.16887256,-0.17784917999995287,571736.512,-0.00019229112216629873,0.7461,0.0001,2,1,False,0.326186616761035,0.5228604209287214,40,5,5,2,0,9,5,False,0,990895021
1779858341000,1779858342113,10,214,False,570.81,570.91,570.81,570.91,3.825,3.761,0.064,9,8,1,570.91,570.92,0.009999999999990905,570.915,570.9166518763518,570.9085813808763,6.479,24.732,125.223,7.4159999999999995,26.744,51.529,125.223,51.529,0.41693446184248584,0.9665359474597292,0.36062951575056057,-0.0013405820683418965,0.004030510350916821,-0.005371092419258717,0.7084672309184141,-0.33038674029830367,2.4301461312575414,3.761,0.064,3.697,1161.035,7.601706495221835,0.4249999999527778,3.362,3.697,1.1839446845880117,13.79310325802616,0.00017517429887496492,0.00014553539977736312,0.00010520288791108769,1.61734413452819e-07,0.07999999999992724,0.00012261602487668403,4.579720230827914e-05,1,0.9999999900000001,0.009999999999990905,0.009999999999990905,0.34999999999990905,0.002051780229739558,0.000484671895997389,-0.2578616354162834,False,1.0,1.0,0.33999999999991815,0.0001,570.99102338,571.16887256,-0.17784917999995287,571736.512,-0.00019229112216629873,0.7461,0.0001,2,2,False,0.3285286045736568,0.5001005112317516,41,5,5,2,0,9,9,False,0,1700219643
1779858342000,1779858343079,10,215,False,570.91,570.91,570.77,570.88,45.702000000000005,2.193,43.509,18,5,13,570.91,570.92,0.009999999999990905,570.915,570.9146283555576,570.8926134438237,21.665,75.56700000000001,124.97200000000001,4.346,27.307,64.699,124.97200000000001,64.699,0.31777657100812584,-0.9040304581658565,0.29430116406049894,-0.0014260626380374895,0.0030976971460523264,-0.004523759784089816,0.6588882855014269,0.07431581357216124,1.9315909055482838,2.193,43.509,-41.316,1119.719,7.942634151116201,2.5389999998589445,34.612,-41.316,2.2662506739283916,25.757575094123066,-5.254906770396824e-05,0.00014600898196407203,0.0001472892036935912,1.709396595443947e-07,-0.049999999999954525,-0.00022772336657893316,1.1498198700892394e-06,1,-0.21428571275492805,0.06999999999993634,0.009999999999990905,-0.10999999999989996,0.0004806988742167313,0.0004853588119149084,-0.2578616354162834,False,1.0,1.0,-0.1799999999998363,0.0001,570.99102338,571.16887256,-0.17784917999995287,571736.512,-0.00018566644808210974,0.7461,0.0001,2,1,False,0.3361068643395918,0.5039186330648624,42,5,5,2,0,9,18,False,0,3256920965
1779858343000,1779858344017,10,216,False,570.89,570.91,570.87,570.87,3.789,0.184,3.605,6,2,4,570.87,570.88,0.009999999999990905,570.875,570.8765129265722,570.8830869445294,12.238,34.857,93.667,25.433,26.978,73.953,93.667,73.953,0.1176112635716644,-0.9028767482441602,0.18015902010451387,-0.0022416896890283954,0.00305930417591174,-0.0053009938649401355,0.5588056317828493,-0.3025993133518147,1.2665747163567864,0.184,3.605,-3.421,1116.298,7.8789412281287845,0.63149999989475,3.051,-3.4210000000000003,0.761523639472997,4.6685340585035755,-1.7516969564696866e-05,0.000145587467904297,4.2078943729134986e-05,1.7186015996401828e-07,-0.12000000000000455,3.5032098139271374e-05,4.6231115228487074e-06,1,-0.4999999875000003,0.009999999999990905,0.009999999999990905,0.009999999999990905,0.00040931193386372294,0.00045616460502421975,-0.2578616354162834,False,1.0,1.0,0.0,0.0001,570.99102338,571.16887256,-0.17784917999995287,571797.874,-7.836071222702885e-05,0.7461,0.0001,2,2,False,0.3193760594685895,0.493953367246475,43,5,5,2,0,8,6,False,0,2553658510
1779858344000,1779858345053,10,217,False,570.88,570.88,570.87,570.87,1.5939999999999999,1.378,0.216,2,1,1,570.87,570.88,0.009999999999990905,570.875,570.8770187810059,570.8794061905579,12.276,36.071,118.469,19.69,23.773,86.185,118.469,86.185,0.15774917665837093,0.7289836883757944,0.12310827240194708,-0.0018127286184312517,0.0025182243696876727,-0.004330952988118924,0.5788745883267423,-0.40376808572876366,1.3745895457286696,1.378,0.216,1.162,1117.46,7.686189056714726,0.7969999996014999,1.378,1.162,0.26020697448140107,4.0160642408993406,0.0,0.000145587467904297,1.052001233909019e-05,1.718601599640183e-07,-0.12000000000000455,1.7516969564696866e-05,0.0,1,-0.99999990000001,0.009999999999990905,0.009999999999990905,-0.009999999999990905,0.0003947811473782432,0.00045616460502421975,-0.2578616354162834,False,1.0,1.0,-0.01999999999998181,0.0001,570.99102338,571.16887256,-0.17784917999995287,571797.874,-7.836071222702885e-05,0.7461,0.0001,2,2,False,0.3273529951415511,0.51969821836967,44,5,5,2,0,10,2,False,0,277163384
1779858345000,1779858346073,10,218,False,570.87,570.87,570.69,570.74,3.5869999999999997,0.374,3.213,21,4,17,570.73,570.74,0.009999999999990905,570.735,570.7378384827265,570.7549988392859,4.651,27.593,133.847,26.978,46.709,78.616,133.847,78.616,0.25995585113520964,-0.7914691940921469,0.04916710084008514,-0.0012091006530685362,0.0026798200932396585,-0.0038889207463081946,0.6299779255652515,-0.5677109650621891,1.7025414673641175,0.374,3.213,-2.839,1114.621,8.12270744829785,0.17080952380139,0.753,-2.839,2.585344865746125,66.22516117714163,-0.00022774853156847232,0.00015423741599354055,0.00018939174057713162,1.718601599640183e-07,-0.25,-0.00022774853156847232,6.349276038611084e-05,1,-0.7222222182100521,0.009999999999990905,0.009999999999990905,0.21000000000003638,0.0010174287077244072,0.0004633085363738306,-0.2578616354162834,False,1.0,1.0,0.20000000000004547,0.0001,570.99102338,571.16887256,-0.17784917999995287,571797.874,-7.836071222702885e-05,0.7461,0.0001,2,1,False,0.3210491911424732,0.5371737843020041,45,5,5,2,0,9,21,False,0,4008006773
1779858346000,1779858347051,10,219,False,570.73,570.73,570.73,570.73,0.214,0.0,0.214,1,0,1,570.73,570.74,0.009999999999990905,570.735,570.7353285588366,570.7507692473727,9.044,27.952,139.926,26.82,42.663,72.944,139.926,72.944,0.3146615305101016,-0.9999999953271028,0.1529019576976098,-0.0011906990086154735,0.002938208353678057,-0.0041289073622935305,0.657330765252702,-0.06572187776211498,1.9182660670936844,0.0,0.214,-0.214,1114.4070000000002,7.88917605655038,0.21399999978599998,0.214,-0.214,0.1267559492531472,1.0,-1.752126643755803e-05,0.00013289743751177698,0.0,1.6356736807903448e-07,-0.2699999999999818,0.0002102272651309143,8.187507642842503e-05,-1,0.0,0.009999999999990905,0.009999999999990905,0.2300000000000182,0.0007987922949464879,0.0004322573906854984,-0.2578616354162834,False,1.0,1.0,0.22000000000002728,0.0001,570.99102338,571.16887256,-0.17784917999995287,571797.874,-7.836071222702885e-05,0.7461,0.0001,1,1,False,0.3216112034776122,0.5522919311651067,46,5,5,2,0,9,1,False,0,2643492604
1779858347000,1779858347993,10,220,False,570.74,570.83,570.74,570.83,21.263,21.26,0.003,13,12,1,570.82,570.83,0.009999999999990905,570.825,570.8231971495934,570.8129307344243,44.405,65.955,159.391,11.867,16.749,63.2,159.391,63.2,0.4321423597520468,0.999717819639763,0.4681203605863746,-0.0012196573389320748,0.0029855109586935462,-0.004205168297625621,0.7160711798737771,0.3605624372038458,2.5220094936309807,21.26,0.003,21.257,1135.6640000000002,8.056744054696269,1.6356153844895682,12.092,21.257,1.6135550428474585,13.921113495297725,0.00017519885114369301,0.0001383295211966151,9.46950401769524e-05,1.660230466198798e-07,-0.12000000000000455,0.00019272011758125104,8.23961111486871e-06,1,0.999999988888889,0.009999999999990905,0.009999999999990905,-0.029999999999972715,0.00041159768284273546,0.0004731601751520943,-0.2578616354162834,False,1.0,1.0,-0.03999999999996362,0.0001,570.99102338,571.16887256,-0.17784917999995287,571797.874,0.00018146766698469977,0.7461,0.0001,1,2,False,0.3410757509479706,0.5261817590438006,47,5,5,2,0,9,13,False,0,1578865535
1779858348000,1779858349003,10,221,False,570.82,570.88,570.82,570.88,2.832,2.618,0.214,7,6,1,570.87,570.88,0.009999999999990905,570.875,570.8759876000621,570.8530357766247,21.462,41.383,134.619,11.221,23.912,85.575,134.619,85.575,0.22273086460020375,0.8488700561974328,0.28514270297910144,-0.0014280188386213036,0.002241881609661703,-0.0036699004482830064,0.6113654322978311,-0.19752980528368388,1.5731113058536592,2.618,0.214,2.404,1138.0680000000002,8.022096708640653,0.40457142851363265,1.944,2.404,0.8725898294878026,11.881187977649251,8.758791642707122e-05,0.0001396541739902533,6.312283839320668e-05,1.8044731620664116e-07,0.13999999999998636,-8.76109347166218e-05,3.092793658055907e-05,1,0.9999999833333336,0.009999999999990905,0.009999999999990905,0.30999999999994543,-0.0001362943328680886,0.00047329715036147166,-0.2578616354162834,False,1.0,1.0,0.2999999999999545,0.0001,570.99102338,571.16887256,-0.17784917999995287,571800.841,0.00018665750512430492,0.7461,0.0001,1,1,False,0.3155457519400102,0.5148348407886552,48,5,5,2,0,8,7,False,0,3951043372
1779858349000,1779858350018,10,222,False,570.88,570.88,570.87,570.87,0.152,0.088,0.064,3,2,1,570.87,570.88,0.009999999999990905,570.875,570.8788661726362,570.8649324827726,10.427,28.691,122.003,17.295,25.87,88.305,122.003,88.305,0.16023166023089833,0.15789473580332408,0.26286045283060316,-0.0014677352839672043,0.002452585715903496,-0.0039203209998707,0.5801158301130718,-0.7732423207663316,1.3816091953866527,0.088,0.064,0.023999999999999994,1138.092,7.857437800160632,0.05066666664977777,0.064,0.023999999999999994,0.38180384953946006,2.624671909121596,-1.7516969564696866e-05,0.0001392137679666574,1.052001233909019e-05,1.8013941260958297e-07,0.09000000000003183,-0.00010510488599176809,0.00011524322006219504,1,-0.99999990000001,0.009999999999990905,0.009999999999990905,0.2300000000000182,-0.00023975959015524028,0.00047321859506601233,-0.27672955975875174,False,1.0,1.0,0.22000000000002728,0.0001,570.99102338,571.16887256,-0.17784917999995287,571800.841,0.00018665750512430492,0.7461,0.0001,1,1,False,0.3150068039964041,0.5386579002643189,49,5,5,2,0,9,3,False,0,414440397
1779858350000,1779858351095,10,223,False,570.87,570.87,570.84,570.84,1.874,0.0,1.874,2,0,2,570.84,570.85,0.009999999999990905,570.845,570.8467568494424,570.851113502715,13.555,25.981,103.232,22.896,26.197,70.641,103.232,70.641,0.18744140838320242,-0.9999999994663821,0.3012443438308843,-0.0016906002666224299,0.00284035814570645,-0.004530958412328879,0.5937207041887256,-0.3513834461048115,1.4613609659905527,0.0,1.874,-1.874,1136.218,7.665390659171758,0.9369999995315,1.661,-1.874,0.2609129904352697,2.695417782492135,-5.255274983466205e-05,0.00013948890324493843,3.1561142734848285e-05,1.718497306847201e-07,0.030000000000086402,-3.503578026996518e-05,2.804308954462057e-05,1,-0.9999999666666678,0.009999999999990905,0.009999999999990905,-0.2899999999999636,-0.00015267194142890256,0.0004904156762757159,-0.3444444444647956,False,1.0,1.0,-0.2999999999999545,0.0001,570.99102338,571.16887256,-0.17784917999995287,571800.841,0.00018665750512430492,0.7461,0.0001,1,1,False,0.3204893382361443,0.5356075859543425,50,5,5,2,0,10,2,False,0,609381717
1779858351000,1779858352019,10,224,False,570.845,570.845,570.845,570.845,0.0,0.0,0.0,0,0,0,570.84,570.85,0.009999999999990905,570.845,570.8447822142606,570.8501105952931,15.290000000000001,27.739,108.146,20.772,23.835,76.546,108.146,76.546,0.17109566196602397,0.0,0.2998021211650285,-0.0016198931470435692,0.0025497048064242627,-0.004169597953467832,0.5855478309803048,0.043542984735945596,1.4128236615706524,0.0,0.0,0.0,1136.218,7.414066375264488,0.0,0.0,0.0,0.0,0.0,8.758983432529686e-06,0.00012652091080192675,0.0,1.2627413176490247e-07,-0.06499999999994088,6.131173326719174e-05,8758.983432529685,1,0.0,0.0,0.009999999999990905,0.6200000000001182,-0.00015267194142890256,0.00010416440201234116,-0.3444444444647956,False,1.0,1.0,0.6200000000001182,0.0001,570.99102338,571.16887256,-0.17784917999995287,571800.841,0.00018665750512430492,0.7461,0.0001,1,2,False,0.3233103269839314,0.5531220228998209,51,5,5,2,0,7,0,False,0,1116587701
1779858352000,1779858353105,10,225,False,570.84,570.84,570.84,570.84,2.393,0.0,2.393,2,0,2,570.84,570.85,0.009999999999990905,570.845,570.8494136613267,570.8564307100247,6.273,18.629,91.556,22.652,29.914,85.88499999999999,91.556,85.88499999999999,0.03195991907151136,-0.9999999995821145,-0.07504891786298508,-0.0017732342966402623,0.0023330173052368047,-0.004106251601877067,0.515979959532938,-0.8827516094742881,1.06603015659235,0.0,2.393,-2.393,1133.825,7.236556002304996,1.1964999994017498,2.182,-2.393,0.27637456258012555,2.9850746179550005,-8.758983432467764e-06,0.00012032116444258467,0.0,1.0794310018491781e-07,-0.03999999999996362,-1.751796686499745e-05,3.6602521641485637e-06,1,0.0,0.009999999999990905,0.009999999999990905,-0.7100000000000364,-1.8859850547694865e-06,437.9492754822892,-0.3444444444647956,False,1.0,1.0,-0.7200000000000273,0.0001,570.99102338,571.16887256,-0.17784917999995287,571800.841,0.0001912849900152504,0.7461,0.0001,1,1,False,0.2739018920273021,0.5521414737776386,52,5,5,2,0,9,2,False,0,1528435093
